origin_tts2022,destination_tts2022,trip_count,distance_between_taz_km,vkt,distance_total,total_vkt_reduced,total_co2_reduced_daily_g,yearly_co2_reduced_g,yearly_co2_reduced_tonnes
6173,6182,618.0,2.878624543201942,1778.9899676988002,1778.9899676988002,355.79799353976006,73294.38666919057,21988316.000757173,21.988316000757173
6182,6173,594.0,2.849419220936318,1692.5550172361727,1692.5550172361727,338.51100344723454,69733.26671013032,20919980.013039097,20.919980013039098
6220,6238,509.0,2.899879940299365,1476.0388896123768,1476.0388896123768,295.2077779224754,60812.80225202993,18243840.675608978,18.24384067560898
6197,6202,459.0,4.536359536034321,2082.1890270397535,2082.1890270397535,416.4378054079507,85786.18791403784,25735856.374211352,25.73585637421135
6256,6171,441.0,2.632847420988392,1161.0857126558808,1161.0857126558808,232.21714253117617,47836.73136142229,14351019.408426687,14.351019408426687
6238,6220,435.0,2.551819332389209,1110.0414095893059,1110.0414095893059,222.00828191786118,45733.706075079404,13720111.822523821,13.72011182252382
6225,6247,416.0,3.255735644573287,1354.3860281424872,1354.3860281424872,270.87720562849745,55800.704359470474,16740211.307841143,16.740211307841143
6247,6225,406.0,3.214936962848588,1305.264406916527,1305.264406916527,261.0528813833054,53776.89356496092,16133068.069488276,16.133068069488274
6189,6223,383.0,2.834743264961444,1085.706670480233,1085.706670480233,217.14133409604662,44731.1148237856,13419334.447135681,13.41933444713568
6179,6197,365.0,5.727155665129041,2090.4118177721,2090.4118177721,418.08236355442006,86124.96689221053,25837490.06766316,25.837490067663158
6171,6256,364.0,2.631233804045032,957.7691046723916,957.7691046723916,191.55382093447832,39460.08711250254,11838026.13375076,11.83802613375076
6182,6125,360.0,2.044970755248624,736.1894718895046,736.1894718895046,147.23789437790091,30331.00624184759,9099301.872554276,9.099301872554276
6220,6195,360.0,4.828847358168408,1738.385048940627,1738.385048940627,347.6770097881254,71621.46401635384,21486439.204906154,21.486439204906155
6223,6189,356.0,2.834750894355976,1009.1713183907275,1009.1713183907275,201.8342636781455,41577.858317697974,12473357.495309392,12.473357495309392
6195,6220,351.0,4.782151648939894,1678.5352287779026,1678.5352287779026,335.70704575558057,69155.6514256496,20746695.42769488,20.74669542769488
6225,6222,350.0,5.801201347988171,2030.42047179586,2030.42047179586,406.084094359172,83653.32343798943,25095997.03139683,25.095997031396827
6171,6199,334.0,3.725293323290715,1244.2479699790988,1244.2479699790988,248.84959399581976,51263.01636313887,15378904.908941662,15.378904908941662
6171,6202,323.0,4.144846341159907,1338.78536819465,1338.78536819465,267.75707363892997,55157.95716961957,16547387.15088587,16.54738715088587
6178,6182,321.0,2.102206473022061,674.8082778400816,674.8082778400816,134.9616555680163,27802.10104701136,8340630.314103409,8.340630314103409
6123,6125,319.0,2.649223412255388,845.1022685094688,845.1022685094688,169.02045370189376,34818.213462590116,10445464.038777035,10.445464038777034
6235,6201,312.0,2.329269484189776,726.7320790672101,726.7320790672101,145.346415813442,29941.361657569054,8982408.497270716,8.982408497270717
6202,6171,308.0,4.14526214316186,1276.7407400938528,1276.7407400938528,255.34814801877056,52601.71849186673,15780515.54756002,15.78051554756002
6204,6173,308.0,4.015244198171095,1236.6952130366972,1236.6952130366972,247.33904260733945,50951.842777111924,15285552.833133576,15.285552833133577
6182,6178,307.0,2.096816305785733,643.7226058762201,643.7226058762201,128.74452117524402,26521.371362100268,7956411.4086300805,7.95641140863008
6222,6215,305.0,3.077988045499473,938.7863538773393,938.7863538773393,187.75727077546787,38677.99777974638,11603399.333923914,11.603399333923914
6241,6225,302.0,2.03911669035197,615.813240486295,615.813240486295,123.162648097259,25371.505508035352,7611451.652410606,7.611451652410606
6196,6243,295.0,7.359856246447146,2171.157592701908,2171.157592701908,434.2315185403816,89451.69281931862,26835507.845795587,26.835507845795586
6215,6222,294.0,2.919548409269004,858.3472323250871,858.3472323250871,171.66944646501744,35363.905971793596,10609171.791538078,10.609171791538078
6199,6171,285.0,3.684823199999699,1050.1746119999143,1050.1746119999143,210.03492239998286,43267.19401439647,12980158.20431894,12.98015820431894
6199,6179,285.0,2.507028071524459,714.5030003844707,714.5030003844707,142.90060007689416,29437.523615840197,8831257.084752059,8.831257084752059
6125,6123,284.0,2.628307427147966,746.4393093100223,746.4393093100223,149.28786186200446,30753.29954357292,9225989.863071876,9.225989863071876
6243,6196,284.0,9.31504312585316,2645.4722477422974,2645.4722477422974,529.0944495484595,108993.45660698265,32698036.982094795,32.69803698209479
6234,6243,281.0,5.140344256856205,1444.4367361765937,1444.4367361765937,288.88734723531877,59510.79353047567,17853238.0591427,17.8532380591427
6225,6228,279.0,4.166098435263494,1162.341463438515,1162.341463438515,232.46829268770298,47888.46829366682,14366540.488100044,14.366540488100044
6239,6209,279.0,2.933720417061025,818.5079963600259,818.5079963600259,163.70159927200518,33722.52945003307,10116758.835009921,10.116758835009922
6243,6247,279.0,3.971646301952544,1108.0893182447599,1108.0893182447599,221.61786364895198,45653.279911684105,13695983.973505232,13.695983973505232
6173,6204,276.0,4.408196163503126,1216.6621411268627,1216.6621411268627,243.33242822537255,50126.480214426745,15037944.064328024,15.037944064328023
6218,6230,272.0,4.029417207860469,1096.0014805380474,1096.0014805380474,219.2002961076095,45155.260998167556,13546578.299450267,13.546578299450267
6195,6250,269.0,6.360742645086579,1711.0397715282897,1711.0397715282897,342.20795430565795,70494.83858696553,21148451.576089658,21.14845157608966
6244,6247,269.0,5.054879972098615,1359.7627124945272,1359.7627124945272,271.9525424989055,56022.223754774524,16806667.126432355,16.806667126432355
6123,6173,268.0,3.659861311313788,980.8428314320952,980.8428314320952,196.16856628641904,40410.72465500232,12123217.396500695,12.123217396500696
6201,6235,265.0,2.299797133115558,609.4462402756229,609.4462402756229,121.8892480551246,25109.185099355665,7532755.5298067,7.5327555298067
6215,6250,265.0,4.819410700475989,1277.143835626137,1277.143835626137,255.4287671252274,52618.326027796844,15785497.808339054,15.785497808339054
6250,6215,265.0,5.047739405309972,1337.6509424071426,1337.6509424071426,267.5301884814285,55111.21882717428,16533365.648152284,16.533365648152284
6181,6214,258.0,4.725749384246276,1219.2433411355391,1219.2433411355391,243.84866822710785,50232.82565478422,15069847.696435265,15.069847696435266
6214,6181,258.0,4.964206666842342,1280.7653200453242,1280.7653200453242,256.15306400906485,52767.53118586736,15830259.355760207,15.830259355760207
6220,6207,257.0,2.317221750325925,595.5259898337627,595.5259898337627,119.10519796675254,24535.670781151024,7360701.234345308,7.360701234345307
6222,6225,257.0,6.063457426407076,1558.3085585866186,1558.3085585866186,311.6617117173237,64202.312613768685,19260693.784130607,19.260693784130606
6197,6261,255.0,2.27738126738418,580.7322231829659,580.7322231829659,116.14644463659317,23926.167595138195,7177850.278541459,7.177850278541459
6173,6123,252.0,3.654028639194648,920.8152170770513,920.8152170770513,184.16304341541027,37937.58694357452,11381276.083072355,11.381276083072356
6247,6216,250.0,4.907339219557041,1226.8348048892603,1226.8348048892603,245.36696097785207,50545.593961437524,15163678.188431257,15.163678188431257
6215,6244,249.0,3.212627721548475,799.9443026655703,799.9443026655703,159.98886053311406,32957.7052698215,9887311.58094645,9.887311580946449
6225,6237,244.0,3.91393439124311,954.9999914633189,954.9999914633189,190.9999982926638,39345.99964828874,11803799.894486623,11.803799894486623
6178,6188,240.0,3.334485148874539,800.2764357298893,800.2764357298893,160.05528714597787,32971.38915207144,9891416.745621432,9.89141674562143
6228,6225,238.0,4.560979048867365,1085.5130136304329,1085.5130136304329,217.1026027260866,44723.136161573835,13416940.84847215,13.41694084847215
6223,6199,236.0,3.208143140211185,757.1217810898397,757.1217810898397,151.42435621796795,31193.4173809014,9358025.21427042,9.35802521427042
6224,6211,235.0,9.999497518141137,2349.8819167631673,2349.8819167631673,469.9763833526335,96815.1349706425,29044540.491192747,29.04454049119275
6230,6250,234.0,4.126507393622056,965.6027301075611,965.6027301075611,193.12054602151224,39782.83248043152,11934849.744129457,11.934849744129457
6248,6233,234.0,2.292875283951778,536.5328164447161,536.5328164447161,107.30656328894322,22105.152037522304,6631545.611256692,6.6315456112566915
6243,6250,233.0,7.931458279853087,1848.0297792057693,1848.0297792057693,369.6059558411539,76138.8269032777,22841648.07098331,22.84164807098331
6223,6235,227.0,2.89504208884632,657.1745541681147,657.1745541681147,131.43491083362295,27075.59163172633,8122677.489517898,8.122677489517898
6247,6243,225.0,3.424674041065034,770.5516592396326,770.5516592396326,154.11033184792655,31746.728360672867,9524018.50820186,9.52401850820186
6248,6199,223.0,10.871062695459155,2424.2469810873918,2424.2469810873918,484.8493962174784,99878.97562080054,29963692.686240163,29.96369268624016
6237,6225,221.0,4.537121866146389,1002.703932418352,1002.703932418352,200.54078648367042,41311.40201563611,12393420.604690833,12.393420604690833
6196,6187,216.0,2.777265582216949,599.889365758861,599.889365758861,119.9778731517722,24715.441869265072,7414632.560779522,7.4146325607795225
6208,6225,214.0,4.082547836926646,873.6652371023023,873.6652371023023,174.73304742046048,35995.00776861486,10798502.330584457,10.798502330584457
6243,6237,210.0,4.629845048622366,972.2674602106969,972.2674602106969,194.45349204213937,40057.41936068071,12017225.808204213,12.017225808204213
6118,6178,209.0,3.06958754398204,641.5437966922464,641.5437966922464,128.30875933844928,26431.60442372055,7929481.327116165,7.929481327116165
6171,6185,209.0,4.02790482278448,841.8321079619564,841.8321079619564,168.36642159239128,34683.4828480326,10405044.85440978,10.40504485440978
6216,6247,206.0,4.80108840719088,989.0242118813213,989.0242118813213,197.80484237626428,40747.79752951044,12224339.258853132,12.224339258853131
6199,6197,205.0,3.505749236670988,718.6785935175525,718.6785935175525,143.7357187035105,29609.558052923167,8882867.41587695,8.88286741587695
6200,6199,203.0,2.137716655977878,433.95648116350924,433.95648116350924,86.79129623270185,17879.00702393658,5363702.107180974,5.363702107180974
6208,6250,203.0,4.639667267261805,941.8524552541464,941.8524552541464,188.3704910508293,38804.32115647083,11641296.34694125,11.64129634694125
6247,6208,203.0,3.300529472088751,670.0074828340164,670.0074828340164,134.0014965668033,27604.308292761478,8281292.487828444,8.281292487828443
6250,6208,203.0,4.699260467945399,953.949874992916,953.949874992916,190.7899749985832,39302.73484970814,11790820.454912443,11.790820454912442
6233,6248,202.0,2.448046242367528,494.50534095824065,494.50534095824065,98.90106819164814,20373.620047479515,6112086.014243854,6.112086014243854
6178,6118,201.0,3.089675739782821,621.024823696347,621.024823696347,124.2049647392694,25586.222736289496,7675866.8208868485,7.675866820886848
6199,6223,201.0,3.208799268140872,644.9686528963153,644.9686528963153,128.9937305792631,26572.708499328197,7971812.549798459,7.971812549798459
6256,6214,199.0,8.401120099151658,1671.8228997311799,1671.8228997311799,334.364579946236,68879.10346892462,20663731.040677384,20.663731040677384
6232,6234,195.0,3.516948471840217,685.8049520088423,685.8049520088423,137.16099040176846,28255.164022764304,8476549.20682929,8.47654920682929
6234,6232,195.0,3.421341931364891,667.1616766161537,667.1616766161537,133.43233532323075,27487.061076585534,8246118.322975661,8.246118322975661
6171,6182,194.0,2.065860037475186,400.77684727018607,400.77684727018607,80.15536945403721,16512.006107531666,4953601.8322594995,4.9536018322594995
6233,6204,194.0,4.973765962057486,964.9105966391523,964.9105966391523,192.98211932783047,39754.31658153308,11926294.974459924,11.926294974459923
6209,6243,192.0,5.919883181402278,1136.6175708292374,1136.6175708292374,227.32351416584748,46828.643918164584,14048593.175449375,14.048593175449374
6214,6227,192.0,2.287084723796712,439.12026696896874,439.12026696896874,87.82405339379375,18091.754999121513,5427526.499736453,5.427526499736453
6215,6233,192.0,3.031021024552959,581.9560367141681,581.9560367141681,116.39120734283364,23976.58871262373,7192976.613787118,7.192976613787119
6202,6223,189.0,2.286456228881157,432.1402272585387,432.1402272585387,86.42804545170775,17804.177363051796,5341253.208915539,5.341253208915539
6171,6179,188.0,3.076040877237049,578.2956849205652,578.2956849205652,115.65913698411305,23825.782218727287,7147734.665618186,7.147734665618186
6199,6203,187.0,2.033499147150112,380.26434051707093,380.26434051707093,76.05286810341418,15666.890829303322,4700067.248790996,4.7000672487909965
6264,6187,187.0,7.009597997040715,1310.7948254466137,1310.7948254466137,262.15896508932275,54004.74680840049,16201424.042520147,16.20142404252015
6190,6125,186.0,9.544859807856557,1775.3439242613197,1775.3439242613197,355.06878485226395,73144.16967956637,21943250.903869912,21.943250903869913
6201,6251,186.0,2.73128238194166,508.01852304114874,508.01852304114874,101.60370460822975,20930.36314929533,6279108.944788598,6.279108944788598
6241,6208,186.0,3.039065431281587,565.2661702183751,565.2661702183751,113.05323404367503,23288.966212997057,6986689.863899117,6.986689863899118
6187,6196,185.0,2.805757556093902,519.0651478773718,519.0651478773718,103.81302957547437,21385.484092547722,6415645.227764317,6.415645227764317
6223,6185,184.0,2.735893633052005,503.4044284815689,503.4044284815689,100.6808856963138,20740.262453440642,6222078.736032193,6.222078736032192
6199,6182,183.0,3.148895670336214,576.2479076715272,576.2479076715272,115.24958153430543,23741.413796066918,7122424.138820075,7.122424138820075
6261,6256,182.0,3.856007211027454,701.7933124069966,701.7933124069966,140.35866248139934,28913.88447116826,8674165.341350479,8.674165341350479
6247,6240,180.0,3.588761467715759,645.9770641888366,645.9770641888366,129.19541283776732,26614.25504458007,7984276.513374021,7.984276513374021
6211,6203,177.0,3.422097101892752,605.7111870350171,605.7111870350171,121.14223740700344,24955.30090584271,7486590.271752813,7.486590271752813
6261,6173,177.0,2.350064615590038,415.96143695943675,415.96143695943675,83.19228739188736,17137.611202728796,5141283.3608186385,5.141283360818639
6250,6248,176.0,2.049339336219889,360.6837231747005,360.6837231747005,72.1367446349401,14860.16939479766,4458050.818439298,4.458050818439299
6117,6178,175.0,2.416477203369141,422.88351058959967,422.88351058959967,84.57670211791994,17422.800636291508,5226840.190887452,5.226840190887452
6178,6117,175.0,2.446689605712891,428.1706809997559,428.1706809997559,85.63413619995119,17640.632057189945,5292189.617156983,5.292189617156984
6185,6171,175.0,4.127757713836614,722.3575999214074,722.3575999214074,144.47151998428149,29761.133116761986,8928339.935028596,8.928339935028596
6201,6223,171.0,3.52144421058088,602.1669600093305,602.1669600093305,120.43339200186611,24809.27875238442,7442783.625715326,7.442783625715325
6173,6117,169.0,3.287264485972463,555.5476981293463,555.5476981293463,111.10953962586926,22888.565162929066,6866569.54887872,6.86656954887872
6173,6261,169.0,2.398782114369334,405.39417732841747,405.39417732841747,81.0788354656835,16702.2401059308,5010672.03177924,5.01067203177924
6243,6195,169.0,8.606494254893413,1454.4975290769867,1454.4975290769867,290.89950581539733,59925.29819797185,17977589.459391557,17.977589459391556
6125,6188,168.0,2.558392619577664,429.80996008904754,429.80996008904754,85.96199201780951,17708.170355668757,5312451.106700627,5.312451106700627
6256,6179,168.0,2.976386314582862,500.03290084992085,500.03290084992085,100.00658016998418,20601.35551501674,6180406.654505023,6.180406654505023
6243,6234,167.0,5.236978893778561,874.5754752610197,874.5754752610197,174.91509505220395,36032.50958075401,10809752.874226203,10.809752874226204
6185,6223,166.0,2.737724687739505,454.46229816475784,454.46229816475784,90.89245963295157,18723.846684388023,5617154.005316407,5.617154005316407
6223,6229,164.0,4.432367076716861,726.9082005815651,726.9082005815651,145.38164011631304,29948.617863960484,8984585.359188145,8.984585359188145
6250,6218,164.0,2.786020274997293,456.9073250995561,456.9073250995561,91.38146501991122,18824.581794101712,5647374.538230513,5.647374538230514
6228,6247,162.0,2.905211855305887,470.6443205595537,470.6443205595537,94.12886411191074,19390.546007053614,5817163.802116084,5.817163802116084
6256,6125,161.0,3.737343423185657,601.7122911328908,601.7122911328908,120.34245822657816,24790.5463946751,7437163.91840253,7.43716391840253
6195,6226,159.0,7.139831860362587,1135.2332657976515,1135.2332657976515,227.0466531595303,46771.610550863246,14031483.165258974,14.031483165258974
6188,6202,158.0,3.175796028608665,501.775772520169,501.775772520169,100.3551545040338,20673.161827830965,6201948.548349289,6.201948548349289
6256,6261,158.0,3.866028420744251,610.8324904775917,610.8324904775917,122.16649809551835,25166.29860767678,7549889.582303034,7.5498895823030345
6250,6202,157.0,7.824013346102601,1228.3700953381083,1228.3700953381083,245.67401906762166,50608.84792793006,15182654.378379017,15.182654378379016
6125,6190,156.0,9.52140323437023,1485.3389045617557,1485.3389045617557,297.06778091235117,61195.96286794434,18358788.860383302,18.358788860383303
6197,6262,156.0,2.519103675308104,392.9801733480642,392.9801733480642,78.59603466961285,16190.783141940246,4857234.942582074,4.857234942582074
6197,6200,155.0,5.59936036286371,867.900856243875,867.900856243875,173.580171248775,35757.51527724765,10727254.583174296,10.727254583174295
6227,6214,155.0,2.287084723796712,354.4981321884904,354.4981321884904,70.89962643769807,14605.323046165804,4381596.913849741,4.381596913849741
6231,6250,154.0,2.16029371376822,332.68523192030585,332.68523192030585,66.53704638406117,13706.6315551166,4111989.46653498,4.11198946653498
6248,6250,154.0,2.038482707801919,313.92633700149554,313.92633700149554,62.78526740029911,12933.765084461616,3880129.525338485,3.880129525338485
6261,6199,154.0,3.265175983202824,502.8371014132349,502.8371014132349,100.56742028264699,20716.88857822528,6215066.573467584,6.215066573467585
6208,6247,152.0,3.417831363580012,519.5103672641618,519.5103672641618,103.90207345283237,21403.82713128347,6421148.139385041,6.421148139385041
6239,6250,152.0,2.252200511967777,342.33447781910206,342.33447781910206,68.46689556382042,14104.180486147006,4231254.145844102,4.231254145844102
6188,6256,150.0,3.19227382352504,478.841073528756,478.841073528756,95.7682147057512,19728.252229384747,5918475.668815424,5.918475668815423
6200,6235,150.0,4.082991100071396,612.4486650107094,612.4486650107094,122.48973300214189,25232.88499844123,7569865.499532369,7.569865499532369
6125,6182,149.0,2.033866171508389,303.04605955474995,303.04605955474995,60.609211910949995,12485.497653655699,3745649.2960967096,3.7456492960967096
6247,6173,148.0,24.49964205890359,3625.9470247177314,3625.9470247177314,725.1894049435464,149389.01741837055,44816705.22551116,44.816705225511164
6220,6243,146.0,7.668657424564058,1119.6239839863524,1119.6239839863524,223.9247967972705,46128.50814023772,13838552.442071315,13.838552442071315
6243,6220,146.0,8.38410965431187,1224.0800095295328,1224.0800095295328,244.81600190590657,50432.09639261675,15129628.917785026,15.129628917785027
6197,6173,145.0,4.28344029825742,621.0988432473259,621.0988432473259,124.2197686494652,25589.27234178983,7676781.702536949,7.676781702536949
6199,6200,145.0,2.114569072970065,306.6125155806594,306.6125155806594,61.322503116131884,12632.435641923168,3789730.6925769504,3.7897306925769505
6215,6225,145.0,8.491584671144114,1231.2797773158966,1231.2797773158966,246.25595546317933,50728.726825414946,15218618.047624484,15.218618047624483
6225,6215,145.0,8.607738932080679,1248.1221451516985,1248.1221451516985,249.6244290303397,51422.63238024998,15426789.714074995,15.426789714074996
6173,6197,143.0,4.716381735024998,674.4425881085748,674.4425881085748,134.88851762171495,27787.03463007328,8336110.389021984,8.336110389021984
6196,6190,143.0,2.004132690441531,286.5909747331389,286.5909747331389,57.318194946627784,11807.548159005324,3542264.447701597,3.542264447701597
6256,6188,143.0,3.201955525185197,457.8796401014832,457.8796401014832,91.57592802029664,18864.64117218111,5659392.351654333,5.659392351654333
6223,6201,142.0,3.425765585613575,486.45871315712765,486.45871315712765,97.29174263142554,20042.09898207366,6012629.6946220985,6.012629694622098
6174,6244,141.0,7.35735860642229,1037.3875635055429,1037.3875635055429,207.4775127011086,42740.36761642837,12822110.28492851,12.82211028492851
6213,6243,141.0,6.36113345123369,896.9198166239503,896.9198166239503,179.38396332479007,36953.096444906754,11085928.933472026,11.085928933472026
6229,6250,141.0,2.921297825654479,411.90299341728155,411.90299341728155,82.38059868345631,16970.403328792,5091120.9986376,5.0911209986376
6235,6223,141.0,2.895049718240851,408.20201027196,408.20201027196,81.640402054392,16817.92282320475,5045376.846961425,5.045376846961425
6241,6216,141.0,3.731522761757689,526.1447094078342,526.1447094078342,105.22894188156684,21677.162027602768,6503148.60828083,6.5031486082808305
6244,6174,141.0,7.335851052438805,1034.3549983938715,1034.3549983938715,206.8709996787743,42615.42593382751,12784627.780148253,12.784627780148252
6244,6215,141.0,3.436244984459521,484.5105428087924,484.5105428087924,96.9021085617585,19961.83436372225,5988550.309116675,5.9885503091166745
6177,6171,140.0,3.195958944038574,447.4342521654004,447.4342521654004,89.48685043308008,18434.291189214495,5530287.356764348,5.530287356764348
6218,6243,140.0,6.449116896267253,902.8763654774154,902.8763654774154,180.5752730954831,37198.50625766952,11159551.877300857,11.159551877300856
6223,6182,140.0,8.091110214503079,1132.755430030431,1132.755430030431,226.5510860060862,46669.52371725375,14000857.115176126,14.000857115176126
6179,6199,138.0,2.507012812735396,345.9677681574846,345.9677681574846,69.19355363149693,14253.872048088366,4276161.6144265095,4.27616161442651
6201,6231,138.0,4.645010750144809,641.0114835199836,641.0114835199836,128.20229670399672,26409.673121023327,7922901.936306998,7.922901936306999
6182,6199,137.0,3.186478067797151,436.5474952882097,436.5474952882097,87.30949905764194,17985.75680587424,5395727.041762272,5.395727041762272
6195,6173,137.0,8.139089912847487,1115.0553180601057,1115.0553180601057,223.01106361202116,45940.27910407636,13782083.731222909,13.782083731222908
6193,6220,136.0,3.080729216400807,418.9791734305097,418.9791734305097,83.79583468610195,17261.941945337003,5178582.583601101,5.178582583601101
6237,6218,136.0,2.159925079655244,293.7498108331132,293.7498108331132,58.749962166622645,12102.492206324265,3630747.6618972793,3.630747661897279
6246,6241,136.0,4.286888180253359,583.0167925144568,583.0167925144568,116.60335850289137,24020.291851595623,7206087.5554786865,7.206087555478686
6264,6196,136.0,9.106886777875022,1238.536601791003,1238.536601791003,247.7073203582006,51027.70799378932,15308312.398136796,15.308312398136797
6179,6125,135.0,4.187285078897204,565.2834856511225,565.2834856511225,113.0566971302245,23289.67960882625,6986903.882647875,6.986903882647875
6199,6188,135.0,2.162180205563692,291.89432775109844,291.89432775109844,58.37886555021969,12026.046303345256,3607813.891003577,3.607813891003577
6200,6197,135.0,5.865905559355821,791.8972505130358,791.8972505130358,158.37945010260717,32626.166721137077,9787850.016341124,9.787850016341125
6117,6197,134.0,3.309375133350977,443.4562678690309,443.4562678690309,88.6912535738062,18270.398236204077,5481119.4708612235,5.481119470861223
6250,6262,134.0,11.295977150903727,1513.6609382210995,1513.6609382210995,302.7321876442199,62362.830654709294,18708849.196412787,18.708849196412785
6262,6197,134.0,2.526702552261229,338.5781420030047,338.5781420030047,67.71562840060095,13949.419450523796,4184825.8351571388,4.184825835157139
6262,6250,134.0,12.348951851831462,1654.759548145416,1654.759548145416,330.9519096290832,68176.09338359114,20452828.01507734,20.45282801507734
6179,6171,133.0,3.082789076699939,410.0109472010919,410.0109472010919,82.00218944021839,16892.45102468499,5067735.307405497,5.067735307405497
6197,6125,133.0,3.478991832569727,462.7059137317737,462.7059137317737,92.54118274635475,19063.48364574908,5719045.093724724,5.7190450937247235
6190,6196,132.0,2.004147949230594,264.5475292984384,264.5475292984384,52.909505859687684,10899.358207095664,3269807.4621286993,3.2698074621286994
6202,6188,132.0,3.202029701704368,422.66792062497655,422.66792062497655,84.53358412499531,17413.918329749034,5224175.498924711,5.224175498924711
6225,6250,132.0,7.215547622473831,952.4522861665456,952.4522861665456,190.49045723330914,39241.034190061684,11772310.257018505,11.772310257018505
6179,6261,130.0,4.315977705850329,561.0771017605427,561.0771017605427,112.21542035210855,23116.37659253436,6934912.977760308,6.934912977760308
6187,6227,130.0,5.210895653115168,677.4164349049719,677.4164349049719,135.4832869809944,27909.557118084846,8372867.135425454,8.372867135425453
6223,6250,130.0,6.414290381433476,833.8577495863519,833.8577495863519,166.7715499172704,34354.9392829577,10306481.78488731,10.30648178488731
6227,6187,130.0,5.143669243203059,668.6770016163977,668.6770016163977,133.73540032327955,27549.492466595588,8264847.739978677,8.264847739978677
6236,6200,130.0,6.23595088742549,810.6736153653137,810.6736153653137,162.13472307306276,33399.75295305093,10019925.885915278,10.019925885915278
6250,6195,130.0,6.24923904401236,812.4010757216068,812.4010757216068,162.4802151443214,33470.924319730206,10041277.295919063,10.041277295919063
6195,6243,129.0,8.043965609129977,1037.671563577767,1037.671563577767,207.53431271555343,42752.06841940401,12825620.525821202,12.825620525821202
6199,6230,129.0,4.693900649225936,605.5131837501458,605.5131837501458,121.10263675002916,24947.143170506006,7484142.951151802,7.484142951151802
6204,6179,129.0,2.59088705527709,334.2244301307446,334.2244301307446,66.84488602614893,13770.04652138668,4131013.956416004,4.1310139564160036
6222,6243,129.0,6.273202134018054,809.243075288329,809.243075288329,161.84861505766582,33340.81470187916,10002244.410563746,10.002244410563746
6199,6261,128.0,3.199635669482121,409.5533656937115,409.5533656937115,81.91067313874231,16873.598666580918,5062079.599974276,5.062079599974275
6250,6201,128.0,5.497226120282791,703.6449433961973,703.6449433961973,140.72898867923945,28990.171667923325,8697051.500376998,8.697051500376997
6168,6223,127.0,3.98440499448355,506.0194342994108,506.0194342994108,101.20388685988218,20848.000693135727,6254400.207940718,6.254400207940718
6247,6250,127.0,5.848766140498199,742.7932998432713,742.7932998432713,148.55865996865427,30603.08395354278,9180925.186062833,9.180925186062833
6250,6247,127.0,5.429984810553913,689.6080709403469,689.6080709403469,137.92161418806938,28411.852522742294,8523555.756822689,8.523555756822688
6201,6200,126.0,3.304723360925021,416.3951434765527,416.3951434765527,83.27902869531054,17155.47991123397,5146643.973370192,5.146643973370192
6216,6237,126.0,5.459287153860703,687.8701813864485,687.8701813864485,137.5740362772897,28340.25147312168,8502075.441936504,8.502075441936505
6225,6224,126.0,5.160762324161955,650.2560528444063,650.2560528444063,130.05121056888126,26790.549377189538,8037164.813156862,8.037164813156862
6244,6212,126.0,4.588613999196979,578.1653638988194,578.1653638988194,115.63307277976388,23820.412992631358,7146123.8977894075,7.1461238977894075
6118,6182,125.0,2.707968791174023,338.49609889675287,338.49609889675287,67.69921977935057,13946.039274546218,4183811.7823638655,4.183811782363866
6213,6247,125.0,4.495621550061234,561.9526937576542,561.9526937576542,112.39053875153084,23152.450982815353,6945735.294844606,6.945735294844606
6247,6213,125.0,4.301524293444626,537.6905366805782,537.6905366805782,107.53810733611566,22152.850111239826,6645855.033371948,6.645855033371948
6261,6118,125.0,2.219718769567978,277.46484619599727,277.46484619599727,55.492969239199454,11431.551663275088,3429465.4989825264,3.4294654989825264
6182,6230,124.0,7.12243428235572,883.1818510121093,883.1818510121093,176.63637020242186,36387.092261698905,10916127.678509671,10.916127678509671
6230,6182,124.0,9.653520250373298,1197.036511046289,1197.036511046289,239.4073022092578,49317.90425510711,14795371.276532134,14.795371276532133
6250,6225,124.0,7.085752004115391,878.6332485103085,878.6332485103085,175.7266497020617,36199.68983862471,10859906.951587414,10.859906951587414
6125,6203,123.0,2.878640394171897,354.07276848314336,354.07276848314336,70.81455369662868,14587.798061505508,4376339.418451652,4.376339418451652
6208,6243,122.0,4.292284915143093,523.6587596474574,523.6587596474574,104.73175192949148,21574.740897475243,6472422.269242573,6.472422269242573
6223,6220,122.0,3.580228687168981,436.78789983461564,436.78789983461564,87.35757996692314,17995.661473186166,5398698.4419558495,5.398698441955849
6247,6224,122.0,3.793980842186323,462.8656627467314,462.8656627467314,92.57313254934628,19070.065305165335,5721019.5915496005,5.7210195915496005
6223,6171,121.0,6.166298608424376,746.1221316193495,746.1221316193495,149.2244263238699,30740.231822717196,9222069.546815159,9.22206954681516
6201,6250,120.0,5.504073501874589,660.4888202249507,660.4888202249507,132.09776404499016,27212.13939326797,8163641.817980391,8.163641817980391
6250,6245,120.0,2.776950936035666,333.2341123242799,333.2341123242799,66.64682246485599,13729.245427760334,4118773.6283281003,4.118773628328101
6211,6224,118.0,9.588206833751137,1131.4084063826342,1131.4084063826342,226.28168127652685,46614.026342964535,13984207.90288936,13.98420790288936
6224,6247,118.0,3.571558708594927,421.4439276142014,421.4439276142014,84.28878552284029,17363.4898177051,5209046.94531153,5.209046945311529
6117,6185,117.0,5.370117499786433,628.3037474750126,628.3037474750126,125.66074949500253,25886.114395970522,7765834.318791157,7.765834318791157
6174,6217,117.0,7.155670997850315,837.2135067484869,837.2135067484869,167.4427013496974,34493.19647803766,10347958.943411298,10.347958943411298
6236,6241,116.0,4.087514016737967,474.1516259416042,474.1516259416042,94.83032518832084,19535.046988794093,5860514.096638228,5.860514096638227
6237,6216,116.0,6.293332564016953,730.0265774259665,730.0265774259665,146.0053154851933,30077.094989949823,9023128.496984947,9.023128496984947
6250,6239,116.0,2.250869182622074,261.1008251841606,261.1008251841606,52.22016503683213,10757.35399758742,3227206.1992762256,3.2272061992762255
6243,6208,115.0,4.737736687127232,544.8397190196317,544.8397190196317,108.96794380392635,22447.39642360883,6734218.9270826485,6.734218927082648
6118,6197,114.0,3.567179840418954,406.65850180776073,406.65850180776073,81.33170036155215,16754.330274479744,5026299.082343923,5.026299082343923
6190,6199,114.0,7.864610429878343,896.5655890061311,896.5655890061311,179.3131178012262,36938.5022670526,11081550.68011578,11.08155068011578
6230,6190,114.0,6.099876902087352,695.3859668379581,695.3859668379581,139.07719336759163,28649.901833723878,8594970.550117163,8.594970550117162
6125,6256,113.0,3.735737435636829,422.13833022696167,422.13833022696167,84.42766604539234,17392.099205350823,5217629.761605247,5.217629761605247
6229,6223,113.0,4.342900981746158,490.7478109373159,490.7478109373159,98.14956218746318,20218.809810617415,6065642.943185224,6.065642943185225
6247,6235,113.0,7.071915578499556,799.1264603704499,799.1264603704499,159.82529207409,32924.01016726254,9877203.050178763,9.877203050178762
6197,6199,112.0,3.524174224463957,394.7075131399632,394.7075131399632,78.94150262799265,16261.949541366486,4878584.862409946,4.878584862409945
6261,6179,112.0,3.989584578408924,446.8334727817995,446.8334727817995,89.3666945563599,18409.53907861014,5522861.723583043,5.522861723583043
6179,6238,111.0,7.389129918497814,820.1934209532574,820.1934209532574,164.03868419065148,33791.9689432742,10137590.68298226,10.13759068298226
6195,6225,111.0,7.834220901518998,869.5985200686088,869.5985200686088,173.91970401372177,35827.459026826684,10748237.708048005,10.748237708048004
6225,6195,111.0,7.890583597514157,875.8547793240714,875.8547793240714,175.1709558648143,36085.21690815174,10825565.072445523,10.825565072445523
6238,6179,111.0,7.345970433634534,815.4027181334333,815.4027181334333,163.08054362668668,33594.591987097454,10078377.596129237,10.078377596129236
6245,6201,111.0,5.465579491621192,606.6793235699523,606.6793235699523,121.33586471399047,24995.18813108204,7498556.439324612,7.498556439324612
6223,6123,110.0,9.823437517505937,1080.5781269256531,1080.5781269256531,216.11562538513064,44519.81882933691,13355945.648801073,13.355945648801073
6250,6222,110.0,2.613779066214891,287.515697283638,287.515697283638,57.50313945672761,11845.646728085887,3553694.018425766,3.553694018425766
6250,6229,110.0,2.916182316621276,320.7800548283403,320.7800548283403,64.15601096566807,13216.138258927624,3964841.4776782873,3.9648414776782874
6262,6190,110.0,10.235018952841028,1125.852084812513,1125.852084812513,225.17041696250263,46385.10589427554,13915531.768282663,13.915531768282664
6181,6196,109.0,3.47378543473107,378.6426123856867,378.6426123856867,75.72852247713733,15600.07563029029,4680022.689087087,4.680022689087087
6193,6228,109.0,6.212989921821531,677.2159014785469,677.2159014785469,135.4431802957094,27901.295140916136,8370388.542274841,8.37038854227484
6223,6215,109.0,2.80513849536392,305.76009599466727,305.76009599466727,61.15201919893346,12597.315954980293,3779194.786494088,3.779194786494088
6228,6193,109.0,6.86450565312964,748.2311161911307,748.2311161911307,149.64622323822616,30827.121987074588,9248136.596122377,9.248136596122377
6223,6230,108.0,2.062617421176004,222.76268148700845,222.76268148700845,44.552536297401694,9177.822477264748,2753346.7431794247,2.7533467431794247
6244,6195,108.0,4.925224446035577,531.9242401718424,531.9242401718424,106.38484803436847,21915.278695079905,6574583.608523971,6.574583608523971
6245,6241,108.0,2.474993497639744,267.29929774509236,267.29929774509236,53.459859549018475,11012.731067097806,3303819.320129342,3.303819320129342
6201,6245,107.0,5.750850182539161,615.3409695316902,615.3409695316902,123.06819390633805,25352.04794470564,7605614.3834116915,7.605614383411692
6261,6265,107.0,11.414716477473092,1221.374663089621,1221.374663089621,244.2749326179242,50320.63611929239,15096190.835787715,15.096190835787715
6265,6261,107.0,10.359113450129342,1108.4251391638397,1108.4251391638397,221.68502783276796,45667.1157335502,13700134.72006506,13.700134720065059
6189,6190,106.0,4.480611745887767,474.94484506410333,474.94484506410333,94.98896901282068,19567.72761664106,5870318.284992318,5.870318284992318
6202,6209,106.0,8.98281483499909,952.1783725099035,952.1783725099035,190.4356745019807,39229.74894740803,11768924.684222408,11.768924684222407
6189,6202,105.0,2.965162829207322,311.3420970667688,311.3420970667688,62.26841941335377,12827.294399150876,3848188.319745263,3.848188319745263
6215,6223,105.0,2.949105170168608,309.65604286770383,309.65604286770383,61.93120857354077,12757.828966149398,3827348.6898448193,3.8273486898448192
6245,6247,105.0,2.495013854986997,261.97645477363466,261.97645477363466,52.39529095472693,10793.429936673749,3238028.9810021245,3.2380289810021243
6256,6199,105.0,4.865741200969161,510.90282610176195,510.90282610176195,102.18056522035239,21049.196435392594,6314758.930617779,6.314758930617779
6174,6179,104.0,4.339058060183221,451.262038259055,451.262038259055,90.252407651811,18591.995976273065,5577598.792881919,5.577598792881919
6179,6174,104.0,4.680362839235955,486.75773528053935,486.75773528053935,97.35154705610788,20054.418693558222,6016325.608067467,6.016325608067467
6189,6226,104.0,2.529021256018208,263.01821062589363,263.01821062589363,52.60364212517873,10836.350277786818,3250905.0833360455,3.2509050833360456
6226,6189,104.0,2.529005997229146,263.0166237118312,263.0166237118312,52.60332474236624,10836.284896927446,3250885.4690782335,3.2508854690782334
6247,6231,104.0,3.571063674288572,371.3906221260115,371.3906221260115,74.27812442520231,15301.293631591676,4590388.089477503,4.590388089477503
6224,6239,103.0,4.387850185155275,451.94856907099336,451.94856907099336,90.38971381419867,18620.281045724925,5586084.313717478,5.586084313717478
6239,6224,103.0,4.044289450716448,416.56181342379415,416.56181342379415,83.31236268475884,17162.34671306032,5148704.013918096,5.148704013918096
6243,6218,103.0,6.693011508827564,689.3801854092392,689.3801854092392,137.87603708184784,28402.463638860656,8520739.091658197,8.520739091658198
6243,6227,102.0,5.610634398949082,572.2847086928064,572.2847086928064,114.45694173856128,23578.129998143624,7073438.999443087,7.073438999443087
6187,6118,101.0,8.81448889328176,890.2633782214579,890.2633782214579,178.05267564429158,36678.851182724065,11003655.35481722,11.00365535481722
6190,6216,101.0,16.67470282143537,1684.1449849649725,1684.1449849649725,336.8289969929945,69386.77338055687,20816032.014167063,20.816032014167064
6196,6238,101.0,4.207982346185333,425.00621696471865,425.00621696471865,85.00124339294373,17510.25613894641,5253076.841683923,5.2530768416839235
6199,6187,101.0,7.609806542854708,768.5904608283255,768.5904608283255,153.7180921656651,31665.92698612701,9499778.095838103,9.499778095838103
6214,6230,101.0,2.961470305612161,299.10850086682825,299.10850086682825,59.821700173365656,12323.270235713326,3696981.070713998,3.696981070713998
6229,6245,101.0,3.314765297210299,334.7912950182402,334.7912950182402,66.95825900364804,13793.401354751495,4138020.4064254486,4.138020406425449
6123,6197,100.0,2.513720921094646,251.3720921094646,251.3720921094646,50.274418421892925,10356.530194909943,3106959.058472983,3.106959058472983
6185,6202,100.0,2.095891261592723,209.5891261592723,209.5891261592723,41.917825231854465,8635.07199776202,2590521.599328606,2.5905215993286057
6198,6213,99.0,2.532819051431792,250.74908609174742,250.74908609174742,50.14981721834948,10330.862346979993,3099258.704093998,3.0992587040939976
6214,6256,99.0,8.530808362091111,844.55002784702,844.55002784702,168.910005569404,34795.461147297225,10438638.344189167,10.438638344189167
6220,6193,99.0,2.953845571215356,292.43071155032027,292.43071155032027,58.486142310064054,12048.145315873195,3614443.5947619583,3.6144435947619584
6222,6204,99.0,4.624827924246454,457.85796450039896,457.85796450039896,91.57159290007979,18863.748137416438,5659124.441224932,5.6591244412249315
6243,6213,99.0,5.850425844420607,579.1921585976401,579.1921585976401,115.83843171952802,23862.71693422277,7158815.080266831,7.158815080266831
6179,6204,98.0,2.643609986185294,259.0737786461588,259.0737786461588,51.81475572923176,10673.839680221743,3202151.904066523,3.202151904066523
6213,6190,98.0,3.696550184511028,362.26191808208074,362.26191808208074,72.45238361641616,14925.191024981728,4477557.307494518,4.477557307494519
6239,6217,98.0,4.146241180447427,406.3316356838478,406.3316356838478,81.26632713676958,16740.863390174534,5022259.01705236,5.0222590170523596
6171,6203,97.0,2.910649518927757,282.33300333599243,282.33300333599243,56.46660066719849,11632.119737442888,3489635.9212328666,3.4896359212328667
6185,6117,97.0,5.46995894674677,530.5860178344367,530.5860178344367,106.11720356688734,21860.143934778793,6558043.180433637,6.558043180433637
6173,6174,96.0,6.391327048557307,613.5673966615014,613.5673966615014,122.7134793323003,25278.976742453862,7583693.022736158,7.583693022736158
6174,6243,96.0,12.428827750201172,1193.1674640193125,1193.1674640193125,238.6334928038625,49158.49951759568,14747549.855278704,14.747549855278704
6181,6199,96.0,7.498641157268492,719.8695510977752,719.8695510977752,143.97391021955505,29658.62550522834,8897587.651568502,8.897587651568502
6185,6174,96.0,4.017480066460521,385.67808638020995,385.67808638020995,77.135617276042,15889.937158864652,4766981.147659396,4.766981147659396
6243,6174,96.0,12.586956524138436,1208.34782631729,1208.34782631729,241.669565263458,49783.930444272344,14935179.133281704,14.935179133281704
6179,6256,94.0,2.981505638313331,280.2615300014531,280.2615300014531,56.05230600029062,11546.775036059867,3464032.5108179604,3.4640325108179604
6190,6189,93.0,5.219076101356516,485.374077426156,485.374077426156,97.07481548523121,19997.41198995763,5999223.596987288,5.999223596987289
6190,6244,93.0,5.689333982797518,529.1080604001692,529.1080604001692,105.82161208003384,21799.252088486974,6539775.626546092,6.539775626546092
6196,6203,93.0,12.551731941283965,1167.3110705394088,1167.3110705394088,233.46221410788178,48093.21610622365,14427964.831867095,14.427964831867095
6208,6241,93.0,3.031500886603852,281.9295824541582,281.9295824541582,56.38591649083165,11615.498797111319,3484649.6391333956,3.4846496391333956
6228,6241,93.0,2.885191497958633,268.3228093101529,268.3228093101529,53.66456186203058,11054.8997435783,3316469.92307349,3.31646992307349
6251,6235,93.0,2.116129802443429,196.8000716272389,196.8000716272389,39.360014325447786,8108.162951042244,2432448.885312673,2.4324488853126733
6187,6264,92.0,7.115940312714544,654.666508769738,654.666508769738,130.9333017539476,26972.260161313206,8091678.048393962,8.091678048393963
6195,6221,92.0,3.170891124848026,291.72198348601836,291.72198348601836,58.34439669720368,12018.945719623958,3605683.7158871875,3.6056837158871877
6196,6221,92.0,2.654273675006992,244.19317810064325,244.19317810064325,48.838635620128656,10060.758937746503,3018227.6813239506,3.0182276813239506
6215,6221,92.0,3.830517009951657,352.4075649155524,352.4075649155524,70.48151298311049,14519.191674520762,4355757.502356228,4.355757502356228
6221,6195,92.0,3.194160778168338,293.8627915914871,293.8627915914871,58.77255831829743,12107.14701356927,3632144.1040707813,3.632144104070781
6221,6196,92.0,2.657725976032382,244.51078979497916,244.51078979497916,48.902157958995836,10073.844539553142,3022153.3618659424,3.0221533618659424
6221,6215,92.0,3.988949016787594,366.9833095444586,366.9833095444586,73.39666190889173,15119.712353231696,4535913.705969509,4.5359137059695085
6179,6190,91.0,5.426320606968607,493.7951752341433,493.7951752341433,98.75903504682867,20344.361219646707,6103308.365894012,6.103308365894012
6188,6185,91.0,3.407067081461153,310.0431044129649,310.0431044129649,62.008620882592986,12773.775901814155,3832132.7705442463,3.8321327705442463
6190,6185,91.0,4.902255292262131,446.1052315958539,446.1052315958539,89.2210463191708,18379.535541749185,5513860.662524755,5.513860662524755
6217,6229,91.0,3.100761054205715,282.16925593272003,282.16925593272003,56.43385118654401,11625.373344428066,3487612.0033284198,3.4876120033284197
6220,6223,91.0,3.582667907121177,326.02277954802713,326.02277954802713,65.20455590960543,13432.138517378718,4029641.5552136158,4.029641555213615
6229,6217,91.0,5.455637318047204,496.46299594229555,496.46299594229555,99.29259918845912,20454.27543282258,6136282.629846773,6.136282629846773
6241,6228,91.0,2.92030683093773,265.74792161533344,265.74792161533344,53.14958432306669,10948.814370551738,3284644.3111655214,3.2846443111655215
6182,6171,90.0,2.076964621215421,186.9268159093879,186.9268159093879,37.38536318187758,7701.384815466781,2310415.4446400343,2.3104154446400345
6185,6188,90.0,3.435902378092012,309.2312140282811,309.2312140282811,61.846242805656225,12740.326017965182,3822097.8053895547,3.822097805389555
6190,6239,90.0,5.351738494200622,481.65646447805597,481.65646447805597,96.3312928956112,19844.246336495908,5953273.900948772,5.953273900948772
6250,6223,90.0,6.115065527917851,550.3558975126066,550.3558975126066,110.07117950252132,22674.66297751939,6802398.893255817,6.802398893255817
6125,6195,89.0,10.326232622919946,919.0347034398752,919.0347034398752,183.80694068797504,37864.22978172286,11359268.934516858,11.359268934516859
6174,6185,89.0,3.798253853875184,338.0445929948914,338.0445929948914,67.60891859897828,13927.437231389526,4178231.169416858,4.178231169416858
6187,6168,89.0,4.720928572761237,420.16264297575015,420.16264297575015,84.03252859515004,17310.700890600907,5193210.267180272,5.193210267180272
6193,6223,89.0,2.745803029117783,244.37646959148267,244.37646959148267,48.875293918296535,10068.310547169087,3020493.164150726,3.020493164150726
6195,6256,89.0,9.319034877892712,829.3941041324514,829.3941041324514,165.87882082649028,34171.037090257,10251311.127077099,10.251311127077098
6211,6179,89.0,2.612661647457903,232.52688662375337,232.52688662375337,46.505377324750675,9580.10772889864,2874032.318669592,2.874032318669592
6244,6241,89.0,5.034859614751361,448.1025057128711,448.1025057128711,89.62050114257423,18461.82323537029,5538546.970611087,5.538546970611087
6187,6229,88.0,4.363377253565828,383.9771983137928,383.9771983137928,76.79543966275857,15819.860570528264,4745958.1711584795,4.745958171158479
6205,6190,88.0,4.223296569484325,371.6500981146206,371.6500981146206,74.33001962292413,15311.98404232237,4593595.2126967115,4.5935952126967114
6205,6241,88.0,6.430814374562276,565.9116649614803,565.9116649614803,113.18233299229605,23315.560596412986,6994668.178923896,6.994668178923895
6222,6199,88.0,7.643961951968432,672.668651773222,672.668651773222,134.5337303546444,27713.948453056746,8314184.535917024,8.314184535917024
6229,6187,88.0,4.751408259425203,418.1239268294178,418.1239268294178,83.62478536588357,17226.705785372014,5168011.7356116045,5.168011735611604
6241,6205,88.0,6.495014764880962,571.5612993095247,571.5612993095247,114.31225986190493,23548.325531552415,7064497.659465725,7.064497659465725
6187,6193,87.0,5.719062089739125,497.5584018073038,497.5584018073038,99.51168036146078,20499.40615446092,6149821.846338277,6.149821846338277
6224,6265,87.0,5.657331958217896,492.187880364957,492.187880364957,98.4375760729914,20278.140671036228,6083442.201310868,6.083442201310868
6234,6185,87.0,6.788495030940371,590.5990676918123,590.5990676918123,118.11981353836245,24332.681588902666,7299804.4766708,7.2998044766708
6237,6215,87.0,4.790559345590348,416.7786630663603,416.7786630663603,83.35573261327207,17171.280918334047,5151384.275500214,5.151384275500214
6243,6228,87.0,4.88200909264275,424.7347910599193,424.7347910599193,84.94695821198387,17499.073391668677,5249722.017500603,5.249722017500603
6265,6224,87.0,4.89732502420398,426.06727710574626,426.06727710574626,85.21345542114926,17553.971816756748,5266191.545027024,5.2661915450270245
6230,6218,86.0,3.843789470052526,330.56589442451724,330.56589442451724,66.11317888490345,13619.31485029011,4085794.4550870326,4.085794455087033
6235,6212,86.0,2.853696431171213,245.41789308072433,245.41789308072433,49.08357861614487,10111.217194925843,3033365.158477753,3.033365158477753
6237,6243,86.0,4.746858944362836,408.2298692152039,408.2298692152039,81.64597384304079,16819.070611666404,5045721.183499921,5.045721183499921
6190,6213,85.0,3.875446347705993,329.4129395550094,329.4129395550094,65.88258791100189,13571.81310966639,4071543.9328999165,4.071543932899917
6197,6229,85.0,12.7919810772294,1087.318391564499,1087.318391564499,217.46367831289982,44797.51773245736,13439255.319737207,13.439255319737207
6229,6197,85.0,11.769203519856353,1000.38229918779,1000.38229918779,200.076459837558,41215.75072653695,12364725.217961084,12.364725217961084
6241,6244,85.0,5.271336803744611,448.06362831829193,448.06362831829193,89.6127256636584,18460.221486713628,5538066.446014089,5.5380664460140885
6243,6241,85.0,2.267042245130916,192.69859083612786,192.69859083612786,38.53971816722557,7939.181942448468,2381754.5827345406,2.3817545827345405
6247,6228,85.0,2.799316953287863,237.94194102946835,237.94194102946835,47.58838820589367,9803.207970414096,2940962.391124229,2.940962391124229
6264,6202,85.0,2.826145024229457,240.22232705950384,240.22232705950384,48.044465411900774,9897.159874851559,2969147.962455468,2.9691479624554677
6171,6168,84.0,4.148305204516998,348.4576371794278,348.4576371794278,69.69152743588556,14356.454651792426,4306936.3955377275,4.306936395537727
6189,6220,84.0,3.222603006766048,270.69865256834805,270.69865256834805,54.13973051366961,11152.78448581594,3345835.345744782,3.3458353457447823
6195,6229,84.0,3.857310572605928,324.01408809889796,324.01408809889796,64.80281761977959,13349.380429674595,4004814.1289023785,4.004814128902378
6230,6209,84.0,4.43188481335854,372.2783243221173,372.2783243221173,74.45566486442347,15337.866962071235,4601360.0886213705,4.60136008862137
6182,6195,83.0,10.634612039057242,882.672799241751,882.672799241751,176.53455984835023,36366.11932876015,10909835.798628045,10.909835798628045
6190,6182,83.0,10.15339486364229,842.7317736823102,842.7317736823102,168.54635473646204,34720.54907571118,10416164.722713353,10.416164722713352
6209,6202,83.0,8.881835983680729,737.1923866455005,737.1923866455005,147.4384773291001,30372.32632979462,9111697.898938386,9.111697898938386
6215,6217,83.0,4.980083026794859,413.34689122397333,413.34689122397333,82.66937824479467,17029.891918427704,5108967.575528312,5.108967575528312
6217,6244,83.0,2.752312455984085,228.44193384667906,228.44193384667906,45.688386769335814,9411.807674483178,2823542.302344953,2.8235423023449533
6222,6174,83.0,6.094270025362807,505.82441210511297,505.82441210511297,101.1648824210226,20839.965778730653,6251989.733619196,6.2519897336191965
6241,6195,83.0,6.907822999047767,573.3493089209646,573.3493089209646,114.66986178419293,23621.991527543745,7086597.458263123,7.086597458263124
6125,6118,82.0,2.099448994177353,172.15481752254294,172.15481752254294,34.43096350450859,7092.77848192877,2127833.544578631,2.127833544578631
6203,6211,82.0,3.42012871810369,280.4505548845026,280.4505548845026,56.09011097690052,11554.562861241508,3466368.858372452,3.4663688583724523
6261,6201,82.0,7.648463101456778,627.1739743194557,627.1739743194557,125.43479486389116,25839.56774196158,7751870.322588474,7.7518703225884735
6117,6171,81.0,2.554042816162109,206.87746810913083,206.87746810913083,41.375493621826166,8523.35168609619,2557005.505828857,2.5570055058288568
6188,6204,81.0,4.248840756846222,344.15610130454394,344.15610130454394,68.8312202609088,14179.231373747212,4253769.4121241635,4.253769412124163
6200,6238,81.0,6.162568289328187,499.1680314355831,499.1680314355831,99.83360628711662,20565.722895146024,6169716.868543807,6.169716868543808
6205,6232,81.0,6.045521645237156,489.68725326420963,489.68725326420963,97.93745065284193,20175.114834485437,6052534.450345631,6.052534450345631
6213,6237,81.0,2.017402907815041,163.40963553301833,163.40963553301833,32.681927106603666,6732.476983960355,2019743.0951881064,2.0197430951881064
6256,6197,81.0,5.7727965899839,467.59652378869595,467.59652378869595,93.51930475773919,19264.97678009427,5779493.034028281,5.779493034028281
6265,6223,81.0,4.784738993368171,387.5638584628218,387.5638584628218,77.51277169256437,15967.63096866826,4790289.290600478,4.7902892906004775
6125,6173,80.0,3.047957082408009,243.83656659264074,243.83656659264074,48.76731331852815,10046.0665436168,3013819.96308504,3.01381996308504
6173,6125,80.0,3.049563069956838,243.96504559654704,243.96504559654704,48.79300911930941,10051.359878577738,3015407.9635733212,3.0154079635733213
6189,6205,80.0,3.239154367383585,259.1323493906868,259.1323493906868,51.82646987813736,10676.252794896296,3202875.838468889,3.2028758384688887
6195,6181,80.0,2.616401078151755,209.3120862521404,209.3120862521404,41.86241725042808,8623.657953588185,2587097.3860764555,2.5870973860764557
6202,6261,80.0,4.103479764011469,328.2783811209175,328.2783811209175,65.65567622418351,13525.069302181802,4057520.7906545405,4.05752079065454
6209,6181,80.0,5.144323466840024,411.54587734720195,411.54587734720195,82.30917546944039,16955.69014670472,5086707.044011416,5.0867070440114155
6224,6225,80.0,4.496574864558749,359.7259891646999,359.7259891646999,71.94519783293998,14820.710753585636,4446213.226075691,4.446213226075691
6256,6189,80.0,4.694083825572335,375.5267060457868,375.5267060457868,75.10534120915736,15471.700289086417,4641510.086725925,4.641510086725925
6196,6247,79.0,6.485402694884065,512.3468128958411,512.3468128958411,102.46936257916823,21108.688691308656,6332606.607392597,6.332606607392597
6220,6204,79.0,3.395000927194803,268.20507324838945,268.20507324838945,53.64101464967789,11050.049017833646,3315014.7053500935,3.3150147053500936
6234,6250,79.0,2.480295578701478,195.9433507174168,195.9433507174168,39.188670143483364,8072.866049557573,2421859.814867272,2.421859814867272
6248,6197,79.0,13.440801243800669,1061.8232982602528,1061.8232982602528,212.3646596520506,43747.11988832242,13124135.966496726,13.124135966496727
6181,6225,78.0,11.156455414729347,870.2035223488891,870.2035223488891,174.04070446977784,35852.385120774234,10755715.53623227,10.75571553623227
6182,6117,78.0,2.576350454955655,200.9553354865411,200.9553354865411,40.19106709730822,8279.359822045493,2483807.946613648,2.483807946613648
6199,6173,78.0,2.616855795473151,204.11475204690578,204.11475204690578,40.82295040938116,8409.527784332518,2522858.3352997554,2.5228583352997553
6205,6240,78.0,4.414293873879521,344.31492216260267,344.31492216260267,68.86298443252053,14185.77479309923,4255732.437929769,4.255732437929769
6225,6244,78.0,6.517128408070376,508.3360158294893,508.3360158294893,101.66720316589787,20943.44385217496,6283033.155652489,6.283033155652489
6243,6190,78.0,9.546995102417963,744.6656179886011,744.6656179886011,148.93312359772023,30680.223461130365,9204067.03833911,9.20406703833911
6174,6173,77.0,6.05513396384051,466.2453152157193,466.2453152157193,93.24906304314386,19209.306986887637,5762792.096066291,5.762792096066291
6181,6171,77.0,8.07439453304944,621.728379044807,621.728379044807,124.3456758089614,25615.20921664605,7684562.764993815,7.684562764993815
6181,6233,77.0,5.66194096247413,435.969454110508,435.969454110508,87.19389082210161,17961.94150935293,5388582.4528058795,5.388582452805879
6199,6222,77.0,9.902681931235294,762.5065087051177,762.5065087051177,152.50130174102352,31415.268158650848,9424580.447595254,9.424580447595254
6214,6234,77.0,2.646575040926935,203.786278151374,203.786278151374,40.757255630274805,8395.99465983661,2518798.3979509827,2.5187983979509827
6223,6205,77.0,4.444123492610736,342.1975089310266,342.1975089310266,68.43950178620533,14098.537367958297,4229561.210387489,4.229561210387489
6224,6220,77.0,4.516206661784332,347.74791295739357,347.74791295739357,69.54958259147871,14327.214013844614,4298164.204153384,4.298164204153384
6232,6196,77.0,5.473316231746848,421.4453498445073,421.4453498445073,84.28906996890146,17363.5484135937,5209064.52407811,5.20906452407811
6233,6181,77.0,5.681892346915269,437.5057107124757,437.5057107124757,87.50114214249515,18025.235281354002,5407570.584406201,5.4075705844062005
6237,6250,77.0,3.184199487399516,245.18336052976272,245.18336052976272,49.03667210595255,10101.554453826226,3030466.3361478676,3.0304663361478674
6241,6243,77.0,2.248853768568416,173.16174017976803,173.16174017976803,34.632348035953605,7134.263695406443,2140279.108621933,2.140279108621933
6125,6199,76.0,4.450478717577824,338.23638253591463,338.23638253591463,67.64727650718292,13935.338960479683,4180601.688143905,4.180601688143905
6168,6230,76.0,4.695156408756765,356.83188706551414,356.83188706551414,71.36637741310282,14701.473747099182,4410442.1241297545,4.410442124129754
6168,6261,76.0,5.359620359546295,407.3311473255184,407.3311473255184,81.46622946510368,16782.04326981136,5034612.980943408,5.0346129809434075
6230,6168,76.0,4.858223272770437,369.2249687305532,369.2249687305532,73.84499374611065,15212.068711698794,4563620.613509638,4.563620613509638
6235,6190,76.0,5.532098619089049,420.43949505076773,420.43949505076773,84.08789901015355,17322.10719609163,5196632.158827489,5.196632158827489
6118,6173,75.0,2.568380808030674,192.62856060230052,192.62856060230052,38.525712120460106,7936.296696814782,2380889.0090444344,2.3808890090444343
6125,6178,75.0,2.952419281005859,221.43144607543942,221.43144607543942,44.28628921508789,9122.975578308105,2736892.6734924316,2.7368926734924317
6181,6189,75.0,4.853106828746665,363.9830121559999,363.9830121559999,72.79660243119999,14996.100100827198,4498830.03024816,4.498830030248159
6197,6171,75.0,3.510985698536524,263.3239273902393,263.3239273902393,52.66478547804786,10848.94580847786,3254683.742543358,3.254683742543358
6185,6193,74.0,2.466684246085213,182.53463421030577,182.53463421030577,36.506926842061155,7520.426929464598,2256128.0788393794,2.2561280788393794
6189,6215,74.0,2.447512814960988,181.11594830711311,181.11594830711311,36.22318966142262,7461.97707025306,2238593.121075918,2.238593121075918
6197,6223,74.0,5.975032872634728,442.15243257496985,442.15243257496985,88.43048651499397,18216.68022208876,5465004.066626628,5.465004066626628
6123,6220,73.0,9.483273730257805,692.2789823088198,692.2789823088198,138.45579646176395,28521.894071123374,8556568.221337013,8.556568221337013
6123,6223,73.0,7.36695176921492,537.7874791526891,537.7874791526891,107.55749583053783,22156.844141090794,6647053.242327238,6.647053242327239
6190,6262,73.0,10.173758729452356,742.6843872500219,742.6843872500219,148.5368774500044,30598.596754700906,9179579.026410272,9.179579026410272
6204,6222,73.0,4.60682636784997,336.2983248530478,336.2983248530478,67.25966497060956,13855.49098394557,4156647.295183671,4.156647295183671
6212,6197,73.0,7.812494282830714,570.3120826466421,570.3120826466421,114.06241652932843,23496.857805041658,7049057.3415124975,7.049057341512498
6220,6123,73.0,9.17864345071679,670.0409719023256,670.0409719023256,134.00819438046514,27605.68804237582,8281706.412712745,8.281706412712746
6250,6233,73.0,2.14504767148908,156.58848001870282,156.58848001870282,31.317696003740565,6451.445376770556,1935433.6130311668,1.935433613031167
6251,6190,73.0,7.803336065180777,569.6435327581967,569.6435327581967,113.92870655163934,23469.313549637704,7040794.064891311,7.040794064891311
6173,6216,72.0,23.578627347197987,1697.661168998255,1697.661168998255,339.53223379965107,69943.64016272812,20983092.048818436,20.983092048818435
6202,6265,72.0,5.840042249785342,420.4830419845446,420.4830419845446,84.09660839690893,17323.90132976324,5197170.398928972,5.197170398928972
6215,6261,72.0,6.856647326195221,493.6786074860559,493.6786074860559,98.73572149721119,20339.558628425504,6101867.5885276515,6.101867588527652
6216,6173,72.0,23.12632632180736,1665.0954951701299,1665.0954951701299,333.019099034026,68601.93440100936,20580580.32030281,20.58058032030281
6223,6234,72.0,7.367412654418875,530.453711118159,530.453711118159,106.09074222363182,21854.692898068155,6556407.869420446,6.556407869420447
6230,6223,72.0,2.062617421176003,148.50845432467221,148.50845432467221,29.701690864934445,6118.548318176496,1835564.4954529486,1.8355644954529486
6233,6225,72.0,6.179367052352873,444.91442776940687,444.91442776940687,88.98288555388137,18330.474424099564,5499142.32722987,5.49914232722987
6262,6199,72.0,2.606572615980264,187.673228350579,187.673228350579,37.5346456701158,7732.137008043855,2319641.1024131565,2.3196411024131565
6117,6182,71.0,2.576350454955655,182.92088230185152,182.92088230185152,36.58417646037031,7536.3403508362835,2260902.1052508852,2.260902105250885
6123,6179,71.0,4.792463996523686,340.26494375318174,340.26494375318174,68.05298875063635,14018.915682631086,4205674.704789326,4.205674704789326
6212,6123,71.0,6.952378676838151,493.6188860555087,493.6188860555087,98.72377721110175,20337.09810548696,6101129.431646088,6.101129431646088
6231,6201,71.0,3.572154538640856,253.62297224350078,253.62297224350078,50.72459444870016,10449.266456432233,3134779.93692967,3.1347799369296703
6232,6228,71.0,2.730383822071595,193.85725136708325,193.85725136708325,38.771450273416654,7986.918756323831,2396075.6268971493,2.396075626897149
6250,6230,71.0,4.280117623114243,303.88835124111125,303.88835124111125,60.77767024822225,12520.200071133784,3756060.021340135,3.756060021340135
6256,6264,71.0,6.53499037285677,463.98431647283064,463.98431647283064,92.79686329456614,19116.153838680624,5734846.151604188,5.734846151604188
6264,6256,71.0,9.81764418145052,697.0527368829869,697.0527368829869,139.41054737659738,28718.57275957906,8615571.827873718,8.615571827873717
6174,6190,70.0,3.945347236164058,276.17430653148404,276.17430653148404,55.23486130629681,11378.381429097142,3413514.4287291425,3.4135144287291426
6178,6185,70.0,5.899737999481145,412.98165996368016,412.98165996368016,82.59633199273604,17014.844390503626,5104453.317151087,5.104453317151087
6179,6182,70.0,4.795812505288406,335.70687537018847,335.70687537018847,67.1413750740377,13831.123265251765,4149336.979575529,4.149336979575529
6185,6173,70.0,2.846529310404779,199.25705172833455,199.25705172833455,39.85141034566691,8209.390531207384,2462817.159362215,2.4628171593622152
6185,6178,70.0,5.902618095916692,413.18326671416844,413.18326671416844,82.6366533428337,17023.150588623743,5106945.1765871225,5.106945176587122
6203,6179,70.0,4.347122067307383,304.29854471151685,304.29854471151685,60.85970894230337,12537.100042114494,3761130.012634348,3.7611300126343483
6214,6262,70.0,9.066250426663363,634.6375298664353,634.6375298664353,126.92750597328707,26147.066230497137,7844119.869149141,7.844119869149141
6226,6264,70.0,2.338175316313933,163.6722721419753,163.6722721419753,32.73445442839506,6743.297612249383,2022989.2836748147,2.0229892836748147
6227,6250,70.0,2.845028135054395,199.15196945380765,199.15196945380765,39.830393890761535,8205.061141496875,2461518.3424490625,2.4615183424490623
6229,6195,70.0,4.124488154393037,288.71417080751263,288.71417080751263,57.74283416150253,11895.02383726952,3568507.151180856,3.568507151180856
6235,6244,70.0,2.075099064054312,145.25693448380184,145.25693448380184,29.05138689676037,5984.585700732636,1795375.7102197907,1.7953757102197907
6239,6226,70.0,2.588735253366831,181.21146773567816,181.21146773567816,36.24229354713563,7465.91247070994,2239773.7412129818,2.2397737412129817
6261,6168,70.0,5.061848905688873,354.3294233982211,354.3294233982211,70.86588467964422,14598.37224400671,4379511.673202013,4.379511673202012
6262,6214,70.0,10.318909270657503,722.3236489460252,722.3236489460252,144.46472978920505,29759.73433657624,8927920.300972871,8.927920300972872
6264,6226,70.0,2.338129539946745,163.66906779627215,163.66906779627215,32.73381355925443,6743.165593206412,2022949.6779619236,2.0229496779619236
6182,6118,69.0,2.84161289517793,196.07128976727716,196.07128976727716,39.21425795345544,8078.13713841182,2423441.141523546,2.423441141523546
6193,6247,69.0,8.520186945584449,587.8928992453269,587.8928992453269,117.57857984906539,24221.18744890747,7266356.234672241,7.266356234672241
6197,6256,69.0,5.789382893694837,399.46741966494375,399.46741966494375,79.89348393298876,16458.057690195685,4937417.307058705,4.937417307058705
6201,6181,69.0,6.376933257064811,440.008394737472,440.008394737472,88.0016789474944,18128.345863183848,5438503.758955155,5.438503758955155
6202,6264,69.0,2.854450077940395,196.95705537788726,196.95705537788726,39.39141107557745,8114.630681568955,2434389.2044706866,2.4343892044706865
6205,6228,69.0,4.143637708146612,285.9110018621162,285.9110018621162,57.182200372423246,11779.533276719189,3533859.9830157566,3.5338599830157564
6216,6243,69.0,2.713196835462945,187.2105816469432,187.2105816469432,37.44211632938865,7713.075963854061,2313922.7891562185,2.3139227891562184
6221,6243,69.0,5.766129446440154,397.8629318043706,397.8629318043706,79.57258636087413,16391.95279034007,4917585.837102021,4.917585837102021
6224,6229,69.0,3.895871906800962,268.81516156926637,268.81516156926637,53.76303231385327,11075.184656653775,3322555.3969961326,3.322555396996133
6228,6218,69.0,2.51819388346997,173.75537795942793,173.75537795942793,34.75107559188559,7158.721571928431,2147616.4715785296,2.1476164715785298
6229,6224,69.0,3.36628171868732,232.2734385894251,232.2734385894251,46.45468771788502,9569.665669884314,2870899.700965294,2.8708997009652943
6243,6221,69.0,6.1861677052407,426.8455716616083,426.8455716616083,85.36911433232166,17586.037552458263,5275811.265737479,5.275811265737478
6247,6193,69.0,8.346641972872582,575.9182961282082,575.9182961282082,115.18365922564165,23727.833800482178,7118350.140144654,7.118350140144654
6168,6171,68.0,4.126439359790435,280.5978764657496,280.5978764657496,56.11957529314992,11560.632510388883,3468189.753116665,3.4681897531166648
6171,6117,68.0,2.554050445556641,173.6754302978516,173.6754302978516,34.73508605957032,7155.427728271487,2146628.318481446,2.146628318481446
6205,6189,68.0,3.275371103223428,222.7252350191931,222.7252350191931,44.54504700383862,9176.279682790755,2752883.9048372265,2.7528839048372267
6235,6264,68.0,5.604248401284464,381.0888912873436,381.0888912873436,76.21777825746872,15700.862321038558,4710258.696311567,4.710258696311567
6241,6234,68.0,3.27527663207354,222.71881098100073,222.71881098100073,44.54376219620015,9176.01501241723,2752804.503725169,2.7528045037251694
6264,6235,68.0,5.685669299721964,386.6255123810936,386.6255123810936,77.32510247621872,15928.971110101056,4778691.333030317,4.778691333030317
6171,6211,67.0,5.085902844195465,340.7554905610961,340.7554905610961,68.15109811221923,14039.126211117162,4211737.863335148,4.2117378633351485
6173,6231,67.0,10.681419642505688,715.655116047881,715.655116047881,143.13102320957623,29484.990781172703,8845497.23435181,8.84549723435181
6178,6261,67.0,2.333805084228516,156.36494064331058,156.36494064331058,31.272988128662117,6442.2355545043965,1932670.666351319,1.9326706663513191
6199,6185,67.0,3.004980564862305,201.33369784577445,201.33369784577445,40.26673956915489,8294.948351245908,2488484.5053737727,2.4884845053737727
6223,6256,67.0,6.519429537713549,436.80177902680776,436.80177902680776,87.36035580536156,17996.233295904483,5398869.9887713455,5.398869988771345
6228,6243,67.0,4.770716127083812,319.63798051461544,319.63798051461544,63.92759610292309,13169.084797202157,3950725.439160647,3.950725439160647
6231,6251,67.0,5.184088099082008,347.3339026384946,347.3339026384946,69.46678052769892,14310.156788705977,4293047.036611794,4.293047036611793
6244,6220,67.0,2.546385480201153,170.60782717347726,170.60782717347726,34.121565434695455,7029.042479547264,2108712.743864179,2.1087127438641793
6246,6209,67.0,2.574328892531553,172.48003579961406,172.48003579961406,34.49600715992281,7106.177474944099,2131853.24248323,2.13185324248323
6251,6231,67.0,6.458100926796898,432.69276209539214,432.69276209539214,86.53855241907843,17826.941798330157,5348082.539499047,5.348082539499047
6261,6185,67.0,4.285590813201848,287.1345844845238,287.1345844845238,57.42691689690477,11829.944880762383,3548983.464228715,3.548983464228715
6173,6168,66.0,2.868705676817585,189.3345746699606,189.3345746699606,37.86691493399212,7800.584476402377,2340175.342920713,2.340175342920713
6181,6243,66.0,11.366192492945794,750.1687045344224,750.1687045344224,150.0337409068845,30906.95062681821,9272085.188045463,9.272085188045462
6209,6265,66.0,4.241085234198493,279.9116254571005,279.9116254571005,55.98232509142011,11532.358968832543,3459707.6906497627,3.4597076906497626
6216,6241,66.0,3.517480098183471,232.1536864801091,232.1536864801091,46.43073729602182,9564.731882980494,2869419.564894148,2.869419564894148
6217,6245,66.0,2.131983096412419,140.71088436321963,140.71088436321963,28.14217687264393,5797.28843576465,1739186.5307293949,1.7391865307293948
6227,6264,66.0,9.69093312360375,639.6015861578476,639.6015861578476,127.92031723156953,26351.585349703324,7905475.604910998,7.905475604910998
6245,6217,66.0,2.12151817373047,140.020199466211,140.020199466211,28.004039893242204,5768.832218007894,1730649.6654023682,1.7306496654023682
6247,6196,66.0,7.232350986498273,477.335165108886,477.335165108886,95.4670330217772,19666.208802486104,5899862.640745832,5.899862640745831
6250,6216,66.0,8.841962701985953,583.5695383310729,583.5695383310729,116.71390766621458,24043.064979240204,7212919.493772062,7.212919493772062
6264,6227,66.0,10.26020907899785,677.173799213858,677.173799213858,135.43475984277163,27899.560527610956,8369868.158283287,8.369868158283287
6265,6209,66.0,4.248226347479743,280.382938933663,280.382938933663,56.0765877867326,11551.777084066916,3465533.125220075,3.465533125220075
6171,6197,65.0,3.492785777882227,227.03107556234477,227.03107556234477,45.406215112468956,9353.680313168605,2806104.0939505813,2.8061040939505815
6173,6212,65.0,4.91916658367329,319.74582793876385,319.74582793876385,63.94916558775277,13173.528111077072,3952058.4333231216,3.9520584333231215
6179,6196,65.0,7.457373616013653,484.7292850408874,484.7292850408874,96.94585700817748,19970.84654368456,5991253.963105368,5.991253963105368
6187,6188,65.0,8.034270073613712,522.2275547848913,522.2275547848913,104.44551095697825,21515.77525713752,6454732.577141256,6.4547325771412565
6188,6123,65.0,3.010216892428756,195.66409800786914,195.66409800786914,39.13281960157383,8061.360837924209,2418408.2513772626,2.4184082513772625
6188,6187,65.0,8.385668541631288,545.0684552060337,545.0684552060337,109.01369104120676,22456.82035448859,6737046.106346577,6.737046106346577
6196,6179,65.0,8.382303505892084,544.8497278829855,544.8497278829855,108.9699455765971,22447.808788779002,6734342.636633701,6.7343426366337
6208,6190,65.0,6.372992561271769,414.24451648266495,414.24451648266495,82.848903296533,17066.874079085796,5120062.223725739,5.120062223725739
6212,6173,65.0,4.602675141403269,299.1738841912125,299.1738841912125,59.834776838242504,12325.964028677956,3697789.208603387,3.697789208603387
6256,6187,65.0,8.250994009545922,536.3146106204849,536.3146106204849,107.26292212409699,22096.161957563978,6628848.5872691935,6.628848587269194
6264,6216,65.0,15.799756576033355,1026.984177442168,1026.984177442168,205.3968354884336,42311.74811061732,12693524.433185197,12.693524433185198
6190,6243,64.0,8.84416189122484,566.0263610383897,566.0263610383897,113.20527220767795,23320.28607478166,6996085.822434498,6.996085822434498
6193,6185,64.0,2.468286418936776,157.97033081195366,157.97033081195366,31.59406616239073,6508.3776294524905,1952513.2888357472,1.9525132888357473
6197,6123,64.0,2.513720921094646,160.87813895005735,160.87813895005735,32.17562779001147,6628.179324742362,1988453.7974227087,1.9884537974227088
6205,6237,64.0,4.477510346255134,286.5606621603286,286.5606621603286,57.312132432065724,11806.299281005538,3541889.7843016614,3.5418897843016612
6209,6208,64.0,2.346752558959198,150.19216377338867,150.19216377338867,30.038432754677736,6187.917147463613,1856375.1442390839,1.856375144239084
6212,6222,64.0,4.859052232957144,310.97934290925724,310.97934290925724,62.19586858185145,12812.348927861398,3843704.6783584193,3.8437046783584194
6226,6202,64.0,2.884085050016047,184.581443201027,184.581443201027,36.9162886402054,7604.755459882313,2281426.637964694,2.2814266379646937
6237,6214,64.0,2.922673312469959,187.05109199807737,187.05109199807737,37.410218399615474,7706.504990320787,2311951.4970962363,2.3119514970962363
6238,6200,64.0,6.491182425029284,415.4356752018742,415.4356752018742,83.08713504037485,17115.949818317218,5134784.945495166,5.1347849454951655
6203,6199,63.0,2.05951919719894,129.74970942353323,129.74970942353323,25.949941884706647,5345.6880282495695,1603706.408474871,1.603706408474871
6228,6250,63.0,4.355281096390024,274.3827090725715,274.3827090725715,54.876541814514304,11304.567613789946,3391370.284136984,3.391370284136984
6229,6230,63.0,2.334418683632004,147.06837706881626,147.06837706881626,29.413675413763254,6059.217135235231,1817765.1405705693,1.8177651405705693
6250,6228,63.0,4.189544988939432,263.94133430318425,263.94133430318425,52.78826686063685,10874.38297329119,3262314.8919873573,3.2623148919873572
6188,6178,62.0,3.334328746286649,206.72838226977225,206.72838226977225,41.345676453954454,8517.209349514618,2555162.8048543856,2.5551628048543855
6201,6229,62.0,2.735866684645268,169.62373444800662,169.62373444800662,33.92474688960132,6988.497859257873,2096549.3577773618,2.096549357777362
6201,6261,62.0,7.946230740616933,492.66630591824986,492.66630591824986,98.53326118364998,20297.851803831898,6089355.54114957,6.08935554114957
6220,6244,62.0,2.367022520268622,146.75539625665456,146.75539625665456,29.351079251330916,6046.322325774168,1813896.6977322504,1.8138966977322504
6222,6250,62.0,2.611448286185593,161.90979374350678,161.90979374350678,32.38195874870136,6670.683502232479,2001205.050669744,2.001205050669744
6229,6201,62.0,2.418934006422612,149.97390839820193,149.97390839820193,29.994781679640386,6178.92502600592,1853677.5078017758,1.8536775078017758
6168,6118,61.0,4.751366717004897,289.8333697372987,289.8333697372987,57.966673947459746,11941.134833176708,3582340.449953012,3.582340449953012
6181,6218,61.0,4.972823582518385,303.34223853362147,303.34223853362147,60.668447706724294,12497.700227585205,3749310.0682755616,3.7493100682755616
6189,6261,61.0,6.035300277874959,368.15331695037247,368.15331695037247,73.6306633900745,15167.916658355347,4550374.9975066045,4.550374997506604
6202,6197,61.0,6.753354775292133,411.9546412928201,411.9546412928201,82.39092825856403,16972.53122126419,5091759.366379257,5.091759366379257
6209,6239,61.0,3.028564520706186,184.74243576307734,184.74243576307734,36.94848715261547,7611.388353438787,2283416.506031636,2.283416506031636
6218,6181,61.0,4.92018076025276,300.13102637541834,300.13102637541834,60.02620527508367,12365.398286667236,3709619.486000171,3.7096194860001708
6244,6190,61.0,5.562960400982004,339.3405844599023,339.3405844599023,67.86811689198046,13980.832079747976,4194249.6239243927,4.194249623924393
6244,6234,61.0,2.573680123739085,156.9944875480842,156.9944875480842,31.398897509616845,6468.17288698107,1940451.866094321,1.940451866094321
6251,6265,61.0,2.380418534357857,145.2055305958293,145.2055305958293,29.04110611916586,5982.467860548168,1794740.3581644504,1.7947403581644503
6261,6189,61.0,5.707282089398396,348.14420745330216,348.14420745330216,69.62884149066043,14343.541347076049,4303062.404122815,4.303062404122815
6265,6251,61.0,2.54636168010981,155.3280624866984,155.3280624866984,31.065612497339682,6399.516174451975,1919854.8523355925,1.9198548523355925
6202,6226,60.0,2.884092679410578,173.04556076463467,173.04556076463467,34.60911215292693,7129.477103502948,2138843.1310508843,2.1388431310508844
6204,6215,60.0,2.018119353553805,121.0871612132283,121.0871612132283,24.21743224264566,4988.791041985006,1496637.3125955018,1.4966373125955017
6212,6193,60.0,2.211967241428514,132.71803448571086,132.71803448571086,26.543606897142173,5467.983020811287,1640394.9062433862,1.6403949062433862
6223,6197,60.0,7.855526036697228,471.33156220183366,471.33156220183366,94.26631244036673,19418.860362715546,5825658.108814664,5.825658108814665
6234,6225,60.0,4.930607178639757,295.83643071838543,295.83643071838543,59.16728614367709,12188.46094559748,3656538.283679244,3.656538283679244
6123,6189,59.0,6.51016150751316,384.0995289432764,384.0995289432764,76.81990578865529,15824.90059246299,4747470.177738897,4.747470177738896
6196,6232,59.0,5.184833565731222,305.9051803781421,305.9051803781421,61.18103607562843,12603.293431579456,3780988.0294738365,3.7809880294738365
6202,6241,59.0,10.753829483879572,634.4759395488948,634.4759395488948,126.89518790977895,26140.408709414463,7842122.612824339,7.8421226128243395
6203,6123,59.0,3.335397070587442,196.78842716465908,196.78842716465908,39.35768543293182,8107.6831991839545,2432304.9597551865,2.4323049597551862
6215,6189,59.0,2.454684115300649,144.8263628027383,144.8263628027383,28.96527256054766,5966.846147472818,1790053.8442418454,1.7900538442418454
6217,6174,59.0,6.937029017456092,409.28471202990943,409.28471202990943,81.8569424059819,16862.53013563227,5058759.040689682,5.058759040689682
6218,6245,59.0,2.677934542819049,157.9981380263239,157.9981380263239,31.59962760526478,6509.5232866845445,1952856.9860053633,1.9528569860053633
6225,6227,59.0,4.894723741569826,288.7887007526197,288.7887007526197,57.757740150523944,11898.094471007933,3569428.34130238,3.56942834130238
6228,6231,59.0,2.088931169242896,123.24693898533086,123.24693898533086,24.649387797066172,5077.773886195631,1523332.1658586895,1.5233321658586894
6230,6204,59.0,2.643926373848311,155.99165605705033,155.99165605705033,31.198331211410068,6426.856229550474,1928056.8688651423,1.9280568688651423
6239,6196,59.0,3.961294190113705,233.7163572167086,233.7163572167086,46.74327144334172,9629.113917328394,2888734.175198518,2.8887341751985183
6241,6202,59.0,10.89642973979218,642.8893546477386,642.8893546477386,128.57787092954774,26487.041411486836,7946112.423446051,7.946112423446051
6245,6218,59.0,2.835904971285846,167.31839330586493,167.31839330586493,33.463678661172985,6893.517804201635,2068055.3412604905,2.0680553412604903
6247,6233,59.0,4.835477594821886,285.2931780944913,285.2931780944913,57.05863561889826,11754.078937493041,3526223.6812479123,3.526223681247912
6173,6200,58.0,3.636689951262851,210.92801717324537,210.92801717324537,42.185603434649074,8690.234307537708,2607070.2922613127,2.6070702922613127
6181,6209,58.0,4.672776444111876,271.0210337584888,271.0210337584888,54.20420675169776,11166.06659084974,3349819.977254922,3.349819977254922
6185,6212,58.0,2.262335145787054,131.21543845564915,131.21543845564915,26.24308769112983,5406.076064372745,1621822.8193118237,1.6218228193118236
6200,6173,58.0,3.261617472014804,189.17381337685862,189.17381337685862,37.83476267537173,7793.961111126576,2338188.333337973,2.338188333337973
6209,6245,58.0,3.05734264313962,177.32587330209796,177.32587330209796,35.46517466041959,7305.825980046436,2191747.7940139305,2.1917477940139305
6211,6197,58.0,7.569060973237543,439.0055364477775,439.0055364477775,87.8011072895555,18087.028101648433,5426108.43049453,5.42610843049453
6212,6185,58.0,2.322606093653751,134.71115343191755,134.71115343191755,26.94223068638351,5550.099521395003,1665029.856418501,1.6650298564185009
6231,6247,58.0,3.721363388699709,215.83907654458312,215.83907654458312,43.16781530891663,8892.569953636827,2667770.986091048,2.667770986091048
6245,6209,58.0,3.159072989819308,183.22623340951986,183.22623340951986,36.64524668190398,7548.9208164722195,2264676.244941666,2.2646762449416658
6250,6214,58.0,3.554059492919429,206.13545058932687,206.13545058932687,41.22709011786537,8492.780564280267,2547834.16928408,2.54783416928408
6250,6264,58.0,6.7735897724849,392.8682068041242,392.8682068041242,78.57364136082485,16186.17012032992,4855851.036098976,4.855851036098976
6256,6185,58.0,3.928250260130294,227.83851508755706,227.83851508755706,45.56770301751141,9386.946821607351,2816084.0464822054,2.8160840464822052
6118,6125,57.0,2.099448994177353,119.66859266810913,119.66859266810913,23.93371853362183,4930.3460179260965,1479103.805377829,1.479103805377829
6193,6173,57.0,4.495147913179446,256.22343105122843,256.22343105122843,51.24468621024569,10556.405359310613,3166921.607793184,3.166921607793184
6198,6247,57.0,6.329866535330916,360.8023925138622,360.8023925138622,72.16047850277243,14865.058571571122,4459517.571471336,4.459517571471336
6208,6232,57.0,2.11726223442717,120.68394736234869,120.68394736234869,24.13678947246974,4972.178631328767,1491653.58939863,1.49165358939863
6209,6225,57.0,5.710138473791299,325.47789300610407,325.47789300610407,65.09557860122082,13409.68919185149,4022906.757555447,4.022906757555447
6225,6208,57.0,4.021826029747976,229.24408369563466,229.24408369563466,45.84881673912693,9444.856248260148,2833456.8744780445,2.8334568744780446
6228,6205,57.0,4.404142339767125,251.0361133667261,251.0361133667261,50.20722267334523,10342.687870709116,3102806.361212735,3.102806361212735
6233,6228,57.0,3.392168826239415,193.35362309564664,193.35362309564664,38.67072461912933,7966.1692715406425,2389850.7814621925,2.3898507814621923
6240,6241,57.0,3.29080221816836,187.57572643559652,187.57572643559652,37.5151452871193,7728.119929146576,2318435.9787439727,2.3184359787439726
6247,6198,57.0,6.212576087931453,354.1168370120928,354.1168370120928,70.82336740241855,14589.613684898222,4376884.105469467,4.376884105469467
6247,6245,57.0,2.944057178339486,167.81125916535072,167.81125916535072,33.56225183307014,6913.823877612449,2074147.1632837346,2.0741471632837345
6250,6235,57.0,3.253983635999404,185.47706725196605,185.47706725196605,37.09541345039321,7641.655170781001,2292496.5512343002,2.2924965512343003
6250,6265,57.0,2.230445829827895,127.13541230019001,127.13541230019001,25.427082460038005,5237.978986767829,1571393.6960303488,1.5713936960303487
6265,6250,57.0,2.231204954583755,127.17868241127404,127.17868241127404,25.43573648225481,5239.761715344491,1571928.5146033473,1.5719285146033473
6123,6231,56.0,13.677442289491738,765.9367682115374,765.9367682115374,153.18735364230747,31556.594850315338,9466978.455094602,9.466978455094601
6187,6241,56.0,8.624460969070167,482.96981426792934,482.96981426792934,96.59396285358588,19898.35634783869,5969506.904351607,5.969506904351607
6211,6181,56.0,6.030193959361789,337.6908617242602,337.6908617242602,67.53817234485204,13912.863503039522,4173859.0509118563,4.173859050911856
6215,6248,56.0,4.964727819899002,278.0247579143441,278.0247579143441,55.60495158286882,11454.620026070977,3436386.007821293,3.436386007821293
6218,6228,56.0,2.196951641986176,123.02929195122586,123.02929195122586,24.605858390245174,5068.806828390506,1520642.0485171517,1.5206420485171517
6231,6243,56.0,5.586867660477634,312.8645889867475,312.8645889867475,62.572917797349504,12890.021066253998,3867006.319876199,3.8670063198761992
6243,6231,56.0,5.65375581364346,316.61032556403376,316.61032556403376,63.322065112806754,13044.345413238192,3913303.6239714576,3.9133036239714576
6245,6205,56.0,4.696378536528328,262.99719804558634,262.99719804558634,52.59943960911727,10835.484559478158,3250645.3678434473,3.2506453678434473
6123,6171,55.0,2.861049736718279,157.35773551950533,157.35773551950533,31.471547103901067,6483.13870340362,1944941.6110210859,1.944941611021086
6171,6123,55.0,2.827186669091326,155.49526680002293,155.49526680002293,31.09905336000459,6406.404992160946,1921921.4976482838,1.921921497648284
6171,6264,55.0,6.056321571253145,333.097686418923,333.097686418923,66.6195372837846,13723.624680459627,4117087.404137888,4.117087404137888
6173,6199,55.0,2.957054312318854,162.63798717753698,162.63798717753698,32.527597435507396,6700.6850717145235,2010205.521514357,2.010205521514357
6182,6207,55.0,6.468256944976922,355.7541319737307,355.7541319737307,71.15082639474615,14657.070237317706,4397121.071195312,4.397121071195312
6190,6214,55.0,4.120360017876884,226.6198009832286,226.6198009832286,45.32396019664572,9336.73580050902,2801020.740152706,2.801020740152706
6195,6238,55.0,5.045350986211914,277.49430424165524,277.49430424165524,55.49886084833105,11432.765334756195,3429829.6004268588,3.4298296004268587
6196,6181,55.0,3.473770175942007,191.0573596768104,191.0573596768104,38.21147193536208,7871.563218684588,2361468.9656053763,2.3614689656053764
6203,6195,55.0,10.492794922609422,577.1037207435182,577.1037207435182,115.42074414870365,23776.67329463295,7133001.988389885,7.133001988389885
6214,6195,55.0,4.029304513369912,221.61174823534515,221.61174823534515,44.32234964706903,9130.404027296221,2739121.2081888663,2.739121208188866
6215,6246,55.0,4.038472386026944,222.11598123148192,222.11598123148192,44.423196246296385,9151.178426737055,2745353.5280211163,2.7453535280211163
6217,6225,55.0,4.854912136292614,267.0201674960938,267.0201674960938,53.40403349921876,11001.230900839066,3300369.2702517197,3.3003692702517196
6225,6217,55.0,4.728923465514026,260.09079060327144,260.09079060327144,52.01815812065429,10715.740572854784,3214722.171856435,3.214722171856435
6226,6243,55.0,10.443341267578548,574.3837697168201,574.3837697168201,114.87675394336402,23664.61131233299,7099383.3936998965,7.099383393699896
6230,6214,55.0,2.882955452325702,158.56254987791363,158.56254987791363,31.712509975582726,6532.777054970042,1959833.1164910125,1.9598331164910126
6231,6173,55.0,8.628594406343533,474.5726923488943,474.5726923488943,94.91453846977886,19552.394924774446,5865718.477432334,5.865718477432334
6241,6224,55.0,3.914963090441659,215.32296997429123,215.32296997429123,43.06459399485825,8871.306362940799,2661391.90888224,2.6613919088822398
6241,6245,55.0,3.065047055989353,168.57758807941443,168.57758807941443,33.71551761588289,6945.396628871875,2083618.9886615623,2.0836189886615624
6243,6226,55.0,10.741789865734562,590.7984426154009,590.7984426154009,118.15968852308018,24340.895835754516,7302268.750726355,7.3022687507263555
6246,6225,55.0,5.962675731162091,327.947165213915,327.947165213915,65.589433042783,13511.423206813299,4053426.9620439894,4.053426962043989
6264,6171,55.0,7.865060279749239,432.57831538620815,432.57831538620815,86.51566307724164,17822.22659391178,5346667.978173533,5.346667978173533
6178,6179,54.0,5.60373176468822,302.60151529316386,302.60151529316386,60.52030305863278,12467.182430078352,3740154.7290235055,3.7401547290235055
6181,6201,54.0,5.763993104019172,311.2556276170353,311.2556276170353,62.25112552340707,12823.731857821856,3847119.557346557,3.8471195573465566
6185,6256,54.0,4.026474275450005,217.4296108743003,217.4296108743003,43.485922174860065,8958.099968021173,2687429.990406352,2.687429990406352
6216,6250,54.0,8.760915643880484,473.0894447695461,473.0894447695461,94.61788895390923,19491.285124505303,5847385.537351591,5.847385537351591
6223,6177,54.0,3.947172713595762,213.14732653417116,213.14732653417116,42.629465306834234,8781.669853207852,2634500.9559623557,2.6345009559623556
6230,6212,54.0,2.021264134106365,109.14826324174372,109.14826324174372,21.829652648348745,4496.908445559841,1349072.5336679523,1.3490725336679523
6247,6222,54.0,4.43441986601254,239.45867276467715,239.45867276467715,47.89173455293543,9865.697317904698,2959709.1953714094,2.9597091953714094
6174,6207,53.0,5.423543210320955,287.4477901470106,287.4477901470106,57.489558029402126,11842.848954056837,3552854.686217051,3.552854686217051
6188,6244,53.0,8.858544589928782,469.5028632662254,469.5028632662254,93.90057265324509,19343.51796656849,5803055.389970547,5.803055389970546
6190,6248,53.0,7.441449339937108,394.3968150166667,394.3968150166667,78.87936300333335,16249.148778686671,4874744.633606002,4.874744633606002
6199,6256,53.0,5.719167508195122,303.1158779343415,303.1158779343415,60.6231755868683,12488.37417089487,3746512.251268461,3.7465122512684608
6207,6174,53.0,5.399113889031892,286.1530361186903,286.1530361186903,57.23060722373806,11789.50508809004,3536851.526427012,3.5368515264270117
6222,6190,53.0,4.321379373906005,229.03310681701828,229.03310681701828,45.80662136340366,9436.164000861154,2830849.2002583463,2.830849200258346
6225,6245,53.0,4.310838660315118,228.47444899670123,228.47444899670123,45.694889799340245,9413.147298664091,2823944.189599227,2.823944189599227
6265,6197,53.0,10.07278545848032,533.857629299457,533.857629299457,106.77152585989141,21994.93432713763,6598480.2981412895,6.59848029814129
6177,6216,52.0,23.451703976894954,1219.4886067985376,1219.4886067985376,243.89772135970753,50242.93060009975,15072879.180029927,15.072879180029927
6181,6177,52.0,5.844434897986452,303.9106146952955,303.9106146952955,60.78212293905911,12521.117325446176,3756335.1976338527,3.756335197633853
6188,6118,52.0,3.239697387680798,168.4642641594015,168.4642641594015,33.6928528318803,6940.727683367342,2082218.3050102026,2.0822183050102026
6189,6209,52.0,6.806722135186298,353.94955102968754,353.94955102968754,70.78991020593752,14582.721502423128,4374816.450726938,4.3748164507269385
6190,6208,52.0,6.373641059806926,331.42933510996016,331.42933510996016,66.28586702199203,13654.88860653036,4096466.581959108,4.096466581959108
6201,6233,52.0,3.483769305687887,181.15600389577014,181.15600389577014,36.23120077915403,7463.62736050573,2239088.208151719,2.239088208151719
6202,6230,52.0,3.771557609966222,196.12099571824353,196.12099571824353,39.22419914364871,8080.1850235916345,2424055.5070774904,2.4240555070774903
6216,6181,52.0,18.4589650933128,959.8661848522655,959.8661848522655,191.97323697045312,39546.48681591334,11863946.044774001,11.863946044774002
6216,6232,52.0,3.95826387642671,205.8297215741889,205.8297215741889,41.16594431483779,8480.184528856584,2544055.358656975,2.544055358656975
6220,6224,52.0,4.050464988624801,210.62417940848968,210.62417940848968,42.12483588169794,8677.716191629775,2603314.8574889326,2.6033148574889324
6230,6202,52.0,3.771561424663488,196.12119408250138,196.12119408250138,39.224238816500275,8080.193196199057,2424057.958859717,2.424057958859717
6230,6234,52.0,5.358926541607455,278.6641801635877,278.6641801635877,55.732836032717536,11480.964222739813,3444289.2668219437,3.4442892668219436
6232,6216,52.0,4.189766409385695,217.86785328805612,217.86785328805612,43.57357065761123,8976.155555467913,2692846.666640374,2.692846666640374
6243,6216,52.0,3.010340807154117,156.53772197201408,156.53772197201408,31.307544394402818,6449.354145246981,1934806.2435740943,1.9348062435740943
6244,6237,52.0,3.02251551686414,157.1708068769353,157.1708068769353,31.434161375387063,6475.437243329735,1942631.1729989205,1.9426311729989205
6245,6229,52.0,3.057547889983736,158.99249027915428,158.99249027915428,31.79849805583086,6550.490599501157,1965147.179850347,1.965147179850347
6173,6185,51.0,2.748305295085068,140.1635700493385,140.1635700493385,28.0327140098677,5774.739086032746,1732421.7258098237,1.7324217258098238
6173,6225,51.0,24.78874813126102,1264.226154694312,1264.226154694312,252.84523093886241,52086.11757340566,15625835.272021698,15.625835272021698
6197,6204,51.0,7.262694059193753,370.3973970188814,370.3973970188814,74.07947940377629,15260.372757177916,4578111.827153375,4.578111827153375
6215,6204,51.0,2.31415860433292,118.02208882097892,118.02208882097892,23.604417764195787,4862.510059424332,1458753.0178272997,1.4587530178272996
6223,6188,51.0,4.641008214086025,236.69141891838726,236.69141891838726,47.338283783677454,9751.686459437555,2925505.9378312663,2.9255059378312662
6238,6241,51.0,4.107039224996058,209.45900047479893,209.45900047479893,41.89180009495979,8629.710819561717,2588913.2458685148,2.5889132458685147
6239,6185,51.0,6.081453278415655,310.15411719919837,310.15411719919837,62.03082343983968,12778.349628606973,3833504.888582092,3.833504888582092
6244,6256,51.0,10.236580338332587,522.065597254962,522.065597254962,104.4131194509924,21509.102606904435,6452730.782071331,6.45273078207133
6248,6185,51.0,8.24770221008964,420.6328127145716,420.6328127145716,84.12656254291433,17330.07188384035,5199021.565152106,5.199021565152106
6256,6244,51.0,9.795502443097321,499.5706245979634,499.5706245979634,99.91412491959268,20582.309733436094,6174692.920030829,6.174692920030829
6182,6177,50.0,3.434178448066494,171.7089224033247,171.7089224033247,34.34178448066494,7074.407603016978,2122322.2809050935,2.1223222809050935
6188,6125,50.0,2.530243968454617,126.51219842273085,126.51219842273085,25.302439684546172,5212.302575016512,1563690.7725049534,1.5636907725049534
6189,6228,50.0,8.395055362577398,419.75276812886995,419.75276812886995,83.95055362577399,17293.814046909443,5188144.214072833,5.188144214072833
6228,6190,50.0,5.270279283700995,263.51396418504976,263.51396418504976,52.70279283700995,10856.77532442405,3257032.597327215,3.257032597327215
6228,6244,50.0,3.668229679838132,183.4114839919066,183.4114839919066,36.68229679838132,7556.553140466553,2266965.942139966,2.266965942139966
6185,6199,49.0,3.015417576581055,147.7554612524717,147.7554612524717,29.55109225049434,6087.525003601834,1826257.5010805503,1.8262575010805502
6204,6188,49.0,4.22234386963919,206.89484961232034,206.89484961232034,41.37896992246407,8524.0678040276,2557220.34120828,2.55722034120828
6204,6218,49.0,7.631274346098102,373.932442958807,373.932442958807,74.7864885917614,15406.016649902847,4621804.994970854,4.621804994970854
6214,6204,49.0,3.938995015871278,193.01075577769262,193.01075577769262,38.60215115553853,7952.043138040937,2385612.9414122812,2.385612941412281
6245,6223,49.0,7.214774184900783,353.52393506013834,353.52393506013834,70.70478701202767,14565.1861244777,4369555.83734331,4.36955583734331
6125,6197,48.0,3.460776653126367,166.11727935006562,166.11727935006562,33.223455870013126,6844.031909222704,2053209.5727668111,2.053209572766811
6168,6237,48.0,9.079727272932635,435.82690910076644,435.82690910076644,87.1653818201533,17956.06865495158,5386820.596485474,5.3868205964854745
6173,6239,48.0,7.862079878859496,377.3798341852558,377.3798341852558,75.47596683705116,15548.049168432539,4664414.750529761,4.664414750529762
6178,6173,48.0,3.964211801869335,190.28216648972807,190.28216648972807,38.05643329794562,7839.625259376797,2351887.577813039,2.3518875778130393
6187,6211,48.0,6.305799499977302,302.6783759989105,302.6783759989105,60.535675199782105,12470.349091155114,3741104.7273465344,3.7411047273465345
6201,6190,48.0,5.094978401956422,244.55896329390828,244.55896329390828,48.91179265878166,10075.82928770902,3022748.7863127063,3.0227487863127065
6204,6265,48.0,4.679829684321727,224.63182484744289,224.63182484744289,44.92636496948858,9254.831183714648,2776449.3551143943,2.7764493551143943
6208,6246,48.0,3.304121983694243,158.59785521732366,158.59785521732366,31.719571043464732,6534.231634953735,1960269.4904861206,1.9602694904861206
6211,6187,48.0,6.208601013649177,298.0128486551605,298.0128486551605,59.602569731032105,12278.129364592614,3683438.8093777844,3.6834388093777846
6216,6190,48.0,16.939057527245918,813.074761307804,813.074761307804,162.6149522615608,33498.680165881524,10049604.049764458,10.049604049764458
6229,6226,48.0,3.167759935217596,152.0524768904446,152.0524768904446,30.410495378088925,6264.562047886318,1879368.6143658955,1.8793686143658954
6239,6173,48.0,8.338333388380981,400.2400026422871,400.2400026422871,80.04800052845742,16489.88810886223,4946966.432658669,4.946966432658669
6246,6208,48.0,3.292487157034087,158.03938353763618,158.03938353763618,31.60787670752724,6511.222601750611,1953366.7805251833,1.9533667805251833
6250,6227,48.0,3.322440467364904,159.47714243351538,159.47714243351538,31.89542848670308,6570.458268260834,1971137.4804782502,1.9711374804782502
6168,6256,47.0,4.025155921403827,189.18232830597987,189.18232830597987,37.83646566119597,7794.31192620637,2338293.577861911,2.338293577861911
6187,6244,47.0,5.438531713205524,255.61099052065964,255.61099052065964,51.12219810413193,10531.172809451178,3159351.8428353537,3.1593518428353535
6188,6197,47.0,2.900993766112235,136.34670700727506,136.34670700727506,27.269341401455012,5617.484328699733,1685245.2986099198,1.6852452986099198
6188,6212,47.0,4.612144245864042,216.77077955560998,216.77077955560998,43.354155911122,8930.956117691132,2679286.8353073397,2.6792868353073396
6196,6239,47.0,3.757500903622148,176.60254247024096,176.60254247024096,35.32050849404819,7276.024749773927,2182807.424932178,2.1828074249321783
6212,6188,47.0,4.809774812871365,226.05941620495415,226.05941620495415,45.21188324099083,9313.64794764411,2794094.384293233,2.794094384293233
6213,6239,47.0,3.432682527354004,161.33607878563816,161.33607878563816,32.26721575712764,6647.0464459682935,1994113.933790488,1.9941139337904878
6231,6256,47.0,9.808539371388758,461.0013504552716,461.0013504552716,92.20027009105434,18993.255638757193,5697976.691627158,5.697976691627158
6239,6213,47.0,3.322272764394043,156.14681992652004,156.14681992652004,31.22936398530401,6433.248980972626,1929974.6942917877,1.9299746942917877
6256,6168,47.0,4.048650641862811,190.28658016755213,190.28658016755213,38.057316033510425,7839.807102903147,2351942.1308709444,2.3519421308709445
6256,6231,47.0,11.861364607550913,557.4841365548929,557.4841365548929,111.49682731097857,22968.346426061587,6890503.927818476,6.890503927818476
6118,6256,46.0,3.256161161259494,149.7834134179367,149.7834134179367,29.956682683587346,6171.076632818993,1851322.9898456978,1.8513229898456978
6185,6248,46.0,8.115896790167765,373.3312523477172,373.3312523477172,74.66625046954344,15381.247596725949,4614374.279017785,4.614374279017785
6185,6264,46.0,3.272821640630344,150.54979546899582,150.54979546899582,30.109959093799166,6202.651573322628,1860795.4719967884,1.8607954719967883
6188,6200,46.0,3.477334544605946,159.95738905187352,159.95738905187352,31.991477810374704,6590.244428937189,1977073.3286811567,1.9770733286811568
6193,6227,46.0,5.482921615299776,252.21439430378967,252.21439430378967,50.442878860757936,10391.233045316136,3117369.9135948406,3.1173699135948407
6204,6244,46.0,5.075004099318893,233.4501885686691,233.4501885686691,46.69003771373382,9618.147769029167,2885444.33070875,2.88544433070875
6209,6201,46.0,3.29796562230964,151.70641862624342,151.70641862624342,30.341283725248687,6250.3044474012295,1875091.3342203689,1.8750913342203688
6214,6251,46.0,4.206550876405455,193.50134031465092,193.50134031465092,38.700268062930185,7972.255220963618,2391676.5662890854,2.3916765662890853
6222,6228,46.0,2.66553337877923,122.61453542384459,122.61453542384459,24.522907084768917,5051.718859462397,1515515.657838719,1.515515657838719
6229,6246,46.0,2.326894815036136,107.03716149166226,107.03716149166226,21.407432298332452,4409.931053456485,1322979.3160369454,1.3229793160369454
6230,6238,46.0,3.810604143074894,175.2877905814451,175.2877905814451,35.05755811628902,7221.856971955539,2166557.0915866615,2.1665570915866614
6239,6195,46.0,4.798662830140286,220.73849018645313,220.73849018645313,44.14769803729063,9094.42579568187,2728327.738704561,2.728327738704561
6241,6220,46.0,6.422407392606849,295.4307400599151,295.4307400599151,59.08614801198302,12171.746490468502,3651523.9471405507,3.6515239471405505
6244,6204,46.0,5.211264794847128,239.71818056296786,239.71818056296786,47.94363611259357,9876.389039194277,2962916.711758283,2.962916711758283
6250,6231,46.0,3.365577140848345,154.81654847902388,154.81654847902388,30.963309695804778,6378.441797335784,1913532.5392007353,1.9135325392007352
6251,6214,46.0,4.251720706727721,195.5791525094752,195.5791525094752,39.11583050189504,8057.861083390379,2417358.3250171137,2.417358325017114
6256,6220,46.0,7.667196048316981,352.69101822258114,352.69101822258114,70.53820364451623,14530.869950770344,4359260.985231103,4.359260985231104
6264,6185,46.0,3.269838547368626,150.4125731789568,150.4125731789568,30.08251463579136,6196.99801497302,1859099.404491906,1.859099404491906
6117,6173,45.0,3.285650869029103,147.85428910630964,147.85428910630964,29.570857821261928,6091.596711179957,1827479.0133539871,1.827479013353987
6117,6261,45.0,2.945411682128906,132.54352569580075,132.54352569580075,26.508705139160153,5460.793258666991,1638237.9776000974,1.6382379776000975
6125,6179,45.0,4.180559767617908,188.12518954280586,188.12518954280586,37.625037908561175,7750.757809163602,2325227.3427490806,2.3252273427490806
6178,6256,45.0,5.453629128752064,245.4133107938429,245.4133107938429,49.082662158768585,10111.028404706329,3033308.5214118985,3.0333085214118984
6189,6256,45.0,4.70082821033796,211.5372694652082,211.5372694652082,42.30745389304164,8715.335501966578,2614600.650589973,2.6146006505899733
6196,6264,45.0,8.782873338896032,395.22930025032144,395.22930025032144,79.04586005006429,16283.447170313244,4885034.151093973,4.885034151093973
6197,6201,45.0,9.470655617620253,426.17950279291136,426.17950279291136,85.23590055858227,17558.595515067947,5267578.654520384,5.267578654520384
6201,6197,45.0,9.357408699895645,421.083391495304,421.083391495304,84.2166782990608,17348.635729606525,5204590.718881957,5.204590718881957
6209,6215,45.0,4.127588862170805,185.74149879768623,185.74149879768623,37.148299759537245,7652.549750464673,2295764.925139402,2.295764925139402
6209,6264,45.0,9.477814672044522,426.5016602420035,426.5016602420035,85.3003320484007,17571.868401970547,5271560.520591164,5.271560520591164
6217,6182,45.0,13.074222457922605,588.3400106065172,588.3400106065172,117.66800212130346,24239.608436988514,7271882.531096554,7.271882531096554
6220,6189,45.0,3.535526438162532,159.09868971731393,159.09868971731393,31.819737943462787,6554.866016353334,1966459.8049060002,1.9664598049060003
6223,6239,45.0,3.772795062102425,169.77577779460913,169.77577779460913,33.955155558921824,6994.762045137896,2098428.613541369,2.098428613541369
6228,6215,45.0,5.758832574453902,259.1474658504256,259.1474658504256,51.82949317008512,10676.875593037536,3203062.6779112606,3.2030626779112605
6235,6250,45.0,3.254742760755263,146.46342423398684,146.46342423398684,29.29268484679737,6034.293078440259,1810287.9235320776,1.8102879235320777
6239,6228,45.0,4.645363019093379,209.04133585920206,209.04133585920206,41.80826717184041,8612.503037399125,2583750.9112197375,2.5837509112197377
6256,6178,45.0,5.431297890959095,244.40840509315927,244.40840509315927,48.88168101863186,10069.626289838163,3020887.886951449,3.020887886951449
6261,6117,45.0,2.821254730224609,126.95646286010741,126.95646286010741,25.391292572021484,5230.606269836426,1569181.8809509277,1.5691818809509277
6264,6209,45.0,9.401944158128508,423.08748711578284,423.08748711578284,84.61749742315658,17431.204469170254,5229361.340751076,5.229361340751076
6123,6203,44.0,3.344254797638223,147.1472110960818,147.1472110960818,29.429442219216362,6062.465097158571,1818739.5291475712,1.8187395291475712
6123,6261,44.0,2.019622887353044,88.86340704353394,88.86340704353394,17.772681408706788,3661.1723701935985,1098351.7110580795,1.0983517110580796
6182,6262,44.0,2.181407518641298,95.98193082021712,95.98193082021712,19.196386164043425,3954.4555497929455,1186336.6649378836,1.1863366649378837
6195,6231,44.0,3.90471452580078,171.80743913523432,171.80743913523432,34.361487827046865,7078.466492371655,2123539.947711496,2.123539947711496
6203,6171,44.0,2.887429456671898,127.04689609356352,127.04689609356352,25.409379218712704,5234.332119054817,1570299.635716445,1.5702996357164452
6211,6171,44.0,5.07342115474234,223.23053080866293,223.23053080866293,44.64610616173259,9197.097869316913,2759129.3607950737,2.7591293607950735
6216,6199,44.0,24.811251575288324,1091.6950693126862,1091.6950693126862,218.33901386253726,44977.836855682675,13493351.056704802,13.493351056704803
6218,6204,44.0,5.103274468168414,224.54407659941023,224.54407659941023,44.90881531988205,9251.215955895703,2775364.7867687107,2.775364786768711
6224,6243,44.0,4.706311942775196,207.07772548210863,207.07772548210863,41.41554509642173,8531.602289862876,2559480.686958863,2.559480686958863
6226,6246,44.0,4.334135994204897,190.70198374501547,190.70198374501547,38.140396749003095,7856.921730294637,2357076.519088391,2.357076519088391
6228,6239,44.0,4.592570378985376,202.07309667535654,202.07309667535654,40.41461933507131,8325.41158302469,2497623.474907407,2.497623474907407
6229,6243,44.0,6.964305850183218,306.4294574080616,306.4294574080616,61.28589148161232,12624.893645212138,3787468.0935636414,3.7874680935636413
6231,6195,44.0,3.492594398281204,153.67415352437297,153.67415352437297,30.734830704874597,6331.375125204167,1899412.53756125,1.8994125375612498
6235,6241,44.0,6.883895904147469,302.89141978248864,302.89141978248864,60.57828395649773,12479.126495038532,3743737.9485115595,3.7437379485115594
6243,6229,44.0,7.459268577977904,328.2078174310278,328.2078174310278,65.64156348620557,13522.162078158348,4056648.6234475044,4.056648623447504
6243,6232,44.0,3.128821771188374,137.66815793228847,137.66815793228847,27.533631586457695,5671.9281068102855,1701578.4320430856,1.7015784320430856
6244,6182,44.0,12.19774923533696,536.7009663548263,536.7009663548263,107.34019327096526,22112.079813818844,6633623.944145653,6.633623944145653
6251,6223,44.0,2.298641900660704,101.14024362907098,101.14024362907098,20.228048725814197,4166.978037517724,1250093.4112553173,1.2500934112553173
6256,6118,44.0,3.257774778202854,143.3420902409256,143.3420902409256,28.668418048185117,5905.694117926134,1771708.2353778402,1.7717082353778402
6262,6182,44.0,2.169845171229189,95.47318753408432,95.47318753408432,19.094637506816863,3933.495326404274,1180048.597921282,1.180048597921282
6117,6202,43.0,5.935140988376704,255.21106250019827,255.21106250019827,51.04221250003965,10514.69577500817,3154408.7325024507,3.154408732502451
6168,6206,43.0,5.060288128423964,217.59238952223043,217.59238952223043,43.51847790444609,8964.806448315894,2689441.9344947683,2.689441934494768
6178,6238,43.0,15.45562901928811,664.5920478293888,664.5920478293888,132.91840956587777,27381.19237057082,8214357.711171246,8.214357711171246
6188,6223,43.0,4.653497532933681,200.10039391614828,200.10039391614828,40.02007878322966,8244.13622934531,2473240.868803593,2.4732408688035927
6190,6174,43.0,4.016201423175777,172.6966611965584,172.6966611965584,34.53933223931168,7115.102441298207,2134530.732389462,2.1345307323894622
6196,6206,43.0,2.878675155089074,123.78303166883018,123.78303166883018,24.756606333766037,5099.860904755804,1529958.2714267413,1.5299582714267412
6198,6228,43.0,3.534311967622686,151.97541460777552,151.97541460777552,30.395082921555105,6261.387081840351,1878416.1245521053,1.8784161245521054
6202,6123,43.0,5.344633565671154,229.81924332385964,229.81924332385964,45.96384866477193,9468.552824943017,2840565.8474829053,2.8405658474829054
6205,6223,43.0,4.308471893183328,185.2642914068831,185.2642914068831,37.05285828137662,7632.888805963584,2289866.641789075,2.289866641789075
6206,6168,43.0,5.032307323980605,216.38921493116604,216.38921493116604,43.27784298623321,8915.23565516404,2674570.696549212,2.674570696549212
6209,6246,43.0,2.501006596388974,107.54328364472589,107.54328364472589,21.50865672894518,4430.783286162707,1329234.985848812,1.329234985848812
6214,6201,43.0,2.041837164597115,87.79899807767595,87.79899807767595,17.55979961553519,3617.318720800249,1085195.6162400749,1.0851956162400749
6218,6241,43.0,4.563584637747543,196.23413942314437,196.23413942314437,39.24682788462888,8084.846544233549,2425453.963270065,2.425453963270065
6225,6246,43.0,6.103339422030296,262.44359514730274,262.44359514730274,52.488719029460555,10812.676120068874,3243802.8360206624,3.2438028360206625
6228,6198,43.0,3.929914102905308,168.98630642492824,168.98630642492824,33.79726128498565,6962.235824707044,2088670.7474121132,2.088670747412113
6229,6178,43.0,13.064663896759281,561.7805475606491,561.7805475606491,112.35610951212982,23145.35855949874,6943607.567849622,6.9436075678496225
6241,6218,43.0,4.731309247122543,203.44629762626937,203.44629762626937,40.689259525253874,8381.987462202298,2514596.2386606894,2.5145962386606895
6261,6197,43.0,2.275473918751367,97.84537850630878,97.84537850630878,19.569075701261756,4031.229594459922,1209368.8783379765,1.2093688783379766
6173,6262,42.0,3.80540244099443,159.82690252176604,159.82690252176604,31.96538050435321,6584.868383896761,1975460.5151690282,1.975460515169028
6182,6189,42.0,6.206636694744676,260.67874117927636,260.67874117927636,52.135748235855274,10739.964136586186,3221989.240975856,3.221989240975856
6193,6222,42.0,4.128865578705649,173.41235430563725,173.41235430563725,34.68247086112745,7144.588997392255,2143376.6992176767,2.1433766992176766
6195,6218,42.0,2.720863836707541,114.27628114171672,114.27628114171672,22.855256228343347,4708.182783038729,1412454.8349116188,1.4124548349116188
6209,6216,42.0,7.466349171661863,313.58666520979824,313.58666520979824,62.71733304195965,12919.770606643688,3875931.1819931064,3.8759311819931064
6210,6228,42.0,2.897423454188413,121.69178507591334,121.69178507591334,24.33835701518267,5013.70154512763,1504110.463538289,1.5041104635382891
6212,6244,42.0,4.855542647531537,203.93279119632453,203.93279119632453,40.786558239264906,8402.03099728857,2520609.299186571,2.520609299186571
6214,6244,42.0,2.1255682570316,89.2738667953272,89.2738667953272,17.85477335906544,3678.0833119674808,1103424.9935902443,1.1034249935902443
6216,6209,42.0,7.311838673614988,307.0972242918295,307.0972242918295,61.4194448583659,12652.405640823376,3795721.6922470126,3.7957216922470125
6218,6195,42.0,2.732716101111838,114.77407624669719,114.77407624669719,22.95481524933944,4728.691941363924,1418607.5824091772,1.4186075824091773
6225,6232,42.0,2.41292637259818,101.34290764912356,101.34290764912356,20.268581529824715,4175.327795143891,1252598.3385431673,1.2525983385431674
6232,6208,42.0,2.140978207327561,89.92108470775756,89.92108470775756,17.984216941551512,3704.7486899596115,1111424.6069878833,1.1114246069878833
6232,6225,42.0,2.497364152677241,104.88929441244413,104.88929441244413,20.977858882488828,4321.438929792698,1296431.6789378095,1.2964316789378096
6232,6240,42.0,3.951423185132303,165.95977377555673,165.95977377555673,33.19195475511135,6837.542679552937,2051262.8038658812,2.0512628038658813
6244,6214,42.0,2.230037265548115,93.66156515302083,93.66156515302083,18.732313030604168,3858.8564843044587,1157656.9452913376,1.1576569452913374
6261,6123,42.0,2.025600517968279,85.07522175466771,85.07522175466771,17.015044350933543,3505.09913629231,1051529.7408876931,1.0515297408876931
6265,6202,42.0,6.49368681155292,272.73484608522267,272.73484608522267,54.546969217044534,11236.675658711174,3371002.697613352,3.371002697613352
6117,6190,41.0,9.759097020991323,400.12297786064426,400.12297786064426,80.02459557212886,16485.066687858543,4945520.006357563,4.945520006357563
6174,6222,41.0,6.171986852755385,253.0514609629708,253.0514609629708,50.61029219259416,10425.720191674396,3127716.0575023186,3.127716057502319
6181,6224,41.0,6.19608202722138,254.0393631160766,254.0393631160766,50.807872623215324,10466.421760382356,3139926.5281147067,3.1399265281147066
6185,6207,41.0,2.570877139221762,105.40596270809225,105.40596270809225,21.08119254161845,4342.7256635734,1302817.6990720201,1.3028176990720202
6188,6239,41.0,7.848772740247901,321.79968235016395,321.79968235016395,64.35993647003279,13258.146912826754,3977444.0738480263,3.977444073848026
6190,6117,41.0,9.782565038569448,401.0851665813474,401.0851665813474,80.21703331626948,16524.708863151514,4957412.658945454,4.957412658945454
6195,6213,41.0,3.075242436216599,126.08493988488057,126.08493988488057,25.216987976976114,5194.69952325708,1558409.856977124,1.558409856977124
6197,6265,41.0,11.07530315867563,454.08742950570087,454.08742950570087,90.81748590114017,18708.402095634876,5612520.628690463,5.612520628690462
6203,6220,41.0,8.279436470230955,339.45689527946917,339.45689527946917,67.89137905589384,13985.62408551413,4195687.225654239,4.195687225654239
6204,6220,41.0,2.793209545358865,114.52159135971345,114.52159135971345,22.904318271942692,4718.289564020195,1415486.8692060586,1.4154868692060585
6207,6200,41.0,2.281860530528065,93.55628175165067,93.55628175165067,18.711256350330135,3854.518808168008,1156355.6424504025,1.1563556424504025
6213,6225,41.0,6.151388743622712,252.2069384885312,252.2069384885312,50.44138769770624,10390.925865727486,3117277.759718246,3.1172777597182457
6213,6233,41.0,2.045729271836244,83.874900145286,83.874900145286,16.7749800290572,3455.6458859857835,1036693.7657957351,1.0366937657957351
6215,6251,41.0,2.174041913306732,89.135718445576,89.135718445576,17.8271436891152,3672.391599957731,1101717.4799873193,1.1017174799873193
6217,6250,41.0,3.236544048317226,132.69830598100626,132.69830598100626,26.53966119620125,5467.170206417458,1640151.0619252373,1.6401510619252373
6220,6199,41.0,6.41413495491678,262.979533151588,262.979533151588,52.5959066303176,10834.756765845426,3250427.0297536277,3.2504270297536277
6220,6203,41.0,7.960977913102049,326.400094437184,326.400094437184,65.28001888743681,13447.683890811983,4034305.167243595,4.034305167243595
6233,6213,41.0,2.135606177382506,87.55985327268274,87.55985327268274,17.51197065453655,3607.4659548345294,1082239.7864503588,1.0822397864503588
6233,6245,41.0,2.509653661275102,102.89580011227918,102.89580011227918,20.579160022455838,4239.306964625903,1271792.0893877707,1.2717920893877708
6234,6265,41.0,4.150801070394608,170.18284388617892,170.18284388617892,34.036568777235786,7011.533168110572,2103459.9504331714,2.1034599504331712
6237,6241,41.0,2.861334315237658,117.31470692474397,117.31470692474397,23.462941384948795,4833.365925299452,1450009.7775898357,1.4500097775898357
6239,6188,41.0,11.364386296156106,465.93983814240033,465.93983814240033,93.18796762848007,19196.721331466895,5759016.399440069,5.7590163994400685
6241,6238,41.0,4.106124356585853,168.35109862001997,168.35109862001997,33.67021972400399,6936.065263144822,2080819.5789434465,2.0808195789434465
6243,6185,41.0,12.025477739416198,493.0445873160641,493.0445873160641,98.60891746321283,20313.436997421843,6094031.099226553,6.094031099226553
6247,6220,41.0,6.301417514956983,258.3581181132363,258.3581181132363,51.67162362264726,10644.354466265335,3193306.3398796003,3.1933063398796
6261,6244,41.0,13.620552208388228,558.4426405439174,558.4426405439174,111.68852810878349,23007.836790409398,6902351.03712282,6.90235103712282
6265,6205,41.0,2.748292197534778,112.6799800989259,112.6799800989259,22.53599601978518,4642.415180075747,1392724.5540227243,1.3927245540227242
6265,6234,41.0,4.25763093644133,174.56286839409452,174.56286839409452,34.91257367881891,7191.990177836695,2157597.0533510083,2.1575970533510085
6173,6189,40.0,3.514138860527109,140.56555442108436,140.56555442108436,28.113110884216873,5791.300842148676,1737390.2526446027,1.7373902526446028
6184,6193,40.0,7.321430354993883,292.8572141997553,292.8572141997553,58.57144283995106,12065.717225029919,3619715.1675089756,3.619715167508976
6190,6218,40.0,3.521067748196935,140.8427099278774,140.8427099278774,28.16854198557548,5802.719649028549,1740815.8947085645,1.7408158947085646
6193,6184,40.0,7.200637966077867,288.02551864311465,288.02551864311465,57.605103728622936,11866.651368096325,3559995.4104288975,3.5599954104288973
6203,6168,40.0,5.419386394587333,216.77545578349333,216.77545578349333,43.35509115669867,8931.148778279927,2679344.633483978,2.679344633483978
6217,6239,40.0,3.676653155131329,147.06612620525317,147.06612620525317,29.413225241050636,6059.124399656431,1817737.3198969292,1.817737319896929
6222,6212,40.0,5.143899492478629,205.75597969914514,205.75597969914514,41.15119593982903,8477.146363604781,2543143.9090814344,2.5431439090814343
6227,6233,40.0,2.045911952659332,81.83647810637328,81.83647810637328,16.367295621274657,3371.662897982579,1011498.8693947737,1.0114988693947737
6231,6241,40.0,3.701343031352456,148.05372125409824,148.05372125409824,29.61074425081965,6099.813315668848,1829943.9947006544,1.8299439947006544
6238,6247,40.0,4.127059582343311,165.08238329373245,165.08238329373245,33.01647665874649,6801.394191701777,2040418.257510533,2.040418257510533
6246,6230,40.0,3.512616489445478,140.50465957781913,140.50465957781913,28.100931915563827,5788.791974606148,1736637.5923818443,1.7366375923818442
6247,6238,40.0,3.985134478935986,159.40537915743943,159.40537915743943,31.881075831487887,6567.501621286505,1970250.4863859515,1.9702504863859516
6247,6244,40.0,5.150346926094745,206.0138770437898,206.0138770437898,41.20277540875796,8487.77173420414,2546331.520261242,2.546331520261242
6261,6178,40.0,2.349712371826172,93.98849487304688,93.98849487304688,18.797698974609375,3872.3259887695312,1161697.7966308594,1.1616977966308595
6125,6200,39.0,5.190224121073205,202.41874072185502,202.41874072185502,40.483748144371006,8339.652117740427,2501895.635322128,2.501895635322128
6125,6212,39.0,6.472700753483643,252.43532938586208,252.43532938586208,50.48706587717242,10400.335570697518,3120100.6712092552,3.120100671209255
6173,6220,39.0,6.487251083271755,253.00279224759845,253.00279224759845,50.600558449519696,10423.715040601057,3127114.512180317,3.127114512180317
6179,6178,39.0,5.394220961465564,210.37461749715698,210.37461749715698,42.0749234994314,8667.434240882869,2600230.2722648606,2.6002302722648607
6185,6118,39.0,4.752685071051076,185.35471777099195,185.35471777099195,37.070943554198394,7636.614372164869,2290984.311649461,2.290984311649461
6190,6168,39.0,4.971730842353232,193.89750285177604,193.89750285177604,38.77950057035521,7988.577117493173,2396573.135247952,2.396573135247952
6196,6228,39.0,3.801443280984428,148.2562879583927,148.2562879583927,29.651257591678544,6108.15906388578,1832447.719165734,1.832447719165734
6200,6125,39.0,5.119312713602501,199.65319583049757,199.65319583049757,39.93063916609952,8225.711668216501,2467713.50046495,2.46771350046495
6203,6196,39.0,16.758126136840602,653.5669193367835,653.5669193367835,130.7133838673567,26926.95707667548,8078087.123002644,8.078087123002645
6212,6125,39.0,6.460370382990966,251.9544449366477,251.9544449366477,50.39088898732954,10380.523131389886,3114156.939416966,3.114156939416966
6215,6228,39.0,5.684202881798234,221.68391239013116,221.68391239013116,44.33678247802624,9133.377190473404,2740013.157142021,2.7400131571420214
6217,6265,39.0,4.907049540010355,191.37493206040386,191.37493206040386,38.27498641208077,7884.6472008886385,2365394.1602665917,2.3653941602665918
6225,6181,39.0,10.888095820685443,424.63573700673226,424.63573700673226,84.92714740134646,17494.99236467737,5248497.709403211,5.248497709403211
6226,6201,39.0,2.259997250266653,88.13989276039946,88.13989276039946,17.62797855207989,3631.3635817284576,1089409.0745185374,1.0894090745185374
6237,6239,39.0,3.624308594213619,141.34803517433113,141.34803517433113,28.269607034866226,5823.539049182443,1747061.7147547328,1.7470617147547327
6117,6230,38.0,8.727445225334309,331.64291856270376,331.64291856270376,66.32858371254075,13663.688244783394,4099106.473435018,4.099106473435018
6125,6117,38.0,2.816719055175781,107.03532409667967,107.03532409667967,21.407064819335936,4409.855352783203,1322956.605834961,1.3229566058349609
6178,6203,38.0,2.660752515753928,101.10859559864926,101.10859559864926,20.221719119729855,4165.67413866435,1249702.2415993048,1.2497022415993049
6199,6168,38.0,3.712650400513392,141.08071521950887,141.08071521950887,28.216143043901777,5812.525467043766,1743757.6401131297,1.7437576401131298
6214,6245,38.0,3.425839788573216,130.1819119657822,130.1819119657822,26.036382393156444,5363.494772990228,1609048.4318970684,1.6090484318970684
6215,6190,38.0,6.685770744891623,254.05928830588167,254.05928830588167,50.81185766117633,10467.242678202325,3140172.8034606976,3.1401728034606977
6222,6247,38.0,4.407690232845598,167.4922288481327,167.4922288481327,33.49844576962654,6900.679828543068,2070203.9485629203,2.0702039485629204
6223,6118,38.0,7.245640333314619,275.3343326659555,275.3343326659555,55.0668665331911,11343.774505837368,3403132.35175121,3.40313235175121
6223,6214,38.0,5.021237393765378,190.80702096308437,190.80702096308437,38.16140419261688,7861.249263679077,2358374.779103723,2.358374779103723
6223,6265,38.0,4.131102060995124,156.9818783178147,156.9818783178147,31.396375663562942,6467.653386693966,1940296.0160081899,1.94029601600819
6230,6117,38.0,9.009748081779623,342.3704271076257,342.3704271076257,68.47408542152515,14105.66159683418,4231698.4790502535,4.231698479050253
6241,6190,38.0,7.848323846572318,298.23630616974805,298.23630616974805,59.647261233949614,12287.33581419362,3686200.744258086,3.686200744258086
6246,6226,38.0,4.34595774103107,165.14639415918066,165.14639415918066,33.02927883183613,6804.031439358243,2041209.4318074728,2.0412094318074727
6168,6232,37.0,10.647723313125596,393.96576258564704,393.96576258564704,78.79315251712941,16231.389418528659,4869416.825558598,4.869416825558599
6178,6205,37.0,10.025761132965657,370.9531619197293,370.9531619197293,74.19063238394587,15283.270271092848,4584981.081327855,4.584981081327855
6179,6223,37.0,3.662577980534471,135.51538527977544,135.51538527977544,27.10307705595509,5583.2338735267485,1674970.1620580247,1.6749701620580246
6182,6235,37.0,11.349817446119786,419.9432455064321,419.9432455064321,83.98864910128643,17301.661714865004,5190498.514459501,5.190498514459501
6188,6265,37.0,11.727999538945287,433.93598294097563,433.93598294097563,86.78719658819513,17878.162497168196,5363448.749150459,5.363448749150459
6190,6250,37.0,7.117611595638473,263.3516290386235,263.3516290386235,52.67032580772471,10850.08711639129,3255026.1349173873,3.2550261349173875
6204,6233,37.0,4.893412661112441,181.0562684611603,181.0562684611603,36.21125369223206,7459.518260599805,2237855.4781799414,2.2378554781799416
6205,6178,37.0,10.823578363190267,400.4723994380399,400.4723994380399,80.09447988760797,16499.462856847244,4949838.857054173,4.949838857054173
6223,6179,37.0,3.591609352604784,132.889546046377,132.889546046377,26.577909209275404,5475.049297110733,1642514.78913322,1.64251478913322
6224,6214,37.0,3.129009703216302,115.77335901900318,115.77335901900318,23.15467180380064,4769.862391582931,1430958.7174748795,1.4309587174748795
6232,6168,37.0,10.740618820938096,397.40289637470954,397.40289637470954,79.48057927494192,16372.999330638035,4911899.799191411,4.911899799191411
6238,6215,37.0,3.441663577858514,127.34155238076502,127.34155238076502,25.468310476153007,5246.47195808752,1573941.587426256,1.573941587426256
6240,6250,37.0,2.3172272658185,85.7374088352845,85.7374088352845,17.1474817670569,3532.3812440137212,1059714.3732041165,1.0597143732041165
6243,6238,37.0,6.067826618290874,224.50958487676232,224.50958487676232,44.901916975352464,9249.794896922607,2774938.469076782,2.774938469076782
6244,6188,37.0,12.21332640362108,451.89307693397996,451.89307693397996,90.378615386796,18617.994769679975,5585398.430903993,5.585398430903993
6244,6228,37.0,3.814440150484134,141.13428556791294,141.13428556791294,28.22685711358259,5814.732565398013,1744419.769619404,1.7444197696194041
6245,6250,37.0,2.766059975342306,102.34421908766532,102.34421908766532,20.468843817533067,4216.581826411812,1264974.5479235435,1.2649745479235435
6250,6240,37.0,2.601593873484516,96.25897331892709,96.25897331892709,19.251794663785418,3965.869700739796,1189760.9102219387,1.1897609102219386
6261,6202,37.0,4.054327389743891,150.01011342052396,150.01011342052396,30.002022684104794,6180.416672925588,1854125.0018776762,1.8541250018776763
6265,6188,37.0,10.323946804570289,381.9860317691007,381.9860317691007,76.39720635382014,15737.824508886948,4721347.352666085,4.7213473526660845
6125,6226,36.0,7.498973816278014,269.96305738600853,269.96305738600853,53.992611477201706,11122.47796430355,3336743.3892910653,3.3367433892910654
6171,6189,36.0,4.793738388226521,172.57458197615478,172.57458197615478,34.514916395230955,7110.072777417577,2133021.833225273,2.133021833225273
6173,6246,36.0,9.441402142530565,339.89047713110034,339.89047713110034,67.97809542622007,14003.487657801334,4201046.2973404005,4.2010462973404
6177,6262,36.0,3.573484574618747,128.64544468627489,128.64544468627489,25.72908893725498,5300.192321074525,1590057.6963223575,1.5900576963223576
6178,6125,36.0,2.963405609130859,106.68260192871092,106.68260192871092,21.336520385742187,4395.32319946289,1318596.9598388672,1.3185969598388672
6189,6171,36.0,4.802111648724568,172.87601935408446,172.87601935408446,34.57520387081689,7122.49199738828,2136747.599216484,2.136747599216484
6189,6246,36.0,6.176754066024859,222.36314637689492,222.36314637689492,44.472629275378985,9161.361630728072,2748408.4892184217,2.7484084892184217
6200,6244,36.0,5.678031639561117,204.40913902420021,204.40913902420021,40.88182780484004,8421.65652779705,2526496.9583391147,2.5264969583391146
6202,6229,36.0,5.453242690311767,196.31673685122362,196.31673685122362,39.26334737024473,8088.249558270414,2426474.867481124,2.426474867481124
6205,6245,36.0,4.545164279633782,163.62591406681614,163.62591406681614,32.725182813363226,6741.3876595528245,2022416.2978658474,2.0224162978658473
6207,6243,36.0,9.527828904200096,343.00184055120343,343.00184055120343,68.6003681102407,14131.675830709582,4239502.749212875,4.239502749212875
6223,6202,36.0,2.28643715539483,82.31173759421388,82.31173759421388,16.462347518842776,3391.2435888816117,1017373.0766644835,1.0173730766644835
6226,6123,36.0,10.502101952654497,378.0756702955619,378.0756702955619,75.61513405911238,15576.71761617715,4673015.284853145,4.673015284853145
6233,6247,36.0,4.523599858791395,162.84959491649022,162.84959491649022,32.569918983298045,6709.403310559397,2012820.9931678192,2.012820993167819
6233,6250,36.0,2.116193819113813,76.18297748809728,76.18297748809728,15.236595497619456,3138.738672509608,941621.6017528824,0.9416216017528823
6239,6223,36.0,3.763876299895394,135.4995467962342,135.4995467962342,27.09990935924684,5582.581328004849,1674774.3984014546,1.6747743984014545
6244,6200,36.0,5.820712470587397,209.54564894114628,209.54564894114628,41.90912978822926,8633.280736375227,2589984.2209125683,2.589984220912568
6246,6173,36.0,9.80172318745244,352.86203474828784,352.86203474828784,70.57240694965758,14537.915831629462,4361374.749488838,4.361374749488838
6246,6189,36.0,6.530395576034625,235.09424073724648,235.09424073724648,47.0188481474493,9685.882718374556,2905764.815512367,2.905764815512367
6246,6199,36.0,10.168148159408393,366.0533337387021,366.0533337387021,73.21066674774043,15081.39735003453,4524419.205010359,4.524419205010359
6250,6234,36.0,2.948784962194384,106.15625863899783,106.15625863899783,21.231251727799567,4373.6378559267105,1312091.356778013,1.312091356778013
6251,6250,36.0,4.423887463927069,159.25994870137447,159.25994870137447,31.851989740274895,6561.5098864966285,1968452.9659489885,1.9684529659489884
6125,6213,35.0,12.236065971001779,428.26230898506225,428.26230898506225,85.65246179701245,17644.407130184565,5293322.139055369,5.29332213905537
6177,6223,35.0,4.018152785617247,140.63534749660366,140.63534749660366,28.127069499320733,5794.176316860071,1738252.8950580212,1.7382528950580212
6179,6123,35.0,4.799196937197515,167.97189280191304,167.97189280191304,33.59437856038261,6920.441983438817,2076132.5950316451,2.076132595031645
6188,6264,35.0,4.533674762119871,158.67861667419547,158.67861667419547,31.735723334839093,6537.559006976853,1961267.702093056,1.961267702093056
6189,6203,35.0,5.974228147632794,209.09798516714778,209.09798516714778,41.81959703342956,8614.836988886489,2584451.0966659468,2.584451096665947
6193,6181,35.0,5.440267462209549,190.40936117733423,190.40936117733423,38.08187223546685,7844.86568050617,2353459.704151851,2.353459704151851
6196,6250,35.0,5.523374005059998,193.31809017709995,193.31809017709995,38.663618035419994,7964.705315296519,2389411.594588956,2.389411594588956
6197,6226,35.0,9.14977198429696,320.24201945039357,320.24201945039357,64.04840389007872,13193.971201356215,3958191.3604068644,3.9581913604068646
6203,6189,35.0,6.064819578296857,212.26868524038997,212.26868524038997,42.453737048078,8745.469831904067,2623640.94957122,2.6236409495712203
6203,6226,35.0,5.1080066665046,178.780233327661,178.780233327661,35.7560466655322,7365.745613099634,2209723.6839298904,2.2097236839298904
6204,6225,35.0,11.19751268465672,391.9129439629852,391.9129439629852,78.38258879259705,16146.813291274992,4844043.987382498,4.844043987382498
6210,6216,35.0,5.703371288084544,199.61799508295906,199.61799508295906,39.923599016591815,8224.261397417915,2467278.4192253742,2.4672784192253743
6216,6210,35.0,5.495599986815012,192.34599953852543,192.34599953852543,38.46919990770509,7924.655180987248,2377396.5542961746,2.3773965542961744
6216,6222,35.0,7.346554110605764,257.1293938712017,257.1293938712017,51.425878774240346,10593.731027493512,3178119.3082480533,3.1781193082480534
6222,6237,35.0,2.111485637249079,73.90199730371776,73.90199730371776,14.780399460743553,3044.7622889131717,913428.6866739515,0.9134286866739515
6225,6230,35.0,9.080721550519716,317.82525426819006,317.82525426819006,63.56505085363801,13094.40047584943,3928320.142754829,3.928320142754829
6226,6190,35.0,6.760077368031058,236.60270788108704,236.60270788108704,47.32054157621741,9748.031564700786,2924409.469410236,2.924409469410236
6227,6123,35.0,13.123365909430213,459.31780683005746,459.31780683005746,91.8635613660115,18923.89364139837,5677168.092419511,5.677168092419511
6233,6207,35.0,3.812946826711022,133.45313893488577,133.45313893488577,26.690627786977156,5498.269324117295,1649480.7972351883,1.6494807972351884
6250,6196,35.0,5.411878033380311,189.41573116831088,189.41573116831088,37.88314623366218,7803.92812413441,2341178.437240323,2.3411784372403233
6264,6261,35.0,6.631444404505098,232.10055415767843,232.10055415767843,46.42011083153569,9562.542831296352,2868762.849388906,2.8687628493889057
6265,6204,35.0,5.366051760737743,187.811811625821,187.811811625821,37.5623623251642,7737.846638983826,2321353.991695148,2.321353991695148
6118,6187,34.0,8.975591188203634,305.1701003989235,305.1701003989235,61.03402007978471,12573.00813643565,3771902.4409306953,3.7719024409306954
6178,6234,34.0,16.616824495213248,564.9720328372504,564.9720328372504,112.99440656745008,23276.84775289472,6983054.325868416,6.983054325868416
6182,6211,34.0,4.547087588701901,154.60097801586463,154.60097801586463,30.920195603172928,6369.560294253623,1910868.088276087,1.9108680882760871
6182,6233,34.0,13.747256262979226,467.4067129412937,467.4067129412937,93.48134258825874,19257.1565731813,5777146.9719543895,5.777146971954389
6182,6256,34.0,4.355361816373734,148.08230175670695,148.08230175670695,29.61646035134139,6100.990832376327,1830297.249712898,1.830297249712898
6185,6201,34.0,3.403376743821335,115.71480928992538,115.71480928992538,23.142961857985078,4767.450142744926,1430235.0428234776,1.4302350428234776
6189,6182,34.0,6.515135077313036,221.51459262864321,221.51459262864321,44.30291852572864,9126.4012163001,2737920.36489003,2.73792036489003
6189,6214,34.0,4.241858783674945,144.22319864494813,144.22319864494813,28.844639728989627,5941.995784171863,1782598.735251559,1.7825987352515589
6190,6179,34.0,5.443059498570168,185.0640229513857,185.0640229513857,37.01280459027714,7624.637745597091,2287391.3236791273,2.2873913236791275
6193,6225,34.0,10.175954139145928,345.9824407309615,345.9824407309615,69.19648814619231,14254.476558115615,4276342.967434685,4.276342967434685
6197,6188,34.0,2.907619895262625,98.85907643892925,98.85907643892925,19.771815287785852,4072.9939492838857,1221898.1847851658,1.2218981847851658
6201,6185,34.0,3.404952213792038,115.76837526892929,115.76837526892929,23.15367505378586,4769.657061079887,1430897.1183239662,1.4308971183239663
6203,6245,34.0,15.647738987005727,532.0231255581947,532.0231255581947,106.40462511163895,21919.352772997623,6575805.831899287,6.575805831899287
6211,6182,34.0,4.537493625078854,154.27478325268103,154.27478325268103,30.85495665053621,6356.121070010459,1906836.3210031379,1.9068363210031378
6214,6207,34.0,3.274532348116175,111.33409983594996,111.33409983594996,22.266819967189992,4586.964913241139,1376089.4739723415,1.3760894739723415
6218,6237,34.0,2.152776336979463,73.19439545730174,73.19439545730174,14.638879091460348,3015.6090928408316,904682.7278522495,0.9046827278522496
6220,6241,34.0,5.783132795438879,196.6265150449219,196.6265150449219,39.32530300898438,8101.012419850782,2430303.7259552344,2.4303037259552345
6222,6241,34.0,4.387669875498344,149.1807757669437,149.1807757669437,29.83615515338874,6146.247961598081,1843874.3884794244,1.8438743884794244
6223,6228,34.0,8.158499982189316,277.3889993944367,277.3889993944367,55.477799878887346,11428.426775050793,3428528.032515238,3.428528032515238
6224,6216,34.0,6.252785562429312,212.5947091225966,212.5947091225966,42.518941824519324,8758.902015850981,2627670.6047552945,2.6276706047552945
6225,6193,34.0,9.713423454848213,330.25639746483927,330.25639746483927,66.05127949296785,13606.563575551378,4081969.0726654134,4.081969072665413
6226,6182,34.0,8.769774649651639,298.17233808815575,298.17233808815575,59.63446761763115,12284.700329232017,3685410.098769605,3.685410098769605
6233,6182,34.0,12.758140112019975,433.77676380867916,433.77676380867916,86.75535276173584,17871.60266891758,5361480.800675275,5.361480800675275
6234,6178,34.0,11.74126113711097,399.20287866177296,399.20287866177296,79.8405757323546,16447.158600865045,4934147.580259513,4.934147580259513
6234,6241,34.0,3.254819627731026,110.66386734285489,110.66386734285489,22.132773468570978,4559.3513345256215,1367805.4003576864,1.3678054003576865
6235,6225,34.0,8.559698713845263,291.0297562707389,291.0297562707389,58.205951254147784,11990.425958354444,3597127.7875063336,3.5971277875063334
6236,6189,34.0,5.535479558875682,188.2063050017732,188.2063050017732,37.64126100035464,7754.099766073055,2326229.929821917,2.326229929821917
6237,6233,34.0,2.385083305004453,81.0928323701514,81.0928323701514,16.21856647403028,3341.0246936502376,1002307.4080950713,1.0023074080950714
6240,6223,34.0,6.42260727737893,218.3686474308836,218.3686474308836,43.673729486176725,8996.788274152406,2699036.482245722,2.699036482245722
6247,6229,34.0,5.376576438623017,182.80359891318258,182.80359891318258,36.56071978263652,7531.508275223123,2259452.482566937,2.259452482566937
6256,6182,34.0,4.345870849576859,147.7596088856132,147.7596088856132,29.551921777122644,6087.695886087265,1826308.7658261794,1.8263087658261794
6168,6200,33.0,2.538606382474967,83.77401062167391,83.77401062167391,16.754802124334784,3451.4892376129656,1035446.7712838897,1.0354467712838897
6168,6203,33.0,5.298555858698661,174.8523433370558,174.8523433370558,34.97046866741116,7203.916545486699,2161174.9636460096,2.1611749636460096
6174,6209,33.0,6.27145762546259,206.95810164026548,206.95810164026548,41.3916203280531,8526.673787578939,2558002.1362736817,2.558002136273682
6184,6213,33.0,12.654781050644146,417.60777467125683,417.60777467125683,83.52155493425137,17205.44031645578,5161632.094936734,5.161632094936734
6185,6233,33.0,7.542666817758622,248.90800498603454,248.90800498603454,49.78160099720691,10255.009805424623,3076502.941627387,3.076502941627387
6200,6168,33.0,2.503747678861686,82.62367340243564,82.62367340243564,16.52473468048713,3404.0953441803485,1021228.6032541046,1.0212286032541047
6200,6171,33.0,4.411949584940391,145.59433630303292,145.59433630303292,29.118867260606585,5998.4866556849565,1799545.996705487,1.799545996705487
6200,6203,33.0,4.393655469834945,144.9906305045532,144.9906305045532,28.99812610091064,5973.613976787592,1792084.1930362775,1.7920841930362776
6202,6190,33.0,6.656704445700558,219.67124670811842,219.67124670811842,43.93424934162368,9050.455364374478,2715136.6093123434,2.7151366093123435
6203,6200,33.0,4.134705335598693,136.44527607475686,136.44527607475686,27.289055214951375,5621.545374279984,1686463.6122839951,1.686463612283995
6213,6184,33.0,12.379815551511683,408.53391319988555,408.53391319988555,81.70678263997712,16831.597223835288,5049479.167150586,5.049479167150586
6216,6208,33.0,5.567178792365569,183.7169001480638,183.7169001480638,36.74338002961276,7569.136286100228,2270740.8858300685,2.2707408858300684
6230,6265,33.0,2.122631206972766,70.04682983010129,70.04682983010129,14.009365966020258,2885.929389000173,865778.816700052,0.865778816700052
6232,6237,33.0,2.909814626684022,96.02388268057273,96.02388268057273,19.204776536114547,3956.1839664395966,1186855.189931879,1.186855189931879
6233,6185,33.0,6.128754233266768,202.24888969780335,202.24888969780335,40.449777939560676,8332.6542555495,2499796.27666485,2.49979627666485
6234,6247,33.0,3.274839985078279,108.0697195075832,108.0697195075832,21.61394390151664,4452.472443712428,1335741.7331137282,1.3357417331137282
6238,6256,33.0,10.24199893173158,337.98596474714213,337.98596474714213,67.59719294942843,13925.021747582257,4177506.524274677,4.177506524274677
6256,6238,33.0,10.280039092864392,339.24129006452495,339.24129006452495,67.84825801290499,13976.741150658429,4193022.3451975286,4.193022345197528
6168,6173,32.0,2.845210956358601,91.04675060347523,91.04675060347523,18.209350120695046,3751.1261248631795,1125337.837458954,1.125337837458954
6173,6193,32.0,4.518596857271243,144.59509943267977,144.59509943267977,28.919019886535956,5957.318096626407,1787195.4289879221,1.7871954289879222
6185,6261,32.0,4.337352440399114,138.79527809277164,138.79527809277164,27.759055618554328,5718.365457422192,1715509.6372266575,1.7155096372266574
6190,6212,32.0,6.356237013976919,203.39958444726142,203.39958444726142,40.67991688945229,8380.062879227171,2514018.8637681515,2.5140188637681513
6190,6251,32.0,8.290388982661245,265.29244744515984,265.29244744515984,53.05848948903197,10930.048834740586,3279014.650422176,3.2790146504221758
6196,6209,32.0,2.428071892207453,77.69830055063849,77.69830055063849,15.539660110127699,3201.169982686306,960350.9948058918,0.9603509948058918
6209,6250,32.0,3.095409607007317,99.05310742423414,99.05310742423414,19.81062148484683,4080.988025878447,1224296.407763534,1.224296407763534
6212,6190,32.0,6.128601315115103,196.11524208368328,196.11524208368328,39.22304841673666,8079.947973847752,2423984.3921543257,2.423984392154326
6212,6199,32.0,2.938198245002985,94.02234384009552,94.02234384009552,18.804468768019102,3873.720566211935,1162116.1698635805,1.1621161698635805
6214,6228,32.0,3.39518571464464,108.64594286862848,108.64594286862848,21.729188573725697,4476.212846187494,1342863.853856248,1.342863853856248
6216,6228,32.0,5.711451197881087,182.76643833219478,182.76643833219478,36.553287666438955,7529.977259286425,2258993.1777859274,2.2589931777859276
6218,6201,32.0,3.073822915722376,98.36233330311603,98.36233330311603,19.672466660623208,4052.528132088381,1215758.4396265142,1.2157584396265142
6220,6256,32.0,7.986814273414637,255.57805674926837,255.57805674926837,51.11561134985368,10529.815938069858,3158944.7814209573,3.1589447814209572
6222,6207,32.0,3.960365256491351,126.73168820772324,126.73168820772324,25.34633764154465,5221.345554158198,1566403.6662474594,1.5664036662474594
6222,6230,32.0,3.550940146360384,113.63008468353229,113.63008468353229,22.726016936706458,4681.55948896153,1404467.8466884592,1.4044678466884593
6228,6233,32.0,3.35334508977621,107.30704287283872,107.30704287283872,21.461408574567745,4421.050166360956,1326315.0499082867,1.3263150499082867
6230,6236,32.0,3.650007634778248,116.80024431290394,116.80024431290394,23.36004886258079,4812.170065691643,1443651.0197074928,1.4436510197074928
6241,6235,32.0,7.192905456149422,230.1729745967815,230.1729745967815,46.0345949193563,9483.126553387398,2844937.9660162195,2.8449379660162193
6123,6188,31.0,3.020302951999068,93.62939151197111,93.62939151197111,18.72587830239422,3857.5309302932096,1157259.2790879628,1.1572592790879628
6185,6234,31.0,8.507052454411191,263.71862608674695,263.71862608674695,52.74372521734939,10865.207394773975,3259562.2184321927,3.2595622184321926
6197,6177,31.0,5.07015341332705,157.17475581313855,157.17475581313855,31.434951162627712,6475.599939501309,1942679.9818503927,1.9426799818503926
6201,6246,31.0,4.762979700364999,147.65237071131497,147.65237071131497,29.530474142262996,6083.277673306177,1824983.3019918532,1.824983301991853
6215,6209,31.0,4.095869654407134,126.97195928662116,126.97195928662116,25.394391857324234,5231.2447226087925,1569373.4167826378,1.5693734167826379
6215,6231,31.0,4.33321934767199,134.32979977783168,134.32979977783168,26.86595995556634,5534.387750846666,1660316.3252539998,1.6603163252539999
6220,6173,31.0,6.806869308369411,211.01294855945173,211.01294855945173,42.20258971189035,8693.733480649411,2608120.044194823,2.6081200441948234
6222,6193,31.0,4.183672568267007,129.69384961627722,129.69384961627722,25.938769923255446,5343.386604190622,1603015.9812571867,1.6030159812571867
6225,6212,31.0,10.673650379059834,330.88316175085487,330.88316175085487,66.17663235017098,13632.38626413522,4089715.8792405664,4.089715879240567
6229,6240,31.0,2.773529175821258,85.979404450459,85.979404450459,17.1958808900918,3542.3514633589107,1062705.4390076732,1.0627054390076731
6231,6123,31.0,11.000368548690911,341.01142500941825,341.01142500941825,68.20228500188365,14049.670710388033,4214901.21311641,4.21490121311641
6231,6196,31.0,3.661272053420638,113.49943365603978,113.49943365603978,22.699886731207958,4676.1766666288395,1402852.9999886518,1.4028529999886519
6231,6215,31.0,3.669886146421943,113.76647053908023,113.76647053908023,22.753294107816046,4687.178586210105,1406153.5758630314,1.4061535758630315
6237,6168,31.0,9.009399514143572,279.29138493845073,279.29138493845073,55.85827698769015,11506.80505946417,3452041.517839251,3.452041517839251
6246,6201,31.0,4.74529476384156,147.10413767908835,147.10413767908835,29.420827535817672,6060.69047237844,1818207.141713532,1.818207141713532
6261,6200,31.0,4.355858276346642,135.0316065667459,135.0316065667459,27.00632131334918,5563.302190549931,1668990.6571649793,1.6689906571649793
6261,6222,31.0,11.557067661752571,358.2690975143297,358.2690975143297,71.65381950286594,14760.686817590384,4428206.045277115,4.428206045277115
6262,6173,31.0,3.396909399002243,105.30419136906954,105.30419136906954,21.06083827381391,4338.532684405665,1301559.8053216997,1.3015598053216997
6265,6182,31.0,10.30836963628617,319.55945872487126,319.55945872487126,63.911891744974255,13165.849699464696,3949754.909839409,3.949754909839409
6173,6118,30.0,2.569994424974034,77.09983274922102,77.09983274922102,15.419966549844204,3176.513109267906,952953.9327803719,0.9529539327803719
6174,6196,30.0,5.277300693769885,158.31902081309656,158.31902081309656,31.663804162619314,6522.743657499579,1956823.0972498737,1.9568230972498737
6178,6193,30.0,8.325887272421827,249.77661817265482,249.77661817265482,49.95532363453097,10290.79666871338,3087239.000614014,3.087239000614014
6185,6197,30.0,5.833090793964934,174.99272381894804,174.99272381894804,34.99854476378961,7209.7002213406595,2162910.066402198,2.1629100664021976
6189,6243,30.0,10.81799316934871,324.5397950804613,324.5397950804613,64.90795901609226,13371.039557315005,4011311.8671945017,4.011311867194502
6190,6224,30.0,4.474153659387144,134.22460978161433,134.22460978161433,26.844921956322867,5530.053923002511,1659016.1769007533,1.6590161769007532
6195,6222,30.0,3.18181999366661,95.4545998099983,95.4545998099983,19.09091996199966,3932.72951217193,1179818.853651579,1.179818853651579
6195,6235,30.0,5.552649712482467,166.57949137447403,166.57949137447403,33.315898274894806,6863.07504462833,2058922.513388499,2.0589225133884987
6196,6174,30.0,5.285677768965198,158.57033306895593,158.57033306895593,31.71406661379119,6533.097722440985,1959929.3167322956,1.9599293167322955
6197,6217,30.0,21.22628660816723,636.7885982450168,636.7885982450168,127.35771964900337,26235.690247694696,7870707.074308408,7.870707074308409
6203,6178,30.0,2.662945966681663,79.88837900044989,79.88837900044989,15.977675800089978,3291.4012148185357,987420.3644455607,0.9874203644455607
6203,6250,30.0,12.915965510686858,387.47896532060577,387.47896532060577,77.49579306412116,15964.133371208958,4789240.011362688,4.789240011362688
6209,6189,30.0,7.330148191094501,219.90444573283503,219.90444573283503,43.98088914656701,9060.063164192803,2718018.949257841,2.718018949257841
6213,6256,30.0,10.854270463658487,325.62811390975463,325.62811390975463,65.12562278195092,13415.87829308189,4024763.4879245674,4.0247634879245675
6214,6235,30.0,2.286101546768805,68.58304640306415,68.58304640306415,13.716609280612829,2825.621511806243,847686.4535418728,0.8476864535418728
6214,6237,30.0,3.408146945282459,102.24440835847376,102.24440835847376,20.448881671694753,4212.469624369119,1263740.8873107356,1.2637408873107356
6224,6190,30.0,4.624255836697066,138.727675100912,138.727675100912,27.745535020182402,5715.580214157575,1714674.0642472724,1.7146740642472724
6225,6233,30.0,6.202259076797517,186.06777230392552,186.06777230392552,37.213554460785105,7665.992218921731,2299797.6656765193,2.299797665676519
6230,6240,30.0,4.550225748307744,136.50677244923233,136.50677244923233,27.301354489846467,5624.079024908372,1687223.7074725116,1.6872237074725116
6235,6214,30.0,2.232000953625864,66.96002860877591,66.96002860877591,13.392005721755183,2758.7531786815675,827625.9536044702,0.8276259536044702
6238,6208,30.0,3.505340214100031,105.16020642300093,105.16020642300093,21.032041284600187,4332.600504627639,1299780.1513882915,1.2997801513882914
6240,6230,30.0,4.41412116456751,132.4236349370253,132.4236349370253,26.48472698740506,5455.853759405442,1636756.1278216327,1.6367561278216327
6241,6231,30.0,3.692068810727501,110.76206432182504,110.76206432182504,22.152412864365008,4563.397050059191,1369019.1150177573,1.3690191150177573
6243,6245,30.0,5.026749317694374,150.80247953083122,150.80247953083122,30.160495906166247,6213.062156670247,1863918.647001074,1.863918647001074
6244,6223,30.0,4.629967286266618,138.89901858799854,138.89901858799854,27.77980371759971,5722.63956582554,1716791.869747662,1.716791869747662
6250,6237,30.0,3.397620355319439,101.92861065958317,101.92861065958317,20.385722131916637,4199.458759174827,1259837.627752448,1.259837627752448
6256,6213,30.0,11.031892517966732,330.95677553900197,330.95677553900197,66.19135510780039,13635.419152206881,4090625.7456620643,4.090625745662065
6123,6245,29.0,17.12848893624156,496.7261791510052,496.7261791510052,99.34523583020105,20465.118581021416,6139535.574306425,6.139535574306425
6125,6211,29.0,5.811088238482574,168.52155891599463,168.52155891599463,33.704311783198925,6943.088227338979,2082926.4682016936,2.0829264682016935
6171,6227,29.0,11.601259654157245,336.4365299705601,336.4365299705601,67.28730599411203,13861.185034787079,4158355.5104361237,4.158355510436124
6173,6203,29.0,3.244124016109591,94.07959646717813,94.07959646717813,18.815919293435627,3876.079374447739,1162823.8123343217,1.1628238123343217
6173,6250,29.0,14.292377067310076,414.4789349519922,414.4789349519922,82.89578699039845,17076.53212002208,5122959.6360066235,5.122959636006623
6177,6190,29.0,6.193665278994741,179.6162930908475,179.6162930908475,35.923258618169505,7400.191275342918,2220057.382602875,2.2200573826028753
6190,6173,29.0,7.159135402227458,207.61492666459628,207.61492666459628,41.52298533291926,8553.734978581368,2566120.49357441,2.5661204935744104
6195,6244,29.0,4.932465032245624,143.0414859351231,143.0414859351231,28.60829718702462,5893.309220527071,1767992.7661581214,1.7679927661581214
6204,6230,29.0,2.643949262031904,76.6745285989252,76.6745285989252,15.334905719785041,3158.9905782757187,947697.1734827156,0.9476971734827156
6208,6265,29.0,6.349258147138528,184.1284862670173,184.1284862670173,36.82569725340346,7586.093634201113,2275828.090260334,2.275828090260334
6211,6125,29.0,5.789859448199371,167.90592399778174,167.90592399778174,33.58118479955635,6917.724068708608,2075317.2206125823,2.0753172206125825
6216,6224,29.0,6.706115086779548,194.4773375166069,194.4773375166069,38.895467503321385,8012.4663056842055,2403739.8917052615,2.4037398917052615
6227,6171,29.0,11.406958048932637,330.8017834190465,330.8017834190465,66.1603566838093,13629.033476864715,4088710.0430594147,4.0887100430594145
6245,6225,29.0,4.150781048548475,120.37265040790577,120.37265040790577,24.074530081581155,4959.353196805718,1487805.9590417154,1.4878059590417154
6250,6173,29.0,13.025096488696795,377.72779817220703,377.72779817220703,75.5455596344414,15562.385284694928,4668715.585408479,4.668715585408479
6262,6171,29.0,3.51269561349033,101.86817279121956,101.86817279121956,20.373634558243914,4196.968718998246,1259090.6156994738,1.2590906156994737
6125,6185,28.0,5.132423713165339,143.7078639686295,143.7078639686295,28.741572793725904,5920.7639955075365,1776229.198652261,1.776229198652261
6173,6202,28.0,3.335151435265569,93.38424018743594,93.38424018743594,18.676848037487186,3847.4306957223603,1154229.208716708,1.154229208716708
6179,6218,28.0,7.516432210578311,210.46010189619273,210.46010189619273,42.09202037923855,8670.95619812314,2601286.859436942,2.6012868594369416
6181,6195,28.0,2.616401078151754,73.25923018824912,73.25923018824912,14.651846037649825,3018.280283755864,905484.0851267591,0.9054840851267592
6185,6241,28.0,11.361378460316045,318.11859688884925,318.11859688884925,63.62371937776985,13106.48619182059,3931945.8575461768,3.931945857546177
6187,6232,28.0,7.842832637938406,219.59931386227535,219.59931386227535,43.919862772455076,9047.491731125745,2714247.5193377235,2.7142475193377233
6190,6222,28.0,3.982023905156005,111.49666934436814,111.49666934436814,22.29933386887363,4593.662776987968,1378098.8330963904,1.3780988330963904
6190,6235,28.0,5.878522721872251,164.59863621242303,164.59863621242303,32.919727242484605,6781.463811951829,2034439.1435855485,2.0344391435855487
6195,6234,28.0,4.104194319803069,114.91744095448593,114.91744095448593,22.983488190897187,4734.598567324821,1420379.5701974463,1.4203795701974462
6197,6189,28.0,7.529474605561873,210.82528895573245,210.82528895573245,42.165057791146495,8686.001904976178,2605800.571492853,2.605800571492853
6199,6220,28.0,5.450168585287875,152.60472038806049,152.60472038806049,30.5209440776121,6287.314479988093,1886194.343996428,1.886194343996428
6203,6256,28.0,4.347074363011852,121.71808216433185,121.71808216433185,24.34361643286637,5014.784985170472,1504435.4955511417,1.5044354955511416
6213,6195,28.0,2.756049336986478,77.16938143562137,77.16938143562137,15.433876287124276,3179.378515147601,953813.5545442803,0.9538135545442803
6213,6245,28.0,2.589951097785486,72.5186307379936,72.5186307379936,14.503726147598721,2987.7675864053367,896330.275921601,0.896330275921601
6214,6196,28.0,3.191935873343331,89.37420445361326,89.37420445361326,17.874840890722652,3682.2172234888662,1104665.1670466599,1.1046651670466598
6223,6181,28.0,6.297249843133973,176.32299560775124,176.32299560775124,35.26459912155025,7264.507419039351,2179352.2257118053,2.1793522257118054
6223,6222,28.0,5.393845509660085,151.02767427048238,151.02767427048238,30.205534854096477,6222.340179943874,1866702.0539831624,1.8667020539831625
6224,6250,28.0,3.947741078341172,110.53675019355282,110.53675019355282,22.107350038710564,4554.114107974377,1366234.232392313,1.366234232392313
6225,6238,28.0,5.351915960911618,149.8536469055253,149.8536469055253,29.97072938110506,6173.970252507642,1852191.0757522925,1.8521910757522926
6228,6229,28.0,4.100592100631062,114.81657881766975,114.81657881766975,22.963315763533952,4730.443047287994,1419132.9141863983,1.4191329141863982
6231,6220,28.0,2.730338581879348,76.44948029262174,76.44948029262174,15.289896058524349,3149.718588056016,944915.5764168048,0.9449155764168048
6232,6187,28.0,7.945962978514578,222.48696339840816,222.48696339840816,44.49739267968164,9166.462892014417,2749938.867604325,2.749938867604325
6234,6230,28.0,4.57717040396416,128.16077131099647,128.16077131099647,25.632154262199293,5280.2237780130545,1584067.1334039164,1.5840671334039165
6238,6225,28.0,5.782826775904789,161.9191497253341,161.9191497253341,32.38382994506682,6671.068968683765,2001320.6906051296,2.0013206906051297
6241,6185,28.0,10.063775477711177,281.78571337591296,281.78571337591296,56.357142675182594,11609.571391087615,3482871.4173262846,3.4828714173262845
6245,6213,28.0,2.527102265863263,70.75886344417137,70.75886344417137,14.151772688834274,2915.2651738998607,874579.5521699582,0.8745795521699582
6246,6195,28.0,5.670316074897923,158.76885009714184,158.76885009714184,31.75377001942837,6541.276624002244,1962382.9872006732,1.9623829872006733
6250,6190,28.0,6.886982628353318,192.83551359389293,192.83551359389293,38.567102718778585,7944.8231600683885,2383446.9480205164,2.3834469480205165
6123,6200,27.0,5.655823265750468,152.70722817526263,152.70722817526263,30.541445635052526,6291.53780082082,1887461.340246246,1.887461340246246
6173,6233,27.0,9.916513799855409,267.74587259609604,267.74587259609604,53.54917451921921,11031.129950959157,3309338.9852877473,3.3093389852877473
6174,6177,27.0,5.106402732209355,137.87287376965259,137.87287376965259,27.57457475393052,5680.362399309687,1704108.7197929062,1.7041087197929061
6174,6231,27.0,7.489482062379789,202.2160156842543,202.2160156842543,40.44320313685086,8331.299846191278,2499389.953857383,2.499389953857383
6181,6226,27.0,7.13260296846808,192.58028014863817,192.58028014863817,38.516056029727636,7934.307542123893,2380292.2626371677,2.380292262637168
6185,6229,27.0,5.22109538769512,140.96957546776824,140.96957546776824,28.19391509355365,5807.946509272052,1742383.9527816155,1.7423839527816156
6187,6256,27.0,8.08827809768069,218.3835086373786,218.3835086373786,43.676701727475724,8997.400555859998,2699220.1667579995,2.6992201667579994
6190,6236,27.0,4.331820419433959,116.9591513247169,116.9591513247169,23.39183026494338,4818.717034578336,1445615.1103735007,1.4456151103735007
6190,6241,27.0,7.583377862685598,204.75120229251115,204.75120229251115,40.950240458502236,8435.749534451461,2530724.8603354385,2.5307248603354386
6195,6239,27.0,4.594869543648728,124.06147767851566,124.06147767851566,24.812295535703132,5111.332880354846,1533399.8641064537,1.5333998641064537
6195,6241,27.0,6.783173951196204,183.1456966822975,183.1456966822975,36.6291393364595,7545.6027033106575,2263680.8109931974,2.2636808109931974
6199,6212,27.0,3.167445981071233,85.52104148892329,85.52104148892329,17.10420829778466,3523.4669093436396,1057040.072803092,1.057040072803092
6200,6123,27.0,5.611321007449686,151.50566720114153,151.50566720114153,30.30113344022831,6242.033488687031,1872610.0466061095,1.8726100466061095
6202,6238,27.0,6.791645099217548,183.37441767887378,183.37441767887378,36.67488353577476,7555.026008369601,2266507.8025108804,2.2665078025108802
6202,6251,27.0,4.128195187595454,111.46127006507724,111.46127006507724,22.29225401301545,4592.204326681183,1377661.298004355,1.377661298004355
6208,6235,27.0,6.094517602479958,164.55197526695886,164.55197526695886,32.910395053391774,6779.541380998706,2033862.4142996117,2.0338624142996116
6225,6252,27.0,5.829707048931548,157.40209032115177,157.40209032115177,31.480418064230356,6484.966121231453,1945489.836369436,1.945489836369436
6229,6189,27.0,4.204038633312942,113.50904309944944,113.50904309944944,22.70180861988989,4676.572575697317,1402971.772709195,1.402971772709195
6231,6174,27.0,6.933193081100447,187.19621318971207,187.19621318971207,37.439242637942414,7712.483983416138,2313745.1950248415,2.3137451950248415
6233,6212,27.0,4.61121140113927,124.5027078307603,124.5027078307603,24.90054156615206,5129.511562627325,1538853.4687881973,1.5388534687881972
6235,6208,27.0,8.590176476991676,231.93476487877524,231.93476487877524,46.38695297575505,9555.71231300554,2866713.6939016622,2.866713693901662
6238,6202,27.0,6.743034411961689,182.0619291229656,182.0619291229656,36.41238582459312,7500.951479866183,2250285.443959855,2.250285443959855
6239,6171,27.0,12.6331688169593,341.0955580579011,341.0955580579011,68.21911161158022,14053.136991985524,4215941.097595657,4.215941097595657
6239,6190,27.0,5.549000304503358,149.82300822159067,149.82300822159067,29.964601644318137,6172.707938729536,1851812.3816188609,1.851812381618861
6251,6202,27.0,4.007589718845454,108.20492240882724,108.20492240882724,21.64098448176545,4458.042803243683,1337412.8409731048,1.3374128409731048
6256,6245,27.0,24.013101855498313,648.3537500984545,648.3537500984545,129.6707500196909,26712.174504056326,8013652.351216897,8.013652351216898
6261,6215,27.0,6.833671735084075,184.50913684727004,184.50913684727004,36.90182736945401,7601.776438107527,2280532.931432258,2.280532931432258
6125,6198,26.0,17.47749725157259,454.41492854088733,454.41492854088733,90.88298570817747,18721.89505588456,5616568.516765368,5.616568516765368
6168,6123,26.0,5.842847220288011,151.91402772748827,151.91402772748827,30.382805545497657,6258.857942372518,1877657.3827117553,1.8776573827117553
6168,6187,26.0,4.765175246345222,123.89455640497576,123.89455640497576,24.778911280995153,5104.455723885001,1531336.7171655004,1.5313367171655003
6173,6223,26.0,5.427164157852304,141.1062681041599,141.1062681041599,28.221253620831984,5813.578245891389,1744073.4737674168,1.7440734737674168
6174,6193,26.0,4.865862920944171,126.51243594454843,126.51243594454843,25.302487188909687,5212.312360915395,1563693.7082746187,1.5636937082746187
6177,6197,26.0,4.484456239254785,116.5958622206244,116.5958622206244,23.31917244412488,4803.749523489725,1441124.8570469175,1.4411248570469175
6179,6222,26.0,7.652960223559933,198.97696581255826,198.97696581255826,39.79539316251166,8197.850991477402,2459355.297443221,2.4593552974432207
6179,6226,26.0,4.082663161532641,106.14924219984866,106.14924219984866,21.229848439969732,4373.348778633765,1312004.6335901294,1.3120046335901294
6181,6222,26.0,5.109351595500006,132.84314148300015,132.84314148300015,26.568628296600032,5473.137429099606,1641941.2287298818,1.6419412287298818
6184,6125,26.0,2.258160988472866,58.71218570029451,58.71218570029451,11.742437140058904,2418.9420508521343,725682.6152556404,0.7256826152556404
6185,6244,26.0,6.363804321211769,165.458912351506,165.458912351506,33.091782470301204,6816.907188882048,2045072.1566646143,2.0450721566646144
6187,6209,26.0,3.814616424361427,99.1800270333971,99.1800270333971,19.83600540667942,4086.2171137759606,1225865.1341327883,1.2258651341327882
6189,6197,26.0,7.44647823715367,193.60843416599542,193.60843416599542,38.72168683319909,7976.667487639012,2393000.2462917035,2.3930002462917037
6189,6248,26.0,7.103001870502385,184.678048633062,184.678048633062,36.9356097266124,7608.735603682154,2282620.681104646,2.282620681104646
6193,6174,26.0,4.938952520553546,128.41276553439218,128.41276553439218,25.682553106878437,5290.605940016958,1587181.7820050875,1.5871817820050875
6202,6189,26.0,2.853846148299119,74.1999998557771,74.1999998557771,14.83999997115542,3057.0399940580164,917111.9982174049,0.917111998217405
6203,6125,26.0,2.855435590705101,74.24132535833262,74.24132535833262,14.848265071666525,3058.742604763304,917622.7814289911,0.9176227814289911
6203,6238,26.0,9.703616032112352,252.29401683492117,252.29401683492117,50.458803366984235,10394.513493598752,3118354.0480796257,3.1183540480796257
6204,6197,26.0,8.320472711414451,216.33229049677573,216.33229049677573,43.26645809935515,8912.89036846716,2673867.1105401483,2.673867110540148
6205,6233,26.0,2.612102732004852,67.91467103212615,67.91467103212615,13.58293420642523,2798.0844465235973,839425.3339570792,0.8394253339570792
6208,6198,26.0,3.096193431736074,80.50102922513793,80.50102922513793,16.100205845027585,3316.6424040756824,994992.7212227047,0.9949927212227048
6208,6238,26.0,2.990223227769904,77.7458039220175,77.7458039220175,15.549160784403501,3203.127121587121,960938.1364761363,0.9609381364761362
6209,6187,26.0,4.288147089667699,111.49182433136019,111.49182433136019,22.29836486627204,4593.46316245204,1378038.948735612,1.378038948735612
6209,6244,26.0,2.10106906692027,54.62779573992702,54.62779573992702,10.925559147985405,2250.6651844849935,675199.555345498,0.675199555345498
6214,6225,26.0,6.987277434410442,181.6692132946715,181.6692132946715,36.3338426589343,7484.771587740466,2245431.47632214,2.24543147632214
6214,6232,26.0,5.478012187135575,142.42831686552495,142.42831686552495,28.48566337310499,5868.046654859628,1760413.9964578883,1.7604139964578882
6222,6179,26.0,7.521120471362667,195.54913225542933,195.54913225542933,39.109826451085866,8056.624248923688,2416987.2746771066,2.4169872746771066
6222,6181,26.0,5.111319979289068,132.89431946151575,132.89431946151575,26.57886389230315,5475.245961814449,1642573.788544335,1.642573788544335
6223,6173,26.0,5.015966495498788,130.4151288829685,130.4151288829685,26.0830257765937,5373.103309978303,1611930.9929934908,1.6119309929934909
6224,6241,26.0,3.551538351247673,92.33999713243949,92.33999713243949,18.4679994264879,3804.407881856507,1141322.3645569521,1.1413223645569521
6225,6248,26.0,5.183298635815435,134.7657645312013,134.7657645312013,26.953152906240263,5552.349498685494,1665704.849605648,1.6657048496056481
6226,6179,26.0,4.084234816806079,106.19010523695806,106.19010523695806,21.238021047391612,4375.032335762672,1312509.7007288015,1.3125097007288016
6226,6187,26.0,6.693841596241797,174.03988150228673,174.03988150228673,34.80797630045735,7170.443117894214,2151132.935368264,2.151132935368264
6232,6214,26.0,5.735729319703935,149.12896231230232,149.12896231230232,29.825792462460466,6144.113247266856,1843233.9741800567,1.8432339741800567
6233,6205,26.0,2.559985891042023,66.5596331670926,66.5596331670926,13.311926633418521,2742.256886484215,822677.0659452645,0.8226770659452646
6237,6205,26.0,3.923626782716398,102.01429635062635,102.01429635062635,20.402859270125273,4202.989009645807,1260896.702893742,1.260896702893742
6238,6203,26.0,10.216162571418993,265.6202268568938,265.6202268568938,53.12404537137876,10943.553346504024,3283066.0039512073,3.283066003951207
6248,6189,26.0,7.23325470863715,188.0646224245659,188.0646224245659,37.61292448491318,7748.262443892115,2324478.7331676343,2.324478733167634
6248,6217,26.0,2.309438354308912,60.045397212031716,60.045397212031716,12.009079442406344,2473.870365135707,742161.1095407121,0.7421611095407121
6248,6225,26.0,5.042627315552698,131.10831020437016,131.10831020437016,26.221662040874033,5401.662380420051,1620498.7141260153,1.6204987141260152
6256,6123,26.0,4.341808992423467,112.88703380301015,112.88703380301015,22.57740676060203,4650.945792684019,1395283.7378052056,1.3952837378052056
6117,6125,25.0,2.816719055175781,70.41797637939452,70.41797637939452,14.083595275878904,2901.2206268310542,870366.1880493163,0.8703661880493163
6168,6264,25.0,4.514886163682982,112.87215409207454,112.87215409207454,22.57443081841491,4650.3327485934715,1395099.8245780414,1.3950998245780415
6171,6222,25.0,10.643523960580696,266.0880990145174,266.0880990145174,53.217619802903485,10962.829679398117,3288848.9038194353,3.288848903819435
6173,6201,25.0,5.455304613796428,136.3826153449107,136.3826153449107,27.276523068982144,5618.963752210321,1685689.1256630963,1.6856891256630964
6177,6182,25.0,3.468560314521572,86.7140078630393,86.7140078630393,17.34280157260786,3572.6171239572195,1071785.137187166,1.0717851371871658
6179,6203,25.0,4.254905575608165,106.37263939020411,106.37263939020411,21.274527878040825,4382.55274287641,1314765.822862923,1.3147658228629229
6185,6243,25.0,13.246918348230286,331.17295870575714,331.17295870575714,66.23459174115143,13644.325898677196,4093297.769603159,4.093297769603159
6188,6190,25.0,8.451904313420549,211.29760783551373,211.29760783551373,42.25952156710275,8705.461442823167,2611638.43284695,2.61163843284695
6189,6224,25.0,7.793981794200468,194.8495448550117,194.8495448550117,38.96990897100234,8027.801248026482,2408340.3744079447,2.4083403744079446
6189,6233,25.0,5.169317963339936,129.2329490834984,129.2329490834984,25.84658981669968,5324.397502240134,1597319.25067204,1.59731925067204
6189,6251,25.0,3.347716354535115,83.69290886337788,83.69290886337788,16.738581772675577,3448.1478451711687,1034444.3535513507,1.0344443535513506
6190,6188,25.0,8.285072343205707,207.12680858014267,207.12680858014267,41.42536171602853,8533.624513501878,2560087.354050563,2.5600873540505633
6199,6204,25.0,2.920161707165337,73.00404267913343,73.00404267913343,14.600808535826687,3007.7665583802973,902329.9675140892,0.9023299675140892
6199,6239,25.0,6.404082104849623,160.10205262124057,160.10205262124057,32.02041052424811,6596.204567995112,1978861.3703985335,1.9788613703985336
6200,6188,25.0,3.4687171434829,86.7179285870725,86.7179285870725,17.343585717414502,3572.7786577873876,1071833.5973362164,1.0718335973362163
6201,6173,25.0,5.431813708034708,135.7953427008677,135.7953427008677,27.159068540173543,5594.76811927575,1678430.435782725,1.6784304357827249
6204,6199,25.0,2.920154077770806,73.00385194427015,73.00385194427015,14.60077038885403,3007.75870010393,902327.610031179,0.902327610031179
6204,6221,25.0,8.351481797145905,208.78704492864762,208.78704492864762,41.757408985729526,8602.026251060282,2580607.875318085,2.5806078753180848
6207,6185,25.0,2.928447787415122,73.21119468537805,73.21119468537805,14.64223893707561,3016.301221037576,904890.3663112728,0.9048903663112728
6209,6193,25.0,4.495639818209729,112.39099545524323,112.39099545524323,22.478199091048648,4630.509012756022,1389152.7038268065,1.3891527038268066
6209,6256,25.0,10.450152457010667,261.2538114252667,261.2538114252667,52.25076228505334,10763.657030720988,3229097.109216296,3.2290971092162963
6211,6233,25.0,5.617366855429669,140.43417138574173,140.43417138574173,28.08683427714835,5785.887861092559,1735766.3583277678,1.7357663583277678
6222,6171,25.0,10.518432407846323,262.9608101961581,262.9608101961581,52.592162039231624,10833.985380081715,3250195.6140245143,3.2501956140245145
6222,6226,25.0,4.496128321774101,112.40320804435254,112.40320804435254,22.48064160887051,4631.0121714273255,1389303.6514281977,1.3893036514281978
6223,6237,25.0,7.675726044370102,191.89315110925256,191.89315110925256,38.378630221850514,7905.997825701206,2371799.3477103617,2.3717993477103616
6223,6244,25.0,4.931950456705181,123.29876141762952,123.29876141762952,24.659752283525904,5079.908970406336,1523972.691121901,1.523972691121901
6224,6189,25.0,8.661971849928356,216.54929624820892,216.54929624820892,43.30985924964179,8921.83100542621,2676549.3016278627,2.6765493016278628
6226,6220,25.0,2.414460351822059,60.36150879555148,60.36150879555148,12.072301759110296,2486.894162376721,746068.2487130163,0.7460682487130162
6226,6222,25.0,4.228077174313163,105.70192935782907,105.70192935782907,21.140385871565815,4354.919489542558,1306475.8468627674,1.3064758468627673
6227,6193,25.0,5.351158157047823,133.77895392619556,133.77895392619556,26.755790785239114,5511.692901759257,1653507.8705277771,1.653507870527777
6228,6211,25.0,8.847249785945847,221.18124464864616,221.18124464864616,44.236248929729236,9112.667279524223,2733800.183857267,2.7338001838572668
6233,6189,25.0,5.114291473025216,127.8572868256304,127.8572868256304,25.57145736512608,5267.720217215972,1580316.0651647917,1.5803160651647916
6235,6200,25.0,4.08579490256163,102.14487256404074,102.14487256404074,20.42897451280815,4208.368749638479,1262510.6248915438,1.2625106248915439
6256,6174,25.0,7.571272013602533,189.2818003400633,189.2818003400633,37.85636006801266,7798.410174010609,2339523.0522031826,2.3395230522031825
6264,6168,25.0,4.587994836778686,114.69987091946714,114.69987091946714,22.93997418389343,4725.634681882047,1417690.404564614,1.417690404564614
6123,6199,24.0,4.91609312104415,117.9862349050596,117.9862349050596,23.59724698101192,4861.032878088456,1458309.8634265368,1.4583098634265368
6168,6195,24.0,5.636240406684198,135.26976976042076,135.26976976042076,27.053953952084154,5573.1145141293355,1671934.3542388007,1.6719343542388008
6168,6243,24.0,13.314876273382534,319.5570305611808,319.5570305611808,63.911406112236165,13165.749659120649,3949724.8977361945,3.9497248977361945
6168,6265,24.0,6.80990645117875,163.43775482829,163.43775482829,32.687550965658,6733.635498925548,2020090.6496776643,2.0200906496776643
6185,6213,24.0,7.478100570824721,179.4744136997933,179.4744136997933,35.89488273995866,7394.345844431484,2218303.753329445,2.218303753329445
6189,6173,24.0,3.520883245292734,84.50119788702563,84.50119788702563,16.900239577405127,3481.449352945456,1044434.8058836368,1.0444348058836368
6190,6256,24.0,8.339080367272683,200.13792881454438,200.13792881454438,40.02758576290888,8245.682667159228,2473704.8001477686,2.4737048001477686
6193,6199,24.0,5.430633927158456,130.33521425180294,130.33521425180294,26.06704285036059,5369.810827174281,1610943.2481522844,1.6109432481522845
6193,6214,24.0,3.187520851464001,76.50050043513603,76.50050043513603,15.300100087027207,3151.820617927605,945546.1853782815,0.9455461853782815
6195,6168,24.0,5.951685352973261,142.84044847135826,142.84044847135826,28.568089694271652,5885.02647701996,1765507.943105988,1.765507943105988
6195,6227,24.0,3.544955009752925,85.0789202340702,85.0789202340702,17.01578404681404,3505.2515136436923,1051575.4540931077,1.0515754540931077
6199,6193,24.0,4.640637641592146,111.37530339821151,111.37530339821151,22.275060679642305,4588.662500006315,1376598.7500018945,1.3765987500018946
6199,6224,24.0,10.989412362956669,263.74589671096004,263.74589671096004,52.74917934219201,10866.330944491554,3259899.283347466,3.259899283347466
6199,6231,24.0,11.220177140859699,269.2842513806328,269.2842513806328,53.85685027612656,11094.51115688207,3328353.3470646213,3.3283533470646214
6210,6213,24.0,3.426009425936972,82.22422622248733,82.22422622248733,16.44484524449747,3387.6381203664787,1016291.4361099435,1.0162914361099435
6211,6246,24.0,6.624802958114592,158.9952709947502,158.9952709947502,31.799054198950042,6550.605164983709,1965181.5494951126,1.9651815494951126
6213,6185,24.0,7.417445388647935,178.01868932755045,178.01868932755045,35.60373786551009,7334.370000295079,2200311.0000885236,2.2003110000885235
6213,6210,24.0,3.773674999802553,90.56819999526127,90.56819999526127,18.113639999052253,3731.409839804764,1119422.9519414292,1.1194229519414292
6215,6185,24.0,3.469146875542201,83.25952501301282,83.25952501301282,16.651905002602565,3430.2924305361284,1029087.7291608385,1.0290877291608385
6220,6232,24.0,5.949655099072744,142.79172237774586,142.79172237774586,28.558344475549173,5883.01896196313,1764905.6885889391,1.7649056885889391
6220,6261,24.0,7.937489649057104,190.4997515773705,190.4997515773705,38.099950315474096,7848.589764987664,2354576.9294962995,2.3545769294962993
6223,6125,24.0,9.343476037623596,224.2434249029663,224.2434249029663,44.84868498059326,9238.829106002211,2771648.7318006633,2.771648731800663
6227,6195,24.0,3.550665611559566,85.21597467742959,85.21597467742959,17.043194935485918,3510.898156710099,1053269.4470130298,1.05326944701303
6231,6199,24.0,8.235860052890903,197.66064126938167,197.66064126938167,39.53212825387634,8143.618420298525,2443085.5260895574,2.4430855260895576
6232,6205,24.0,6.084114937473485,146.01875849936363,146.01875849936363,29.203751699872726,6015.972850173782,1804791.8550521345,1.8047918550521345
6232,6220,24.0,6.664079232373527,159.93790157696463,159.93790157696463,31.98758031539293,6589.441544970943,1976832.463491283,1.9768324634912828
6236,6217,24.0,2.476973873492756,59.44737296382614,59.44737296382614,11.889474592765229,2449.231766109637,734769.5298328912,0.7347695298328912
6239,6207,24.0,3.345411191684126,80.28986860041903,80.28986860041903,16.057973720083805,3307.942586337264,992382.7759011792,0.9923827759011792
6240,6178,24.0,15.088133925302209,362.115214207253,362.115214207253,72.42304284145061,14919.146825338825,4475744.047601648,4.475744047601648
6244,6202,24.0,6.338880772175977,152.13313853222346,152.13313853222346,30.42662770644469,6267.8853075276065,1880365.592258282,1.880365592258282
6244,6243,24.0,6.920391873271071,166.0894049585057,166.0894049585057,33.21788099170114,6842.883484290435,2052865.0452871306,2.0528650452871307
6246,6211,24.0,6.033820430642916,144.81169033543,144.81169033543,28.962338067086,5966.241641819716,1789872.4925459148,1.7898724925459149
6256,6190,24.0,8.317229781335183,199.61351475204438,199.61351475204438,39.922702950408876,8224.076807784228,2467223.042335268,2.467223042335268
6265,6168,24.0,7.177456347418985,172.25895233805565,172.25895233805565,34.45179046761113,7097.068836327893,2129120.650898368,2.129120650898368
6168,6204,23.0,2.993452136853123,68.84939914762182,68.84939914762182,13.769879829524365,2836.5952448820194,850978.5734646058,0.8509785734646058
6173,6205,23.0,6.218455459026011,143.02447555759824,143.02447555759824,28.60489511151965,5892.608392973048,1767782.5178919144,1.7677825178919144
6179,6264,23.0,4.298240744388631,98.8595371209385,98.8595371209385,19.771907424187702,4073.0129293826667,1221903.8788148,1.2219038788148
6185,6184,23.0,4.612985855002419,106.09867466505564,106.09867466505564,21.21973493301113,4371.265396200292,1311379.6188600876,1.3113796188600877
6185,6190,23.0,4.763437834193172,109.55907018644295,109.55907018644295,21.911814037288593,4513.833691681451,1354150.1075044351,1.354150107504435
6190,6226,23.0,7.498572241077931,172.46716154479242,172.46716154479242,34.49343230895848,7105.647055645447,2131694.116693634,2.1316941166936343
6197,6185,23.0,6.763641040119832,155.56374392275612,155.56374392275612,31.112748784551226,6409.226249617553,1922767.8748852657,1.9227678748852657
6199,6227,23.0,10.860417624811843,249.7896053706724,249.7896053706724,49.95792107413448,10291.331741271704,3087399.522381511,3.087399522381511
6199,6250,23.0,9.051242249620127,208.17857174126294,208.17857174126294,41.63571434825259,8576.957155740034,2573087.1467220103,2.57308714672201
6202,6244,23.0,6.307108449450477,145.06349433736096,145.06349433736096,29.012698867472196,5976.615966699273,1792984.7900097817,1.7929847900097817
6204,6168,23.0,3.053323810437107,70.22644764005346,70.22644764005346,14.045289528010693,2893.329642770203,867998.8928310609,0.8679988928310609
6205,6173,23.0,6.194964553264292,142.4841847250787,142.4841847250787,28.496836945015744,5870.348410673243,1761104.523201973,1.7611045232019729
6205,6222,23.0,2.059513365030729,47.36880739570677,47.36880739570677,9.473761479141354,1951.594864703119,585478.4594109356,0.5854784594109357
6208,6233,23.0,3.840551084866741,88.33267495193503,88.33267495193503,17.666534990387007,3639.3062080197233,1091791.862405917,1.0917918624059169
6212,6261,23.0,8.098822274479737,186.27291231303394,186.27291231303394,37.25458246260679,7674.443987296999,2302333.1961890995,2.3023331961890996
6220,6218,23.0,2.475109986304618,56.92752968500622,56.92752968500622,11.385505937001245,2345.4142230222565,703624.2669066769,0.7036242669066769
6222,6205,23.0,2.393295561075651,55.04579790473997,55.04579790473997,11.009159580947994,2267.8868736752866,680366.0621025859,0.6803660621025859
6223,6203,23.0,4.512327155672446,103.78352458046625,103.78352458046625,20.756704916093252,4275.88121271521,1282764.3638145628,1.2827643638145627
6226,6247,23.0,8.577836995800622,197.29025090341432,197.29025090341432,39.45805018068287,8128.35833722067,2438507.501166201,2.4385075011662014
6227,6199,23.0,10.831197043757157,249.11753200641462,249.11753200641462,49.82350640128293,10263.642318664282,3079092.6955992845,3.0790926955992846
6232,6238,23.0,4.34779619635253,99.99931251610818,99.99931251610818,19.999862503221635,4119.971675663657,1235991.5026990972,1.235991502699097
6237,6247,23.0,2.881354672584911,66.27115746945294,66.27115746945294,13.25423149389059,2730.3716877414613,819111.5063224384,0.8191115063224383
6238,6232,23.0,4.273561528629922,98.29191515848821,98.29191515848821,19.658383031697642,4049.6269045297145,1214888.0713589143,1.2148880713589143
6241,6248,23.0,3.937507031489671,90.56266172426243,90.56266172426243,18.112532344852486,3731.181663039612,1119354.4989118837,1.1193544989118838
6247,6185,23.0,9.942785600061312,228.68406880141018,228.68406880141018,45.73681376028204,9421.7836346181,2826535.0903854296,2.8265350903854296
6248,6241,23.0,3.366839764643967,77.43731458681124,77.43731458681124,15.48746291736225,3190.4173609766235,957125.2082929871,0.9571252082929871
6250,6199,23.0,8.833373444688487,203.1675892278352,203.1675892278352,40.63351784556704,8370.50467618681,2511151.402856043,2.511151402856043
6261,6212,23.0,5.674681344303956,130.51767091899097,130.51767091899097,26.103534183798196,5377.328041862428,1613198.4125587284,1.6131984125587284
6264,6179,23.0,4.269943320072224,98.20869636166115,98.20869636166115,19.64173927233223,4046.1982901004394,1213859.4870301317,1.2138594870301318
6168,6177,22.0,2.140376209102446,47.088276600253806,47.088276600253806,9.417655320050761,1940.0369959304567,582011.098779137,0.582011098779137
6168,6239,22.0,6.451603266983317,141.93527187363296,141.93527187363296,28.387054374726592,5847.733201193678,1754319.9603581033,1.7543199603581032
6173,6178,22.0,3.964055399281444,87.20921878419176,87.20921878419176,17.441843756838352,3593.0198139087006,1077905.94417261,1.07790594417261
6177,6168,22.0,2.058447955928618,45.2858550304296,45.2858550304296,9.057171006085921,1865.7772272536997,559733.1681761099,0.5597331681761099
6189,6177,22.0,2.572129125477985,56.58684076051566,56.58684076051566,11.317368152103134,2331.3778393332454,699413.3517999736,0.6994133517999737
6189,6222,22.0,6.707251362479093,147.55952997454006,147.55952997454006,29.511905994908012,6079.452634951051,1823835.7904853153,1.8238357904853153
6190,6227,22.0,4.345158921242319,95.59349626733103,95.59349626733103,19.118699253466207,3938.4520462140385,1181535.6138642116,1.1815356138642117
6193,6238,22.0,5.427108027549781,119.39637660609517,119.39637660609517,23.879275321219037,4919.130716171122,1475739.2148513366,1.4757392148513366
6195,6233,22.0,4.299682645552844,94.59301820216257,94.59301820216257,18.918603640432515,3897.2323499290983,1169169.7049787296,1.1691697049787295
6198,6250,22.0,4.454912125292006,98.00806675642414,98.00806675642414,19.60161335128483,4037.9323503646747,1211379.7051094023,1.2113797051094024
6199,6117,22.0,7.162652179491887,157.57834794882152,157.57834794882152,31.515669589764304,6492.227935491446,1947668.380647434,1.947668380647434
6200,6239,22.0,4.960744073327501,109.136369613205,109.136369613205,21.827273922641,4496.418428064047,1348925.528419214,1.348925528419214
6205,6239,22.0,2.312600964381684,50.87722121639705,50.87722121639705,10.17544424327941,2096.1415141155585,628842.4542346676,0.6288424542346676
6207,6238,22.0,4.537954249237546,99.83499348322601,99.83499348322601,19.966998696645206,4113.201731508912,1233960.5194526736,1.2339605194526737
6216,6220,22.0,9.213551759550205,202.6981387101045,202.6981387101045,40.539627742020905,8351.163314856307,2505348.994456892,2.505348994456892
6222,6189,22.0,4.765368694003246,104.8381112680714,104.8381112680714,20.96762225361428,4319.330184244542,1295799.0552733624,1.2957990552733625
6227,6190,22.0,4.491166459084116,98.80566209985057,98.80566209985057,19.761132419970114,4070.7932785138432,1221237.983554153,1.221237983554153
6227,6243,22.0,5.52612631272084,121.57477887985848,121.57477887985848,24.314955775971697,5008.880889850169,1502664.2669550509,1.502664266955051
6228,6264,22.0,11.128077411843675,244.81770306056086,244.81770306056086,48.963540612112176,10086.489366095107,3025946.8098285324,3.0259468098285325
6233,6195,22.0,4.25421578658578,93.59274730488715,93.59274730488715,18.71854946097743,3856.021188961351,1156806.3566884054,1.1568063566884055
6233,6199,22.0,7.019797420199386,154.43554324438648,154.43554324438648,30.887108648877298,6362.744381668724,1908823.314500617,1.908823314500617
6238,6193,22.0,5.209030229532299,114.59866504971058,114.59866504971058,22.919733009942117,4721.465000048076,1416439.500014423,1.416439500014423
6238,6195,22.0,4.930643039434571,108.47414686756056,108.47414686756056,21.694829373512114,4469.134850943496,1340740.4552830488,1.3407404552830489
6239,6177,22.0,7.389602156749826,162.57124744849617,162.57124744849617,32.51424948969923,6697.935394878042,2009380.6184634126,2.0093806184634126
6239,6200,22.0,4.95463292830797,109.00192442277535,109.00192442277535,21.800384884555072,4490.8792862183445,1347263.7858655034,1.3472637858655034
6239,6256,22.0,9.518278353426206,209.40212377537654,209.40212377537654,41.88042475507531,8627.367499545513,2588210.249863654,2.588210249863654
6243,6207,22.0,10.055575140295563,221.2226530865024,221.2226530865024,44.244530617300484,9114.3733071639,2734311.99214917,2.73431199214917
6250,6198,22.0,6.139116226854506,135.06055699079914,135.06055699079914,27.01211139815983,5564.494948020925,1669348.4844062775,1.6693484844062776
6250,6241,22.0,5.409964453206659,119.0192179705465,119.0192179705465,23.803843594109303,4903.591780386517,1471077.534115955,1.471077534115955
6250,6251,22.0,3.876688214659491,85.28714072250881,85.28714072250881,17.057428144501763,3513.830197767363,1054149.059330209,1.054149059330209
6256,6239,22.0,9.042024843904722,198.92454656590388,198.92454656590388,39.784909313180776,8195.69131851524,2458707.3955545723,2.458707395554572
6256,6243,22.0,24.803575133018782,545.6786529264132,545.6786529264132,109.13573058528264,22481.960500568224,6744588.150170467,6.7445881501704665
6171,6190,21.0,8.41688434398937,176.75457122377676,176.75457122377676,35.35091424475535,7282.2883344196025,2184686.500325881,2.184686500325881
6181,6239,21.0,5.957127860570014,125.0996850719703,125.0996850719703,25.01993701439406,5154.107024965177,1546232.107489553,1.546232107489553
6187,6222,21.0,4.253159959538619,89.316359150311,89.316359150311,17.8632718300622,3679.833996992813,1103950.1990978438,1.1039501990978438
6188,6199,21.0,2.20263888476291,46.255416580021105,46.255416580021105,9.251083316004221,1905.7231630968697,571716.948929061,0.571716948929061
6193,6178,21.0,9.12376172310542,191.59899618521385,191.59899618521385,38.31979923704277,7893.878642830811,2368163.5928492434,2.3681635928492435
6195,6211,21.0,7.536556280189325,158.26768188397583,158.26768188397583,31.653536376795167,6520.628493619804,1956188.5480859412,1.9561885480859413
6199,6118,21.0,6.445378303796192,135.35294437972001,135.35294437972001,27.070588875944004,5576.541308444464,1672962.3925333393,1.6729623925333392
6201,6247,21.0,7.322516564381627,153.77284785201417,153.77284785201417,30.754569570402836,6335.441331502984,1900632.3994508954,1.9006323994508953
6204,6201,21.0,2.3846914206101,50.078519832812106,50.078519832812106,10.015703966562421,2063.2350171118587,618970.5051335576,0.6189705051335576
6207,6222,21.0,3.746055564108539,78.66716684627931,78.66716684627931,15.733433369255863,3241.087274066708,972326.1822200123,0.9723261822200123
6207,6229,21.0,2.918036202881125,61.278760260503624,61.278760260503624,12.255752052100725,2524.6849227327493,757405.4768198248,0.7574054768198247
6207,6235,21.0,2.416079696699506,50.73767363068963,50.73767363068963,10.147534726137927,2090.392153584413,627117.6460753239,0.6271176460753239
6209,6123,21.0,12.267843755894852,257.6247188737919,257.6247188737919,51.524943774758384,10614.138417600227,3184241.525280068,3.184241525280068
6211,6195,21.0,7.079666173988153,148.67298965375122,148.67298965375122,29.734597930750244,6125.32717373455,1837598.152120365,1.837598152120365
6212,6232,21.0,9.46880124438356,198.84482613205475,198.84482613205475,39.768965226410955,8192.406836640657,2457722.0509921974,2.4577220509921975
6220,6234,21.0,3.430954464094573,72.05004374598603,72.05004374598603,14.410008749197207,2968.4618023346247,890538.5407003874,0.8905385407003874
6222,6187,21.0,4.255143602116744,89.35801564445163,89.35801564445163,17.871603128890325,3681.5502445514066,1104465.073365422,1.104465073365422
6228,6236,21.0,2.807980978535119,58.967600549237495,58.967600549237495,11.793520109847499,2429.465142628585,728839.5427885755,0.7288395427885755
6229,6237,21.0,3.175430653444256,66.68404372232938,66.68404372232938,13.336808744465877,2747.3826013599705,824214.7804079911,0.8242147804079911
6232,6212,21.0,9.669530614500747,203.0601429045157,203.0601429045157,40.61202858090314,8366.077887666048,2509823.3662998145,2.5098233662998144
6235,6207,21.0,2.476569351240521,52.00795637605094,52.00795637605094,10.401591275210189,2142.727802693299,642818.3408079897,0.6428183408079897
6236,6228,21.0,2.976095712138709,62.49800995491289,62.49800995491289,12.499601990982578,2574.9180101424113,772475.4030427234,0.7724754030427234
6239,6181,21.0,6.338940909886421,133.11775910761486,133.11775910761486,26.623551821522973,5484.451675233732,1645335.5025701197,1.6453355025701197
6239,6197,21.0,11.113224950066137,233.37772395138887,233.37772395138887,46.675544790277776,9615.162226797222,2884548.6680391664,2.8845486680391663
6247,6201,21.0,7.14323347171849,150.0079029060883,150.0079029060883,30.001580581217663,6180.325599730839,1854097.6799192517,1.8540976799192517
6250,6212,21.0,6.073727499637275,127.54827749238278,127.54827749238278,25.509655498476558,5254.989032686171,1576496.7098058513,1.5764967098058513
6125,6168,20.0,5.252824094897857,105.05648189795714,105.05648189795714,21.01129637959143,4328.3270541958345,1298498.1162587504,1.2984981162587503
6168,6125,20.0,5.230935361987701,104.61870723975402,104.61870723975402,20.923741447950803,4310.290738277866,1293087.2214833598,1.2930872214833597
6168,6213,20.0,7.546073754766032,150.92147509532063,150.92147509532063,30.184295019064127,6217.96477392721,1865389.4321781632,1.8653894321781632
6168,6226,20.0,4.38318890595047,87.6637781190094,87.6637781190094,17.53275562380188,3611.7476585031873,1083524.2975509563,1.0835242975509563
6177,6181,20.0,5.949022452918093,118.98044905836186,118.98044905836186,23.796089811672374,4901.994501204509,1470598.3503613528,1.470598350361353
6178,6211,20.0,5.593200360064605,111.86400720129211,111.86400720129211,22.372801440258424,4608.797096693235,1382639.1290079707,1.3826391290079707
6178,6223,20.0,6.683449487330626,133.6689897466125,133.6689897466125,26.733797949322504,5507.162377560436,1652148.7132681308,1.6521487132681307
6178,6230,20.0,8.168558497810222,163.37116995620445,163.37116995620445,32.67423399124089,6730.892202195623,2019267.660658687,2.019267660658687
6179,6229,20.0,5.761884335214094,115.23768670428188,115.23768670428188,23.04753734085638,4747.792692216414,1424337.8076649243,1.4243378076649242
6182,6179,20.0,4.488939183755203,89.77878367510407,89.77878367510407,17.955756735020813,3698.8858874142875,1109665.7662242863,1.1096657662242864
6184,6202,20.0,3.323857288722197,66.47714577444394,66.47714577444394,13.295429154888788,2738.8584059070904,821657.5217721271,0.8216575217721271
6199,6177,20.0,2.176617311421686,43.532346228433724,43.532346228433724,8.706469245686746,1793.5326646114697,538059.7993834409,0.5380597993834408
6201,6123,20.0,8.429449971964118,168.58899943928236,168.58899943928236,33.71779988785647,6945.866776898433,2083760.03306953,2.08376003306953
6208,6223,20.0,8.94711942237692,178.9423884475384,178.9423884475384,35.78847768950768,7372.426404038582,2211727.9212115747,2.211727921211575
6211,6178,20.0,5.597366009478668,111.94732018957336,111.94732018957336,22.389464037914674,4612.229591810423,1383668.877543127,1.383668877543127
6216,6230,20.0,10.626074313137307,212.52148626274615,212.52148626274615,42.504297252549236,8755.885234025143,2626765.570207543,2.626765570207543
6218,6179,20.0,7.329981252326358,146.59962504652717,146.59962504652717,29.319925009305436,6039.904551916919,1811971.3655750758,1.8119713655750758
6221,6235,20.0,3.861803965250462,77.23607930500924,77.23607930500924,15.44721586100185,3182.126467366381,954637.9402099142,0.9546379402099142
6223,6178,20.0,9.150986413600158,183.01972827200316,183.01972827200316,36.60394565440063,7540.41280480653,2262123.841441959,2.262123841441959
6223,6208,20.0,8.662291236341765,173.2458247268353,173.2458247268353,34.64916494536706,7137.727978745615,2141318.3936236845,2.1413183936236844
6225,6251,20.0,11.091465268285665,221.8293053657133,221.8293053657133,44.36586107314267,9139.36738106739,2741810.214320217,2.7418102143202168
6226,6168,20.0,4.272238435979768,85.44476871959534,85.44476871959534,17.08895374391907,3520.3244712473283,1056097.3413741984,1.0560973413741985
6227,6225,20.0,5.316389234504393,106.32778469008785,106.32778469008785,21.26555693801757,4380.704729231619,1314211.4187694858,1.3142114187694858
6229,6168,20.0,5.947271072063564,118.94542144127128,118.94542144127128,23.78908428825426,4900.551363380378,1470165.4090141132,1.4701654090141132
6230,6178,20.0,10.713396449470377,214.26792898940755,214.26792898940755,42.853585797881514,8827.838674363593,2648351.602309078,2.648351602309078
6230,6189,20.0,3.114975575230753,62.29951150461506,62.29951150461506,12.459902300923012,2566.7398739901405,770021.9621970422,0.7700219621970422
6230,6225,20.0,9.40027056717104,188.0054113434208,188.0054113434208,37.60108226868416,7745.822947348936,2323746.884204681,2.323746884204681
6230,6245,20.0,5.091454240302253,101.82908480604507,101.82908480604507,20.365816961209017,4195.358294009057,1258607.4882027172,1.2586074882027172
6234,6261,20.0,10.175995481593391,203.51990963186782,203.51990963186782,40.703981926373565,8385.020276832955,2515506.0830498864,2.5155060830498863
6241,6187,20.0,8.786127839187353,175.72255678374705,175.72255678374705,35.14451135674941,7239.769339490379,2171930.8018471138,2.1719308018471137
6261,6234,20.0,13.074042665379265,261.4808533075853,261.4808533075853,52.29617066151706,10773.011156272514,3231903.346881754,3.2319033468817544
6168,6190,19.0,4.831411018134482,91.79680934455516,91.79680934455516,18.359361868911034,3782.0285449956727,1134608.563498702,1.134608563498702
6171,6200,19.0,4.446377227762658,84.4811673274905,84.4811673274905,16.8962334654981,3480.6240938926085,1044187.2281677825,1.0441872281677826
6171,6228,19.0,12.331327960679001,234.29523125290103,234.29523125290103,46.85904625058021,9652.963527619522,2895889.0582858566,2.8958890582858565
6190,6237,19.0,5.409099865872596,102.77289745157933,102.77289745157933,20.554579490315867,4234.243375005069,1270273.0125015206,1.2702730125015205
6198,6190,19.0,4.013779869253142,76.2618175158097,76.2618175158097,15.25236350316194,3141.9868816513595,942596.0644954079,0.9425960644954079
6202,6168,19.0,2.697813874343419,51.25846361252496,51.25846361252496,10.251692722504993,2111.8487008360285,633554.6102508085,0.6335546102508085
6202,6250,19.0,8.123215311434633,154.34109091725801,154.34109091725801,30.868218183451603,6358.85294579103,1907655.883737309,1.907655883737309
6203,6240,19.0,15.472389553849107,293.97540152313303,293.97540152313303,58.79508030462661,12111.786542753081,3633535.9628259246,3.6335359628259245
6207,6265,19.0,3.658246999170575,69.50669298424093,69.50669298424093,13.901338596848186,2863.6757509507265,859102.725285218,0.859102725285218
6208,6245,19.0,2.422324790698795,46.024171023277106,46.024171023277106,9.204834204655421,1896.1958461590168,568858.7538477051,0.5688587538477051
6209,6196,19.0,2.42515364879925,46.077919327185754,46.077919327185754,9.215583865437152,1898.4102762800533,569523.082884016,0.569523082884016
6213,6216,19.0,7.907599441493275,150.2443893883722,150.2443893883722,30.048877877674443,6190.068842800935,1857020.6528402807,1.8570206528402806
6214,6215,19.0,2.392155137124296,45.45094760536163,45.45094760536163,9.090189521072325,1872.579041340899,561773.7124022697,0.5617737124022697
6214,6223,19.0,4.996712705044675,94.93754139584883,94.93754139584883,18.987508279169766,3911.4267055089717,1173428.0116526915,1.1734280116526916
6214,6246,19.0,2.951428180299133,56.07713542568352,56.07713542568352,11.215427085136705,2310.377979538161,693113.3938614483,0.6931133938614483
6216,6235,19.0,9.984049823092779,189.6969466387628,189.6969466387628,37.93938932775256,7815.514201517027,2344654.2604551082,2.3446542604551084
6216,6245,19.0,5.85619142293271,111.26763703572149,111.26763703572149,22.2535274071443,4584.226645871726,1375267.9937615178,1.3752679937615178
6217,6190,19.0,4.102183867708275,77.94149348645723,77.94149348645723,15.588298697291448,3211.189531642038,963356.8594926115,0.9633568594926115
6220,6236,19.0,2.518273502822006,47.84719655361811,47.84719655361811,9.569439310723622,1971.304498009066,591391.3494027198,0.5913913494027198
6223,6168,19.0,4.054030848975738,77.02658613053902,77.02658613053902,15.405317226107805,3173.4953485782075,952048.6045734623,0.9520486045734623
6226,6245,19.0,5.92479930658511,112.5711868251171,112.5711868251171,22.51423736502342,4637.932897194824,1391379.8691584473,1.3913798691584474
6228,6171,19.0,12.529279186537796,238.0563045442181,238.0563045442181,47.611260908843626,9807.919747221787,2942375.9241665364,2.9423759241665364
6233,6215,19.0,2.765236325009724,52.53949017518475,52.53949017518475,10.507898035036952,2164.626995217612,649388.0985652837,0.6493880985652837
6234,6214,19.0,2.218769403771921,42.15661867166649,42.15661867166649,8.431323734333299,1736.8526892726595,521055.80678179784,0.5210558067817979
6235,6237,19.0,4.690368944932123,89.11700995371034,89.11700995371034,17.823401990742067,3671.6208100928657,1101486.2430278596,1.1014862430278596
6237,6235,19.0,4.63904982261767,88.14194662973573,88.14194662973573,17.628389325947147,3631.4482011451123,1089434.4603435337,1.0894344603435338
6241,6214,19.0,5.494057479937258,104.3870921188079,104.3870921188079,20.877418423761583,4300.748195294886,1290224.4585884656,1.2902244585884657
6245,6216,19.0,5.906991746419038,112.23284318196173,112.23284318196173,22.446568636392346,4623.993139096823,1387197.9417290469,1.387197941729047
6245,6226,19.0,6.039633138372221,114.75302962907219,114.75302962907219,22.95060592581444,4727.824820717775,1418347.4462153325,1.4183474462153325
6245,6232,19.0,2.641515801273608,50.18880022419855,50.18880022419855,10.037760044839711,2067.7785692369803,620333.5707710941,0.6203335707710941
6245,6239,19.0,3.54952616833805,67.44099719842295,67.44099719842295,13.48819943968459,2778.5690845750255,833570.7253725077,0.8335707253725076
6246,6181,19.0,7.098000264621944,134.86200502781693,134.86200502781693,26.972401005563388,5556.314607146058,1666894.3821438174,1.6668943821438174
6125,6236,18.0,11.313194284673106,203.6374971241159,203.6374971241159,40.72749942482318,8389.864881513575,2516959.4644540725,2.5169594644540725
6168,6197,18.0,6.770805948219537,121.87450706795167,121.87450706795167,24.374901413590337,5021.229691199609,1506368.9073598827,1.5063689073598827
6168,6201,18.0,4.112510798649557,74.02519437569202,74.02519437569202,14.805038875138406,3049.8380082785116,914951.4024835535,0.9149514024835536
6171,6262,18.0,3.512672725306736,63.228109055521244,63.228109055521244,12.645621811104249,2604.9980930874754,781499.4279262426,0.7814994279262426
6181,6182,18.0,9.78742559103244,176.17366063858393,176.17366063858393,35.23473212771679,7258.354818309658,2177506.4454928976,2.177506445492898
6185,6209,18.0,7.089548223491703,127.61186802285066,127.61186802285066,25.522373604570134,5257.608962541448,1577282.6887624343,1.5772826887624343
6188,6181,18.0,8.207261487343901,147.73070677219022,147.73070677219022,29.546141354438046,6086.505119014238,1825951.5357042712,1.8259515357042713
6193,6215,18.0,2.218988176207075,39.941787171727356,39.941787171727356,7.988357434345471,1645.601631475167,493680.4894425501,0.4936804894425501
6196,6241,18.0,6.099072217907905,109.78329992234228,109.78329992234228,21.95665998446846,4523.071956800502,1356921.5870401508,1.3569215870401508
6197,6168,18.0,6.884041421852349,123.9127455933423,123.9127455933423,24.78254911866846,5105.205118445702,1531561.5355337106,1.5315615355337107
6197,6220,18.0,11.898317521647387,214.16971538965296,214.16971538965296,42.8339430779306,8823.792274053703,2647137.682216111,2.647137682216111
6198,6243,18.0,7.204320086893998,129.67776156409195,129.67776156409195,25.93555231281839,5342.723776440588,1602817.1329321763,1.6028171329321763
6200,6196,18.0,7.581902318834183,136.4742417390153,136.4742417390153,27.29484834780306,5622.738759647431,1686821.6278942293,1.6868216278942292
6201,6168,18.0,3.876382414762045,69.77488346571681,69.77488346571681,13.954976693143363,2874.725198787533,862417.5596362599,0.8624175596362599
6202,6173,18.0,2.994930030236273,53.908740544252915,53.908740544252915,10.781748108850584,2221.04011042322,666312.033126966,0.666312033126966
6204,6256,18.0,5.518707240385855,99.3367303269454,99.3367303269454,19.867346065389082,4092.673289470151,1227801.9868410453,1.2278019868410452
6208,6211,18.0,10.882677369171143,195.88819264508058,195.88819264508058,39.17763852901612,8070.5935369773215,2421178.0610931963,2.421178061093196
6208,6231,18.0,2.57615242312249,46.37074361620482,46.37074361620482,9.274148723240964,1910.4746369876386,573142.3910962916,0.5731423910962916
6209,6185,18.0,7.013327382000116,126.23989287600209,126.23989287600209,25.24797857520042,5201.083586491287,1560325.075947386,1.560325075947386
6211,6252,18.0,8.948763802173074,161.07774843911534,161.07774843911534,32.21554968782307,6636.403235691552,1990920.9707074657,1.9909209707074658
6214,6226,18.0,3.810295413398924,68.58531744118064,68.58531744118064,13.717063488236128,2825.7150785766426,847714.5235729928,0.8477145235729928
6216,6238,18.0,6.89726872352921,124.15083702352578,124.15083702352578,24.830167404705158,5115.014485369263,1534504.3456107788,1.5345043456107788
6220,6197,18.0,10.921346849039967,196.5842432827194,196.5842432827194,39.31684865654388,8099.27082324804,2429781.246974412,2.429781246974412
6222,6223,18.0,5.682545613419851,102.28582104155731,102.28582104155731,20.457164208311465,4214.175826912162,1264252.7480736487,1.2642527480736487
6224,6235,18.0,5.402591413559326,97.24664544406787,97.24664544406787,19.449329088813574,4006.561792295596,1201968.5376886788,1.2019685376886788
6226,6256,18.0,6.980278573692188,125.64501432645939,125.64501432645939,25.12900286529188,5176.574590250128,1552972.3770750384,1.5529723770750383
6228,6238,18.0,2.503017232679372,45.0543101882287,45.0543101882287,9.01086203764574,1856.2375797550226,556871.2739265068,0.5568712739265067
6232,6233,18.0,5.19813931223843,93.56650762029174,93.56650762029174,18.71330152405835,3854.9401139560196,1156482.0341868058,1.1564820341868058
6233,6200,18.0,5.814762801575024,104.66573042835043,104.66573042835043,20.93314608567009,4312.228093648038,1293668.4280944115,1.2936684280944115
6233,6232,18.0,4.670101805078006,84.0618324914041,84.0618324914041,16.81236649828082,3463.347498645849,1039004.2495937548,1.0390042495937548
6236,6125,18.0,11.19254683471166,201.46584302480989,201.46584302480989,40.29316860496198,8300.392732622167,2490117.81978665,2.4901178197866503
6236,6230,18.0,3.491114030031648,62.84005254056966,62.84005254056966,12.568010508113932,2589.01016467147,776703.049401441,0.776703049401441
6238,6216,18.0,7.539037473775353,135.70267452795636,135.70267452795636,27.140534905591274,5590.950190551803,1677285.0571655408,1.6772850571655407
6238,6228,18.0,2.995624735094065,53.92124523169317,53.92124523169317,10.784249046338635,2221.5553035457588,666466.5910637276,0.6664665910637276
6241,6196,18.0,7.353340864148139,132.3601355546665,132.3601355546665,26.4720271109333,5453.23758485226,1635971.2754556779,1.6359712754556779
6245,6243,18.0,4.360518126764922,78.4893262817686,78.4893262817686,15.69786525635372,3233.7602428088667,970128.07284266,0.97012807284266
6246,6216,18.0,7.718886429032654,138.93995572258777,138.93995572258777,27.787991144517555,5724.326175770616,1717297.8527311848,1.7172978527311848
6250,6197,18.0,11.40311199303,205.25601587454,205.25601587454,41.051203174908004,8456.547854031049,2536964.3562093144,2.5369643562093143
6251,6171,18.0,10.056564331054688,181.01815795898438,181.01815795898438,36.20363159179688,7457.948107910157,2237384.432373047,2.2373844323730467
6252,6224,18.0,3.662683337254594,65.9283000705827,65.9283000705827,13.18566001411654,2716.245962908007,814873.7888724022,0.8148737888724021
6256,6226,18.0,6.97357996529375,125.5244393752875,125.5244393752875,25.1048878750575,5171.606902261845,1551482.0706785535,1.5514820706785535
6261,6250,18.0,12.745802136778632,229.4244384620154,229.4244384620154,45.88488769240308,9452.286864635034,2835686.0593905104,2.83568605939051
6261,6251,18.0,10.03964614868164,180.71363067626953,180.71363067626953,36.14272613525391,7445.401583862305,2233620.4751586914,2.233620475158691
6118,6168,17.0,4.773247820520522,81.14521294884888,81.14521294884888,16.229042589769776,3343.1827734925737,1002954.8320477721,1.0029548320477721
6168,6220,17.0,5.076774471395576,86.3051660137248,86.3051660137248,17.26103320274496,3555.772839765462,1066731.8519296385,1.0667318519296385
6173,6224,17.0,10.450654864602658,177.66113269824518,177.66113269824518,35.53222653964904,7319.638667167702,2195891.6001503104,2.1958916001503104
6173,6247,17.0,24.12401639912532,410.10827878513044,410.10827878513044,82.0216557570261,16896.461085947376,5068938.325784213,5.068938325784213
6177,6229,17.0,6.529221377845698,110.99676342337686,110.99676342337686,22.199352684675375,4573.066653043127,1371919.9959129381,1.3719199959129382
6179,6235,17.0,5.267255365959773,89.54334122131614,89.54334122131614,17.90866824426323,3689.1856583182253,1106755.6974954675,1.1067556974954675
6179,6244,17.0,6.904593268730744,117.37808556842265,117.37808556842265,23.47561711368453,4835.977125419014,1450793.137625704,1.450793137625704
6185,6240,17.0,7.636283346475362,129.81681689008116,129.81681689008116,25.963363378016233,5348.452855871344,1604535.8567614031,1.6045358567614032
6189,6199,17.0,4.226335384760025,71.84770154092043,71.84770154092043,14.369540308184085,2960.1253034859214,888037.5910457764,0.8880375910457764
6189,6230,17.0,2.840984944127237,48.29674405016303,48.29674405016303,9.659348810032606,1989.8258548667168,596947.7564600151,0.5969477564600151
6193,6245,17.0,7.022750757833781,119.38676288317427,119.38676288317427,23.877352576634856,4918.73463078678,1475620.3892360341,1.4756203892360342
6199,6189,17.0,4.224714138422135,71.82014035317628,71.82014035317628,14.364028070635257,2958.989782550863,887696.9347652588,0.8876969347652588
6199,6226,17.0,3.806435718670292,64.70940721739497,64.70940721739497,12.941881443478994,2666.0275773566727,799808.2732070019,0.7998082732070019
6199,6245,17.0,9.073983339611475,154.2577167733951,154.2577167733951,30.85154335467902,6355.417931063878,1906625.3793191635,1.9066253793191634
6203,6177,17.0,3.605498386062033,61.29347256305456,61.29347256305456,12.258694512610912,2525.291069597848,757587.3208793544,0.7575873208793543
6203,6231,17.0,13.232100360275435,224.9457061246824,224.9457061246824,44.98914122493648,9267.763092336916,2780328.9277010746,2.7803289277010745
6205,6221,17.0,3.039513146114488,51.671723483946295,51.671723483946295,10.334344696789259,2128.8750075385874,638662.5022615762,0.6386625022615763
6205,6238,17.0,3.357763443269392,57.081978535579665,57.081978535579665,11.416395707115933,2351.777515665882,705533.2546997647,0.7055332546997647
6207,6195,17.0,6.94990104531426,118.14831777034242,118.14831777034242,23.629663554068486,4867.710692138108,1460313.2076414325,1.4603132076414325
6209,6220,17.0,3.184383002950475,54.134511050158075,54.134511050158075,10.826902210031616,2230.341855266513,669102.5565799539,0.6691025565799539
6209,6261,17.0,11.784624524547667,200.33861691731033,200.33861691731033,40.06772338346207,8253.951016993185,2476185.3050979557,2.476185305097956
6212,6220,17.0,3.045435410466039,51.77240197792266,51.77240197792266,10.354480395584533,2133.0229614904138,639906.8884471242,0.6399068884471242
6212,6236,17.0,5.169061036072274,87.87403761322867,87.87403761322867,17.574807522645735,3620.4103496650214,1086123.1048995063,1.0861231048995064
6213,6250,17.0,3.376736323371933,57.40451749732286,57.40451749732286,11.480903499464572,2365.066120889702,709519.8362669105,0.7095198362669105
6215,6239,17.0,2.459134863566812,41.8052926806358,41.8052926806358,8.36105853612716,1722.378058442195,516713.4175326585,0.5167134175326585
6216,6218,17.0,7.522453614065901,127.88171143912031,127.88171143912031,25.576342287824062,5268.726511291757,1580617.953387527,1.580617953387527
6220,6168,17.0,5.278774135702216,89.73916030693768,89.73916030693768,17.947832061387537,3697.2534046458327,1109176.0213937499,1.1091760213937498
6220,6209,17.0,3.063205329610632,52.074490603380745,52.074490603380745,10.414898120676149,2145.4690128592865,643640.7038577859,0.6436407038577859
6220,6237,17.0,3.879789857219628,65.95642757273367,65.95642757273367,13.191285514546735,2717.4048159966273,815221.4447989882,0.8152214447989882
6221,6205,17.0,2.9263081900598,49.7472392310166,49.7472392310166,9.94944784620332,2049.586256317884,614875.8768953652,0.6148758768953652
6222,6195,17.0,3.696419258784514,62.83912739933674,62.83912739933674,12.567825479867349,2588.9720488526737,776691.6146558021,0.7766916146558022
6223,6240,17.0,6.558711861119164,111.49810163902579,111.49810163902579,22.299620327805158,4593.721787527863,1378116.536258359,1.378116536258359
6224,6173,17.0,10.602031150799299,180.23452956358807,180.23452956358807,36.04690591271761,7425.662618019828,2227698.7854059483,2.2276987854059485
6228,6209,17.0,2.205680749659682,37.496572744214596,37.496572744214596,7.49931454884292,1544.8587970616413,463457.63911849237,0.46345763911849236
6231,6239,17.0,2.528007495875292,42.976127429879966,42.976127429879966,8.595225485975993,1770.6164501110545,531184.9350333164,0.5311849350333164
6234,6205,17.0,3.219726688715625,54.735353708165626,54.735353708165626,10.947070741633127,2255.096572776424,676528.9718329272,0.6765289718329272
6235,6202,17.0,4.603982277636538,78.26769871982114,78.26769871982114,15.65353974396423,3224.629187256631,967388.7561769894,0.9673887561769894
6235,6243,17.0,8.769420533272648,149.080149065635,149.080149065635,29.816029813127003,6142.102141504162,1842630.6424512486,1.8426306424512486
6236,6226,17.0,4.32445528161724,73.51573978749309,73.51573978749309,14.703147957498619,3028.8484792447152,908654.5437734146,0.9086545437734146
6238,6214,17.0,2.235455858947109,38.00274960210085,38.00274960210085,7.60054992042017,1565.713283606555,469713.9850819665,0.4697139850819665
6238,6226,17.0,4.579686819221034,77.85467592675758,77.85467592675758,15.570935185351516,3207.612648182412,962283.7944547236,0.9622837944547236
6239,6199,17.0,6.394526288199233,108.70694689938696,108.70694689938696,21.741389379877393,4478.726212254743,1343617.8636764227,1.3436178636764227
6239,6215,17.0,2.556218908976969,43.45572145260847,43.45572145260847,8.691144290521695,1790.375723847469,537112.7171542407,0.5371127171542407
6239,6231,17.0,3.476470958714552,59.100006298147385,59.100006298147385,11.820001259629478,2434.9202594836725,730476.0778451017,0.7304760778451017
6239,6262,17.0,11.006090107939864,187.10353183497767,187.10353183497767,37.42070636699554,7708.665511601081,2312599.653480324,2.312599653480324
6243,6189,17.0,11.011014979174645,187.18725464596895,187.18725464596895,37.437450929193794,7712.114891413921,2313634.467424176,2.313634467424176
6243,6236,17.0,6.37279036414662,108.33743619049254,108.33743619049254,21.66748723809851,4463.502371048293,1339050.7113144877,1.3390507113144878
6245,6193,17.0,6.668984178078017,113.3727310273263,113.3727310273263,22.674546205465262,4670.956518325844,1401286.955497753,1.4012869554977532
6245,6199,17.0,24.8820522744022,422.9948886648374,422.9948886648374,84.59897773296748,17427.389412991302,5228216.823897391,5.228216823897391
6247,6246,17.0,4.736557940054665,80.5214849809293,80.5214849809293,16.104296996185862,3317.485181214288,995245.5543642864,0.9952455543642864
6250,6213,17.0,4.096014871820804,69.63225282095367,69.63225282095367,13.926450564190734,2868.848816223291,860654.6448669874,0.8606546448669874
6261,6209,17.0,11.656538434459778,198.16115338581622,198.16115338581622,39.63223067716325,8164.23951949563,2449271.855848689,2.4492718558486892
6262,6239,17.0,12.067205372832442,205.1424913381515,205.1424913381515,41.028498267630304,8451.870643131842,2535561.1929395525,2.5355611929395523
6264,6262,17.0,6.237981570729803,106.04568670240666,106.04568670240666,21.209137340481334,4369.082292139155,1310724.6876417464,1.3107246876417464
6118,6189,16.0,5.418681004230046,86.69889606768074,86.69889606768074,17.339779213536147,3571.994517988446,1071598.3553965339,1.0715983553965338
6123,6256,16.0,4.347641664542608,69.56226663268173,69.56226663268173,13.912453326536346,2865.9653852664874,859789.6155799462,0.8597896155799462
6173,6196,16.0,9.168337825335005,146.69340520536008,146.69340520536008,29.338681041072018,6043.768294460836,1813130.4883382507,1.8131304883382506
6173,6229,16.0,7.472848544535446,119.56557671256714,119.56557671256714,23.91311534251343,4926.101760557766,1477830.52816733,1.47783052816733
6177,6187,16.0,6.127429507205481,98.0388721152877,98.0388721152877,19.607774423057542,4039.2015311498535,1211760.459344956,1.211760459344956
6177,6211,16.0,2.927903658351225,46.8464585336196,46.8464585336196,9.369291706723919,1930.0740915851272,579022.2274755382,0.5790222274755381
6179,6118,16.0,3.707716433914401,59.323462942630414,59.323462942630414,11.864692588526083,2444.126673236373,733238.0019709119,0.7332380019709118
6193,6171,16.0,5.77637631661128,92.42202106578048,92.42202106578048,18.484404213156097,3807.787267910156,1142336.1803730468,1.1423361803730467
6193,6233,16.0,4.681454945679773,74.90327913087637,74.90327913087637,14.980655826175274,3086.0151001921067,925804.530057632,0.925804530057632
6195,6224,16.0,3.67394974789775,58.783195966364,58.783195966364,11.7566391932728,2421.8676738141967,726560.302144259,0.7265603021442589
6196,6220,16.0,3.944783008913312,63.11652814261299,63.11652814261299,12.6233056285226,2600.4009594756553,780120.2878426966,0.7801202878426966
6197,6209,16.0,13.478730950623254,215.65969520997206,215.65969520997206,43.131939041994414,8885.17944265085,2665553.832795255,2.665553832795255
6199,6208,16.0,19.59978402860068,313.5965444576109,313.5965444576109,62.71930889152218,12920.177631653569,3876053.2894960707,3.876053289496071
6199,6235,16.0,5.526329131593518,88.42126610549629,88.42126610549629,17.684253221099258,3642.956163546447,1092886.849063934,1.092886849063934
6199,6251,16.0,5.050538226855168,80.80861162968269,80.80861162968269,16.161722325936537,3329.314799142927,998794.4397428781,0.9987944397428781
6201,6222,16.0,2.931172309319232,46.898756949107714,46.898756949107714,9.379751389821543,1932.2287863032377,579668.6358909713,0.5796686358909713
6205,6185,16.0,4.168103059021622,66.68964894434595,66.68964894434595,13.33792978886919,2747.613536507053,824284.0609521159,0.8242840609521159
6205,6246,16.0,3.9676595130944,63.4825522095104,63.4825522095104,12.696510441902081,2615.4811510318286,784644.3453095485,0.7846443453095485
6207,6239,16.0,3.299940000277876,52.79904000444601,52.79904000444601,10.559808000889204,2175.320448183176,652596.1344549528,0.6525961344549528
6208,6199,16.0,12.190666955993862,195.0506712959018,195.0506712959018,39.01013425918036,8036.087657391155,2410826.2972173463,2.4108262972173464
6209,6197,16.0,13.195802483826379,211.13283974122206,211.13283974122206,42.226567948244416,8698.67299733835,2609601.899201505,2.609601899201505
6209,6235,16.0,3.986344689539924,63.78151503263879,63.78151503263879,12.756303006527759,2627.7984193447182,788339.5258034155,0.7883395258034155
6211,6177,16.0,2.968225008448881,47.4916001351821,47.4916001351821,9.498320027036419,1956.6539255695022,586996.1776708507,0.5869961776708507
6211,6239,16.0,4.285520519882975,68.5683283181276,68.5683283181276,13.71366566362552,2825.0151267068572,847504.5380120572,0.8475045380120572
6213,6248,16.0,2.967438844281897,47.47902150851035,47.47902150851035,9.495804301702071,1956.1356861506267,586840.705845188,0.586840705845188
6216,6195,16.0,9.435936360131748,150.97498176210797,150.97498176210797,30.194996352421597,6220.169248598849,1866050.7745796547,1.8660507745796546
6217,6243,16.0,5.064649214509061,81.03438743214498,81.03438743214498,16.206877486428997,3338.6167622043736,1001585.0286613121,1.0015850286613122
6220,6179,16.0,5.09078577531759,81.45257240508144,81.45257240508144,16.290514481016288,3355.8459830893553,1006753.7949268066,1.0067537949268066
6222,6201,16.0,2.980264067112917,47.68422507380667,47.68422507380667,9.536845014761335,1964.590073040835,589377.0219122506,0.5893770219122505
6222,6256,16.0,10.417148969459713,166.67438351135542,166.67438351135542,33.33487670227108,6866.984600667843,2060095.3802003528,2.0600953802003525
6223,6193,16.0,2.745803029117783,43.932848465884526,43.932848465884526,8.786569693176906,1810.0333567944426,543010.0070383328,0.5430100070383328
6223,6243,16.0,11.61850138759344,185.89602220149504,185.89602220149504,37.17920444029901,7658.916114701596,2297674.834410479,2.2976748344104787
6226,6239,16.0,2.597642571482066,41.56228114371306,41.56228114371306,8.312456228742612,1712.365983120978,513709.7949362934,0.5137097949362934
6229,6173,16.0,7.475366244730759,119.60585991569215,119.60585991569215,23.921171983138432,4927.761428526517,1478328.4285579552,1.4783284285579552
6230,6199,16.0,4.693267409479843,75.0922785516775,75.0922785516775,15.0184557103355,3093.801876329113,928140.5628987339,0.9281405628987339
6232,6243,16.0,2.707101230893687,43.31361969429899,43.31361969429899,8.662723938859799,1784.5211314051185,535356.3394215355,0.5353563394215355
6233,6193,16.0,4.532610606078039,72.52176969724863,72.52176969724863,14.504353939449727,2987.8969115266436,896369.0734579931,0.8963690734579931
6234,6223,16.0,6.691224448904486,107.05959118247178,107.05959118247178,21.41191823649436,4410.855156717837,1323256.5470153512,1.3232565470153512
6234,6239,16.0,2.920404685515581,46.7264749682493,46.7264749682493,9.34529499364986,1925.1307686918713,577539.2306075614,0.5775392306075614
6239,6211,16.0,4.276609387070476,68.42575019312761,68.42575019312761,13.685150038625522,2819.1409079568575,845742.2723870573,0.8457422723870573
6239,6216,16.0,9.297788361534431,148.7646137845509,148.7646137845509,29.75292275691018,6129.1020879234975,1838730.6263770491,1.838730626377049
6239,6234,16.0,3.404595362953799,54.473525807260785,54.473525807260785,10.894705161452158,2244.3092632591447,673292.7789777435,0.6732927789777434
6240,6222,16.0,2.000941599242998,32.01506558788797,32.01506558788797,6.4030131175775935,1319.0207022209843,395706.21066629526,0.39570621066629524
6240,6247,16.0,3.310822575515614,52.97316120824983,52.97316120824983,10.594632241649967,2182.494241779893,654748.2725339679,0.6547482725339678
6241,6240,16.0,3.709751345365626,59.35602152585002,59.35602152585002,11.871204305170004,2445.4680868650207,733640.4260595063,0.7336404260595063
6243,6217,16.0,5.444834122893282,87.11734596629252,87.11734596629252,17.423469193258505,3589.234653811252,1076770.3961433757,1.0767703961433757
6245,6235,16.0,4.564267396742101,73.02827834787361,73.02827834787361,14.605655669574723,3008.765067932393,902629.5203797178,0.9026295203797178
6246,6205,16.0,3.976093808748697,63.61750093997915,63.61750093997915,12.723500187995832,2621.0410387271413,786312.3116181424,0.7863123116181424
6246,6213,16.0,2.689241560909492,43.027864974551875,43.027864974551875,8.605572994910375,1772.7480369515372,531824.4110854611,0.5318244110854612
6246,6243,16.0,6.172412809378538,98.75860495005661,98.75860495005661,19.75172099001132,4068.8545239423324,1220656.3571826997,1.2206563571826998
6248,6213,16.0,2.715026261138971,43.44042017822353,43.44042017822353,8.688084035644707,1789.7453113428096,536923.5934028429,0.5369235934028429
6251,6199,16.0,5.966881915820012,95.47011065312019,95.47011065312019,19.094022130624037,3933.3685589085517,1180010.5676725656,1.1800105676725656
6251,6264,16.0,3.907098243616426,62.51357189786282,62.51357189786282,12.502714379572565,2575.5591621919484,772667.7486575845,0.7726677486575846
6256,6198,16.0,14.898529792189889,238.37647667503822,238.37647667503822,47.67529533500765,9821.110839011575,2946333.2517034723,2.9463332517034724
6256,6222,16.0,10.543869397926509,168.70191036682414,168.70191036682414,33.74038207336483,6950.518707113154,2085155.6121339463,2.085155612133946
6264,6251,16.0,2.648756553746856,42.3801048599497,42.3801048599497,8.47602097198994,1746.0603202299276,523818.09606897825,0.5238180960689782
6117,6193,15.0,7.140409061972608,107.10613592958913,107.10613592958913,21.42122718591783,4412.7728002990725,1323831.8400897218,1.3238318400897218
6174,6233,15.0,6.724576219729509,100.86864329594263,100.86864329594263,20.173728659188527,4155.788103792836,1246736.431137851,1.246736431137851
6177,6178,15.0,4.553983541206542,68.30975311809813,68.30975311809813,13.661950623619626,2814.361828465643,844308.548539693,0.844308548539693
6178,6168,15.0,6.67599609196817,100.13994137952254,100.13994137952254,20.02798827590451,4125.765584836328,1237729.6754508985,1.2377296754508984
6178,6177,15.0,4.548971028999511,68.23456543499266,68.23456543499266,13.646913086998532,2811.264095921698,843379.2287765094,0.8433792287765094
6178,6199,15.0,4.232590839159855,63.48886258739782,63.48886258739782,12.697772517479564,2615.7411386007902,784722.341580237,0.784722341580237
6179,6213,15.0,8.140983343600155,122.11475015400232,122.11475015400232,24.422950030800465,5031.127706344896,1509338.3119034688,1.509338311903469
6185,6218,15.0,6.853549437802877,102.80324156704314,102.80324156704314,20.56064831340863,4235.493552562178,1270648.0657686533,1.2706480657686532
6188,6209,15.0,10.778014702719082,161.67022054078623,161.67022054078623,32.33404410815725,6660.813086280394,1998243.925884118,1.998243925884118
6189,6236,15.0,5.664427790087126,84.96641685130689,84.96641685130689,16.993283370261377,3500.6163742738436,1050184.912282153,1.050184912282153
6190,6202,15.0,6.770763893942744,101.56145840914117,101.56145840914117,20.312291681828235,4184.332086456617,1255299.625936985,1.255299625936985
6190,6209,15.0,2.924305412703421,43.86458119055132,43.86458119055132,8.772916238110264,1807.2207450507144,542166.2235152143,0.5421662235152143
6190,6264,15.0,7.366742582306538,110.50113873459806,110.50113873459806,22.100227746919614,4552.646915865441,1365794.0747596323,1.3657940747596324
6193,6117,15.0,7.118577549521437,106.77866324282157,106.77866324282157,21.355732648564313,4399.280925604248,1319784.2776812746,1.3197842776812745
6198,6245,15.0,4.794275123582512,71.91412685373768,71.91412685373768,14.382825370747538,2962.8620263739926,888858.6079121978,0.8888586079121978
6199,6178,15.0,4.208768054736027,63.13152082104041,63.13152082104041,12.626304164208083,2601.018657826865,780305.5973480595,0.7803055973480595
6205,6224,15.0,3.542564139769681,53.13846209654522,53.13846209654522,10.627692419309044,2189.304638377663,656791.391513299,0.656791391513299
6207,6224,15.0,5.909636468260838,88.64454702391257,88.64454702391257,17.728909404782513,3652.1553373851975,1095646.6012155593,1.0956466012155592
6209,6190,15.0,3.064594719344047,45.96892079016071,45.96892079016071,9.193784158032143,1893.9195365546213,568175.8609663864,0.5681758609663864
6211,6232,15.0,10.412216890488144,156.18325335732217,156.18325335732217,31.236650671464435,6434.750038321674,1930425.0114965022,1.9304250114965023
6213,6214,15.0,2.201304051030266,33.019560765453996,33.019560765453996,6.6039121530908,1360.4059035367047,408121.7710610114,0.40812177106101144
6213,6223,15.0,7.136264436739003,107.04396655108505,107.04396655108505,21.40879331021701,4410.211421904704,1323063.4265714113,1.3230634265714114
6214,6208,15.0,6.909372018845919,103.64058028268879,103.64058028268879,20.728116056537758,4269.991907646778,1280997.5722940334,1.2809975722940334
6214,6213,15.0,2.19541246398109,32.93118695971635,32.93118695971635,6.58623739194327,1356.7649027403138,407029.4708220941,0.4070294708220941
6216,6213,15.0,6.679867949658943,100.19801924488415,100.19801924488415,20.03960384897683,4128.158392889227,1238447.5178667682,1.2384475178667682
6217,6232,15.0,2.889626533793138,43.344398006897066,43.344398006897066,8.668879601379414,1785.7891978841594,535736.7593652478,0.5357367593652478
6218,6185,15.0,6.789184675412852,101.83777013119278,101.83777013119278,20.367554026238558,4195.716129405143,1258714.838821543,1.258714838821543
6224,6207,15.0,6.341778287904743,95.12667431857115,95.12667431857115,19.02533486371423,3919.2189819251316,1175765.6945775396,1.1757656945775397
6225,6209,15.0,5.771788340196614,86.57682510294921,86.57682510294921,17.315365020589844,3566.965194241508,1070089.5582724523,1.0700895582724523
6225,6235,15.0,8.438697060475187,126.5804559071278,126.5804559071278,25.316091181425563,5215.114783373666,1564534.4350120998,1.5645344350120998
6228,6196,15.0,3.793343634040487,56.9001545106073,56.9001545106073,11.380030902121462,2344.286365837021,703285.9097511063,0.7032859097511063
6232,6211,15.0,10.692047823105332,160.38071734657998,160.38071734657998,32.076143469316,6607.685554679097,1982305.666403729,1.982305666403729
6233,6174,15.0,6.664842392989008,99.97263589483512,99.97263589483512,19.994527178967026,4118.872598867208,1235661.7796601623,1.2356617796601623
6236,6224,15.0,2.375022143761778,35.62533215642667,35.62533215642667,7.125066431285335,1467.763684844779,440329.1054534337,0.4403291054534337
6237,6229,15.0,3.132330315859306,46.98495473788959,46.98495473788959,9.396990947577917,1935.780135201051,580734.0405603154,0.5807340405603154
6240,6229,15.0,2.265377167764618,33.98065751646927,33.98065751646927,6.7961315032938545,1400.003089678534,420000.92690356023,0.4200009269035602
6241,6237,15.0,2.668142786917346,40.02214180376019,40.02214180376019,8.004428360752039,1648.91224231492,494673.672694476,0.494673672694476
6243,6201,15.0,9.225925611073379,138.3888841661007,138.3888841661007,27.67777683322014,5701.622027643349,1710486.6082930046,1.7104866082930046
6245,6198,15.0,4.479604560838371,67.19406841257558,67.19406841257558,13.438813682515116,2768.3956185981137,830518.6855794342,0.8305186855794342
6247,6215,15.0,7.240957450105046,108.6143617515757,108.6143617515757,21.722872350315143,4474.91170416492,1342473.5112494759,1.342473511249476
6247,6265,15.0,8.078426142689377,121.17639214034065,121.17639214034065,24.23527842806813,4992.4673561820355,1497740.2068546107,1.4977402068546106
6248,6223,15.0,6.198927874391646,92.98391811587469,92.98391811587469,18.59678362317494,3830.9374263740374,1149281.2279122113,1.1492812279122113
6250,6224,15.0,3.588471420562502,53.82707130843753,53.82707130843753,10.765414261687507,2217.6753379076263,665302.6013722878,0.6653026013722878
6264,6188,15.0,4.512594745030028,67.68892117545042,67.68892117545042,13.537784235090085,2788.7835524285574,836635.0657285672,0.8366350657285672
6264,6190,15.0,7.075833768829976,106.13750653244963,106.13750653244963,21.227501306489927,4372.865269136925,1311859.5807410777,1.3118595807410776
6265,6214,15.0,2.699296986446906,40.48945479670359,40.48945479670359,8.097890959340718,1668.165537624188,500449.66128725634,0.5004496612872563
6265,6236,15.0,2.865392937815248,42.98089406722872,42.98089406722872,8.596178813445745,1770.8128355698234,531243.850670947,0.531243850670947
6265,6244,15.0,2.168749244098729,32.531238661480934,32.531238661480934,6.506247732296187,1340.2870328530146,402086.10985590436,0.4020861098559044
6265,6247,15.0,6.73883841419539,101.08257621293086,101.08257621293086,20.216515242586173,4164.6021399727515,1249380.6419918255,1.2493806419918256
6123,6174,14.0,9.387349695543357,131.422895737607,131.422895737607,26.284579147521402,5414.623304389409,1624386.9913168226,1.6243869913168225
6123,6244,14.0,15.271469346229553,213.80057084721375,213.80057084721375,42.76011416944275,8808.583518905207,2642575.055671562,2.642575055671562
6168,6189,14.0,2.103669878045461,29.451378292636452,29.451378292636452,5.89027565852729,1213.396785656622,364019.03569698654,0.3640190356969865
6168,6199,14.0,3.73576746594308,52.30074452320312,52.30074452320312,10.460148904640626,2154.790674355969,646437.2023067906,0.6464372023067906
6185,6215,14.0,3.460407734626368,48.445708284769154,48.445708284769154,9.689141656953831,1995.9631813324893,598788.9543997468,0.5987889543997469
6185,6239,14.0,5.610326722019169,78.54457410826836,78.54457410826836,15.708914821653673,3236.036453260657,970810.935978197,0.970810935978197
6189,6201,14.0,2.475995892759471,34.66394249863259,34.66394249863259,6.932788499726519,1428.1544309436629,428446.32928309886,0.4284463292830989
6190,6233,14.0,5.056551596104738,70.79172234546633,70.79172234546633,14.158344469093265,2916.6189606332127,874985.6881899638,0.8749856881899638
6195,6208,14.0,4.470854060173225,62.59195684242515,62.59195684242515,12.51839136848503,2578.7886219079164,773636.5865723749,0.7736365865723749
6195,6237,14.0,4.608895954383202,64.52454336136483,64.52454336136483,12.904908672272967,2658.411186488231,797523.3559464694,0.7975233559464694
6201,6244,14.0,3.937135035886528,55.119890502411394,55.119890502411394,11.02397810048228,2270.9394886993496,681281.8466098049,0.6812818466098048
6202,6222,14.0,8.883344062291883,124.36681687208636,124.36681687208636,24.873363374417274,5123.912855129958,1537173.8565389875,1.5371738565389874
6207,6233,14.0,3.871826161264023,54.20556625769632,54.20556625769632,10.841113251539264,2233.2693298170884,669980.7989451265,0.6699807989451265
6207,6234,14.0,5.29012594373061,74.06176321222854,74.06176321222854,14.81235264244571,3051.344644343816,915403.3933031448,0.9154033933031448
6208,6209,14.0,2.44283715368576,34.199720151600644,34.199720151600644,6.8399440303201295,1409.0284702459467,422708.541073784,0.42270854107378397
6208,6216,14.0,5.83875853479721,81.74261948716095,81.74261948716095,16.34852389743219,3367.7959228710315,1010338.7768613094,1.0103387768613095
6220,6250,14.0,3.952355456471527,55.33297639060138,55.33297639060138,11.066595278120277,2279.718627292777,683915.5881878331,0.683915588187833
6221,6226,14.0,5.337169706880582,74.72037589632815,74.72037589632815,14.944075179265631,3078.4794869287202,923543.8460786161,0.9235438460786161
6222,6202,14.0,6.61247045753674,92.57458640551437,92.57458640551437,18.514917281102875,3814.0729599071924,1144221.8879721577,1.1442218879721577
6226,6221,14.0,5.367115080415737,75.13961112582032,75.13961112582032,15.027922225164065,3095.7519783837975,928725.5935151392,0.9287255935151392
6226,6228,14.0,6.992731646842392,97.89824305579349,97.89824305579349,19.5796486111587,4033.407613898692,1210022.2841696076,1.2100222841696076
6228,6202,14.0,9.293303542399373,130.10624959359123,130.10624959359123,26.021249918718247,5360.377483255959,1608113.2449767878,1.6081132449767879
6228,6246,14.0,2.816915988603711,39.43682384045196,39.43682384045196,7.887364768090392,1624.7971422266207,487439.1426679862,0.4874391426679862
6229,6185,14.0,5.218486134765432,73.05880588671604,73.05880588671604,14.61176117734321,3010.0228025327015,903006.8407598104,0.9030068407598104
6229,6228,14.0,3.967355287064251,55.542974018899514,55.542974018899514,11.108594803779903,2288.37052957866,686511.158873598,0.6865111588735979
6229,6232,14.0,5.245295895297373,73.43414253416321,73.43414253416321,14.686828506832644,3025.4866724075246,907646.0017222574,0.9076460017222574
6230,6244,14.0,2.923479602682824,40.928714437559535,40.928714437559535,8.185742887511907,1686.2630348274529,505878.91044823587,0.5058789104482359
6232,6229,14.0,5.739238156039561,80.34933418455385,80.34933418455385,16.069866836910773,3310.3925684036194,993117.7705210858,0.9931177705210859
6244,6196,14.0,4.087855806008997,57.229981284125955,57.229981284125955,11.445996256825191,2357.8752289059894,707362.5686717968,0.7073625686717968
6246,6215,14.0,4.181344242716397,58.53881939802956,58.53881939802956,11.707763879605913,2411.7993591988184,723539.8077596455,0.7235398077596455
6246,6220,14.0,3.291507626641624,46.081106772982736,46.081106772982736,9.216221354596547,1898.5415990468887,569562.4797140666,0.5695624797140666
6256,6250,14.0,16.292448843655695,228.09428381117974,228.09428381117974,45.61885676223595,9397.484493020605,2819245.3479061816,2.8192453479061816
6265,6208,14.0,6.008114071586876,84.11359700221627,84.11359700221627,16.822719400443255,3465.4801964913104,1039644.0589473931,1.039644058947393
6177,6233,13.0,8.97289426256019,116.64762541328248,116.64762541328248,23.3295250826565,4805.882167027239,1441764.6501081716,1.4417646501081716
6179,6233,13.0,8.205549590534057,106.67214467694274,106.67214467694274,21.334428935388548,4394.892360690041,1318467.7082070122,1.3184677082070122
6185,6203,13.0,4.360840704444058,56.69092915777276,56.69092915777276,11.338185831554553,2335.6662813002376,700699.8843900713,0.7006998843900712
6187,6185,13.0,4.651453022670137,60.46888929471178,60.46888929471178,12.093777858942357,2491.3182389421254,747395.4716826376,0.7473954716826375
6187,6199,13.0,7.613808160286348,98.97950608372253,98.97950608372253,19.795901216744507,4077.9556506493686,1223386.6951948106,1.2233866951948107
6188,6193,13.0,5.833216354401835,75.83181260722385,75.83181260722385,15.166362521444771,3124.270679417623,937281.2038252868,0.9372812038252868
6189,6213,13.0,7.195274482519316,93.5385682727511,93.5385682727511,18.707713654550222,3853.7890128373456,1156136.7038512037,1.1561367038512036
6190,6198,13.0,4.003403892690643,52.04425060497836,52.04425060497836,10.408850120995673,2144.2231249251086,643266.9374775325,0.6432669374775325
6196,6205,13.0,3.198074481835536,41.57496826386197,41.57496826386197,8.314993652772394,1712.888692471113,513866.6077413339,0.5138666077413339
6196,6240,13.0,3.99906803222873,51.98788441897349,51.98788441897349,10.397576883794699,2141.900838061708,642570.2514185123,0.6425702514185123
6198,6233,13.0,4.269496809596162,55.5034585247501,55.5034585247501,11.100691704950021,2286.7424912197043,686022.7473659113,0.6860227473659113
6199,6123,13.0,4.881219158641806,63.45584906234348,63.45584906234348,12.691169812468697,2614.3809813685516,784314.2944105655,0.7843142944105655
6205,6196,13.0,4.072727344384364,52.945455476996734,52.945455476996734,10.589091095399347,2181.3527656522656,654405.8296956797,0.6544058296956797
6205,6211,13.0,4.792342980846691,62.30045875100698,62.30045875100698,12.460091750201396,2566.7789005414875,770033.6701624462,0.7700336701624462
6208,6222,13.0,3.272699114132852,42.54508848372707,42.54508848372707,8.509017696745415,1752.8576455295556,525857.2936588667,0.5258572936588667
6212,6225,13.0,10.978081750447489,142.71506275581734,142.71506275581734,28.54301255116347,5879.860585539675,1763958.1756619026,1.7639581756619027
6212,6235,13.0,2.792194612924629,36.298529968020176,36.298529968020176,7.259705993604036,1495.4994346824315,448649.83040472947,0.44864983040472944
6213,6244,13.0,2.360613861898166,30.68798020467616,30.68798020467616,6.137596040935232,1264.344784432658,379303.4353297974,0.3793034353297974
6221,6125,13.0,12.155941039027738,158.0272335073606,158.0272335073606,31.60544670147212,6510.722020503256,1953216.6061509768,1.9532166061509768
6222,6208,13.0,3.16169523840043,41.102038099205586,41.102038099205586,8.220407619841117,1693.40396968727,508021.190906181,0.508021190906181
6223,6224,13.0,7.557426413812385,98.246543379561,98.246543379561,19.649308675912202,4047.757587237914,1214327.2761713741,1.2143272761713741
6224,6196,13.0,3.147316372339293,40.91511284041081,40.91511284041081,8.183022568082164,1685.7026490249257,505710.7947074777,0.5057107947074777
6225,6221,13.0,5.470257047861444,71.11334162219877,71.11334162219877,14.222668324439756,2929.8696748345897,878960.9024503769,0.8789609024503768
6227,6247,13.0,3.660622040942915,47.58808653225789,47.58808653225789,9.517617306451578,1960.629165129025,588188.7495387075,0.5881887495387076
6229,6190,13.0,4.817644031214463,62.62937240578801,62.62937240578801,12.525874481157603,2580.330143118466,774099.0429355397,0.7740990429355398
6229,6213,13.0,2.648098088646794,34.42527515240832,34.42527515240832,6.885055030481664,1418.3213362792228,425496.4008837668,0.42549640088376683
6231,6228,13.0,2.209038648872338,28.717502435340396,28.717502435340396,5.743500487068079,1183.1611003360242,354948.33010080724,0.35494833010080723
6233,6179,13.0,6.669550810180274,86.70416053234356,86.70416053234356,17.340832106468714,3572.211413932555,1071663.4241797666,1.0716634241797665
6233,6237,13.0,2.60023656322489,33.80307532192357,33.80307532192357,6.760615064384715,1392.6867032632513,417806.0109789754,0.4178060109789754
6235,6238,13.0,2.970009401565523,38.6101222203518,38.6101222203518,7.72202444407036,1590.7370354784941,477221.11064354825,0.4772211106435483
6238,6235,13.0,3.104302004104586,40.35592605335962,40.35592605335962,8.071185210671924,1662.6641533984164,498799.24601952493,0.4987992460195249
6239,6179,13.0,6.622257484723692,86.089347301408,86.089347301408,17.2178694602816,3546.88110881801,1064064.332645403,1.064064332645403
6239,6247,13.0,5.885810470102391,76.51553611133109,76.51553611133109,15.303107222266219,3152.440087786841,945732.0263360523,0.9457320263360524
6240,6196,13.0,4.761069069826386,61.89389790774301,61.89389790774301,12.378779581548603,2550.028593799012,765008.5781397036,0.7650085781397036
6241,6236,13.0,4.411088102441599,57.34414533174078,57.34414533174078,11.468829066348157,2362.5787876677205,708773.6363003161,0.7087736363003161
6247,6195,13.0,7.0575850745229,91.7486059687977,91.7486059687977,18.349721193759542,3780.0425659144657,1134012.7697743396,1.1340127697743396
6247,6227,13.0,3.527942259594194,45.863249374724525,45.863249374724525,9.172649874944906,1889.5658742386506,566869.7622715952,0.5668697622715951
6247,6239,13.0,6.114135409665817,79.48376032565562,79.48376032565562,15.896752065131125,3274.730925417012,982419.2776251036,0.9824192776251036
6252,6189,13.0,8.68845905070834,112.94996765920843,112.94996765920843,22.589993531841685,4653.538667559387,1396061.600267816,1.3960616002678161
6182,6204,12.0,5.626719093933197,67.52062912719836,67.52062912719836,13.504125825439672,2781.8499200405727,834554.9760121718,0.8345549760121719
6196,6230,12.0,5.357305562500414,64.28766675000496,64.28766675000496,12.857533350000992,2648.651870100204,794595.5610300612,0.7945955610300612
6201,6199,12.0,5.482860549129462,65.79432658955355,65.79432658955355,13.15886531791071,2710.726255489606,813217.8766468818,0.8132178766468818
6203,6173,12.0,2.898542961422092,34.78251553706511,34.78251553706511,6.956503107413022,1433.0396401270825,429911.89203812473,0.42991189203812474
6205,6243,12.0,8.316339003687455,99.79606804424947,99.79606804424947,19.959213608849893,4111.598003423078,1233479.4010269234,1.2334794010269234
6207,6210,12.0,8.603334319956458,103.24001183947749,103.24001183947749,20.6480023678955,4253.488487786473,1276046.546335942,1.276046546335942
6210,6207,12.0,9.05679119861857,108.68149438342283,108.68149438342283,21.736298876684568,4477.6775685970215,1343303.2705791064,1.3433032705791064
6210,6252,12.0,5.546818505844747,66.56182207013696,66.56182207013696,13.312364414027392,2742.347069289643,822704.120786893,0.8227041207868929
6216,6239,12.0,9.02626965425904,108.3152358511085,108.3152358511085,21.663047170221702,4462.58771706567,1338776.3151197012,1.3387763151197012
6217,6247,12.0,4.037653548688168,48.45184258425802,48.45184258425802,9.690368516851604,1996.2159144714306,598864.7743414291,0.5988647743414292
6220,6212,12.0,3.115501583543236,37.386019002518836,37.386019002518836,7.4772038005037675,1540.3039829037762,462091.19487113284,0.46209119487113287
6224,6226,12.0,6.877957155189447,82.53548586227336,82.53548586227336,16.507097172454674,3400.4620175256628,1020138.6052576988,1.0201386052576988
6226,6203,12.0,5.109975050293663,61.319700603523955,61.319700603523955,12.263940120704792,2526.371664865187,757911.4994595561,0.757911499459556
6226,6224,12.0,6.391658078465462,76.69989694158555,76.69989694158555,15.339979388317111,3160.0357539933248,948010.7261979975,0.9480107261979974
6226,6240,12.0,5.38356318519607,64.60275822235283,64.60275822235283,12.920551644470567,2661.6336387609367,798490.091628281,0.798490091628281
6228,6235,12.0,5.607311607389427,67.28773928867312,67.28773928867312,13.457547857734625,2772.2548586933326,831676.4576079998,0.8316764576079998
6231,6235,12.0,3.542748724279343,42.512984691352116,42.512984691352116,8.502596938270424,1751.5349692837074,525460.4907851123,0.5254604907851123
6233,6197,12.0,12.522555934214125,150.2706712105695,150.2706712105695,30.054134242113903,6191.151653875464,1857345.4961626392,1.8573454961626392
6235,6195,12.0,5.710101342121138,68.52121610545366,68.52121610545366,13.704243221090733,2823.074103544691,846922.2310634073,0.8469222310634072
6235,6228,12.0,5.482301207946648,65.78761449535978,65.78761449535978,13.157522899071957,2710.449717208823,813134.9151626469,0.8131349151626469
6235,6231,12.0,4.387932358878998,52.65518830654797,52.65518830654797,10.531037661309595,2169.3937582297767,650818.127468933,0.650818127468933
6237,6244,12.0,2.699967895066375,32.399614740796494,32.399614740796494,6.479922948159299,1334.8641273208154,400459.23819624464,0.4004592381962446
6239,6201,12.0,3.281901150072835,39.38281380087402,39.38281380087402,7.876562760174804,1622.5719285960097,486771.57857880293,0.48677157857880293
6240,6226,12.0,5.247462416153102,62.96954899383722,62.96954899383722,12.593909798767445,2594.3454185460937,778303.6255638282,0.7783036255638281
6240,6243,12.0,5.176326847293539,62.11592216752247,62.11592216752247,12.423184433504495,2559.175993301926,767752.7979905779,0.7677527979905778
6243,6248,12.0,5.899209293194691,70.79051151833629,70.79051151833629,14.158102303667258,2916.5690745554552,874970.7223666366,0.8749707223666366
6245,6233,12.0,2.310300879128884,27.72361054954661,27.72361054954661,5.544722109909323,1142.2127546413205,342663.8263923962,0.3426638263923962
6246,6247,12.0,4.306908537600613,51.682902451207354,51.682902451207354,10.336580490241472,2129.3355809897434,638800.674296923,0.638800674296923
6247,6217,12.0,3.895932571917301,46.75119086300761,46.75119086300761,9.350238172601522,1926.1490635559135,577844.719066774,0.577844719066774
6247,6234,12.0,3.154286754423674,37.85144105308409,37.85144105308409,7.570288210616818,1559.4793713870645,467843.81141611934,0.46784381141611936
6250,6217,12.0,3.69042315029348,44.28507780352176,44.28507780352176,8.857015560704353,1824.5452055050966,547363.561651529,0.547363561651529
6168,6178,11.0,7.473824766284576,82.21207242913033,82.21207242913033,16.442414485826067,3387.13738408017,1016141.2152240509,1.016141215224051
6168,6241,11.0,11.429351644257356,125.72286808683091,125.72286808683091,25.144573617366184,5179.782165177434,1553934.6495532303,1.5539346495532302
6173,6234,11.0,10.880899436507978,119.68989380158776,119.68989380158776,23.937978760317552,4931.223624625416,1479367.087387625,1.4793670873876248
6174,6187,11.0,2.293109730130829,25.224207031439118,25.224207031439118,5.044841406287824,1039.2373296952917,311771.1989085875,0.3117711989085875
6190,6205,11.0,4.286937163966746,47.156308803634204,47.156308803634204,9.43126176072684,1942.8399227097293,582851.9768129188,0.5828519768129188
6190,6228,11.0,5.075227227764074,55.827499505404816,55.827499505404816,11.165499901080963,2300.0929796226783,690027.8938868035,0.6900278938868035
6190,6246,11.0,6.515193906065051,71.66713296671557,71.66713296671557,14.333426593343114,2952.6858782286818,885805.7634686045,0.8858057634686045
6193,6200,11.0,2.529078364764658,27.81986201241124,27.81986201241124,5.563972402482248,1146.178314911343,343853.4944734029,0.3438534944734029
6193,6229,11.0,3.933521807059029,43.268739877649324,43.268739877649324,8.653747975529866,1782.6720829591525,534801.6248877457,0.5348016248877457
6193,6234,11.0,6.04216092534992,66.46377017884912,66.46377017884912,13.292754035769825,2738.307331368584,821492.1994105752,0.8214921994105752
6193,6244,11.0,5.209035611181148,57.29939172299263,57.29939172299263,11.459878344598527,2360.7349389872966,708220.4816961889,0.7082204816961889
6195,6228,11.0,4.27502331627468,47.02525647902148,47.02525647902148,9.405051295804297,1937.4405669356852,581232.1700807055,0.5812321700807056
6200,6193,11.0,2.515486598407236,27.670352582479595,27.670352582479595,5.53407051649592,1140.0185263981593,342005.5579194478,0.34200555791944776
6204,6264,11.0,2.365317541234158,26.018492953575738,26.018492953575738,5.203698590715148,1071.9619096873205,321588.5729061961,0.32158857290619614
6205,6209,11.0,2.555304480755512,28.10834928831063,28.10834928831063,5.621669857662127,1158.063990678398,347419.1972035194,0.3474191972035194
6207,6241,11.0,7.642304275074917,84.06534702582408,84.06534702582408,16.813069405164818,3463.4922974639526,1039047.6892391858,1.0390476892391858
6207,6250,11.0,5.660215837187052,62.262374209057576,62.262374209057576,12.452474841811515,2565.209817413172,769562.9452239516,0.7695629452239516
6207,6261,11.0,5.983360042267361,65.81696046494098,65.81696046494098,13.163392092988197,2711.6587711555685,813497.6313466706,0.8134976313466705
6209,6205,11.0,2.426299048626606,26.689289534892666,26.689289534892666,5.337857906978534,1099.598728837578,329879.61865127337,0.32987961865127335
6215,6240,11.0,4.485106746812067,49.33617421493274,49.33617421493274,9.867234842986548,2032.6503776552288,609795.1132965686,0.6097951132965687
6222,6232,11.0,4.554192179132208,50.09611397045429,50.09611397045429,10.019222794090858,2063.959895582717,619187.968674815,0.6191879686748151
6228,6195,11.0,4.329778436176444,47.62756279794089,47.62756279794089,9.525512559588178,1962.2555872751645,588676.6761825493,0.5886766761825494
6228,6220,11.0,4.819292639305838,53.01221903236422,53.01221903236422,10.602443806472845,2184.103424133406,655231.0272400217,0.6552310272400217
6229,6215,11.0,2.029755767341405,22.327313440755454,22.327313440755454,4.465462688151091,919.8853137591248,275965.59412773745,0.27596559412773747
6232,6217,11.0,2.848090901882673,31.328999920709403,31.328999920709403,6.265799984141881,1290.7547967332275,387226.43901996827,0.3872264390199683
6234,6173,11.0,9.045375140905698,99.49912654996268,99.49912654996268,19.899825309992536,4099.364013858462,1229809.2041575387,1.2298092041575388
6234,6193,11.0,5.192351403751642,57.11586544126806,57.11586544126806,11.423173088253613,2353.173656180244,705952.0968540732,0.7059520968540732
6239,6241,11.0,5.865790112755137,64.5236912403065,64.5236912403065,12.904738248061301,2658.376079100628,797512.8237301884,0.7975128237301884
6240,6193,11.0,5.876813455858898,64.64494801444788,64.64494801444788,12.928989602889576,2663.3718581952526,799011.5574585758,0.7990115574585758
6240,6228,11.0,2.179376284174571,23.97313912592028,23.97313912592028,4.794627825184056,987.6933319879156,296307.9995963747,0.2963079995963747
6241,6168,11.0,11.580783681610871,127.38862049771959,127.38862049771959,25.47772409954392,5248.4111645060475,1574523.3493518142,1.5745233493518143
6241,6207,11.0,8.093872878590542,89.03260166449596,89.03260166449596,17.806520332899193,3668.143188577234,1100442.9565731701,1.1004429565731702
6243,6214,11.0,7.455759741642279,82.01335715806506,82.01335715806506,16.402671431613012,3378.9503149122806,1013685.0944736842,1.0136850944736842
6244,6193,11.0,5.203611636133306,57.23972799746636,57.23972799746636,11.447945599493274,2358.276793495614,707483.0380486842,0.7074830380486843
6244,6217,11.0,3.315318311838181,36.468501430219995,36.468501430219995,7.2937002860439994,1502.5022589250639,450750.67767751915,0.45075067767751914
6244,6227,11.0,2.476953783659644,27.24649162025608,27.24649162025608,5.449298324051217,1122.5554547545507,336766.63642636524,0.33676663642636523
6245,6244,11.0,2.62518165449354,28.87699819942894,28.87699819942894,5.775399639885788,1189.7323258164724,356919.69774494175,0.35691969774494176
6261,6207,11.0,5.968902339630642,65.65792573593706,65.65792573593706,13.131585147187412,2705.1065403206067,811531.962096182,0.8115319620961821
6265,6226,11.0,2.95595338507203,32.51548723579233,32.51548723579233,6.503097447158466,1339.638074114644,401891.4222343932,0.40189142223439317
6117,6189,10.0,6.135951065228475,61.359510652284754,61.359510652284754,12.27190213045695,2528.011838874132,758403.5516622396,0.7584035516622396
6118,6261,10.0,2.228126362341415,22.28126362341415,22.28126362341415,4.45625272468283,917.988061284663,275396.4183853989,0.2753964183853989
6173,6187,10.0,7.071049044500698,70.71049044500698,70.71049044500698,14.142098089001397,2913.2722063342876,873981.6619002863,0.8739816619002864
6174,6241,10.0,10.543287862286931,105.43287862286931,105.43287862286931,21.086575724573862,4343.834599262215,1303150.3797786646,1.3031503797786645
6174,6247,10.0,10.563308219634184,105.63308219634183,105.63308219634183,21.126616439268368,4352.082986489284,1305624.895946785,1.305624895946785
6181,6236,10.0,6.21579331241468,62.157933124146794,62.157933124146794,12.43158662482936,2560.906844714848,768272.0534144543,0.7682720534144544
6181,6247,10.0,9.500672962378806,95.00672962378806,95.00672962378806,19.00134592475761,3914.2772605000678,1174283.1781500203,1.1742831781500203
6185,6123,10.0,5.844165574334189,58.4416557433419,58.4416557433419,11.68833114866838,2407.7962166256866,722338.864987706,0.7223388649877059
6189,6117,10.0,6.144312881634725,61.443128816347254,61.443128816347254,12.28862576326945,2531.456907233507,759437.0721700521,0.7594370721700521
6190,6265,10.0,6.100304282155821,61.00304282155821,61.00304282155821,12.200608564311644,2513.3253642481986,753997.6092744595,0.7539976092744596
6193,6256,10.0,5.675092878224672,56.75092878224672,56.75092878224672,11.350185756449344,2338.1382658285647,701441.4797485694,0.7014414797485694
6195,6264,10.0,8.346697092926567,83.46697092926567,83.46697092926567,16.693394185853133,3438.8392022857456,1031651.7606857237,1.0316517606857238
6196,6201,10.0,4.069741055518571,40.697410555185705,40.697410555185705,8.139482111037141,1676.7333148736511,503019.9944620953,0.5030199944620953
6197,6117,10.0,3.309375133350977,33.09375133350977,33.09375133350977,6.618750266701955,1363.4625549406028,409038.76648218086,0.40903876648218085
6200,6214,10.0,7.393886715126733,73.93886715126733,73.93886715126733,14.787773430253466,3046.281326632214,913884.3979896642,0.9138843979896643
6201,6196,10.0,4.944409176856462,49.44409176856462,49.44409176856462,9.888818353712924,2037.0965808648625,611128.9742594587,0.6111289742594587
6201,6237,10.0,5.349192178727231,53.491921787272304,53.491921787272304,10.698384357454461,2203.867177635619,661160.1532906857,0.6611601532906858
6204,6237,10.0,6.599732140597096,65.99732140597096,65.99732140597096,13.199464281194194,2719.089641926004,815726.8925778011,0.8157268925778012
6205,6236,10.0,3.165955081945402,31.65955081945402,31.65955081945402,6.331910163890804,1304.3734937615056,391312.0481284517,0.39131204812845166
6215,6212,10.0,2.404904850008635,24.04904850008635,24.04904850008635,4.80980970001727,990.8207982035577,297246.2394610673,0.2972462394610673
6222,6220,10.0,2.13846336914047,21.3846336914047,21.3846336914047,4.276926738280941,881.0469080858738,264314.07242576213,0.26431407242576216
6222,6235,10.0,2.908900397526794,29.089003975267943,29.089003975267943,5.817800795053589,1198.4669637810393,359540.0891343118,0.35954008913431185
6224,6246,10.0,2.612195794773611,26.121957947736114,26.121957947736114,5.224391589547223,1076.224667446728,322867.4002340184,0.3228674002340184
6230,6181,10.0,7.101419378745079,71.0141937874508,71.0141937874508,14.20283875749016,2925.7847840429727,877735.4352128918,0.8777354352128918
6232,6250,10.0,6.211427857914743,62.11427857914743,62.11427857914743,12.422855715829487,2559.1082774608744,767732.4832382624,0.7677324832382624
6233,6264,10.0,7.893033713669027,78.93033713669027,78.93033713669027,15.786067427338054,3251.929890031639,975578.9670094916,0.9755789670094916
6233,6265,10.0,2.700483337906552,27.004833379065516,27.004833379065516,5.400966675813104,1112.5991352174995,333779.7405652498,0.33377974056524984
6235,6222,10.0,2.768145697819763,27.68145697819763,27.68145697819763,5.536291395639527,1140.4760275017425,342142.80825052276,0.3421428082505228
6236,6205,10.0,2.98118160628702,29.8118160628702,29.8118160628702,5.96236321257404,1228.2468217902522,368474.04653707566,0.36847404653707566
6237,6201,10.0,4.692835367203792,46.92835367203792,46.92835367203792,9.385670734407585,1933.4481712879624,580034.4513863887,0.5800344513863888
6237,6223,10.0,7.395116913510727,73.95116913510728,73.95116913510728,14.790233827021456,3046.78816836642,914036.450509926,0.914036450509926
6238,6237,10.0,2.20369247207954,22.0369247207954,22.0369247207954,4.40738494415908,907.9212984967705,272376.38954903116,0.27237638954903115
6238,6265,10.0,3.31994953118503,33.1994953118503,33.1994953118503,6.63989906237006,1367.8192068482324,410345.7620544697,0.4103457620544697
6243,6181,10.0,11.604006478064699,116.04006478064699,116.04006478064699,23.208012956129398,4780.850668962656,1434255.2006887966,1.4342552006887965
6244,6171,10.0,13.482108924424274,134.82108924424273,134.82108924424273,26.96421784884855,5554.628876862801,1666388.6630588402,1.6663886630588403
6244,6201,10.0,4.000203134979214,40.00203134979215,40.00203134979215,8.00040626995843,1648.0836916114367,494425.107483431,0.494425107483431
6246,6224,10.0,2.18169810965119,21.8169810965119,21.8169810965119,4.36339621930238,898.8596211762903,269657.8863528871,0.26965788635288707
6247,6181,10.0,9.521314338709812,95.21314338709813,95.21314338709813,19.042628677419625,3922.7815075484427,1176834.452264533,1.1768344522645329
6256,6193,10.0,5.698541822316469,56.985418223164686,56.985418223164686,11.397083644632938,2347.799230794385,704339.7692383155,0.7043397692383155
6256,6223,10.0,6.585286471307299,65.85286471307299,65.85286471307299,13.170572942614598,2713.138026178607,813941.4078535822,0.8139414078535822
6264,6199,10.0,3.073809260998937,30.73809260998937,30.73809260998937,6.147618521997874,1266.409415531562,379922.8246594686,0.3799228246594686
6265,6178,10.0,11.368245835383249,113.68245835383249,113.68245835383249,22.736491670766497,4683.717284177898,1405115.1852533696,1.4051151852533696
6265,6190,10.0,5.916218436208556,59.16218436208556,59.16218436208556,11.832436872417112,2437.481995717925,731244.5987153775,0.7312445987153775
6265,6233,10.0,2.639680360447834,26.39680360447834,26.39680360447834,5.279360720895668,1087.5483085045075,326264.49255135225,0.32626449255135226
6265,6238,10.0,3.084731969305253,30.84731969305253,30.84731969305253,6.169463938610506,1270.9095713537642,381272.87140612927,0.38127287140612925
6265,6246,10.0,2.746087272218805,27.46087272218805,27.46087272218805,5.49217454443761,1131.3879561541476,339416.3868462443,0.33941638684624426
6117,6220,9.0,9.10906328797312,81.98156959175807,81.98156959175807,16.396313918351616,3377.640667180433,1013292.2001541299,1.0132922001541298
6123,6207,9.0,7.818652943048139,70.36787648743325,70.36787648743325,14.07357529748665,2899.15651128225,869746.953384675,0.869746953384675
6171,6193,9.0,5.798196384970655,52.183767464735894,52.183767464735894,10.43675349294718,2149.971219547119,644991.3658641357,0.6449913658641356
6177,6203,9.0,3.012206149733908,27.10985534760517,27.10985534760517,5.421971069521034,1116.9260403213332,335077.81209639995,0.3350778120964
6177,6245,9.0,9.48564545801498,85.37080912213483,85.37080912213483,17.074161824426966,3517.277335831955,1055183.2007495866,1.0551832007495865
6179,6211,9.0,2.57232885326845,23.150959679416047,23.150959679416047,4.63019193588321,953.8195387919412,286145.86163758236,0.2861458616375824
6181,6193,9.0,5.603895086721268,50.43505578049141,50.43505578049141,10.087011156098283,2077.9242981562466,623377.2894468739,0.623377289446874
6190,6201,9.0,5.15860373764978,46.427433638848015,46.427433638848015,9.285486727769603,1912.8102659205383,573843.0797761615,0.5738430797761614
6190,6215,9.0,5.988226977510945,53.89404279759851,53.89404279759851,10.778808559519703,2220.434563261059,666130.3689783177,0.6661303689783177
6193,6209,9.0,4.624656694430432,41.62191024987389,41.62191024987389,8.324382049974778,1714.8227022948042,514446.81068844127,0.5144468106884412
6195,6214,9.0,3.853801736270302,34.68421562643272,34.68421562643272,6.9368431252865435,1428.989683809028,428696.90514270845,0.4286969051427085
6195,6236,9.0,3.531616507944565,31.784548571501087,31.784548571501087,6.356909714300218,1309.523401145845,392857.02034375345,0.39285702034375347
6196,6222,9.0,3.415099546999405,30.735895922994644,30.735895922994644,6.147179184598929,1266.3189120273794,379895.67360821384,0.37989567360821386
6202,6220,9.0,4.497001212384981,40.473010911464826,40.473010911464826,8.094602182292965,1667.4880495523507,500246.41486570524,0.5002464148657052
6207,6123,9.0,7.224513843927046,65.02062459534342,65.02062459534342,13.004124919068685,2678.8497333281493,803654.9199984448,0.8036549199984448
6208,6229,9.0,4.50598998604092,40.55390987436827,40.55390987436827,8.110781974873655,1670.821086823973,501246.3260471919,0.5012463260471919
6209,6228,9.0,2.150921815060653,19.358296335545877,19.358296335545877,3.8716592671091754,797.5618090244901,239268.54270734705,0.23926854270734704
6211,6190,9.0,6.274836785438437,56.47353106894593,56.47353106894593,11.294706213789187,2326.7094800405725,698012.8440121717,0.6980128440121717
6211,6250,9.0,6.926989136333167,62.342902226998504,62.342902226998504,12.468580445399702,2568.5275717523386,770558.2715257016,0.7705582715257017
6211,6261,9.0,4.588233624224761,41.294102618022855,41.294102618022855,8.258820523604571,1701.3170278625416,510395.1083587625,0.5103951083587626
6214,6171,9.0,8.63209180047772,77.68882620429949,77.68882620429949,15.537765240859898,3200.779639617139,960233.8918851416,0.9602338918851416
6215,6179,9.0,4.009951081850239,36.08955973665215,36.08955973665215,7.21791194733043,1486.8898611500686,446066.95834502054,0.4460669583450205
6216,6185,9.0,24.32386439421508,218.91477954793572,218.91477954793572,43.782955909587145,9019.288917374952,2705786.6752124857,2.7057866752124857
6218,6239,9.0,2.429612548982203,21.866512940839826,21.866512940839826,4.373302588167966,900.900333162601,270270.0999487803,0.2702700999487803
6220,6202,9.0,4.570897341516865,41.13807607365179,41.13807607365179,8.227615214730358,1694.8887342344538,508466.6202703361,0.5084666202703361
6220,6231,9.0,3.300555022875487,29.70499520587938,29.70499520587938,5.940999041175877,1223.8458024822305,367153.74074466916,0.36715374074466917
6225,6231,9.0,4.937845156264204,44.44060640637783,44.44060640637783,8.888121281275566,1830.9529839427667,549285.89518283,0.54928589518283
6228,6222,9.0,2.955945655644598,26.603510900801382,26.603510900801382,5.320702180160277,1096.064649113017,328819.3947339051,0.3288193947339051
6229,6208,9.0,7.004555659869045,63.0410009388214,63.0410009388214,12.60820018776428,2597.289238679442,779186.7716038326,0.7791867716038327
6229,6231,9.0,2.596195819100116,23.365762371901045,23.365762371901045,4.673152474380209,962.669409722323,288800.8229166969,0.2888008229166969
6231,6225,9.0,5.377130582261187,48.394175240350684,48.394175240350684,9.678835048070138,1993.8400199024484,598152.0059707345,0.5981520059707345
6232,6248,9.0,4.179178871256347,37.612609841307126,37.612609841307126,7.522521968261426,1549.6395254618537,464891.8576385561,0.4648918576385561
6234,6195,9.0,3.909378947540633,35.184410527865694,35.184410527865694,7.036882105573139,1449.5977137480666,434879.31412442,0.43487931412442
6236,6195,9.0,4.675411501830777,42.078703516477,42.078703516477,8.4157407032954,1733.6425848788524,520092.7754636557,0.5200927754636557
6239,6205,9.0,2.381058807040517,21.429529263364653,21.429529263364653,4.285905852672931,882.8966056506238,264868.9816951871,0.2648689816951871
6239,6218,9.0,2.325094373071417,20.92584935764275,20.92584935764275,4.18516987152855,862.1449935348813,258643.4980604644,0.2586434980604644
6244,6230,9.0,2.621481173455198,23.59333056109678,23.59333056109678,4.718666112219356,972.0452191171873,291613.5657351562,0.2916135657351562
6245,6177,9.0,9.573269054206385,86.15942148785746,86.15942148785746,17.231884297571494,3549.7681652997276,1064930.4495899184,1.0649304495899183
6247,6214,9.0,5.373067602287391,48.35760842058652,48.35760842058652,9.671521684117305,1992.3334669281649,597700.0400784494,0.5977000400784495
6248,6232,9.0,3.533362068277832,31.80025861450049,31.80025861450049,6.360051722900098,1310.1706549174203,393051.1964752261,0.3930511964752261
6250,6211,9.0,6.627802429790198,59.650221868111785,59.650221868111785,11.930044373622358,2457.589140966206,737276.7422898618,0.7372767422898617
6261,6211,9.0,4.625785504107574,41.63206953696817,41.63206953696817,8.326413907393635,1715.2412649230887,514572.3794769266,0.5145723794769266
6118,6179,8.0,3.700983493240573,29.607867945924585,29.607867945924585,5.921573589184917,1219.844159372093,365953.24781162787,0.36595324781162786
6123,6185,8.0,5.744327942071118,45.954623536568945,45.954623536568945,9.190924707313789,1893.3304897066405,567999.1469119921,0.5679991469119922
6171,6177,8.0,3.189203115181151,25.513624921449207,25.513624921449207,5.102724984289842,1051.1613467637073,315348.4040291122,0.3153484040291122
6173,6190,8.0,7.137284816289958,57.09827853031966,57.09827853031966,11.419655706063933,2352.4490754491703,705734.7226347511,0.7057347226347511
6179,6220,8.0,4.776286873950403,38.21029499160323,38.21029499160323,7.642058998320646,1574.2641536540532,472279.24609621597,0.47227924609621597
6185,6262,8.0,4.922119129328897,39.37695303463118,39.37695303463118,7.875390606926236,1622.3304650268046,486699.1395080414,0.4866991395080414
6189,6118,8.0,5.42703900593903,43.41631204751224,43.41631204751224,8.683262409502449,1788.7520563575044,536625.6169072513,0.5366256169072513
6193,6226,8.0,2.440081020174547,19.520648161396377,19.520648161396377,3.9041296322792753,804.2507042495307,241275.2112748592,0.2412752112748592
6197,6118,8.0,3.574637573573251,28.59710058858601,28.59710058858601,5.719420117717203,1178.2005442497436,353460.1632749231,0.35346016327492313
6197,6230,8.0,10.49857877276276,83.98863018210209,83.98863018210209,16.797726036420418,3460.331563502606,1038099.4690507818,1.0380994690507819
6198,6179,8.0,9.189493939356513,73.5159515148521,73.5159515148521,14.703190302970421,3028.8572024119067,908657.160723572,0.908657160723572
6201,6212,8.0,2.982798089639657,23.862384717117255,23.862384717117255,4.7724769434234515,983.130250345231,294939.0751035693,0.2949390751035693
6207,6209,8.0,4.922376809246669,39.37901447397335,39.37901447397335,7.8758028947946706,1622.4153963277022,486724.61889831064,0.48672461889831065
6207,6216,8.0,11.074302523854211,88.59442019083369,88.59442019083369,17.71888403816674,3650.0901118623483,1095027.0335587044,1.0950270335587045
6209,6174,8.0,6.127273512913762,49.018188103310095,49.018188103310095,9.80363762066202,2019.549349856376,605864.8049569128,0.6058648049569128
6209,6230,8.0,4.69690403065867,37.57523224526936,37.57523224526936,7.515046449053873,1548.0995685050977,464429.87055152934,0.46442987055152934
6212,6201,8.0,2.890972308910634,23.127778471285072,23.127778471285072,4.625555694257015,952.8644730169451,285859.3419050835,0.2858593419050835
6212,6239,8.0,3.669947586180734,29.35958068944587,29.35958068944587,5.871916137889174,1209.61472440517,362884.41732155095,0.36288441732155097
6215,6229,8.0,2.09152904804159,16.73223238433272,16.73223238433272,3.346446476866544,689.367974234508,206810.3922703524,0.2068103922703524
6226,6197,8.0,8.53419047184579,68.27352377476632,68.27352377476632,13.654704754953265,2812.8691795203727,843860.7538561118,0.8438607538561118
6230,6197,8.0,9.417936072567448,75.34348858053959,75.34348858053959,15.068697716107918,3104.151729518231,931245.5188554693,0.9312455188554694
6235,6209,8.0,3.864106530360237,30.912852242881897,30.912852242881897,6.18257044857638,1273.6095124067342,382082.8537220203,0.3820828537220203
6239,6193,8.0,4.485309651226926,35.882477209815406,35.882477209815406,7.176495441963081,1478.3580610443948,443507.41831331846,0.44350741831331847
6239,6212,8.0,3.722523012825755,29.78018410260604,29.78018410260604,5.956036820521208,1226.943585027369,368083.0755082107,0.3680830755082107
6239,6243,8.0,7.751322371274847,62.01057897019878,62.01057897019878,12.402115794039757,2554.83585357219,766450.756071657,0.7664507560716569
6243,6239,8.0,8.196827549020705,65.57462039216564,65.57462039216564,13.114924078433129,2701.6743601572243,810502.3080471673,0.8105023080471673
6244,6185,8.0,6.799755263322035,54.39804210657628,54.39804210657628,10.879608421315256,2241.199334790943,672359.8004372829,0.6723598004372829
6250,6209,8.0,3.115280365063958,24.922242920511664,24.922242920511664,4.984448584102333,1026.7964083250806,308038.9224975242,0.3080389224975242
6262,6185,8.0,5.846039431636139,46.76831545308911,46.76831545308911,9.353663090617822,1926.8545966672714,578056.3790001814,0.5780563790001815
6118,6185,7.0,4.652847438788005,32.569932071516035,32.569932071516035,6.513986414303208,1341.8812013464608,402564.3604039382,0.4025643604039382
6174,6199,7.0,6.760608991491395,47.324262940439766,47.324262940439766,9.464852588087954,1949.7596331461184,584927.8899438356,0.5849278899438356
6177,6208,7.0,17.368163882746977,121.57714717922883,121.57714717922883,24.31542943584577,5008.978463784229,1502693.5391352687,1.5026935391352687
6177,6234,7.0,9.93727989921276,69.56095929448932,69.56095929448932,13.912191858897865,2865.91152293296,859773.456879888,0.8597734568798879
6182,6168,7.0,5.561203511035153,38.92842457724607,38.92842457724607,7.785684915449214,1603.851092582538,481155.3277747614,0.48115532777476144
6182,6185,7.0,4.784945418548128,33.4946179298369,33.4946179298369,6.69892358596738,1379.9782587092802,413993.4776127841,0.4139934776127841
6185,6196,7.0,6.794490843238219,47.56143590266753,47.56143590266753,9.512287180533507,1959.5311591899024,587859.3477569707,0.5878593477569707
6185,6222,7.0,6.990077450784498,48.93054215549149,48.93054215549149,9.786108431098299,2015.9383368062495,604781.5010418749,0.6047815010418749
6189,6241,7.0,8.932468540223532,62.52727978156472,62.52727978156472,12.505455956312945,2576.1239270004667,772837.17810014,0.77283717810014
6190,6171,7.0,8.440363805659292,59.082546639615046,59.082546639615046,11.81650932792301,2434.20092155214,730260.2764656419,0.730260276465642
6193,6212,7.0,2.207149278782029,15.4500449514742,15.4500449514742,3.0900089902948404,636.5418520007371,190962.55560022112,0.19096255560022113
6195,6185,7.0,5.88220980288216,41.175468620175124,41.175468620175124,8.235093724035025,1696.4293071512152,508928.79214536457,0.5089287921453646
6196,6231,7.0,3.375695495149199,23.629868466044393,23.629868466044393,4.7259736932088785,973.550580801029,292065.1742403087,0.2920651742403087
6196,6244,7.0,4.095096392219044,28.665674745533305,28.665674745533305,5.733134949106661,1181.0257995159723,354307.73985479167,0.3543077398547917
6200,6250,7.0,7.438096784015975,52.06667748811182,52.06667748811182,10.413335497622365,2145.147112510207,643544.1337530621,0.6435441337530621
6201,6188,7.0,6.94659418538991,48.626159297729366,48.626159297729366,9.725231859545874,2003.39776306645,601019.3289199349,0.6010193289199349
6204,6214,7.0,4.234218251955262,29.639527763686836,29.639527763686836,5.927905552737368,1221.1485438638979,366344.56315916934,0.36634456315916936
6208,6177,7.0,10.53646069671182,73.75522487698274,73.75522487698274,14.751044975396548,3038.715264931689,911614.5794795067,0.9116145794795067
6212,6177,7.0,3.533881359500242,24.737169516501694,24.737169516501694,4.94743390330034,1019.17138407987,305751.415223961,0.305751415223961
6212,6215,7.0,2.270345218660979,15.892416530626853,15.892416530626853,3.1784833061253708,654.7675610618264,196430.26831854793,0.19643026831854793
6213,6179,7.0,7.958241965561441,55.707693758930084,55.707693758930084,11.141538751786017,2295.1569828679194,688547.0948603759,0.6885470948603759
6215,6238,7.0,3.745485141579217,26.21839599105452,26.21839599105452,5.243679198210905,1080.1979148314465,324059.37444943393,0.32405937444943395
6218,6190,7.0,4.130240154869696,28.911681084087874,28.911681084087874,5.782336216817575,1191.1612606644205,357348.37819932617,0.3573483781993262
6222,6185,7.0,6.980323894449161,48.862267261144126,48.862267261144126,9.772453452228826,2013.1254111591381,603937.6233477414,0.6039376233477415
6223,6213,7.0,6.958719102131234,48.711033714918635,48.711033714918635,9.742206742983727,2006.894589054648,602068.3767163943,0.6020683767163943
6230,6193,7.0,2.533294708283576,17.73306295798503,17.73306295798503,3.546612591597006,730.6021938689832,219180.65816069496,0.21918065816069496
6234,6177,7.0,8.096636279880011,56.67645395916008,56.67645395916008,11.335290791832016,2335.0699031173954,700520.9709352186,0.7005209709352186
6234,6190,7.0,4.849879795065184,33.94915856545629,33.94915856545629,6.7898317130912575,1398.705332896799,419611.5998690397,0.41961159986903973
6239,6237,7.0,3.853430756078854,26.97401529255198,26.97401529255198,5.394803058510396,1111.3294300531416,333398.82901594247,0.3333988290159425
6241,6212,7.0,9.42785877473407,65.9950114231385,65.9950114231385,13.1990022846277,2718.9944706333063,815698.3411899919,0.815698341189992
6241,6252,7.0,4.58390018581672,32.087301300717044,32.087301300717044,6.417460260143409,1321.9968135895424,396599.04407686274,0.39659904407686275
6243,6240,7.0,5.671453607070647,39.70017524949453,39.70017524949453,7.940035049898906,1635.6472202791747,490694.1660837524,0.49069416608375244
6250,6200,7.0,7.30581071223863,51.14067498567041,51.14067498567041,10.228134997134083,2106.995809409621,632098.7428228863,0.6320987428228864
6250,6210,7.0,7.498783041789373,52.49148129252561,52.49148129252561,10.498296258505123,2162.6490292520552,648794.7087756166,0.6487947087756166
6252,6241,7.0,3.976955147974924,27.83868603582447,27.83868603582447,5.567737207164894,1146.9538646759681,344086.1594027904,0.3440861594027904
6118,6181,6.0,8.797184133916247,52.78310480349748,52.78310480349748,10.556620960699497,2174.6639179040963,652399.1753712288,0.6523991753712288
6181,6118,6.0,8.699321890263903,52.19593134158342,52.19593134158342,10.439186268316684,2150.472371273237,645141.7113819711,0.6451417113819712
6185,6125,6.0,5.232253716033879,31.393522296203276,31.393522296203276,6.278704459240656,1293.413118603575,388023.93558107247,0.38802393558107245
6185,6220,6.0,4.235497926431429,25.412987558588576,25.412987558588576,5.082597511717715,1047.0150874138494,314104.5262241548,0.3141045262241548
6185,6238,6.0,8.288335158417693,49.730010950506156,49.730010950506156,9.946002190101233,2048.876451160854,614662.9353482561,0.6146629353482561
6188,6226,6.0,5.251133983463101,31.506803900778603,31.506803900778603,6.301360780155721,1298.0803207120787,389424.0962136236,0.3894240962136236
6204,6251,6.0,3.000586839661135,18.00352103796681,18.00352103796681,3.600704207593362,741.7450667642325,222523.52002926977,0.22252352002926978
6208,6215,6.0,6.34257329854834,38.05543979129004,38.05543979129004,7.611087958258008,1567.8841194011497,470365.23582034494,0.47036523582034495
6215,6208,6.0,6.187994135950684,37.127964815704104,37.127964815704104,7.425592963140821,1529.6721504070092,458901.64512210275,0.45890164512210274
6220,6185,6.0,4.549989198404084,27.299935190424506,27.299935190424506,5.459987038084901,1124.7573298454897,337427.19895364693,0.3374271989536469
6226,6188,6.0,5.238656108707242,31.43193665224345,31.43193665224345,6.28638733044869,1294.9957900724303,388498.73702172906,0.38849873702172905
6238,6185,6.0,6.805173856721028,40.83104314032617,40.83104314032617,8.166208628065235,1682.2389773814384,504671.6932144315,0.5046716932144315
6246,6229,6.0,2.337263162204105,14.02357897322463,14.02357897322463,2.804715794644926,577.7714536968548,173331.43610905643,0.17333143610905644
6247,6226,6.0,8.659097726379676,51.95458635827805,51.95458635827805,10.39091727165561,2140.5289579610558,642158.6873883167,0.6421586873883167
6117,6208,5.0,20.11690327244864,100.58451636224319,100.58451636224319,20.11690327244864,4144.08207412442,1243224.6222373259,1.2432246222373258
6123,6181,5.0,9.88866463719936,49.4433231859968,49.4433231859968,9.888664637199362,2037.0649152630685,611119.4745789205,0.6111194745789206
6171,6246,5.0,10.721001670229978,53.60500835114989,53.60500835114989,10.72100167022998,2208.5263440673757,662557.9032202127,0.6625579032202127
6173,6208,5.0,17.49508725305001,87.47543626525004,87.47543626525004,17.49508725305001,3603.987974128302,1081196.3922384905,1.0811963922384906
6181,6123,5.0,9.790802393547017,48.954011967735084,48.954011967735084,9.790802393547018,2016.9052930706857,605071.5879212057,0.6050715879212056
6185,6226,5.0,3.330798760339238,16.65399380169619,16.65399380169619,3.330798760339238,686.1445446298831,205843.3633889649,0.20584336338896492
6185,6250,5.0,7.970602558928346,39.85301279464173,39.85301279464173,7.970602558928346,1641.9441271392393,492583.2381417718,0.4925832381417718
6188,6189,5.0,4.828758357657701,24.143791788288507,24.143791788288507,4.828758357657701,994.7242216774865,298417.266503246,0.29841726650324596
6197,6244,5.0,13.281138889590766,66.40569444795383,66.40569444795383,13.281138889590768,2735.914611255698,820774.3833767094,0.8207743833767094
6201,6226,5.0,2.335045992421458,11.67522996210729,11.67522996210729,2.335045992421458,481.01947443882034,144305.8423316461,0.1443058423316461
6203,6248,5.0,14.920127387189948,74.60063693594974,74.60063693594974,14.920127387189948,3073.5462417611293,922063.8725283388,0.9220638725283388
6204,6231,5.0,9.085297568704126,45.42648784352063,45.42648784352063,9.085297568704126,1871.57129915305,561471.389745915,0.5614713897459149
6205,6230,5.0,2.273229493750815,11.366147468754075,11.366147468754075,2.273229493750815,468.2852757126679,140485.58271380037,0.14048558271380038
6207,6247,5.0,7.662324632422171,38.311623162110855,38.311623162110855,7.662324632422171,1578.4388742789672,473531.6622836902,0.4735316622836902
6208,6117,5.0,20.181810346423248,100.90905173211624,100.90905173211624,20.181810346423248,4157.452931363189,1247235.8794089567,1.2472358794089566
6208,6173,5.0,17.558380710081256,87.79190355040627,87.79190355040627,17.558380710081256,3617.0264262767387,1085107.9278830215,1.0851079278830216
6209,6248,5.0,3.427262030261031,17.136310151305153,17.136310151305153,3.427262030261031,706.0159782337723,211804.7934701317,0.2118047934701317
6217,6195,5.0,3.161683020183724,15.80841510091862,15.80841510091862,3.161683020183724,651.3067021578471,195392.01064735412,0.19539201064735412
6217,6197,5.0,14.00555798836871,70.02778994184355,70.02778994184355,14.005557988368711,2885.1449456039545,865543.4836811863,0.8655434836811864
6218,6248,5.0,3.10986564869046,15.549328243452301,15.549328243452301,3.1098656486904606,640.6323236302349,192189.69708907045,0.19218969708907047
6223,6190,5.0,6.541892669210622,32.70946334605311,32.70946334605311,6.541892669210623,1347.6298898573882,404288.96695721644,0.40428896695721644
6226,6185,5.0,3.543453498681636,17.71726749340818,17.71726749340818,3.543453498681636,729.951420728417,218985.4262185251,0.2189854262185251
6226,6248,5.0,5.023786827863082,25.118934139315414,25.118934139315414,5.023786827863083,1034.9000865397952,310470.02596193855,0.31047002596193857
6230,6205,5.0,2.30584155117106,11.5292077558553,11.5292077558553,2.30584155117106,475.00335954123835,142501.0078623715,0.14250100786237152
6231,6208,5.0,2.718754127878304,13.59377063939152,13.59377063939152,2.718754127878304,560.0633503429307,168019.0051028792,0.1680190051028792
6233,6198,5.0,4.144085340033395,20.720426700166975,20.720426700166975,4.144085340033395,853.6815800468793,256104.47401406377,0.2561044740140638
6235,6204,5.0,3.476347226821361,17.381736134106806,17.381736134106806,3.4763472268213613,716.1275287252005,214838.25861756015,0.21483825861756015
6235,6246,5.0,2.652437092174388,13.26218546087194,13.26218546087194,2.652437092174388,546.4020409879239,163920.61229637716,0.16392061229637717
6243,6244,5.0,7.233039065449632,36.16519532724816,36.16519532724816,7.233039065449633,1490.0060474826244,447001.8142447873,0.4470018142447873
6244,6197,5.0,11.962165057531111,59.810825287655554,59.810825287655554,11.962165057531111,2464.206001851409,739261.8005554227,0.7392618005554227
6244,6209,5.0,2.215696614255144,11.07848307127572,11.07848307127572,2.215696614255144,456.4335025365597,136930.0507609679,0.1369300507609679
6245,6208,5.0,2.430541648608951,12.152708243044755,12.152708243044755,2.4305416486089513,500.691579613444,150207.47388403318,0.1502074738840332
6246,6171,5.0,14.25783057464307,71.28915287321534,71.28915287321534,14.25783057464307,2937.1130983764724,881133.9295129417,0.8811339295129418
6246,6235,5.0,2.664239765514231,13.321198827571155,13.321198827571155,2.6642397655142314,548.8333916959317,164650.0175087795,0.1646500175087795
6247,6207,5.0,7.972883000940675,39.864415004703375,39.864415004703375,7.9728830009406755,1642.4138981937792,492724.16945813375,0.49272416945813374
6247,6237,5.0,2.547152909267479,12.735764546337396,12.735764546337396,2.5471529092674796,524.7134993091008,157414.04979273025,0.15741404979273024
6248,6184,5.0,13.815426682035419,69.0771334101771,69.0771334101771,13.81542668203542,2845.9778964992965,853793.368949789,0.853793368949789
6248,6209,5.0,3.277188025134078,16.38594012567039,16.38594012567039,3.2771880251340786,675.1007331776202,202530.21995328605,0.20253021995328604
6248,6218,5.0,2.947927935067413,14.739639675337063,14.739639675337063,2.947927935067413,607.2731546238871,182181.94638716613,0.18218194638716612
6248,6243,5.0,5.252364393769145,26.261821968845727,26.261821968845727,5.252364393769145,1081.987065116444,324596.1195349332,0.32459611953493317
6251,6247,5.0,9.808710073553247,49.04355036776623,49.04355036776623,9.808710073553247,2020.5942751519688,606178.2825455907,0.6061782825455907
6256,6218,5.0,10.407341384944889,52.03670692472444,52.03670692472444,10.407341384944889,2143.912325298647,643173.697589594,0.6431736975895941
6125,6174,4.0,8.775445466637578,35.10178186655031,35.10178186655031,7.0203563733100625,1446.1934129018728,433858.02387056185,0.4338580238705618
6174,6125,4.0,8.440858369469609,33.763433477878436,33.763433477878436,6.7526866955756875,1391.0534592885915,417316.0377865775,0.4173160377865775
6184,6217,4.0,20.013784360855105,80.05513744342042,80.05513744342042,16.011027488684086,3298.2716626689216,989481.4988006765,0.9894814988006766
6189,6125,4.0,5.906607650921834,23.626430603687336,23.626430603687336,4.725286120737468,973.4089408719184,292022.68226157554,0.2920226822615755
6189,6188,4.0,4.646820186270983,18.58728074508393,18.58728074508393,3.7174561490167863,765.795966697458,229738.7900092374,0.2297387900092374
6189,6195,4.0,5.285441134437483,21.141764537749932,21.141764537749932,4.228352907549986,871.0406989552972,261312.20968658917,0.2613122096865892
6189,6237,4.0,8.72892800068592,34.91571200274368,34.91571200274368,6.983142400548736,1438.5273345130397,431558.2003539119,0.4315582003539119
6189,6238,4.0,5.835446051313459,23.341784205253838,23.341784205253838,4.668356841050768,961.6815092564582,288504.45277693745,0.2885044527769375
6195,6189,4.0,6.199030611976545,24.79612244790618,24.79612244790618,4.959224489581236,1021.6002448537346,306480.0734561204,0.3064800734561204
6195,6209,4.0,2.124101501214027,8.496406004856109,8.496406004856109,1.699281200971222,350.0519274000717,105015.5782200215,0.1050155782200215
6209,6195,4.0,2.124093871819496,8.496375487277984,8.496375487277984,1.6992750974555968,350.05067007585296,105015.2010227559,0.1050152010227559
6209,6223,4.0,6.732146430091184,26.928585720364737,26.928585720364737,5.385717144072948,1109.4577316790273,332837.3195037082,0.3328373195037082
6213,6208,4.0,2.184826711847251,8.739306847389004,8.739306847389004,1.747861369477801,360.059442112427,108017.8326337281,0.1080178326337281
6217,6184,4.0,12.785453049406193,51.14181219762477,51.14181219762477,10.228362439524956,2107.042662542141,632112.7987626423,0.6321127987626423
6223,6209,4.0,6.570166754798215,26.28066701919286,26.28066701919286,5.2561334038385725,1082.763481190746,324829.0443572238,0.32482904435722376
6224,6244,4.0,3.463509486008031,13.854037944032124,13.854037944032124,2.770807588806425,570.7863632941236,171235.9089882371,0.1712359089882371
6237,6189,4.0,6.477939994094123,25.91175997637649,25.91175997637649,5.182351995275298,1067.5645110267114,320269.3533080134,0.3202693533080134
6241,6217,4.0,3.746162867047637,14.984651468190547,14.984651468190547,2.9969302936381097,617.3676404894507,185210.29214683519,0.18521029214683518
6244,6224,4.0,3.213366582107203,12.853466328428812,12.853466328428812,2.5706932656857626,529.5628127312671,158868.84381938013,0.15886884381938013
6244,6245,4.0,2.401846097580368,9.607384390321473,9.607384390321473,1.9214768780642946,395.8242368812447,118747.27106437342,0.11874727106437341
6245,6221,4.0,2.329061167698981,9.316244670795925,9.316244670795925,1.8632489341591851,383.82928043679215,115148.78413103764,0.11514878413103764
6252,6209,4.0,4.732388552508003,18.929554210032013,18.929554210032013,3.7859108420064027,779.8976334533189,233969.29003599568,0.23396929003599568
6125,6250,3.0,13.931104871153632,41.79331461346089,41.79331461346089,8.35866292269218,1721.884562074589,516565.3686223767,0.5165653686223767
6188,6205,3.0,7.533074956156603,22.599224868469808,22.599224868469808,4.519844973693962,931.0880645809561,279326.41937428684,0.2793264193742868
6197,6211,3.0,4.884783745368707,14.65435123610612,14.65435123610612,2.930870247221224,603.7592709275722,181127.78127827166,0.18112778127827167
6205,6188,3.0,7.709745030619493,23.129235091858476,23.129235091858476,4.6258470183716955,952.9244857845692,285877.34573537076,0.28587734573537077
6208,6218,3.0,2.751924689351517,8.255774068054551,8.255774068054551,1.6511548136109102,340.1378916038475,102041.36748115424,0.10204136748115425
6211,6189,3.0,2.484162631103405,7.452487893310215,7.452487893310215,1.4904975786620431,307.04250120438087,92112.75036131426,0.09211275036131426
6218,6208,3.0,2.700712378560501,8.102137135681502,8.102137135681502,1.6204274271363006,333.8080499900779,100142.41499702337,0.10014241499702337
6231,6232,3.0,3.86786533498632,11.60359600495896,11.60359600495896,2.320719200991792,478.06815540430915,143420.44662129274,0.14342044662129275
6232,6231,3.0,3.933725391705116,11.801176175115348,11.801176175115348,2.3602352350230698,486.2084584147524,145862.53752442572,0.1458625375244257
6233,6208,3.0,3.901884305245381,11.705652915736142,11.705652915736142,2.3411305831472284,482.27290012832907,144681.87003849872,0.14468187003849872
6241,6189,3.0,9.049312717469624,27.14793815240887,27.14793815240887,5.429587630481774,1118.4950518792455,335548.51556377363,0.33554851556377363
