Mon Mar 23 2026 09:06:08 GMT-0400 (Eastern Daylight Time) - Run Time: 3358ms

Cross Tabulation Query Form - Trip - 2022

Row: 2022 TTS zone of origin - tts22_orig
Column: 2022 TTS zone of destination - tts22_dest


Filters:
Regional municipality of household - region_hhld In 6, 
and
Primary travel mode of trip - mode_prime In D, P, T, U, 
and
Start time of trip - start_time In 530 - 2300

Trip 2022
ROW : tts22_orig
COLUMN : tts22_dest
  tts22_orig  tts22_dest      total
        1001        6191         40
        1001        6208         25
        1002        6130         14
        1003        6079         84
        1005        6224          7
        1006        6048         35
        1006        6178         18
        1014        6180         16
        1014        6195         15
        1015        6214          7
        1017        6250         19
        1022        1291         12
        1022        6145         12
        1022        6241         29
        1022        6245         14
        1024        6193         32
        1025        6048         66
        1025        6179         82
        1025        6254         10
        1033        6168         19
        1034        6189         23
        1035        1015          7
        1036        5156        141
        1036        6031         36
        1037        5134          9
        1037        6031         13
        1037        6045         69
        1037        6157         24
        1038        6154         28
        1038        6207         19
        1038        6229          5
        1043        6057          4
        1044        5349         23
        1045        3127         58
        1045        6216         22
        1045        6243         33
        1046        4696         10
        1047        6048         32
        1047        6134         18
        1048        1094         40
        1049        6208         13
        1050        6148         15
        1051        6044         33
        1051        6062         22
        1051        6106         38
        1051        6110         61
        1051        6190         88
        1051        6222         53
        1051        6224          7
        1052        5117         14
        1053        6247         35
        1054        1037          9
        1054        6119         32
        1054        6161         21
        1055        1512         52
        1055        6066        104
        1055        6145         40
        1055        6153         10
        1055        6161         18
        1055        6199         13
        1055        6244         23
        1055        6256         26
        1056        6134         10
        1056        6138         41
        1057        6030         14
        1057        6192          7
        1057        6205         29
        1058        6205          3
        1058        6213         13
        1059        6066         12
        1059        6138        195
        1059        6152         52
        1060        6180         11
        1060        6239         35
        1061        6228         15
        1062        6048          8
        1062        6072         18
        1063        6100         24
        1063        6158         34
        1063        6179         15
        1063        6216         48
        1063        6254         26
        1064        6103          6
        1064        6226         23
        1064        6230         13
        1065        6013         27
        1065        6069         15
        1065        6182         24
        1065        6218         20
        1066        6193         19
        1067        6031         23
        1067        6048        158
        1067        6057         20
        1067        6133         11
        1067        6149         34
        1067        6168         24
        1067        6207         11
        1067        6229         31
        1067        6256         29
        1068        6258         25
        1069        6217          8
        1069        6228          7
        1070        6050          6
        1070        6158         28
        1072        5163         24
        1072        6124         47
        1072        6170          9
        1072        6189         10
        1072        6213         13
        1072        6224         26
        1073        1127         15
        1073        6134         16
        1073        6224          8
        1074        6034         27
        1074        6044         56
        1074        6196         24
        1074        6225         20
        1076        6133         15
        1078        6156         21
        1079        6220         13
        1079        6256         20
        1080        1185         32
        1080        6104         20
        1080        6245          9
        1081        1046         10
        1081        6011          8
        1082        6182         34
        1083        6166         18
        1084        5306          6
        1087        1412         41
        1087        6103         41
        1088        4358         26
        1088        6008         26
        1088        6110         12
        1089        6170         11
        1092        6031         11
        1092       98008         16
        1093        6167         21
        1093        6250         17
        1094        1520         40
        1098        6018          6
        1099        6111         75
        1104        1067         14
        1104        6156         10
        1108        6235         15
        1109        5036         21
        1109        6220         21
        1112        1129         49
        1112        6208          6
        1112        6226         11
        1113        6110         16
        1123        6149         24
        1123        6178         45
        1124        6146         11
        1124        6192        166
        1125        1098          6
        1125        6208         38
        1126        6146         13
        1127        6055         15
        1127        6237         17
        1129        6204         49
        1133        5150          9
        1134        1334         29
        1135        6129         39
        1135        6209         16
        1136        6031         33
        1136        6121         30
        1136        6265        100
        1141        6014         24
        1141        6124         42
        1141        6187         68
        1150        6130         11
        1151        6167         19
        1155        6008         20
        1155        6209          7
        1156        6011         24
        1158        6200          8
        1159        5299         12
        1166        1159         12
        1166        6146         22
        1167        3062         16
        1167        6175         17
        1168        1211         11
        1168        6115         16
        1168        6247         17
        1170        6054         15
        1171        6177         10
        1171        6192         14
        1178        1180         11
        1178        6029         32
        1180        1168         11
        1184        4734         47
        1185        3139         32
        1189        6119         54
        1191        1316          5
        1191        1613         27
        1191        6014         15
        1197        6213         16
        1198        4637         14
        1198        6007         23
        1200        6250         21
        1207        6169        113
        1210        6038         51
        1211        1178         11
        1212        1230          4
        1212        6247         12
        1213        1216         29
        1216        1295         29
        1217        1076         15
        1221        6146         17
        1221        6241         10
        1225        1123         21
        1225       23038          4
        1230        1204          4
        1230        6195         12
        1232        6066         12
        1232        6145         19
        1232        6167         89
        1232        6191          3
        1232        6196         56
        1233        1038          5
        1235        6255         11
        1237        1256          9
        1237        1410         94
        1241        1073         15
        1242        1619         70
        1242        6155         26
        1245        6026         40
        1245        6104         13
        1245        6193         10
        1245        6196         63
        1250        6189         14
        1250        6207        146
        1256        6212          9
        1258        1534         29
        1258        6134         18
        1265        6144         14
        1267        1279         13
        1268        1073          8
        1268        6071        114
        1269        1268          8
        1270        6264         21
        1278        6181         15
        1279        1267         13
        1279        6007         26
        1291        1022         12
        1291        6217         19
        1293        6229         11
        1295        5014         29
        1298        1125          6
        1299        6154         19
        1302        1109         21
        1302        6148         70
        1305        6052         11
        1306        6228         10
        1307        6142         35
        1307        6185         10
        1307        6222         22
        1308        6137         10
        1308        6245         20
        1310        6243         32
        1311        1322          8
        1313        1233          5
        1313        5365         21
        1313        6170         14
        1313        6175          3
        1313        6205         35
        1313        6234         11
        1313        6250         17
        1314        6026         44
        1315        1311          8
        1315        6237          8
        1316        3227          5
        1317        1329          5
        1317        5123        141
        1317        6053         34
        1317        6138         19
        1317        6235          5
        1318        6202         20
        1318        6256         22
        1319        6218          7
        1321        6169         19
        1322        6107         44
        1322        6237          8
        1325        6138         78
        1327        6124         13
        1328        6103         51
        1328        6172         31
        1328        6227         28
        1328        6230         10
        1329        6124         13
        1329        6192          5
        1329        6256         47
        1330        6012         13
        1330        6192          7
        1330        6205         11
        1330        6220         62
        1330        6237         15
        1331        6115         33
        1331        6120         83
        1334        6121         29
        1334        6224          9
        1339        6212          9
        1340        1321         19
        1340        1344         19
        1340        6018         23
        1341        6243         35
        1344        1340         19
        1344        6050         22
        1350        6222        117
        1352        6226         26
        1354        6179         17
        1357        6179         17
        1363        6229         31
        1365        6215         11
        1369       98004          4
        1370        6129          5
        1371        6146          6
        1376        5307         78
        1377        6107         22
        1377        6179         19
        1377        6189         17
        1377        6192          6
        1378        1350         58
        1378        6056         20
        1378        6107         44
        1378        6111         70
        1379        4500          6
        1379        6012         26
        1379        6047          8
        1379        6104        129
        1380        6162         32
        1381        6050         25
        1383        6189         14
        1384        6111         53
        1385        6207         19
        1386        6191        305
        1392        1310         32
        1392        6050          8
        1392        6218         46
        1397        6122         27
        1399        6119         31
        1399        6184         10
        1399       98008          4
        1407        5300         43
        1407        6050          5
        1407        6141          8
        1408        6013         13
        1408        6143         36
        1408        6208         10
        1408        6251          9
        1409        6118         12
        1410        6175         94
        1412        1087         41
        1412        1412         21
        1412        1472         12
        1412        6018         12
        1412        6050         36
        1412        6207         21
        1412        6208         15
        1412        6254         67
        1414        1352         26
        1414        6014         17
        1414        6050         34
        1414        6134         47
        1421        6191         17
        1422        6196         10
        1423        6160         27
        1424        6195         13
        1429        6162         64
        1429        6172         11
        1430        6233          6
        1438        6208         24
        1439        6084         26
        1444        6103         16
        1445        6036         18
        1445        6114         15
        1445        6256         25
        1446        5125         15
        1465        6151         11
        1466        4314         11
        1468        6007          6
        1468        6165         16
        1472        6216         12
        1476        6146         46
        1480        6045         18
        1480        6166         23
        1482        6121         16
        1486        1492         14
        1486        6134         14
        1488        6241         16
        1489        1279         26
        1489        1492         70
        1492        1063         24
        1492        1486         14
        1492        1489         70
        1492        6174          8
        1499        6199         17
        1503        6186         20
        1507        5075         31
        1507        6228         14
        1512        1055         52
        1512        6247         14
        1519        1519         27
        1519        1540         27
        1519        6183        111
        1520        1245         40
        1523        1466         11
        1523        6160         16
        1529        6004         20
        1534        1258         29
        1540        1191         27
        1540        6127         27
        1555        6143         14
        1559        6153         48
        1569        3118         15
        1574        5134         17
        1577        6228         14
        1613        1519         27
        1619        4651         70
        1622        1376         78
        1629        6216          4
        1650        6190         13
        2035        6008         30
        2035        6029         30
        2042        6011         35
        2053        6246          5
        2056        6012         33
        2060        6191          7
        2094        2060          7
        2111        6195          5
        2115        1307         22
        2148        6227         17
        2179        6066         75
        2252        6190         11
        2267        6199         22
        2319        4506         16
        3001        6171         30
        3003        6038         14
        3003        6202         66
        3005        6008         12
        3006        6253         13
        3021        6229         39
        3027        6228         19
        3031        3091          5
        3031        6192         29
        3043        6056         10
        3062        6197         16
        3064        4387         72
        3066        6008         16
        3071        6134         26
        3076        3165          4
        3091        6165          5
        3093        6148         12
        3094        6025         14
        3095        6187         36
        3099        6197         20
        3107        6188         23
        3111        6008         27
        3112        6178         21
        3118        6250         15
        3119        6239         12
        3121        1200         21
        3127        6163         58
        3139        6211         32
        3149        6209         22
        3150        6119        104
        3150        6190          9
        3154        1523         11
        3154        6159         30
        3159        6154         78
        3165        3076          4
        3165        4370          4
        3180        1191          5
        3186        6138         53
        3212        6264         21
        3216        3212         21
        3227        3180          5
        3228        6224         50
        3254        6014          9
        3268        6029         12
        3272        6153         70
        3277        6134         35
        3285        6234        135
        3289        3154         11
        3289        6156         32
        3298        4430         10
        3298        6163         11
        3298        6189         10
        3303        1060         35
        3307        6016         78
        3315        6228         21
        3327        6063         22
        3331        6014         16
        3400        6163         12
        3448        6159          8
        3449        3400         12
        3457        6008          9
        3472        6157         32
        3526        6160         42
        3527        6200         22
        4011        6018         20
        4043        6014         16
        4056        6133         47
        4060        6146         11
        4062        4060         11
        4063        4064         18
        4064        4063         18
        4064        6014         18
        4064        6128         15
        4084        6236          7
        4086        4604         69
        4087        6144         32
        4103        6121         42
        4103        6230          6
        4104        6001         26
        4133        6004         13
        4134        6127         22
        4134        6138         22
        4136        4134         22
        4136        6012         37
        4136        6207          5
        4136        6263         23
        4139        6234         18
        4143        6241         18
        4146        4559         16
        4146        6045         17
        4147        6128         37
        4151        6070         39
        4154        6104         11
        4154        6111         75
        4157       98007          6
        4165        6159         12
        4178        6015         30
        4178        6104         43
        4178        6197         85
        4183        6175         23
        4193        6008         14
        4193        6014         39
        4193        6045         27
        4193        6048          7
        4193        6145         22
        4193        6160         21
        4193        6192         14
        4193        6207         12
        4204        6200         11
        4204        6239         12
        4216        6092         57
        4247        5154          9
        4247        6119         54
        4253        6087         11
        4254        6175         32
        4255        6256         37
        4256        6104         19
        4257        6044         37
        4259        6195         22
        4265        6195          4
        4269        6149         48
        4270        6247         93
        4274        6107         37
        4279        6008         51
        4279        6209          9
        4280        6170         32
        4282        6012         18
        4284        6079         36
        4293       13101          6
        4295        6222         34
        4299        4295         34
        4299        5072         11
        4299        6138        101
        4299        6174         11
        4314        4489         11
        4319        6180         21
        4354        4602         46
        4355        6201         10
        4356        6088         21
        4356        6127         18
        4356        6254         19
        4357        6011         26
        4357       11010          9
        4360        1331         83
        4360        6212         35
        4364        6100         31
        4365        6062         17
        4365        6144         37
        4366        6014         14
        4366        6200         16
        4370        3165          4
        4375        6066         51
        4378        6192         76
        4381        6208         19
        4382        6041         10
        4383        6256         12
        4387        6263         72
        4395        6248         46
        4396        4688         10
        4396        6061         14
        4396        6087         18
        4396        6104         95
        4396        6167         37
        4398        1037         14
        4400        5134          5
        4401        4401         41
        4401        5125          4
        4401        6009         20
        4401        6014         28
        4401        6030         76
        4401        6044         32
        4401        6045         22
        4401        6118         99
        4401        6125        101
        4401        6157         41
        4401        6163         17
        4401        6167         23
        4401        6175         39
        4401        6195          4
        4402        6123         17
        4402        6232         33
        4404        5029         15
        4406        4410         16
        4406        5151         51
        4408        5216         30
        4408        6006         18
        4408        6048        310
        4408        6052         15
        4408        6107         52
        4408        6114          4
        4408        6115         13
        4408        6119         68
        4408        6126         11
        4408        6167         26
        4408        6196         18
        4410        4406         16
        4410        4410         16
        4410        6202         16
        4414        4642          5
        4416        6087         16
        4418        6240         29
        4419        4607         69
        4419        4707         37
        4419        6015         34
        4421        6012         38
        4421        6030         35
        4421        6044         13
        4421        6209         33
        4425        6028         21
        4425        6032         18
        4426        6160         25
        4430        4626         10
        4430        6133         37
        4435        6113         21
        4438        6155         24
        4438        6222          5
        4440        6164         34
        4440        6173         15
        4441        6135          9
        4445        6160         21
        4445        6195         15
        4445       99998         23
        4446        6180         15
        4449        6176         10
        4451        6188         37
        4451        6237          8
        4452        4360         83
        4456        4364         31
        4456        6037         12
        4456        6114         48
        4456        6153         29
        4456        6213         40
        4456        6218         30
        4456        6241         34
        4457        4660          6
        4458        4440         34
        4458        6127         11
        4458       13058         18
        4461        6160         12
        4462        6248          5
        4465        6199          8
        4467        5125         30
        4467        6192         33
        4468        6225         37
        4471        4500         18
        4471        5134         58
        4473        6181         32
        4475        6155         15
        4478        6250         13
        4479        6088          8
        4484        6110         65
        4488        6208         28
        4489        6041         11
        4490        6030          4
        4490        6146         16
        4490        6195         33
        4492        6182         69
        4492        6185         27
        4496        6014         20
        4496        6050          5
        4498        6172         11
        4499        6191         31
        4500        4457          6
        4500        6129         10
        4500        6133         22
        4500        6230        120
        4501        6145         10
        4501        6149         51
        4503        6066         12
        4503        6205          5
        4504        1409         12
        4504        6008         23
        4505        6001         28
        4505        6107        129
        4506        6110         16
        4506        6129         24
        4506        6151         30
        4506        6229         64
        4507        4254         32
        4507        6001         13
        4507        6154         21
        4511        1055         23
        4511        6008         10
        4511        6012         28
        4511        6013         31
        4511        6014         89
        4511        6032         76
        4511        6038         18
        4511        6044          9
        4511        6045         46
        4511        6048          8
        4511        6050         36
        4511        6052         71
        4511        6053         36
        4511        6054         19
        4511        6061         31
        4511        6100         79
        4511        6106         22
        4511        6122         32
        4511        6124         15
        4511        6133         91
        4511        6138         36
        4511        6150         19
        4511        6156         32
        4511        6179         17
        4511        6195         52
        4511        6198          3
        4511        6201          5
        4511        6207         20
        4511        6224          8
        4511        6230         24
        4511        6250         10
        4511        6258         11
        4512        6158         23
        4512        6171         59
        4515        5280         17
        4515        6044         24
        4515        6162         25
        4515        6200         17
        4519        6146         22
        4520        4732         10
        4522        6048         20
        4524        6145         30
        4528        6191          6
        4530        6008         37
        4530        6176         23
        4530        6224         29
        4533        6048         51
        4534        6002         26
        4534        6003          7
        4534        6012         27
        4534        6014         87
        4534        6031         11
        4534        6061         31
        4534        6087         16
        4534        6106         11
        4534        6148         18
        4534        6160         24
        4534        6179         16
        4534        6186         10
        4534        6241         37
        4534        6247         24
        4534        6250         33
        4535        6154         69
        4536        6015         34
        4536        6162         15
        4538        6134         18
        4538        6205         13
        4540        1378         18
        4540        6006         16
        4540        6247         36
        4544        4570         10
        4544        4732         10
        4544        6189         10
        4545        6135         44
        4549        4253         20
        4549        6050         40
        4556        6025         11
        4556        6133         15
        4558        1270         21
        4558        6146         15
        4558        6196         24
        4558        6199         17
        4558        6217          5
        4559        4146         16
        4559        6146         16
        4560        6110         18
        4560        6112         33
        4564        6122         46
        4570        4544         10
        4571        6125          9
        4576        6011         41
        4576        6119         13
        4576        6191         33
        4577        6037         19
        4577        6110         32
        4577        6216         31
        4577        6241         17
        4578        6213        112
        4583        1171         14
        4583        4687         11
        4583        6035          6
        4583        6143         91
        4583        6151         36
        4583        6164        127
        4583        6170         64
        4583        6195         13
        4583        6212         16
        4586        6191         20
        4587        6150         34
        4589        5472        103
        4589        6139         22
        4592       11041         36
        4594        6189         40
        4597        4673         40
        4598        6088         20
        4602        4395         46
        4602        4614          5
        4604        6224         69
        4607        6026         69
        4608        6250         21
        4614        4462          5
        4616        4619         15
        4616        6239         15
        4619        4616         15
        4619        6173         25
        4621        6066         12
        4621        6138         22
        4626        6256         10
        4627        6220         12
        4632        6145         65
        4632        6200         32
        4636        6048         22
        4637        6012         14
        4641        6163         12
        4642        5153          5
        4644       12116         62
        4650        6012         44
        4651        6066         15
        4651        6107         18
        4651        6133         70
        4651        6243         19
        4652        6129         11
        4653        6012         71
        4655        6191         11
        4656        6191          5
        4656        6233          8
        4656        6254         26
        4657        4669         11
        4657        6103         32
        4657        6172         41
        4659        6225         25
        4660        5167          6
        4660        6056         11
        4664        6151         44
        4666        6012         20
        4669        4583         11
        4669        6201         11
        4670        6023         25
        4670        6107         52
        4670        6247         11
        4672        4594         40
        4672        6247         25
        4673        4597         40
        4673        4672         40
        4673        6155         16
        4676        6255         18
        4677        6199         14
        4678        6054         27
        4679        6045         40
        4679        6161          8
        4679        6178         50
        4679        6205         13
        4679        6207         20
        4680        6018          8
        4681        6091         45
        4682        6134         16
        4683        6110         48
        4685        6168         31
        4687        4669         11
        4688        6176         10
        4694        5108         54
        4694        6011         36
        4694        6217          5
        4694        6221         18
        4694       98008         31
        4696        4740         15
        4696        6012         34
        4696        6052         19
        4696        6138         28
        4696        6185         10
        4696        6191         14
        4696        6200         14
        4696        6228         15
        4697        6014         75
        4699        6107         48
        4700        6166         52
        4703        6170         19
        4703        6178        166
        4706        6135          9
        4706        6165         30
        4708        6008         15
        4714        4488         14
        4714        6032         31
        4716        6088         83
        4717        6008         37
        4718        4616         15
        4718        6029         14
        4719        6208          4
        4729        6181         41
        4731        6011         13
        4731        6172         11
        4731        6230          8
        4732        4544         10
        4732        6265         10
        4734        1167         16
        4734        6242         94
        4735        6012         15
        4735        6161         32
        4739        6003         18
        4739        6038         36
        4740        4696         15
        4740        5018         91
        4740        6028         42
        4740        6177         30
        4742        6107          5
        4745        6036         18
        4748        4697         75
        4748        6048         12
        4748        6050         35
        4748        6143         13
        4748        6157        111
        4748        6168         32
        5001        6028         41
        5001        6045          9
        5001        6184         15
        5001        6187         12
        5001        6191         86
        5001        6228         18
        5002        5029         75
        5002        6014         13
        5002        6088          7
        5002        6124         30
        5002        6143         30
        5002        6196          8
        5002        6250         29
        5002       98007          6
        5003        5142          8
        5003        5144         26
        5003        6005         62
        5003        6008         61
        5003        6026        184
        5003        6033          8
        5003        6046         18
        5003        6107         10
        5003        6152        114
        5003        6167         39
        5003        6175         23
        5003        6186         52
        5003        6205         12
        5003        6241         26
        5004        5016         24
        5004        6008         38
        5004        6014         10
        5004        6142          9
        5004        6154         28
        5004        6202         54
        5004        6217         88
        5004        6229          6
        5004        6245          5
        5004       23037          8
        5005        5041         27
        5005        5134         27
        5005        6008         11
        5005        6012         36
        5005        6014         44
        5005        6026         13
        5005        6031         45
        5005        6038         19
        5005        6054         22
        5005        6060         21
        5005        6066         80
        5005        6069         58
        5005        6070        197
        5005        6124         17
        5005        6137         39
        5005        6187         91
        5005        6192         10
        5005        6193         77
        5005        6196         10
        5005        6214         34
        5005        6218         56
        5005        6224         14
        5005        6258         23
        5006        5008         16
        5006        5010         24
        5006        5123         13
        5006        5126         14
        5006        6012         16
        5006        6016          9
        5006        6052         28
        5006        6110         60
        5006        6156         13
        5006        6192          7
        5006        6232         16
        5006        6244          9
        5006        6247         35
        5006        6263         11
        5007        6041        102
        5007        6176         17
        5007        6187         13
        5007        6192          3
        5007        6241          9
        5007        6258         23
        5008        5050          9
        5008        5125          5
        5008        6036         16
        5008        6231        141
        5008        6241         16
        5009        5016         18
        5009        5108         10
        5009        5125         32
        5009        6012         18
        5009        6092         44
        5009        6240          5
        5009        6241          8
        5010        5014         24
        5010        6011         25
        5010        6018          5
        5010        6021         20
        5010        6025         22
        5010        6034         11
        5010        6110         11
        5010        6138         17
        5010        6150         25
        5010        6185         17
        5010        6208          7
        5010        6214          5
        5010        6216         14
        5010        6234         32
        5010        6236         13
        5010        6237        101
        5010        6245         34
        5010        6246         11
        5011        5013         13
        5011        5108         12
        5011        6008         11
        5011        6011         38
        5011        6018         16
        5011        6025         25
        5011        6026        167
        5011        6044          7
        5011        6154         53
        5011        6189          3
        5011        6228         21
        5011        6230         26
        5011        6241         15
        5011        6254         34
        5012        6215         37
        5013        5109         51
        5013        5150         26
        5013        6005         13
        5013        6013         18
        5013        6031         33
        5013        6032        153
        5013        6208         23
        5013        6220         24
        5013        6250         28
        5014        1213         29
        5014        4592         36
        5014        6049         29
        5014        6133         24
        5014        6150         13
        5014        6224          5
        5015        6008         19
        5015        6014         40
        5015        6029         24
        5015        6113         49
        5015        6151          8
        5015        6189         14
        5015        6191        151
        5015        6241         30
        5016        5006         35
        5016        5010          5
        5016        5011          9
        5016        5289         22
        5016        6034         43
        5016        6037         11
        5016        6041         24
        5016        6048          6
        5016        6054         23
        5016        6055         18
        5016        6123         18
        5016        6150         38
        5016        6151         96
        5016        6162         18
        5016        6186         41
        5016        6190         22
        5016        6192          6
        5016        6217         16
        5016        6234         19
        5016        6238         17
        5016        6241          9
        5016        6244          5
        5016        6250          5
        5017        5029         14
        5017        6025         36
        5017        6031         41
        5017        6145         30
        5017        6228         19
        5018        5125         91
        5018        5305         91
        5018        6026         69
        5020        5021         15
        5021        5020         15
        5021        6008         39
        5021        6150         15
        5021        6186          4
        5021        6215          7
        5022        5114         22
        5022        6017         17
        5023        5030         48
        5023        6005        196
        5023        6014        145
        5023        6048         72
        5023        6155         17
        5023        6245         19
        5024        5030         29
        5024        5115         12
        5024        6011         47
        5024        6014         32
        5024        6017         17
        5024        6025         15
        5024        6060         11
        5024        6091         29
        5024        6104         10
        5024        6126         38
        5024        6146         31
        5024        6149         32
        5024        6192         30
        5024        6199         21
        5024        6200         22
        5024        6202         21
        5024        6208         11
        5024        6228         48
        5024        6237          6
        5024        6245         71
        5024        6256         44
        5025        4511         36
        5025        5059        164
        5025        5108         22
        5025        5137         36
        5025        5139          8
        5025        5143         19
        5025        6032         13
        5025        6089         48
        5025        6091         66
        5025        6107         10
        5025        6110         46
        5025        6111         21
        5025        6119         31
        5025        6124         12
        5025        6141         58
        5025        6143         58
        5025        6155          8
        5025        6192         39
        5025        6193         27
        5025        6212         61
        5025        6214        134
        5025        6216         53
        5025        6222         19
        5025        6250         29
        5025        6253         12
        5025        6263         28
        5026        3254          9
        5026        5026         34
        5026        5123         22
        5026        6008         12
        5026        6026        501
        5026        6030         10
        5026        6104         19
        5026        6115         16
        5026        6191         27
        5026        6201         52
        5026        6217          7
        5026        6225         48
        5026        6256         19
        5027        6004         12
        5027        6014         78
        5027        6025         12
        5027        6115         11
        5027        6150         10
        5027        6179         35
        5027        6245         34
        5028        6008         23
        5028        6014         12
        5028        6020         48
        5028        6029         18
        5028        6046         16
        5028        6123          9
        5028        6133          8
        5028        6151         27
        5028        6155         38
        5028        6170         12
        5028        6237         46
        5028        6254         67
        5029        5002          8
        5029        5021         31
        5029        5030         36
        5029        5049         10
        5029        5057         22
        5029        5081         10
        5029        5103         34
        5029        5114         22
        5029        5115         19
        5029        5126         24
        5029        6005         44
        5029        6010         16
        5029        6011         15
        5029        6012         38
        5029        6018          9
        5029        6025         31
        5029        6054         14
        5029        6118         68
        5029        6146         35
        5029        6150         21
        5029        6157         23
        5029        6172         15
        5029        6177         27
        5029        6178         15
        5029        6196          6
        5029        6200          9
        5029        6208         11
        5029        6225         18
        5029        6229         15
        5029        6230         10
        5029        6235         12
        5030        5022         22
        5030        5023         48
        5030        5030         37
        5030        5039         14
        5030        5106         39
        5030        5115          7
        5030        5116         13
        5030        5123         49
        5030        5125         36
        5030        5147         10
        5030        5300         11
        5030        6008         47
        5030        6010         12
        5030        6011        122
        5030        6012         73
        5030        6014        140
        5030        6018         35
        5030        6024         48
        5030        6025         24
        5030        6026         22
        5030        6044          4
        5030        6050          9
        5030        6092         86
        5030        6108         22
        5030        6178         22
        5030        6185         18
        5030        6189         35
        5030        6199          5
        5030        6225         14
        5030        6227         11
        5030        6234         24
        5030        6239         15
        5030        6254         17
        5032        6024         32
        5032        6034         53
        5032        6036         10
        5032        6110         14
        5032        6115         10
        5032        6196         13
        5032        6208         14
        5032       12040         14
        5033        6014         31
        5033        6150         47
        5033        6208          5
        5034        5011         15
        5034        5029         23
        5034        5054        135
        5034        5088         39
        5034        5116         16
        5034        6002         34
        5034        6005         28
        5034        6006         12
        5034        6009         17
        5034        6011         64
        5034        6015         28
        5034        6018         16
        5034        6021         20
        5034        6025        113
        5034        6029         42
        5034        6031         16
        5034        6044         36
        5034        6066         65
        5034        6088         27
        5034        6100         29
        5034        6104         44
        5034        6117         68
        5034        6120         43
        5034        6121         55
        5034        6123         37
        5034        6124         13
        5034        6126         34
        5034        6127         15
        5034        6135         16
        5034        6137         17
        5034        6159         56
        5034        6160         27
        5034        6170         19
        5034        6179         13
        5034        6187         68
        5034        6191         61
        5034        6202         95
        5034        6205         42
        5034        6209         19
        5034        6211        270
        5034        6213         49
        5034        6222          5
        5034        6226         22
        5034        6234         19
        5034        6237         57
        5034        6241         20
        5034        6245         17
        5034        6263         24
        5035        6199          9
        5035        6222         21
        5035        6254         34
        5036        5041          5
        5036        5143         21
        5036        6018         21
        5036        6029         21
        5037        5478         19
        5037        6012         14
        5037        6125         50
        5037        6130         51
        5037        6181         10
        5037        6190         12
        5038        5117         12
        5038        6124         15
        5038        6154         28
        5039        6022         14
        5040        5029          9
        5040        5040         41
        5040        5065          9
        5040        5133         41
        5040        6014         36
        5040        6018          9
        5040        6026         65
        5040        6054         53
        5040        6091          9
        5040        6121         15
        5040        6123         32
        5040        6125         26
        5040        6191          7
        5040        6204         12
        5040        6209         41
        5040        6226         12
        5040        6231         36
        5041        5005         25
        5041        5030         22
        5041        5048         21
        5041        5097          5
        5041        6006         15
        5041        6012         27
        5041        6026         22
        5041        6126         14
        5041        6143         58
        5041        6148         14
        5041        6155         11
        5041        6182         11
        5042        5046         31
        5042        5076         25
        5042        6029         14
        5042        6032         16
        5042        6056         29
        5042        6216          9
        5042        6230        102
        5043        5238         38
        5043        6011         38
        5044        5103         22
        5046        5029         31
        5046        6030         17
        5046        6248         24
        5047        5145          5
        5047        6014          9
        5047        6087         17
        5047        6161         32
        5048        6029         21
        5048        6133         23
        5049        5101         10
        5049        6037         10
        5049        6044         39
        5049        6060         14
        5049        6237          6
        5050        1067         29
        5050        5030         22
        5050        5148         14
        5050        6047          7
        5050        6126         25
        5050        6138         12
        5050        6180          4
        5050        6189         69
        5050        6213         16
        5050        6228         11
        5050        6241          9
        5050        6248        141
        5050        6254         24
        5050       11010         10
        5052        5030         11
        5052        5098         13
        5052        6014         28
        5052        6021         21
        5052        6224         37
        5053        5077          6
        5053        5115         31
        5053        6008         12
        5053        6014         20
        5053        6025         13
        5054        5034        135
        5054       13084         90
        5055        5065         28
        5055        6014         51
        5055        6140         65
        5055        6199         16
        5055        6242         47
        5055        6256         36
        5057        5037         14
        5057        6012         22
        5057        6108         39
        5057        6138         78
        5058        6031         41
        5058        6170         19
        5058        6192         17
        5059        5079         11
        5059        6100        164
        5061        1088         26
        5061        6007         14
        5061        6012         23
        5062        6024         13
        5062        6060         21
        5062        6125         23
        5062        6143         15
        5063        5011         26
        5063        5028          8
        5063        5053         31
        5063        5064         31
        5063        5075         44
        5063        5149         44
        5063        5209         13
        5063        5250         29
        5063        6005         10
        5063        6014         60
        5063        6025         23
        5063        6026         25
        5063        6031         14
        5063        6059        298
        5063        6070         19
        5063        6137          9
        5063        6146         51
        5063        6161         26
        5063        6178         21
        5063        6224         44
        5063       11490         80
        5064        6008         94
        5064        6012         19
        5064        6014         25
        5064        6166         13
        5065        5040          9
        5065        5114          9
        5065        6008          7
        5065        6009         14
        5065        6012         28
        5065        6014         27
        5065        6015         23
        5065        6025         11
        5065        6199         15
        5065        6248          5
        5065       13114         28
        5066        6006         14
        5066        6167         11
        5067        5120         18
        5067        6004         25
        5067        6005         15
        5068        6005         17
        5068        6256         58
        5070        1191         15
        5070        6014         29
        5070        6018         18
        5070        6045         19
        5070        6057         21
        5070        6237          4
        5071        6006         27
        5071        6012         81
        5071        6025         23
        5071        6032         15
        5071        6187         34
        5071        6192          4
        5072        4299         11
        5072        6174         11
        5072        6215         16
        5073        5015         24
        5073        6005        196
        5073        6012         71
        5073        6253         25
        5074        5067         15
        5074        6036         18
        5074        6038         30
        5074        6050          9
        5074        6066         29
        5074        6156         15
        5074        6181         14
        5074        6195         13
        5074        6207          9
        5074        6241         11
        5075        3457          9
        5075        5063         44
        5075        5122         31
        5075        6215         16
        5076        5115         25
        5076        6014         28
        5076        6018          8
        5076        6022         11
        5076        6104         58
        5076        6182         19
        5076        6227         19
        5076        6239         35
        5076        6256         25
        5077        6053         10
        5077        6088          6
        5078        6092         39
        5078        6125          8
        5078        6191         10
        5078        6210        244
        5078        6228         15
        5079        6010          9
        5079        6014         11
        5079        6110         20
        5080        6030         17
        5080        6253         25
        5081        5005         14
        5081        6018         10
        5081        6053          9
        5081        6088         24
        5081        6192          5
        5081        6228          6
        5081        6253         18
        5081        6261         25
        5082        5090         41
        5082        6123         13
        5082        6138          5
        5083        6134          4
        5083        6164         11
        5084        6052         16
        5084        6148         34
        5085        5028         12
        5085        6031         25
        5085        6138         28
        5085        6256         14
        5088        5034         13
        5088        5145         26
        5088        6008         26
        5088        6124         13
        5088        6196         26
        5089        6125         17
        5089        6263         34
        5090        5040         41
        5090        6005         24
        5090        6034         14
        5090        6047         27
        5090        6245         20
        5091        5135          5
        5091        6011         33
        5092        5009          8
        5092        6107         38
        5093        6070         18
        5093        6110        267
        5093        6126         14
        5093        6143         26
        5093        6182          8
        5093        6212         13
        5094        5030         14
        5094        6189         10
        5096        6038         31
        5097        5034         20
        5097        5052         23
        5097        5115          5
        5097        5387         13
        5097        6237          5
        5098        5109         13
        5098        6113         17
        5098        6188         27
        5098        6218          4
        5099        5010         17
        5100        6130         94
        5100        6182        166
        5100        6193          9
        5100        6225         14
        5100        6234         31
        5100        6265         41
        5101        1054         32
        5101        5030          4
        5101        5034         13
        5101        5105         87
        5101        5123         39
        5101        5144          7
        5101        5154         10
        5101        6005          9
        5101        6050         24
        5101        6104         47
        5101        6107          5
        5101        6113         12
        5101        6133         20
        5101        6157          7
        5101        6213         18
        5101        6225         35
        5101        6250         18
        5101        6253         10
        5101        6264         11
        5101       11031          4
        5102        5030         22
        5102        5044         22
        5102        6037         14
        5102        6170          7
        5102        6225         22
        5102       11093         15
        5103        5115         34
        5103        6030         53
        5103        6032         16
        5103        6158         13
        5103        6161         12
        5103        6237         18
        5104        5110         54
        5104        5136         21
        5104        6011         74
        5104        6012         89
        5104        6014         31
        5104        6038         10
        5104        6137          7
        5104        6157         12
        5104        6180         36
        5104        6185         31
        5104        6247         30
        5105        5200         32
        5105        5460         26
        5105        6001         14
        5105        6008         17
        5105        6014         31
        5105        6025         23
        5105        6038         23
        5105        6079         44
        5105        6145         35
        5105        6147          9
        5105        6149          9
        5105        6154         69
        5105        6163         11
        5105        6165         19
        5105        6166         13
        5105        6174         14
        5105        6175         43
        5105        6182        126
        5105        6202         19
        5105        6208          6
        5105        6225         87
        5105        6226         14
        5105        6241          9
        5105        6253         18
        5105        6254         59
        5105        6256         14
        5105        6261          7
        5105       98008          9
        5106        5116         46
        5106        5177         39
        5106        6030         14
        5106        6104         46
        5106        6140         19
        5106        6202         39
        5106        6230         18
        5107        5144        134
        5107        6034         53
        5107        6244          5
        5107        6256        135
        5108        4534         37
        5108        4719          4
        5108        5029         22
        5108        5074         18
        5108        5105         14
        5108        5125         18
        5108        5136         44
        5108        5307          7
        5108        6012         98
        5108        6025         12
        5108        6026         54
        5108        6031         19
        5108        6061         27
        5108        6110         14
        5108        6118         10
        5108        6134         10
        5108        6156         29
        5108        6165          8
        5108        6171         86
        5108        6205          5
        5108        6207          6
        5108        6221        103
        5108        6222         18
        5108        6223          8
        5108        6234         68
        5108        6243          8
        5108        6250         36
        5108        6253         14
        5108        6256         77
        5109        5013         51
        5109        5108         88
        5109        6036         13
        5109        6041        102
        5109        6163          3
        5110        5037         25
        5110        5088         26
        5110        5117         24
        5110        6012         10
        5110        6108         54
        5110        6110         30
        5110        6138         54
        5110        6241          9
        5112        6005         18
        5112        6013         53
        5112        6014         75
        5112        6118         15
        5112        6154         69
        5112        6234         13
        5113        6045         27
        5114        5118         14
        5114        5150          9
        5114        6005         22
        5114        6012         33
        5114        6017         21
        5114        6025         24
        5114        6048         13
        5114        6154         36
        5114        6188         37
        5114        6190         20
        5115        1052         14
        5115        5009         18
        5115        5029         31
        5115        5030         10
        5115        5064         82
        5115        5065          7
        5115        5097          5
        5115        5101          9
        5115        5102         22
        5115        5107          5
        5115        5108          5
        5115        5114         20
        5115        5115         29
        5115        5117         25
        5115        5125         12
        5115        5126         24
        5115        5143         13
        5115        5144         18
        5115        5172         22
        5115        6002         18
        5115        6006         74
        5115        6008         26
        5115        6011         29
        5115        6014         40
        5115        6018         10
        5115        6028         12
        5115        6032          9
        5115        6037         25
        5115        6045         19
        5115        6047         56
        5115        6050         71
        5115        6107         48
        5115        6113         24
        5115        6126         22
        5115        6130         41
        5115        6138          4
        5115        6150        179
        5115        6153         70
        5115        6160         12
        5115        6161         33
        5115        6168         57
        5115        6176          7
        5115        6179          8
        5115        6188          6
        5115        6191          3
        5115        6199         31
        5115        6200          9
        5115        6223         34
        5115        6224          4
        5115        6227         14
        5115        6231         16
        5115        6237         36
        5115        6251         37
        5115       12366          7
        5116        5005         10
        5116        5029         10
        5116        5034         16
        5116        5062         13
        5116        5126         10
        5116        5139         46
        5116        5141          5
        5116        5143          9
        5116        6005         10
        5116        6012         35
        5116        6014         15
        5116        6024         13
        5116        6044         10
        5116        6048          6
        5116        6114         20
        5116        6154        117
        5116        6173         61
        5116        6202         10
        5116        6215         11
        5116        6221          8
        5116        6234         19
        5116        6250         37
        5117        5030         17
        5117        5036         21
        5117        5076         25
        5117        5115         24
        5117        5116         35
        5117        6014         34
        5117        6048         70
        5117        6104         12
        5117        6107         19
        5117        6113         50
        5117        6125         13
        5117        6126         39
        5117        6127         16
        5117        6146         44
        5117        6185         31
        5117        6213         31
        5117        6219         33
        5117        6227         14
        5117        6241         15
        5117        6254         26
        5117       11013         55
        5118        6014        175
        5118        6162         19
        5120        5120         12
        5120        5125         15
        5120        6014         28
        5120        6022         23
        5120        6032         18
        5120        6061         15
        5121        5212         25
        5121        6020         23
        5122        6008         31
        5122        6012         25
        5122        6014         31
        5122        6134        142
        5123        5076         13
        5123        5094         14
        5123        5116         30
        5123        5123         61
        5123        5131          9
        5123        5142         30
        5123        5144         10
        5123        5246         37
        5123        6012         22
        5123        6014         37
        5123        6018         85
        5123        6024        282
        5123        6026         13
        5123        6031         39
        5123        6047         37
        5123        6108          9
        5123        6152         52
        5123        6185         15
        5123        6229         67
        5124        6061         15
        5125        5016         23
        5125        5030         65
        5125        5050         11
        5125        5101         65
        5125        5115         64
        5125        5123         36
        5125        5134         17
        5125        6004          9
        5125        6006         30
        5125        6008          7
        5125        6011         31
        5125        6014          8
        5125        6018         12
        5125        6031         13
        5125        6044         56
        5125        6050         60
        5125        6053         15
        5125        6060         42
        5125        6088         23
        5125        6104         10
        5125        6108         80
        5125        6110         91
        5125        6114         22
        5125        6118         20
        5125        6121         12
        5125        6138         44
        5125        6143         16
        5125        6144         33
        5125        6146         16
        5125        6155         16
        5125        6159         63
        5125        6170          3
        5125        6175         62
        5125        6177         27
        5125        6180         82
        5125        6188         13
        5125        6197          5
        5125        6204         35
        5125        6208         30
        5125        6212         19
        5125        6216         73
        5125        6228         25
        5125        6234         32
        5125        6248          5
        5125        6250          4
        5125        6254         12
        5126        5010         20
        5126        5029         24
        5126        5097         23
        5126        5126        112
        5126        5144        134
        5126        6008         30
        5126        6020         23
        5126        6032         77
        5126        6134         14
        5126        6138         26
        5126        6154         22
        5126        6159         14
        5126        6161         34
        5126        6176         37
        5126        6183         63
        5126        6184         17
        5126        6191         69
        5126        6237         39
        5126        6245         24
        5126        6248         32
        5126        6253        134
        5126        6258         23
        5129        6005         26
        5130        6060         21
        5131        6014         52
        5132        6220         74
        5133        6187         41
        5134        5007         17
        5134        5016          5
        5134        5081         14
        5134        5101         14
        5134        5110         24
        5134        5123         37
        5134        5125         19
        5134        5134         11
        5134        6012         31
        5134        6044          9
        5134        6052         58
        5134        6054          4
        5134        6107         59
        5134        6134         21
        5134        6145         32
        5134        6152         78
        5134        6169        119
        5134        6192          6
        5134        6204         51
        5134        6208         11
        5134        6213         81
        5134        6216         12
        5134        6217         60
        5134        6224         19
        5134        6227         35
        5134        6228         59
        5134        6237         17
        5134        6245         46
        5134        6248         26
        5135        5023         19
        5135        5091          5
        5135        5139        109
        5135        6005         24
        5135        6020         23
        5135        6052         37
        5135        6104         19
        5135        6114          4
        5135        6133         21
        5135        6138         17
        5135        6164        139
        5135        6167         45
        5135        6170          9
        5135        6178         37
        5135        6189         16
        5135        6214          5
        5135        6220         18
        5135        6227         17
        5135        6233        109
        5135        6256         38
        5136        5065          5
        5136        5126         37
        5136        5137         27
        5136        5140         44
        5136        5171         46
        5136        5294         85
        5136        6013         40
        5136        6014         40
        5136        6026         65
        5136        6077         30
        5136        6107         17
        5136        6114         11
        5136        6119         41
        5136        6129         41
        5136        6143         25
        5136        6145         15
        5136        6146         28
        5136        6172         27
        5136        6182         25
        5136        6191         17
        5136        6193         21
        5136        6200         12
        5136        6216          8
        5136        6239         14
        5136        6253         44
        5137        1184         47
        5137        5025         36
        5137        5042         31
        5137        5116         11
        5137        6001         26
        5137        6002         27
        5137        6012         21
        5137        6014         35
        5137        6028         50
        5137        6050         10
        5137        6067         19
        5137        6100         39
        5137        6104         10
        5137        6107          5
        5137        6110         50
        5137        6114         48
        5137        6118         70
        5137        6127         18
        5137        6134         55
        5137        6135         44
        5137        6137          9
        5137        6146         90
        5137        6153         29
        5137        6154         25
        5137        6162         30
        5137        6163         12
        5137        6167         36
        5137        6177         16
        5137        6180         32
        5137        6182         34
        5137        6189         10
        5137        6190          7
        5137        6192          9
        5137        6195         15
        5137        6200         13
        5137        6208          7
        5137        6212         38
        5137        6214         30
        5137        6215         73
        5137        6240          7
        5137        6246         50
        5137        6247         50
        5137        6255         27
        5137       12368         31
        5138        6032         30
        5138        6037         32
        5138        6071         79
        5138        6107         22
        5138        6122         15
        5138        6125         89
        5138        6126         34
        5138        6143         38
        5138        6164         29
        5138        6187         65
        5138        6204         12
        5138        6253         44
        5138       23009         16
        5139        5106         46
        5139        5135        109
        5139        5139         13
        5139        5141          5
        5139        5174          5
        5139        6008         17
        5139        6057         12
        5139        6103         15
        5139        6115         37
        5139        6121         46
        5139        6122          8
        5139        6151          8
        5139        6162         97
        5139        6164         43
        5139        6182         38
        5139        6186         10
        5139        6201         30
        5139        6205         29
        5139        6212         20
        5139        6214          7
        5139        6222         36
        5139        6223         41
        5139        6244          9
        5139        6247         15
        5139        6250         34
        5139        6256        114
        5139       11013         13
        5140        5065         15
        5140        5115         88
        5140        5150         89
        5140        6008         41
        5140        6012         38
        5140        6014         14
        5140        6025         36
        5140        6031         19
        5140        6050         29
        5140        6107         62
        5140        6154         27
        5140        6186         33
        5140        6187         68
        5140        6191         31
        5140        6199         16
        5140        6208         21
        5140        6220         10
        5140        6225         46
        5140        6239         17
        5140        6253         88
        5141        5030          5
        5141        5116          5
        5141        5139          5
        5141        6008         20
        5141        6012         22
        5141        6028         65
        5141        6061         19
        5141        6110        102
        5141        6138          5
        5141        6154         36
        5141        6155         26
        5141        6172         31
        5141        6173         26
        5141        6185         26
        5141        6196         21
        5141        6204         58
        5141        6207         66
        5141        6230         24
        5141        6240         37
        5141        6256         82
        5141        6264          9
        5142        5003          8
        5142        5116         30
        5142        5142         71
        5142        6044         30
        5142        6111         34
        5142        6124         34
        5142        6127         11
        5142        6129         19
        5142        6176          5
        5142        6181         36
        5142        6195         15
        5143        1109         21
        5143        5006         24
        5143        5023         17
        5143        5025         19
        5143        5063          8
        5143        5078         10
        5143        5105         18
        5143        5115         13
        5143        5116         13
        5143        6008         13
        5143        6055          4
        5143        6062         22
        5143        6104         13
        5143        6129          9
        5143        6134         16
        5143        6157         22
        5143        6180         13
        5143        6191         17
        5143        6205         13
        5143        6248          9
        5143        6254         18
        5143        6256         19
        5144        1069          7
        5144        5003         26
        5144        5115         18
        5144        5126        134
        5144        5187         44
        5144        6014         33
        5144        6018         10
        5144        6104         11
        5144        6134         50
        5144        6150         10
        5144        6185          8
        5144        6186         10
        5144        6191         33
        5144        6196         63
        5144        6197         33
        5144        6228         15
        5144        6230         15
        5144        6233         81
        5144        6243         10
        5144        6253        134
        5145        5088         26
        5145        6001         16
        5145        6029         16
        5145        6110          9
        5145        6148         34
        5145        6162         15
        5145        6179         15
        5145        6195          4
        5145        6208          5
        5145        6234         11
        5145        6244         53
        5146        5029         18
        5146        5030         26
        5146        6004         12
        5146        6005         51
        5146        6008         11
        5146        6158         34
        5146        6159          8
        5146        6173         42
        5146        6174         40
        5146        6216         28
        5146        6225         18
        5146        6228         16
        5146        6230          8
        5146        6251         32
        5147        5024         29
        5147        6006         10
        5147        6014         39
        5147        6091         10
        5147        6173         12
        5147        6248         24
        5148        5050         14
        5148        6014         37
        5148        6061         17
        5148        6134        110
        5148        6159         20
        5148        6173         27
        5148        6196         47
        5148        6248          5
        5149        5013         18
        5149        5063         44
        5149        5064         13
        5149        6012        106
        5149        6123         29
        5149        6165         99
        5149        6215         23
        5149        6256         10
        5150        1088         26
        5150        5029         12
        5150        5115          9
        5150        5125         17
        5150        5262         11
        5150        6026         84
        5150        6032         19
        5150        6088         19
        5150        6090         61
        5150        6108         89
        5150        6123         15
        5150        6158         13
        5150        6170         41
        5150        6179         17
        5150        6196         29
        5150        6207         26
        5150        6221         17
        5150        6237          4
        5150        6239          6
        5150        6253         25
        5151        4406         51
        5151        4501         10
        5151        6032         16
        5151        6057         15
        5151        6108         11
        5151        6110          8
        5151        6129         50
        5151        6158         34
        5151        6176         18
        5151        6199          9
        5151        6236         42
        5151        6263         51
        5152        5041         14
        5152        6014         24
        5152        6070         22
        5152        6135         25
        5152        6189          8
        5152        6225         15
        5152        6263         37
        5153        4414          5
        5153        5148          5
        5153        5244         12
        5153        6139         70
        5153        6154         32
        5153        6178        112
        5153        6202         22
        5153        6216         41
        5153        6225         36
        5153        6237         36
        5154        5029         10
        5154        5030         18
        5154        5154          7
        5154        5202         18
        5154        6008          7
        5154        6014          9
        5155        4473         32
        5155        6044         18
        5156        1036        141
        5158        6004         31
        5158        6050          9
        5158        6135         25
        5158        6189         23
        5158        6197          5
        5159        5199         13
        5159        5389         20
        5159        6012         38
        5159        6107          6
        5159        6154         23
        5159        6175         68
        5159        6189         40
        5159        6199         14
        5160        5063         30
        5160        5203         18
        5160        6004         12
        5160        6115         62
        5160        6228         17
        5160        6256         26
        5161        6160         21
        5161        6170         33
        5161        6205          5
        5162        6201         11
        5163        6012         44
        5163        6204         16
        5163        6227         24
        5163        6241          5
        5164        4418         29
        5164        6240         30
        5166        5268         16
        5166        6005         46
        5166        6191          3
        5166        6200         23
        5167        6176          6
        5167        6179         17
        5170        5286          4
        5170        6014         33
        5170        6029         95
        5171        6045         10
        5171        6146         46
        5171        6200         18
        5172        6014         28
        5172        6133         22
        5174        5048         12
        5174        5139          5
        5174        6006         94
        5174        6050         35
        5174        6062         37
        5174        6070          8
        5174        6123         31
        5174        6127         10
        5174        6144         33
        5174        6157         10
        5174        6163         13
        5174        6168         21
        5174        6180         51
        5174        6182         34
        5174        6189         13
        5174        6213         40
        5176        6186         31
        5177        5030         39
        5177        5307          7
        5177        6008         69
        5181        5030         86
        5181        6263         43
        5183        5304         29
        5183        6012         43
        5183        6014         96
        5183        6036         18
        5183        6045         23
        5183        6048         64
        5183        6050         31
        5183        6055         87
        5183        6056         11
        5183        6057         26
        5183        6061         42
        5183        6103         51
        5183        6104         33
        5183        6138         22
        5183        6155         18
        5183        6172         28
        5183        6185         10
        5183        6196         13
        5183        6199         12
        5183        6209          7
        5183        6213         18
        5183        6246          5
        5186        6034         15
        5187        5144         44
        5187        5299         84
        5187        6215         84
        5191        5187         84
        5191        6241          7
        5193        5210          9
        5195        6164         11
        5198        5267         30
        5198        6079          8
        5198        6110         14
        5198        6134         13
        5198        6163         56
        5199        5125         13
        5199        6107         21
        5199        6108         21
        5200        6056          7
        5200        6233         23
        5200        6235         19
        5200        6237         32
        5201        5211         19
        5201        6038         14
        5201        6122          8
        5201        6179         15
        5201        6205         11
        5201        6208         11
        5202        5154         18
        5202        5349         23
        5202        6050          5
        5202        6138         18
        5203        5160         18
        5203        6048         86
        5203        6054          9
        5203        6104          8
        5203        6134         18
        5204        5306         33
        5208        5225         38
        5208        5304         29
        5208        6239         58
        5209        5063         13
        5209        6007          6
        5209        6012         44
        5209        6129         24
        5209        6185         10
        5210        5306         24
        5210        6224          4
        5210        6235          9
        5211        5007         23
        5211        6014         13
        5211        6032         17
        5211        6103         61
        5211        6145         32
        5211        6191         17
        5211        6205          5
        5211        6254         19
        5212        5121         25
        5212        6038         15
        5212        6107          5
        5212        6115         25
        5212        6129          8
        5212        6229         21
        5212        6256         19
        5213        6017          9
        5213        6129         41
        5213        6244         30
        5214        6229         14
        5214        6235         11
        5215        6192         20
        5216        6012         29
        5216        6111         30
        5216        6138         36
        5217        6029         32
        5217        6256         12
        5219        6013         28
        5219        6060         31
        5219        6119         26
        5220        6010         27
        5224        6234         29
        5225        6002         38
        5225        6113         19
        5225        6145         87
        5227        6012        122
        5228        5116         10
        5228        5158          5
        5228        6088         11
        5228        6189          9
        5228        6192         36
        5228        6263         28
        5229        6174         41
        5230        5125         16
        5230        5248         24
        5230        6153         48
        5231        6190         25
        5236        6025          9
        5236        6256          5
        5238        5043         38
        5238        6050         53
        5238        6127         44
        5238        6195         15
        5239        6028         11
        5239        6133         13
        5240        6038         60
        5243        6107         65
        5244        6191         13
        5244        6237         12
        5245        6014         31
        5246        5115         37
        5248        6154         24
        5249        6110         75
        5250        6012         69
        5250        6087         11
        5250        6141         29
        5250        6153         29
        5254        5261          9
        5254        5273          9
        5259        5283         40
        5259        6014         31
        5259        6024         19
        5259        6061         25
        5260        6110         17
        5261        6148          9
        5261        6228         22
        5261        6234         28
        5263        6031         38
        5264        6150         25
        5267        5071         27
        5267        5158         25
        5267        6048          8
        5267        6214         30
        5267        6244         22
        5268        5219         16
        5268        6031         16
        5269        6031        113
        5271        6025         19
        5271        6123         23
        5271        6160        102
        5272        6208          9
        5273        5254         17
        5273        5273         17
        5273        6148          9
        5273        6189          8
        5275        6026         15
        5275        6159         19
        5275        6208         25
        5275        6254         51
        5276        6012         20
        5278        6014         23
        5278        6048          7
        5278        6162         31
        5278        6169         26
        5278        6193         11
        5278        6208          5
        5278        6241         11
        5279        5297         18
        5279        6001         15
        5279        6010         16
        5279        6045         18
        5279        6050         28
        5279        6113          8
        5279        6138         42
        5279        6201         10
        5280        4511         17
        5280        5282         22
        5280        6012         20
        5280        6150         11
        5280        6179         17
        5280        6187         15
        5280        6263         17
        5282        5280         22
        5282        6237         22
        5283        5259         40
        5283        6014         15
        5283        6048         80
        5283        6121         25
        5283        6244          5
        5284        6171         59
        5285        6088         15
        5285        6153         17
        5285        6202         20
        5286        5170          4
        5286        6079         84
        5286        6159         19
        5286        6234         11
        5286        6250          4
        5287        6177         21
        5288        6227          4
        5289        6208         22
        5293        5144         33
        5293        6015         88
        5293        6026         69
        5293        6070         48
        5293        6212          6
        5294        4178         85
        5294        4465          8
        5294        6008         38
        5294        6018         13
        5294        6029         18
        5294        6060         40
        5294        6070         56
        5294        6074          5
        5294        6125         25
        5294        6143         93
        5294        6166         40
        5294        6215         38
        5294        6227         76
        5296        1001         40
        5297        5201         15
        5297        5279         18
        5297        6012         13
        5297        6028         27
        5297        6115         14
        5297        6124         47
        5297        6205         78
        5297        6207         34
        5299        5302         84
        5299        6162         15
        5299        6246         12
        5300        1407         43
        5300        5030         11
        5300        6005         10
        5300        6050         29
        5300        6070         81
        5300        6088          9
        5300        6122         45
        5300        6138         53
        5300        6143         10
        5300        6167         85
        5300        6173         28
        5300        6179         17
        5300        6223         22
        5301        5146         11
        5302        5191         84
        5302        6017         26
        5303        5302         26
        5304        5208         29
        5304        5284         29
        5304        6006         16
        5304        6008         14
        5304        6038         16
        5304        6200         56
        5304        6216         26
        5304        6248         32
        5305        5018         91
        5305        6150         79
        5305        6199        138
        5305        6200         13
        5306        6012         33
        5306        6160         21
        5306        6187         34
        5306        6189         24
        5306        6196         56
        5306        6230          6
        5307        5034         12
        5307        5108         22
        5307        5177          7
        5307        6016         78
        5307        6120         22
        5307        6160         27
        5307        6191         31
        5307        6256         29
        5308        6012         37
        5308        6110         29
        5308        6138         27
        5308        6214         59
        5309        6008         30
        5309        6014         13
        5309        6044         21
        5309        6048         65
        5309        6052         25
        5309        6214          7
        5310        4511         11
        5310        5416         14
        5310        6005         13
        5310        6014         20
        5310        6156         29
        5311        6009         38
        5311        6143         26
        5311        6186         19
        5311        6214         52
        5312        6004         10
        5312        6204         18
        5313        6091         10
        5314        6014         20
        5314        6119        116
        5314        6154         41
        5315        5110         10
        5315        6008        106
        5315        6031         20
        5315        6162         15
        5315        6265          7
        5320        5109          3
        5320        6191          3
        5322        5419         30
        5322        6012         37
        5322        6070         32
        5328        6012         41
        5330        6008         26
        5331        5149         33
        5334        6050         45
        5334        6106        110
        5334        6110         58
        5337        6243         21
        5341        5398         30
        5343        5400         14
        5343        6079          6
        5347        6008         18
        5349        5202         23
        5349        6212         23
        5350        6004         10
        5350        6008         15
        5350        6010         27
        5359        6205         11
        5364        6191          3
        5365        6066         41
        5371        6245          8
        5381        6006         18
        5381        6052         44
        5382        6228         17
        5383        6010         67
        5383        6178         26
        5385        6167         10
        5387        6053         13
        5388        6008         10
        5388        6208         16
        5389        6008         40
        5389        6181         28
        5389        6200          8
        5389        6235         23
        5390        6017         32
        5390        6029         39
        5390        6170         10
        5390        6214         53
        5391        6008        137
        5391        6106         38
        5393        6189         16
        5393        6215         33
        5396        6247         21
        5398        6106         33
        5398        6218         30
        5400        4419         34
        5400        5310         14
        5400        5343         14
        5400        6005         14
        5401        6126         30
        5402        5341         30
        5405        6008         18
        5405        6052          9
        5405        6246         23
        5406        5405         18
        5406        6008         44
        5406        6170         22
        5407        6166         34
        5408        6186          8
        5416        5400         14
        5418        6149         15
        5418        6192         29
        5419        5402         30
        5419        6008         15
        5419        6014         13
        5419        6062         20
        5420        6029         23
        5423        6138         22
        5433        6008         36
        5433        6190         12
        5435        6182         44
        5440        6190         15
        5452        5458          5
        5456        5480          8
        5458        5393         16
        5458        5452          5
        5459        6115         33
        5464        6009         76
        5472        6008         27
        5472        6034         53
        5472        6220        145
        5472        6253        103
        5478        6148         19
        5480        6014          8
        5484        6020         54
        6001        4104         26
        6001        4507         13
        6001        4734         16
        6001        5137         26
        6001        5145         16
        6001        5400         34
        6001        6001         99
        6001        6003         39
        6001        6004          9
        6001        6005         16
        6001        6008         17
        6001        6009         14
        6001        6012         19
        6001        6015         53
        6001        6018        620
        6001        6021         57
        6001        6031        131
        6001        6032         25
        6001        6035         62
        6001        6041         49
        6001        6044         30
        6001        6047         86
        6001        6048         11
        6001        6050         68
        6001        6051         21
        6001        6052         31
        6001        6053         18
        6001        6054         80
        6001        6056         20
        6001        6057         42
        6001        6060         35
        6001        6066         74
        6001        6110         30
        6001        6123         16
        6001        6142         15
        6001        6161         51
        6001        6162         15
        6001        6170         22
        6001        6175         43
        6001        6176         26
        6001        6177        352
        6001        6190         16
        6001        6191         13
        6001        6193          6
        6001        6204         10
        6001        6206         36
        6001        6209         34
        6001        6213         29
        6001        6215         13
        6001        6225         18
        6001        6238         28
        6001        6239          6
        6001        6243         74
        6001        6248          8
        6001        6264         17
        6001       12051         16
        6001       12392         13
        6001       12401         23
        6001       23001         15
        6001       23002         39
        6001       23003         10
        6001       23009         42
        6001       23013         26
        6001       23023         16
        6001       23029         24
        6001       24001         16
        6001       24002         49
        6001       24005         24
        6001       98005         14
        6002        5034         34
        6002        5070         18
        6002        5115         18
        6002        5134         37
        6002        5137         27
        6002        5139         27
        6002        5208         38
        6002        6013         15
        6002        6014         17
        6002        6015        112
        6002        6024         57
        6002        6028         12
        6002        6029          9
        6002        6030         22
        6002        6031         23
        6002        6150         31
        6002        6167         31
        6002        6190         10
        6002        6199         15
        6002        6208          6
        6002        6213         27
        6002        6224         22
        6002        6225         10
        6002        6243         81
        6002        6247          9
        6002       12242         34
        6002       12357          9
        6002       24006         23
        6002       98008         40
        6003        4739         18
        6003        5137         31
        6003        6001         53
        6003        6003         74
        6003        6004         25
        6003        6008         28
        6003        6012         25
        6003        6015          9
        6003        6021        125
        6003        6037         14
        6003        6054         18
        6003        6056         21
        6003        6131         17
        6003        6242         12
        6003        6249         13
        6003       12099         24
        6003       12263         13
        6003       12284         26
        6003       12325         39
        6003       12335         13
        6003       12347         14
        6003       12367         11
        6003       12368         94
        6003       12380         34
        6003       12381         28
        6003       12386         10
        6003       12387         36
        6003       12392         34
        6003       12393         72
        6003       13057         33
        6003       13169         11
        6003       13189         31
        6003       23036         24
        6003       24001         13
        6003       24002         23
        6004        1128         28
        6004        1256         24
        6004        1529         20
        6004        4133         13
        6004        5065         23
        6004        5067         25
        6004        5125          9
        6004        5160         12
        6004        5312         10
        6004        5350         10
        6004        6001          9
        6004        6003         49
        6004        6004        123
        6004        6005         27
        6004        6006         53
        6004        6008         65
        6004        6010         39
        6004        6011         18
        6004        6013         16
        6004        6014        177
        6004        6015         43
        6004        6017          9
        6004        6018        216
        6004        6020         26
        6004        6021        108
        6004        6023         22
        6004        6024         64
        6004        6027         30
        6004        6030         62
        6004        6031         60
        6004        6032         22
        6004        6035         30
        6004        6041         50
        6004        6048         70
        6004        6052          9
        6004        6054         25
        6004        6060         20
        6004        6064         16
        6004        6091         31
        6004        6138         31
        6004        6148         24
        6004        6154         55
        6004        6170          9
        6004        6177          6
        6004        6191          5
        6004        6244         17
        6004        6265         20
        6004       12332         16
        6004       12336         13
        6004       12393         16
        6004       12555         25
        6004       13057         40
        6004       13091         10
        6004       13149         31
        6004       23013         19
        6004       23015         24
        6004       24002         49
        6005        4178         43
        6005        5003         94
        6005        5011         13
        6005        5023        196
        6005        5025         22
        6005        5029         44
        6005        5034         28
        6005        5063         10
        6005        5065          9
        6005        5068         17
        6005        5073        196
        6005        5074         15
        6005        5090         24
        6005        5112         37
        6005        5131         14
        6005        5135         24
        6005        5146         51
        6005        5166         46
        6005        5300         10
        6005        5310         13
        6005        5396         41
        6005        5400         14
        6005        6001         16
        6005        6004         27
        6005        6005        270
        6005        6006         12
        6005        6007         11
        6005        6008        120
        6005        6009         11
        6005        6010         27
        6005        6011         81
        6005        6012        111
        6005        6013         58
        6005        6014        250
        6005        6015         33
        6005        6016         17
        6005        6018         13
        6005        6020         67
        6005        6021         12
        6005        6022          8
        6005        6023         53
        6005        6024          8
        6005        6025         13
        6005        6028         24
        6005        6030         53
        6005        6035         18
        6005        6057         15
        6005        6061         10
        6005        6146         15
        6005        6161          9
        6005        6165         33
        6005        6190         40
        6005        6192          7
        6005        6224         26
        6005        6231         17
        6005        6240         79
        6005        6241         59
        6005        6255         43
        6005        6256         35
        6005        6262         98
        6005       12198         98
        6005       13149         53
        6005       99998         35
        6006        4178         30
        6006        4293          6
        6006        4408         18
        6006        5025         61
        6006        5030         10
        6006        5041         15
        6006        5066         14
        6006        5125         15
        6006        5140         74
        6006        5174         94
        6006        5267         27
        6006        5304         16
        6006        5307         12
        6006        5381         18
        6006        6001        100
        6006        6004         37
        6006        6005         12
        6006        6006         61
        6006        6008         73
        6006        6011         52
        6006        6014         20
        6006        6015        161
        6006        6016         64
        6006        6018        312
        6006        6020         33
        6006        6021         48
        6006        6022         16
        6006        6024        164
        6006        6025         53
        6006        6027         68
        6006        6038         24
        6006        6045         23
        6006        6123         23
        6006        6141         12
        6006        6142         25
        6006        6144         44
        6006        6146         59
        6006        6172         14
        6006        6190         30
        6006        6191         14
        6006        6194         30
        6006        6228         30
        6006        6230         98
        6006        6233         13
        6006        6246         12
        6006        6263         19
        6006        6264         16
        6006        6265         15
        6006       11020         14
        6006       12010          6
        6006       12156         49
        6006       12248         30
        6006       12272         12
        6006       12328         18
        6006       12335         13
        6006       12420         36
        6006       13057          8
        6006       13066          6
        6006       13070         18
        6006       13086         15
        6006       14010         34
        6006       23002         30
        6006       23026          8
        6006       99998         15
        6007        1198         23
        6007        1489         26
        6007        5061         14
        6007        5209          6
        6007        6005         11
        6007        6006          9
        6007        6007         28
        6007        6009         11
        6007        6013         28
        6007        6015         18
        6007        6022         54
        6007        6024         37
        6007        6051         38
        6007        6150          6
        6007        6199         14
        6007        6231         14
        6007       12041         23
        6007       12258         38
        6007       12262         14
        6007       12392         11
        6007       12393          8
        6007       12532          8
        6007       13057         56
        6007       13119         14
        6007       13143          6
        6007       14010         17
        6007       14013         47
        6007       14015         14
        6007       14017         17
        6007       23015         26
        6007       23029         23
        6007       24002         38
        6007       99998         11
        6008        1171         10
        6008        1507         31
        6008        2035         30
        6008        3005         12
        6008        3066         16
        6008        3111         27
        6008        4193         14
        6008        4279         77
        6008        4504         23
        6008        4511         13
        6008        4530         37
        6008        4694         31
        6008        4708         15
        6008        4717         37
        6008        5003         30
        6008        5004         38
        6008        5011         11
        6008        5013         26
        6008        5015         19
        6008        5021          7
        6008        5026         12
        6008        5030         70
        6008        5053         12
        6008        5063         62
        6008        5070         14
        6008        5075          9
        6008        5105         17
        6008        5110         26
        6008        5115         89
        6008        5123         37
        6008        5125         19
        6008        5126         30
        6008        5139         17
        6008        5140         41
        6008        5141         20
        6008        5143         26
        6008        5153         36
        6008        5154          7
        6008        5159         20
        6008        5177         69
        6008        5249         16
        6008        5250         69
        6008        5294         38
        6008        5304         14
        6008        5309         30
        6008        5315        106
        6008        5330         26
        6008        5347         18
        6008        5350         15
        6008        5388         10
        6008        5391        137
        6008        5406         78
        6008        5419         15
        6008        5433         36
        6008        5464         76
        6008        5472         27
        6008        6001         17
        6008        6003         28
        6008        6004        117
        6008        6005        163
        6008        6006         47
        6008        6007          9
        6008        6008        927
        6008        6009        177
        6008        6010         87
        6008        6011        190
        6008        6012         76
        6008        6013        108
        6008        6014        352
        6008        6015         69
        6008        6016         98
        6008        6023        109
        6008        6024         80
        6008        6025         26
        6008        6027        107
        6008        6031         41
        6008        6032         81
        6008        6057         21
        6008        6101         32
        6008        6140         17
        6008        6142         85
        6008        6148         23
        6008        6150         35
        6008        6153         43
        6008        6164         69
        6008        6170         13
        6008        6193          9
        6008        6209         68
        6008        6213         13
        6008        6216         36
        6008        6225         53
        6008        6232         11
        6008        6235         10
        6008        6243         79
        6008        6247         43
        6008        6259          8
        6008       11095         21
        6008       12004         37
        6008       12009         14
        6008       12462         36
        6008       12578         30
        6008       13057         38
        6008       13119         12
        6008       13128         14
        6008       14006         49
        6008       14007         76
        6008       16199         14
        6008       23009         27
        6008       24002         86
        6008       24006         16
        6008       27062         13
        6008       99998        146
        6009        4401         20
        6009        5034         17
        6009        5065         14
        6009        5311         58
        6009        6005         11
        6009        6008        415
        6009        6009          9
        6009        6011         32
        6009        6014         49
        6009        6015         17
        6009        6150         34
        6009        6186         14
        6009        6209         17
        6009        6244         38
        6009        6251         14
        6009        6256         20
        6009       12301         11
        6009       13140         10
        6009       14061         10
        6009       98007         14
        6010        5029         16
        6010        5030         12
        6010        5279         16
        6010        5350         27
        6010        6004         39
        6010        6011         51
        6010        6014        118
        6010        6025         17
        6010        6026         87
        6010        6103          9
        6010        6110         26
        6010        6143         31
        6010        6149         67
        6010        6191         31
        6010        6204         23
        6010        6230         24
        6010        6239         18
        6011        1156         24
        6011        2042         35
        6011        4357         26
        6011        4576         41
        6011        4731         13
        6011        5010         25
        6011        5011         38
        6011        5024         47
        6011        5030         35
        6011        5034        164
        6011        5043         38
        6011        5100         94
        6011        5104         74
        6011        5125         31
        6011        5134         19
        6011        5147         39
        6011        5301         11
        6011        5389         20
        6011        6004         18
        6011        6005        134
        6011        6006         18
        6011        6008         65
        6011        6009         64
        6011        6010         51
        6011        6011        385
        6011        6012        147
        6011        6013         58
        6011        6014        770
        6011        6015         51
        6011        6016        107
        6011        6017         98
        6011        6018        140
        6011        6020         22
        6011        6022         15
        6011        6024         38
        6011        6025        245
        6011        6027         67
        6011        6030         15
        6011        6035         15
        6011        6036         11
        6011        6048         23
        6011        6052         19
        6011        6079          3
        6011        6088         33
        6011        6128         73
        6011        6152         59
        6011        6174         24
        6011        6182         87
        6011        6190         61
        6011        6191         33
        6011        6232         86
        6011        6233         45
        6011        6239         41
        6011        6243         69
        6011        6246        141
        6011        6247        151
        6011        6264         29
        6011       12004         37
        6011       12063         26
        6011       12111         17
        6011       12230         26
        6011       13086         17
        6011       13115         21
        6011       23047         41
        6011       99998         17
        6012        1198         14
        6012        1330         13
        6012        1379         26
        6012        4282         18
        6012        4421         38
        6012        4534         27
        6012        4653         71
        6012        4666         20
        6012        4696         34
        6012        4735         15
        6012        5005         68
        6012        5006         16
        6012        5026         22
        6012        5029         38
        6012        5030         40
        6012        5055         64
        6012        5057         14
        6012        5061         23
        6012        5065         28
        6012        5071         81
        6012        5073         71
        6012        5102         22
        6012        5104         89
        6012        5108         98
        6012        5114         11
        6012        5117         35
        6012        5120         28
        6012        5122         25
        6012        5126         20
        6012        5134         17
        6012        5137         21
        6012        5140         38
        6012        5141         22
        6012        5146         26
        6012        5147         29
        6012        5149         74
        6012        5159         38
        6012        5163         44
        6012        5183         43
        6012        5204         33
        6012        5209         44
        6012        5216         29
        6012        5227        122
        6012        5280         20
        6012        5297         13
        6012        5308         37
        6012        5328         41
        6012        5331         33
        6012        6001         19
        6012        6003         25
        6012        6005        111
        6012        6008        145
        6012        6011        172
        6012        6012        125
        6012        6013        136
        6012        6014        415
        6012        6015        200
        6012        6016         19
        6012        6020         72
        6012        6021         33
        6012        6023         52
        6012        6024         76
        6012        6031         17
        6012        6054         66
        6012        6099         14
        6012        6138         65
        6012        6144         22
        6012        6161         31
        6012        6172         16
        6012        6183         23
        6012        6188         16
        6012        6201         98
        6012        6203         30
        6012        6225         22
        6012        6231         11
        6012        6234         67
        6012        6238          9
        6012        6239         23
        6012        6241         21
        6012        6243        232
        6012        6246         53
        6012        6265         35
        6012       11289         21
        6012       13114         28
        6012       13192         10
        6012       99998         18
        6013        1065         27
        6013        1408         13
        6013        4511         31
        6013        5061         26
        6013        5074         15
        6013        5112         53
        6013        5136         40
        6013        5183         18
        6013        5219         28
        6013        6004         23
        6013        6005         58
        6013        6006         26
        6013        6007         28
        6013        6008        155
        6013        6009         10
        6013        6011         58
        6013        6012        214
        6013        6013        109
        6013        6014        367
        6013        6017        116
        6013        6020         73
        6013        6021         11
        6013        6022         23
        6013        6024        135
        6013        6025         40
        6013        6026         82
        6013        6029         19
        6013        6030         13
        6013        6031         20
        6013        6032         30
        6013        6038         27
        6013        6107        109
        6013        6110         13
        6013        6180         20
        6013        6208         47
        6013        6220         16
        6013        6221         13
        6013        6225         21
        6013        6243         18
        6013        6247         26
        6013        6250         81
        6013       12392         18
        6013       12432         19
        6014        1059         15
        6014        1379         10
        6014        3331         16
        6014        4043         16
        6014        4193         39
        6014        4247          9
        6014        4366         14
        6014        4401          8
        6014        4419         69
        6014        4496         20
        6014        4511         15
        6014        4748         75
        6014        5002         13
        6014        5004         10
        6014        5005         44
        6014        5015         40
        6014        5023        145
        6014        5024         32
        6014        5026          9
        6014        5027         78
        6014        5028         23
        6014        5029         19
        6014        5030         73
        6014        5032         13
        6014        5033         31
        6014        5034         28
        6014        5047          9
        6014        5052         28
        6014        5053         20
        6014        5055         16
        6014        5059         11
        6014        5063         30
        6014        5064         25
        6014        5065         27
        6014        5070         30
        6014        5085         12
        6014        5093         13
        6014        5104         31
        6014        5105         31
        6014        5112         57
        6014        5114         35
        6014        5116         15
        6014        5117         34
        6014        5118        162
        6014        5122         31
        6014        5123         22
        6014        5125         63
        6014        5131         29
        6014        5136         67
        6014        5140         32
        6014        5146         12
        6014        5148         37
        6014        5150          4
        6014        5152         24
        6014        5160         30
        6014        5170         33
        6014        5172         28
        6014        5183         78
        6014        5211         13
        6014        5245         31
        6014        5259         31
        6014        5278         23
        6014        5283         15
        6014        5293         33
        6014        5309         13
        6014        5310         20
        6014        5314         20
        6014        5322         37
        6014        5419         13
        6014        6002         31
        6014        6004        130
        6014        6005        279
        6014        6006         15
        6014        6008        463
        6014        6009         67
        6014        6010         92
        6014        6011        838
        6014        6012        387
        6014        6013        721
        6014        6014       2375
        6014        6015        449
        6014        6016        122
        6014        6017         30
        6014        6018         67
        6014        6020         86
        6014        6021         71
        6014        6022        189
        6014        6023         18
        6014        6024        362
        6014        6025        309
        6014        6026         73
        6014        6027        337
        6014        6031         21
        6014        6032         55
        6014        6033         68
        6014        6036         14
        6014        6038         31
        6014        6045         30
        6014        6047         30
        6014        6051         15
        6014        6053         11
        6014        6069         15
        6014        6110         17
        6014        6130         24
        6014        6131         41
        6014        6132         13
        6014        6138         14
        6014        6146         28
        6014        6150         17
        6014        6151          8
        6014        6161         78
        6014        6164         37
        6014        6170         11
        6014        6174         30
        6014        6187         13
        6014        6192         20
        6014        6197         20
        6014        6198         31
        6014        6199         10
        6014        6201         16
        6014        6209         34
        6014        6215          9
        6014        6222         50
        6014        6225        101
        6014        6226         34
        6014        6228         65
        6014        6230         39
        6014        6231         59
        6014        6233         16
        6014        6237          8
        6014        6239        108
        6014        6243         37
        6014        6245         18
        6014        6247         79
        6014        6248         52
        6014        6250         10
        6014        6255         14
        6014        6256         48
        6014        6263         51
        6014       11156         79
        6014       11323         26
        6014       12025         16
        6014       12258         11
        6014       12259         39
        6014       12288          5
        6014       12289         28
        6014       12290         30
        6014       12334         30
        6014       12340         33
        6014       12432         29
        6014       13089         18
        6014       13103         15
        6014       14010         14
        6014       23033          8
        6014       98007         16
        6014       98008          8
        6014       99998         32
        6015        5030         67
        6015        6001         86
        6015        6002         87
        6015        6004        138
        6015        6005         50
        6015        6006        164
        6015        6008         46
        6015        6009         17
        6015        6011         99
        6015        6012        258
        6015        6013         73
        6015        6014        290
        6015        6015         93
        6015        6016         14
        6015        6017         17
        6015        6018        115
        6015        6019         66
        6015        6021         21
        6015        6022         29
        6015        6023         70
        6015        6024         62
        6015        6025        102
        6015        6029         37
        6015        6030         15
        6015        6031         58
        6015        6034         11
        6015        6035         31
        6015        6036         12
        6015        6038         11
        6015        6041         11
        6015        6053         11
        6015        6055         62
        6015        6066        123
        6015        6104         24
        6015        6110         89
        6015        6122         13
        6015        6124         23
        6015        6146         21
        6015        6151         64
        6015        6167          5
        6015        6180         16
        6015        6199         33
        6015        6201         21
        6015        6205         88
        6015        6217         21
        6015        6225         20
        6015        6233          5
        6015        6239         14
        6015        6241         17
        6015        6245         14
        6015        6246         46
        6015        6248        282
        6015        6254         22
        6015        6261        103
        6015       14007         38
        6015       24002          4
        6015       99998         12
        6016        3307         78
        6016        6005         29
        6016        6006         64
        6016        6008        107
        6016        6009         14
        6016        6011        107
        6016        6013         19
        6016        6014        107
        6016        6020         28
        6016        6025         16
        6016        6032         60
        6016        6038         16
        6016        6190         40
        6016        6191          5
        6016        6207         32
        6016        6216         40
        6016        6225         15
        6016        6230         78
        6016       11037         28
        6017        5022         17
        6017        5024         17
        6017        5213          9
        6017        5303         26
        6017        5390         32
        6017        6011         98
        6017        6013         56
        6017        6014         90
        6017        6015         17
        6017        6054         31
        6017        6057         11
        6017        6060         28
        6017        6231         30
        6017        6247        152
        6017       98008         26
        6018        1298          6
        6018        1340         23
        6018        1412         12
        6018        4011         20
        6018        4680          8
        6018        5004         10
        6018        5010         13
        6018        5011         16
        6018        5030         36
        6018        5034         16
        6018        5036         21
        6018        5040         18
        6018        5052         11
        6018        5076          8
        6018        5115         10
        6018        5116         10
        6018        5117         17
        6018        5123         10
        6018        5125         48
        6018        5294         13
        6018        6001        391
        6018        6002         18
        6018        6004        192
        6018        6005         13
        6018        6006        491
        6018        6011        220
        6018        6014        107
        6018        6015        126
        6018        6018        338
        6018        6019        207
        6018        6020         72
        6018        6023         12
        6018        6024         46
        6018        6027         75
        6018        6029         25
        6018        6030         87
        6018        6031        207
        6018        6032        129
        6018        6035         16
        6018        6038        106
        6018        6041         58
        6018        6044         58
        6018        6048         34
        6018        6051         57
        6018        6054         15
        6018        6056         64
        6018        6057         32
        6018        6084         10
        6018        6145         11
        6018        6147         36
        6018        6160         12
        6018        6161         95
        6018        6166         21
        6018        6169         10
        6018        6174         20
        6018        6180         34
        6018        6192          7
        6018        6193         11
        6018        6199         69
        6018        6202        122
        6018        6208         30
        6018        6209         17
        6018        6212         18
        6018        6214         17
        6018        6222         13
        6018        6225         65
        6018        6231         14
        6018        6234         21
        6018        6236         43
        6018        6238         10
        6018        6241         32
        6018        6243         92
        6018        6245        118
        6018        6251         29
        6018        6257         13
        6018        6265         12
        6018       13057         45
        6018       17176         30
        6018       24002         67
        6018       98008         24
        6018       99998         76
        6019        6015         31
        6019        6018        272
        6019        6020         23
        6019        6021         10
        6019        6022         31
        6019        6025         21
        6019        6030         35
        6019        6032          6
        6019        6034         11
        6019        6065         17
        6019        6087         14
        6019        6171         36
        6019        6239         36
        6019        6245        107
        6019       11095         25
        6019       12332         35
        6020        5028         48
        6020        5083         54
        6020        5121         23
        6020        5126         23
        6020        5135         23
        6020        5149         18
        6020        5183         91
        6020        5484         54
        6020        6004         18
        6020        6005         35
        6020        6006         18
        6020        6012         72
        6020        6013         28
        6020        6014         53
        6020        6015          8
        6020        6018         60
        6020        6019         23
        6020        6020         47
        6020        6021         17
        6020        6024         74
        6020        6028         36
        6020        6030        128
        6020        6031        139
        6020        6032         12
        6020        6041         50
        6020        6061         28
        6020        6110         34
        6020        6150         19
        6020        6161         13
        6020        6163         10
        6020        6170         81
        6020        6187         24
        6020        6190         10
        6020        6192         14
        6020        6202         12
        6020        6208         16
        6020        6222         12
        6020        6229         96
        6020        6250         12
        6020        6254         34
        6020        6264         96
        6020       11016         15
        6020       11037         28
        6020       11477         51
        6020       13059         15
        6020       23037         15
        6020       99998         18
        6021        5034         20
        6021        5040         36
        6021        6001         79
        6021        6003        159
        6021        6004        108
        6021        6006         24
        6021        6012         33
        6021        6015          5
        6021        6018          6
        6021        6019         10
        6021        6020         17
        6021        6021         69
        6021        6024         97
        6021        6025         31
        6021        6036          5
        6021        6038         21
        6021        6041         64
        6021        6107         16
        6021        6148         12
        6021        6152         15
        6021        6156         11
        6021        6159         24
        6021        6161         32
        6021        6166         14
        6021        6239         18
        6021        6247        110
        6021        6250         13
        6021       12392         71
        6021       12415         10
        6021       12420         11
        6021       12422         22
        6021       13057         32
        6021       13084         16
        6021       23004         32
        6022        5076         11
        6022        5120         23
        6022        5123         14
        6022        6005         16
        6022        6006         32
        6022        6007         54
        6022        6011         15
        6022        6013         23
        6022        6014        181
        6022        6015         11
        6022        6019         62
        6022        6024         14
        6022        6038         14
        6022        6172         11
        6022        6205         11
        6022        6241         18
        6022       12398         15
        6022       98008         18
        6023        1258         29
        6023        4670         25
        6023        5134         14
        6023        6004         22
        6023        6007         37
        6023        6008        109
        6023        6011         53
        6023        6012         67
        6023        6014         18
        6023        6015         30
        6023        6018         40
        6023        6019         21
        6023        6024         19
        6023        6025         21
        6023        6028         42
        6023        6030         83
        6023        6104         30
        6023        6159         34
        6023        6162          8
        6023        6174         22
        6023        6192          4
        6023        6196         51
        6023        6220         21
        6024        1155         20
        6024        1414         17
        6024        5017         18
        6024        5029         22
        6024        5186         15
        6024        5276         20
        6024        6002         35
        6024        6004         76
        6024        6005         23
        6024        6006         85
        6024        6008        110
        6024        6011         85
        6024        6012        100
        6024        6013         78
        6024        6014        352
        6024        6015        411
        6024        6018         78
        6024        6020         15
        6024        6021         96
        6024        6022         14
        6024        6023         56
        6024        6024         48
        6024        6025         67
        6024        6026        120
        6024        6027         11
        6024        6029         14
        6024        6030         85
        6024        6031         45
        6024        6032         55
        6024        6034         11
        6024        6036         15
        6024        6044         48
        6024        6095         22
        6024        6185         64
        6024        6186         63
        6024        6190         33
        6024        6208          3
        6024        6214         13
        6024        6227         76
        6024        6228         46
        6024        6237          8
        6024        6243         34
        6024        6244          9
        6024        6245         28
        6025        4064         18
        6025        4556         11
        6025        5005         11
        6025        5010         22
        6025        5011         37
        6025        5017         18
        6025        5024         15
        6025        5027         12
        6025        5029         15
        6025        5030         24
        6025        5053         13
        6025        5063         23
        6025        5065         11
        6025        5101         13
        6025        5105         23
        6025        5114         24
        6025        5137         39
        6025        5140         18
        6025        5183         10
        6025        5236          9
        6025        5271         19
        6025        5456          8
        6025        6003          9
        6025        6005         13
        6025        6006         53
        6025        6010         17
        6025        6011        329
        6025        6012         20
        6025        6013         63
        6025        6014        266
        6025        6015        108
        6025        6016         16
        6025        6023         52
        6025        6024         75
        6025        6025         25
        6025        6027         22
        6025        6032         38
        6025        6036         28
        6025        6116          8
        6025        6119          8
        6025        6138         14
        6025        6217         45
        6025        6219         21
        6025        6228         36
        6025        6235          5
        6025        6238         12
        6025        6243         17
        6025        6245          5
        6025        6250         37
        6025       11278         17
        6025       12202         13
        6026        1314         44
        6026        4534         33
        6026        4694         54
        6026        5003        184
        6026        5005         13
        6026        5006         13
        6026        5011        167
        6026        5018         69
        6026        5026        251
        6026        5040         65
        6026        5041         44
        6026        5063         25
        6026        5136         65
        6026        5150         94
        6026        5275         15
        6026        5293         69
        6026        6013         82
        6026        6014        229
        6026        6024        120
        6026        6046         21
        6026        6143         84
        6026        6190         33
        6026        6203         33
        6027        6006         68
        6027        6008        107
        6027        6011         67
        6027        6014        337
        6027        6015         77
        6027        6018         31
        6027        6023         29
        6027        6032         23
        6027        6047        120
        6027        6146         40
        6027        6169         18
        6027        6172         20
        6027        6189         58
        6027        6201         28
        6027        6203         63
        6027        6224         24
        6027        6234         30
        6027        6247         38
        6028        4310         55
        6028        4425         21
        6028        4740         42
        6028        5001         41
        6028        5004          6
        6028        5024         12
        6028        5041         25
        6028        5137         50
        6028        5141         65
        6028        5239         11
        6028        5297         27
        6028        6002         12
        6028        6005         24
        6028        6008         43
        6028        6011         15
        6028        6020         36
        6028        6023         42
        6028        6028         48
        6028        6029        218
        6028        6030         31
        6028        6031        124
        6028        6032         37
        6028        6033         13
        6028        6036          9
        6028        6038         48
        6028        6041         20
        6028        6045         12
        6028        6046         12
        6028        6052         16
        6028        6053          9
        6028        6054         42
        6028        6057         29
        6028        6099         21
        6028        6107         42
        6028        6146         43
        6028        6149         93
        6028        6161         68
        6028        6170         25
        6028        6198         13
        6028        6208         14
        6028        6209         42
        6028        6217         34
        6028        6225        110
        6028        6230         13
        6028        6234         16
        6028        6239         20
        6028        6243         36
        6028        6247        135
        6028        6250         26
        6028        6260         36
        6028        6263         81
        6028        6264         36
        6028       12140          6
        6028       23034         12
        6028       98007         13
        6028       99998         35
        6029        1178         32
        6029        5028         18
        6029        5034         42
        6029        5036         21
        6029        5041         21
        6029        5042         14
        6029        5073         24
        6029        5103         18
        6029        5145         16
        6029        5170         95
        6029        5217         32
        6029        5294         18
        6029        5390         39
        6029        5420         23
        6029        6001         29
        6029        6002          9
        6029        6008         30
        6029        6013         19
        6029        6015         37
        6029        6018         28
        6029        6024         14
        6029        6028        340
        6029        6029        174
        6029        6030        142
        6029        6031        422
        6029        6032        144
        6029        6033         68
        6029        6035         61
        6029        6036         16
        6029        6037         48
        6029        6038        304
        6029        6041         58
        6029        6048         25
        6029        6050         16
        6029        6052        105
        6029        6054         46
        6029        6056         21
        6029        6061         25
        6029        6062         64
        6029        6088          9
        6029        6121         47
        6029        6146         16
        6029        6150         31
        6029        6153         73
        6029        6154         39
        6029        6158         13
        6029        6160         13
        6029        6161         15
        6029        6164         12
        6029        6167         16
        6029        6190         20
        6029        6196         14
        6029        6201         28
        6029        6208         29
        6029        6209         44
        6029        6212         11
        6029        6213         17
        6029        6216        133
        6029        6222         58
        6029        6224          4
        6029        6225        399
        6029        6228         27
        6029        6232         98
        6029        6236        103
        6029        6238         23
        6029        6241        162
        6029        6243         28
        6029        6247        365
        6029        6248          5
        6029        6250         48
        6029        6254          8
        6029       11031         17
        6029       11275         24
        6029       11298         12
        6029       11423         11
        6029       13184         13
        6029       17193         17
        6029       23030         17
        6029       98008         16
        6029       99998         14
        6030        1057         14
        6030        1067         23
        6030        1268         34
        6030        4056          9
        6030        4147         37
        6030        4401         40
        6030        4421         35
        6030        5004         20
        6030        5015         61
        6030        5026         10
        6030        5046         17
        6030        5080         17
        6030        5103         31
        6030        5105         11
        6030        5106         14
        6030        5123         37
        6030        5259         19
        6030        5361         42
        6030        6002         22
        6030        6004         93
        6030        6005         53
        6030        6008         36
        6030        6013         13
        6030        6015         50
        6030        6018         58
        6030        6020        110
        6030        6023         83
        6030        6024         66
        6030        6028         45
        6030        6029        197
        6030        6030        175
        6030        6031        470
        6030        6032        217
        6030        6035         10
        6030        6036        114
        6030        6038         41
        6030        6041         38
        6030        6047         32
        6030        6052         55
        6030        6053         55
        6030        6055         43
        6030        6056         22
        6030        6057         31
        6030        6061         25
        6030        6088         13
        6030        6107         41
        6030        6121         35
        6030        6137          9
        6030        6147         17
        6030        6148         48
        6030        6156         17
        6030        6159         10
        6030        6160         21
        6030        6161         24
        6030        6169         11
        6030        6170         15
        6030        6174         19
        6030        6179         47
        6030        6190         32
        6030        6191         23
        6030        6192         21
        6030        6194         93
        6030        6199          5
        6030        6202         28
        6030        6205        112
        6030        6208         10
        6030        6210          7
        6030        6211         13
        6030        6216          5
        6030        6219         12
        6030        6220         18
        6030        6222         53
        6030        6223         18
        6030        6224         65
        6030        6225        176
        6030        6226         36
        6030        6227          6
        6030        6232         36
        6030        6233          8
        6030        6239         70
        6030        6241         39
        6030        6243         41
        6030        6246         11
        6030        6247         27
        6030        6251          5
        6030        6263         13
        6030       11001         11
        6030       12342         21
        6030       12357         20
        6030       12367         20
        6030       16242         17
        6030       23010         80
        6030       23034         41
        6030       98006         80
        6030       98008         33
        6031        1036         36
        6031        1037         13
        6031        1059         33
        6031        1136         33
        6031        5005         20
        6031        5017         41
        6031        5034         16
        6031        5058         41
        6031        5063         14
        6031        5085         25
        6031        5101         39
        6031        5108         19
        6031        5125         13
        6031        5126         17
        6031        5140         19
        6031        5263         38
        6031        5268         16
        6031        5269        113
        6031        5315         20
        6031        6001        140
        6031        6002         23
        6031        6004         14
        6031        6008        156
        6031        6013         20
        6031        6014         35
        6031        6015         85
        6031        6016         60
        6031        6018        265
        6031        6020         91
        6031        6024         62
        6031        6028         79
        6031        6029        448
        6031        6030        613
        6031        6031        822
        6031        6032        484
        6031        6033         32
        6031        6034         75
        6031        6035        187
        6031        6036        124
        6031        6037        108
        6031        6038        334
        6031        6041         16
        6031        6044         55
        6031        6045         75
        6031        6046        122
        6031        6047         61
        6031        6049         44
        6031        6050          7
        6031        6051          6
        6031        6052         60
        6031        6053          9
        6031        6054        109
        6031        6055         77
        6031        6056        159
        6031        6057        201
        6031        6068         53
        6031        6069         23
        6031        6081         22
        6031        6088         19
        6031        6110         37
        6031        6120         15
        6031        6121         40
        6031        6133         67
        6031        6144         24
        6031        6148         33
        6031        6151         30
        6031        6160         11
        6031        6161         14
        6031        6163         21
        6031        6164         29
        6031        6165         20
        6031        6167         41
        6031        6168         19
        6031        6169         21
        6031        6173         77
        6031        6175         20
        6031        6177         16
        6031        6179         25
        6031        6185         18
        6031        6186         29
        6031        6191         33
        6031        6192        126
        6031        6193         82
        6031        6196         13
        6031        6201         18
        6031        6208         33
        6031        6209         68
        6031        6212         41
        6031        6215         42
        6031        6216        197
        6031        6217         43
        6031        6218         11
        6031        6224         30
        6031        6225        174
        6031        6228         22
        6031        6232         21
        6031        6235         22
        6031        6236         11
        6031        6238         21
        6031        6239         21
        6031        6241        107
        6031        6243        227
        6031        6244        152
        6031        6245         12
        6031        6246         12
        6031        6247        113
        6031        6248        128
        6031        6250         38
        6031        6255         43
        6031        6256         50
        6031        6258          8
        6031        6264         35
        6031       11283         13
        6031       11307         20
        6031       12049         20
        6031       12330         15
        6031       12413         10
        6031       13113         45
        6031       16076         14
        6031       24001         12
        6031       24008         33
        6031       27045         20
        6031       98003         17
        6031       98008         21
        6032        4425         18
        6032        4511         14
        6032        4714         31
        6032        5005         44
        6032        5010          5
        6032        5013        186
        6032        5025         13
        6032        5029         36
        6032        5042         16
        6032        5067         18
        6032        5071         15
        6032        5103         16
        6032        5126         77
        6032        5138         30
        6032        5150          9
        6032        5151         16
        6032        5211         17
        6032        6001         25
        6032        6002         22
        6032        6004         22
        6032        6008         45
        6032        6014         63
        6032        6018        128
        6032        6024         55
        6032        6025         33
        6032        6027         28
        6032        6028         37
        6032        6029        261
        6032        6030        114
        6032        6031        602
        6032        6032        426
        6032        6033         10
        6032        6034         27
        6032        6035        161
        6032        6036         21
        6032        6037         88
        6032        6038        136
        6032        6041         37
        6032        6050         12
        6032        6053         21
        6032        6056         35
        6032        6057         34
        6032        6066         46
        6032        6092         10
        6032        6128         19
        6032        6130         44
        6032        6133         11
        6032        6146         18
        6032        6161          9
        6032        6172          9
        6032        6174        118
        6032        6183         19
        6032        6186         10
        6032        6191          6
        6032        6193         73
        6032        6201         15
        6032        6209         42
        6032        6210         22
        6032        6213         84
        6032        6216        208
        6032        6224         69
        6032        6225        257
        6032        6229         80
        6032        6231         45
        6032        6232         31
        6032        6237          6
        6032        6238         28
        6032        6239         15
        6032        6241        100
        6032        6243         51
        6032        6245          8
        6032        6247        138
        6032        6248          5
        6032        6250         20
        6032        6258         21
        6032       11014         44
        6032       11467         16
        6032       17208         15
        6032       23002         30
        6032       23026         15
        6032       24003         33
        6032       24009         43
        6032       99998         62
        6033        5003          8
        6033        6014         68
        6033        6028         13
        6033        6029         43
        6033        6030         11
        6033        6031         44
        6033        6032         18
        6033        6035         62
        6033        6036         14
        6033        6054         13
        6033        6056         17
        6033        6186         31
        6033        6201          6
        6033        6208         19
        6033        6213         27
        6033        6222         13
        6033        6241          8
        6033        6247          4
        6033       11031         17
        6033       13086         16
        6034        5016         30
        6034        5032         53
        6034        5090         14
        6034        5107        106
        6034        5472         53
        6034        6015         11
        6034        6019         11
        6034        6024         25
        6034        6031         66
        6034        6037         37
        6034        6045         13
        6034        6125         11
        6034        6142          8
        6034        6148         27
        6034        6164         37
        6034        6186         15
        6034        6225         15
        6034        6232         44
        6034        6238         15
        6034        6243         44
        6034        6246         22
        6034        6252         25
        6034       12262          8
        6034       24009         27
        6034       99998         21
        6035        4583          6
        6035        5105         26
        6035        6001         92
        6035        6004         30
        6035        6005         18
        6035        6011         15
        6035        6015         31
        6035        6029         17
        6035        6030         26
        6035        6031        208
        6035        6032        161
        6035        6033         62
        6035        6035         62
        6035        6037         15
        6035        6038         76
        6035        6041         16
        6035        6046         16
        6035        6051          8
        6035        6057         16
        6035        6173         31
        6035        6199         45
        6035        6225         10
        6035        6227          6
        6035        6233         31
        6035        6241         45
        6035        6243         73
        6035        6247         61
        6035        6249         16
        6035        6259          6
        6035       12090         45
        6035       12239         17
        6035       24002         18
        6036        4678         27
        6036        4745         18
        6036        5006         33
        6036        5032         10
        6036        5052         13
        6036        5108         18
        6036        5183         18
        6036        6008         11
        6036        6011         11
        6036        6014         14
        6036        6015         23
        6036        6018         15
        6036        6025         28
        6036        6028          9
        6036        6029         36
        6036        6030        114
        6036        6031        124
        6036        6032         21
        6036        6033         14
        6036        6035         18
        6036        6036         80
        6036        6038         33
        6036        6044         31
        6036        6045         18
        6036        6052         33
        6036        6053         57
        6036        6054         10
        6036        6088          7
        6036        6108         13
        6036        6132         48
        6036        6163         23
        6036        6175          5
        6036        6181         27
        6036        6182         23
        6036        6190         18
        6036        6194         80
        6036        6213          4
        6036        6215         48
        6036        6217         34
        6036        6225         56
        6036        6229         18
        6036        6232         15
        6036        6241         10
        6036        6245         35
        6036        6246         10
        6036        6262         13
        6036       11012         14
        6036       12140         23
        6036       13187         55
        6036       23033         22
        6036       98008         23
        6036       99998         48
        6037        4456         12
        6037        4577         19
        6037        5016         11
        6037        5049         10
        6037        5102         14
        6037        5115         25
        6037        5138         32
        6037        6003         14
        6037        6004         14
        6037        6029         43
        6037        6030         77
        6037        6031         95
        6037        6032         72
        6037        6034         37
        6037        6035         15
        6037        6038         14
        6037        6046         10
        6037        6053         10
        6037        6054         36
        6037        6147         48
        6037        6155         48
        6037        6163         21
        6037        6174         11
        6037        6190         25
        6037        6192         14
        6037        6205         11
        6037        6225         14
        6037        6241         14
        6037        6243         82
        6037       13057         25
        6037       23009         28
        6037       99998         15
        6038        4511         18
        6038        4739         36
        6038        5005         19
        6038        5052         21
        6038        5074         30
        6038        5096         31
        6038        5104         10
        6038        5105         12
        6038        5107         17
        6038        5201         14
        6038        5212         15
        6038        5240         60
        6038        5304         16
        6038        6003         18
        6038        6004         16
        6038        6006         24
        6038        6013         27
        6038        6014         31
        6038        6015         11
        6038        6016         16
        6038        6018         95
        6038        6022         14
        6038        6028         86
        6038        6029        358
        6038        6030         53
        6038        6031        189
        6038        6032         72
        6038        6035        126
        6038        6036         63
        6038        6037         14
        6038        6038        316
        6038        6041         11
        6038        6044         43
        6038        6045         11
        6038        6046         17
        6038        6051         32
        6038        6053         10
        6038        6055         15
        6038        6057         16
        6038        6106         58
        6038        6107         36
        6038        6125         46
        6038        6134         19
        6038        6146         22
        6038        6164         10
        6038        6170         12
        6038        6185         17
        6038        6188         18
        6038        6189         14
        6038        6190          4
        6038        6191         51
        6038        6195         19
        6038        6200        101
        6038        6208         49
        6038        6209         10
        6038        6216         54
        6038        6217         12
        6038        6221         12
        6038        6222         12
        6038        6225         56
        6038        6233         28
        6038        6238         15
        6038        6241         76
        6038        6243         69
        6038        6247         62
        6038        6250         29
        6038       23029         19
        6038       23035         19
        6038       24002         37
        6038       99998         14
        6039        6041         24
        6039        6044         25
        6039        6063         36
        6039        6154         25
        6039        6165         48
        6039        6180          7
        6040        6061         52
        6040        6088         84
        6040        6150         10
        6040        6154          9
        6040        6159         52
        6041        3289         11
        6041        4540         18
        6041        5001          9
        6041        5007        102
        6041        5109        102
        6041        5120         15
        6041        5134          9
        6041        5136         85
        6041        6001         66
        6041        6004         80
        6041        6008         21
        6041        6011         29
        6041        6018         76
        6041        6020         38
        6041        6021         64
        6041        6027         10
        6041        6028         20
        6041        6029         58
        6041        6030         53
        6041        6032         32
        6041        6035         16
        6041        6036         35
        6041        6041        508
        6041        6043          9
        6041        6044        497
        6041        6045        304
        6041        6046         22
        6041        6047         84
        6041        6048        194
        6041        6049         34
        6041        6050        266
        6041        6052        149
        6041        6053        186
        6041        6054        125
        6041        6055         21
        6041        6056         28
        6041        6057        154
        6041        6059         93
        6041        6060        180
        6041        6061        262
        6041        6062          5
        6041        6065         13
        6041        6069          8
        6041        6079         14
        6041        6088        233
        6041        6091         28
        6041        6093         12
        6041        6096          9
        6041        6099         97
        6041        6100        116
        6041        6103         41
        6041        6104         49
        6041        6107         30
        6041        6118         21
        6041        6120         54
        6041        6121         15
        6041        6127         77
        6041        6128         49
        6041        6137         10
        6041        6142         10
        6041        6144         12
        6041        6145         19
        6041        6146        176
        6041        6148         17
        6041        6150        140
        6041        6151         14
        6041        6154        222
        6041        6156         24
        6041        6157         94
        6041        6160         72
        6041        6161         16
        6041        6162         10
        6041        6163         55
        6041        6164         71
        6041        6167         20
        6041        6169         24
        6041        6170        124
        6041        6174         71
        6041        6175        194
        6041        6176         41
        6041        6180         21
        6041        6181         10
        6041        6182         23
        6041        6185         44
        6041        6186          8
        6041        6187         88
        6041        6189         29
        6041        6190         86
        6041        6191        229
        6041        6192        283
        6041        6193          9
        6041        6194         49
        6041        6195         49
        6041        6199         10
        6041        6207         14
        6041        6208         69
        6041        6212          9
        6041        6216        137
        6041        6221         14
        6041        6225         10
        6041        6227         18
        6041        6228         19
        6041        6234         16
        6041        6235         29
        6041        6237         27
        6041        6244         39
        6041        6245         18
        6041        6247        188
        6041        6252          4
        6041        6254         35
        6041        6258         38
        6041       23002         16
        6041       24002         22
        6041       24008         14
        6041       24009         10
        6042        6039         24
        6042        6061         81
        6042        6077         15
        6042        6088          6
        6042        6191         21
        6042        6192        116
        6042        6245          9
        6042       99998          9
        6043        6055          9
        6043        6063         13
        6043        6154          9
        6044        1051         33
        6044        1074         56
        6044        1392         64
        6044        4257         37
        6044        4401         32
        6044        4421         13
        6044        5034         36
        6044        5116         10
        6044        5125         56
        6044        5141         19
        6044        5142         30
        6044        5155         18
        6044        6001         56
        6044        6018         34
        6044        6020         95
        6044        6029         27
        6044        6031         22
        6044        6036         31
        6044        6038         21
        6044        6039         25
        6044        6041        455
        6044        6044        858
        6044        6045        509
        6044        6046        289
        6044        6047         24
        6044        6048        183
        6044        6049          9
        6044        6050        255
        6044        6052        132
        6044        6053        144
        6044        6054        186
        6044        6055         38
        6044        6056        129
        6044        6057         99
        6044        6060         91
        6044        6061        428
        6044        6069         11
        6044        6084         69
        6044        6088         90
        6044        6100         11
        6044        6110         25
        6044        6125         45
        6044        6134         24
        6044        6145        131
        6044        6146         11
        6044        6149         10
        6044        6150        116
        6044        6152         18
        6044        6154         32
        6044        6158         25
        6044        6160         11
        6044        6161         46
        6044        6162         73
        6044        6163         33
        6044        6164         13
        6044        6165          9
        6044        6167         40
        6044        6175         48
        6044        6180          6
        6044        6181        463
        6044        6187         10
        6044        6191         75
        6044        6192         59
        6044        6194         45
        6044        6195        343
        6044        6196         38
        6044        6199          5
        6044        6209         34
        6044        6216         34
        6044        6220         17
        6044        6222         35
        6044        6225         40
        6044        6227         32
        6044        6229         26
        6044        6230         22
        6044        6233         11
        6044        6236        133
        6044        6238         19
        6044        6241         29
        6044        6244         31
        6044        6245          8
        6044        6248        223
        6044        6250          7
        6044        6251         54
        6044        6258         27
        6044        6264         29
        6044       11031         22
        6044       11389         11
        6044       12010         26
        6044       13010         24
        6044       13058        229
        6044       13199        114
        6044       23009         18
        6044       23012         18
        6044       23026         31
        6044       24001         18
        6044       98006         13
        6045        1037         69
        6045        1480         18
        6045        4146         17
        6045        4193         27
        6045        4401         22
        6045        4511         22
        6045        4679         40
        6045        5070         19
        6045        5113         27
        6045        5115         19
        6045        5171         10
        6045        5183         23
        6045        5279         18
        6045        5337         21
        6045        6015         30
        6045        6028         12
        6045        6031         75
        6045        6034         13
        6045        6036         18
        6045        6038         11
        6045        6041        304
        6045        6044        498
        6045        6045        350
        6045        6046        142
        6045        6047         40
        6045        6048        291
        6045        6050        255
        6045        6052        149
        6045        6053        167
        6045        6054        119
        6045        6055         15
        6045        6056         62
        6045        6057        143
        6045        6060         35
        6045        6061        207
        6045        6079         27
        6045        6088         11
        6045        6099         21
        6045        6108         31
        6045        6124         21
        6045        6145         56
        6045        6146         23
        6045        6152         22
        6045        6154         92
        6045        6159          5
        6045        6161         10
        6045        6164         26
        6045        6167         51
        6045        6174          9
        6045        6175         17
        6045        6181         36
        6045        6189         14
        6045        6191         67
        6045        6198         17
        6045        6202         21
        6045        6209         86
        6045        6214         19
        6045        6216         30
        6045        6217         10
        6045        6222         18
        6045        6225         10
        6045        6226         14
        6045        6235         19
        6045        6238         29
        6045        6239         21
        6045        6243         86
        6045        6249         10
        6045        6254         34
        6045       12316         30
        6045       12323         30
        6045       13014         23
        6045       13024          9
        6045       13057         14
        6045       13169          9
        6045       19030         30
        6045       23001         11
        6045       23004         15
        6045       23028         21
        6045       99998         61
        6046        5028         16
        6046        5040         32
        6046        5300         29
        6046        6001        102
        6046        6021          5
        6046        6026         21
        6046        6028         12
        6046        6029        105
        6046        6031        147
        6046        6035         16
        6046        6037         10
        6046        6038         17
        6046        6041         66
        6046        6044        278
        6046        6045        133
        6046        6046        151
        6046        6047         14
        6046        6050         62
        6046        6052         31
        6046        6053         50
        6046        6054        105
        6046        6056         36
        6046        6057         52
        6046        6061        150
        6046        6069          6
        6046        6110         10
        6046        6123         12
        6046        6145         16
        6046        6150         82
        6046        6161         16
        6046        6163         10
        6046        6170         28
        6046        6176         10
        6046        6183         21
        6046        6195         27
        6046        6204         44
        6046        6205         12
        6046        6208          9
        6046        6222         17
        6046        6228         21
        6046        6237         56
        6046        6239         16
        6046        6243         51
        6046       11047         14
        6046       12272         41
        6047        4515         24
        6047        5050          7
        6047        5090         27
        6047        6001        110
        6047        6002         37
        6047        6014         30
        6047        6018         12
        6047        6027        120
        6047        6031         22
        6047        6041        144
        6047        6045         33
        6047        6046         38
        6047        6047         82
        6047        6048        169
        6047        6053        127
        6047        6057         10
        6047        6059         37
        6047        6061         70
        6047        6069          8
        6047        6144         10
        6047        6161         40
        6047        6167         12
        6047        6191          3
        6047        6192          5
        6047        6203        120
        6047        6214         13
        6047        6216         14
        6047        6238         10
        6047        6243         56
        6047        6259         63
        6047       13113        120
        6047       23002        120
        6047       23003        106
        6047       23004         14
        6047       23008         37
        6047       23009         14
        6047       23010         53
        6047       23013         33
        6047       23015         53
        6047       23029          5
        6047       23041          5
        6047       24001         53
        6047       24002         14
        6047       24008         24
        6047       98006         26
        6048        1025         66
        6048        1047         32
        6048        1062          8
        6048        1067        158
        6048        4193          7
        6048        4408        310
        6048        4511         68
        6048        4533         51
        6048        4636         22
        6048        4748         12
        6048        5016          6
        6048        5023         72
        6048        5114         13
        6048        5115         56
        6048        5116          6
        6048        5117         22
        6048        5183         64
        6048        5203         86
        6048        5267          8
        6048        5283         80
        6048        6001         11
        6048        6004         40
        6048        6011         23
        6048        6018         34
        6048        6029         38
        6048        6030          7
        6048        6041        181
        6048        6044        245
        6048        6045        380
        6048        6047        169
        6048        6048        498
        6048        6050        463
        6048        6052         20
        6048        6053        123
        6048        6054        873
        6048        6057         13
        6048        6061        104
        6048        6066        198
        6048        6088          5
        6048        6110         21
        6048        6114         10
        6048        6115         10
        6048        6128         16
        6048        6130         77
        6048        6141         22
        6048        6146         30
        6048        6147         81
        6048        6149         26
        6048        6150         44
        6048        6154        212
        6048        6158         18
        6048        6161          8
        6048        6163         60
        6048        6166         71
        6048        6167         32
        6048        6170        466
        6048        6180         30
        6048        6184         13
        6048        6189         11
        6048        6191        390
        6048        6194         20
        6048        6196         55
        6048        6202         10
        6048        6204         34
        6048        6208         20
        6048        6209         44
        6048        6216        105
        6048        6221         85
        6048        6228         22
        6048        6232        173
        6048        6235         11
        6048        6238         67
        6048        6239         37
        6048        6241         70
        6048        6243        397
        6048        6245          8
        6048        6250        290
        6048        6259         11
        6048       11188         19
        6048       11390          7
        6048       23014          5
        6048       23029         27
        6048       23038         22
        6048       23039         11
        6048       24003         57
        6048       24008          5
        6048       98007        167
        6048       98008         91
        6048       99998         36
        6049        5014         29
        6049        6041         18
        6049        6044          9
        6049        6045         26
        6049        6047         34
        6049        6054         88
        6049        6056         44
        6049        6057         17
        6049        6142         22
        6049        6171         27
        6049        6196         17
        6049        6218         33
        6049        6222         28
        6049       11495         14
        6049       24002         15
        6049       98008         22
        6050        1070          6
        6050        1344         22
        6050        1381         25
        6050        1392          8
        6050        1407          5
        6050        1414         34
        6050        3149         22
        6050        4496          5
        6050        4511         11
        6050        4549         40
        6050        4748         35
        6050        5030          9
        6050        5074          9
        6050        5101         24
        6050        5115         71
        6050        5125         60
        6050        5137         10
        6050        5140         29
        6050        5158          9
        6050        5174         35
        6050        5183         31
        6050        5238         53
        6050        5279         28
        6050        5309         65
        6050        5334         45
        6050        6001         68
        6050        6029         31
        6050        6031         44
        6050        6041        332
        6050        6044        223
        6050        6045        169
        6050        6046         90
        6050        6048        454
        6050        6050        776
        6050        6052        309
        6050        6053         81
        6050        6054        630
        6050        6056        138
        6050        6057         25
        6050        6058        150
        6050        6059         30
        6050        6060        215
        6050        6061        410
        6050        6068          5
        6050        6069         20
        6050        6086          6
        6050        6088         17
        6050        6098         40
        6050        6099         84
        6050        6107         18
        6050        6112         40
        6050        6133         12
        6050        6141         19
        6050        6142        144
        6050        6145         30
        6050        6146         50
        6050        6147         16
        6050        6150         96
        6050        6154         83
        6050        6155         14
        6050        6158        131
        6050        6159         19
        6050        6160         11
        6050        6161         56
        6050        6162         43
        6050        6163         20
        6050        6164        266
        6050        6167         71
        6050        6169         29
        6050        6170         69
        6050        6175         81
        6050        6176         35
        6050        6179         15
        6050        6180          7
        6050        6182         34
        6050        6186         67
        6050        6188         16
        6050        6191        139
        6050        6192         33
        6050        6194        133
        6050        6196         40
        6050        6197        116
        6050        6198         17
        6050        6201         18
        6050        6209        247
        6050        6212        111
        6050        6216         35
        6050        6220         75
        6050        6222         10
        6050        6225         19
        6050        6233         21
        6050        6238         64
        6050        6239         46
        6050        6240         17
        6050        6243        179
        6050        6247         45
        6050        6255         27
        6050        6260          8
        6050        6265          6
        6050       11014         67
        6050       11217         11
        6050       11485          6
        6050       12003         22
        6050       12055        116
        6050       23001         18
        6050       23025         38
        6050       23029         12
        6050       23035         11
        6050       23038          9
        6050       23039         74
        6050       24002         18
        6050       98007         38
        6050       98008         27
        6050       99998         39
        6051        6007         38
        6051        6018         45
        6051        6021         21
        6051        6028         29
        6051        6031         28
        6051        6035          8
        6051        6038         25
        6051        6047         12
        6051        6051        210
        6051        6061         30
        6051        6110         28
        6051        6146         12
        6051        6190        105
        6051        6225          8
        6051       23034         20
        6052        1021         31
        6052        1055         18
        6052        1305         11
        6052        4408         15
        6052        4419         37
        6052        4511         71
        6052        4696         19
        6052        5084         16
        6052        5135         37
        6052        5309         25
        6052        5381         44
        6052        6001         18
        6052        6011         10
        6052        6028         16
        6052        6030         37
        6052        6031        104
        6052        6036         33
        6052        6041         91
        6052        6044        177
        6052        6045        133
        6052        6046        146
        6052        6048         20
        6052        6050        346
        6052        6052        294
        6052        6053         61
        6052        6054        195
        6052        6056         64
        6052        6057         43
        6052        6060          9
        6052        6068         48
        6052        6084         13
        6052        6088         11
        6052        6092         37
        6052        6123          9
        6052        6133         16
        6052        6145        174
        6052        6146         22
        6052        6150         31
        6052        6154          9
        6052        6158         17
        6052        6160         26
        6052        6161         44
        6052        6164         28
        6052        6166         74
        6052        6167         35
        6052        6170         51
        6052        6172         32
        6052        6178         11
        6052        6180          8
        6052        6190         57
        6052        6191         94
        6052        6192        153
        6052        6194         17
        6052        6196         29
        6052        6198          9
        6052        6199         49
        6052        6208          6
        6052        6209         57
        6052        6214         59
        6052        6216         18
        6052        6237          4
        6052        6238         21
        6052        6239        116
        6052        6240         13
        6052        6241         21
        6052        6243         10
        6052        6245         12
        6052        6247         11
        6052        6250          8
        6052        6264         17
        6052       11047         21
        6052       11084         10
        6052       12026         28
        6052       12338         23
        6052       13057         89
        6052       13093         20
        6052       23001         16
        6052       23003         12
        6052       98008          9
        6052       98009         13
        6053        1317         34
        6053        1446         15
        6053        5003         18
        6053        5081         19
        6053        5097         13
        6053        6001         18
        6053        6015         11
        6053        6028          9
        6053        6029         71
        6053        6030         39
        6053        6031          9
        6053        6033         13
        6053        6035         16
        6053        6036         20
        6053        6037         10
        6053        6038         10
        6053        6041        294
        6053        6042         21
        6053        6044        207
        6053        6045        170
        6053        6046         40
        6053        6047          5
        6053        6048         77
        6053        6050         53
        6053        6052         55
        6053        6053         39
        6053        6054        159
        6053        6056          9
        6053        6057         35
        6053        6058         11
        6053        6060         31
        6053        6071         20
        6053        6094         52
        6053        6099         20
        6053        6129         24
        6053        6142         71
        6053        6146         60
        6053        6161          8
        6053        6165         10
        6053        6167         12
        6053        6170         54
        6053        6175          9
        6053        6179         14
        6053        6191         40
        6053        6192        107
        6053        6194         30
        6053        6205         12
        6053        6208         36
        6053        6209         10
        6053        6215         48
        6053        6218         18
        6053        6222         10
        6053        6223         22
        6053        6225         13
        6053        6228          9
        6053        6229         24
        6053        6230         12
        6053        6231         18
        6053        6233         17
        6053        6243         53
        6053        6244         21
        6053       23003         22
        6053       23009         14
        6053       23012         23
        6053       23015        106
        6053       24002         10
        6054        5015         22
        6054        5115         10
        6054        6001         35
        6054        6002         23
        6054        6003         18
        6054        6004         25
        6054        6008         21
        6054        6012         35
        6054        6017         31
        6054        6018         39
        6054        6021         13
        6054        6028         42
        6054        6029        122
        6054        6030         22
        6054        6031        137
        6054        6036         37
        6054        6037         39
        6054        6041         50
        6054        6044        126
        6054        6045         60
        6054        6046         43
        6054        6047        183
        6054        6048        699
        6054        6049        106
        6054        6050        663
        6054        6052        208
        6054        6053        135
        6054        6054        992
        6054        6055        169
        6054        6056         55
        6054        6057        107
        6054        6058         30
        6054        6060        173
        6054        6061        278
        6054        6063         36
        6054        6065         13
        6054        6066        123
        6054        6068        129
        6054        6070         16
        6054        6079        114
        6054        6081         14
        6054        6087         20
        6054        6088        156
        6054        6097         15
        6054        6099         26
        6054        6104         28
        6054        6107        146
        6054        6110         37
        6054        6121         16
        6054        6142         11
        6054        6144         73
        6054        6145        162
        6054        6146         73
        6054        6147         42
        6054        6148        122
        6054        6149         95
        6054        6150        118
        6054        6151         40
        6054        6153         59
        6054        6154        220
        6054        6155        123
        6054        6158         13
        6054        6159         72
        6054        6160        192
        6054        6161         63
        6054        6162         42
        6054        6163        187
        6054        6164         51
        6054        6165        111
        6054        6167        493
        6054        6168         28
        6054        6170        339
        6054        6171        174
        6054        6172         29
        6054        6173         36
        6054        6174         41
        6054        6175        116
        6054        6176         23
        6054        6179         90
        6054        6180        357
        6054        6183         23
        6054        6187         85
        6054        6190         13
        6054        6191        435
        6054        6192        179
        6054        6195         34
        6054        6196        109
        6054        6200         36
        6054        6202         36
        6054        6204        103
        6054        6207         10
        6054        6208        190
        6054        6209         10
        6054        6212         20
        6054        6214         46
        6054        6216        117
        6054        6220         21
        6054        6221         13
        6054        6224         58
        6054        6228         57
        6054        6230          6
        6054        6233        244
        6054        6237         15
        6054        6241        104
        6054        6243        117
        6054        6245        131
        6054        6246          9
        6054        6247          9
        6054        6250         44
        6054        6254         73
        6054        6256         27
        6054        6258         17
        6054       23012         16
        6054       24002         12
        6054       99998         45
        6055        1241         15
        6055        5143          4
        6055        6024         62
        6055        6030         43
        6055        6031         77
        6055        6038         15
        6055        6041         21
        6055        6044         38
        6055        6045         15
        6055        6054        117
        6055        6056         20
        6055        6058         33
        6055        6061        345
        6055        6099         43
        6055        6104         30
        6055        6142         23
        6055        6144          9
        6055        6151        159
        6055        6154         45
        6055        6161         70
        6055        6166        145
        6055        6169         10
        6055        6170        133
        6055        6180         49
        6055        6190         62
        6055        6191        188
        6055        6195          6
        6055        6200         18
        6055        6213         16
        6055        6215        175
        6055        6216         23
        6055        6225         14
        6055        6235         34
        6055        6239         23
        6055        6243        136
        6055        6250         18
        6055       98007        100
        6056        1378         20
        6056        3043         10
        6056        4660         11
        6056        5011          7
        6056        5042         29
        6056        5183         11
        6056        5200          7
        6056        6001         20
        6056        6003         21
        6056        6018         34
        6056        6029         21
        6056        6030         22
        6056        6031        159
        6056        6038         30
        6056        6041         28
        6056        6044        132
        6056        6045         69
        6056        6046         29
        6056        6050        138
        6056        6052        108
        6056        6053         19
        6056        6054        144
        6056        6055         20
        6056        6056        103
        6056        6057         42
        6056        6103         45
        6056        6108         16
        6056        6122         41
        6056        6142         14
        6056        6148         10
        6056        6150         10
        6056        6152         29
        6056        6154         59
        6056        6171         15
        6056        6174          7
        6056        6176         20
        6056        6179         15
        6056        6190         33
        6056        6192         44
        6056        6193         14
        6056        6194        239
        6056        6196         79
        6056        6198         18
        6056        6201         83
        6056        6208          7
        6056        6216         19
        6056        6227         55
        6056        6228         14
        6056        6239         22
        6056        6241         72
        6056        6243         19
        6056        6245         15
        6056       14013         10
        6056       23047          9
        6056       98008         28
        6056       99998         59
        6057        1067         10
        6057        5070         21
        6057        5139         12
        6057        5151         15
        6057        5183         26
        6057        6001         42
        6057        6004          9
        6057        6005         15
        6057        6017         11
        6057        6018         78
        6057        6030         20
        6057        6031        201
        6057        6032         34
        6057        6036         18
        6057        6038         16
        6057        6041        125
        6057        6044        114
        6057        6045        129
        6057        6046        154
        6057        6047         10
        6057        6048         69
        6057        6049         17
        6057        6050         25
        6057        6051         29
        6057        6052         23
        6057        6053         25
        6057        6054        103
        6057        6056         35
        6057        6057        148
        6057        6060        122
        6057        6062         20
        6057        6088         15
        6057        6123         16
        6057        6150         17
        6057        6154         28
        6057        6156         13
        6057        6159         19
        6057        6160        109
        6057        6167         59
        6057        6172         37
        6057        6175          6
        6057        6179         11
        6057        6190         30
        6057        6191          3
        6057        6192          5
        6057        6193         41
        6057        6208         10
        6057        6213          8
        6057        6214          5
        6057        6215          7
        6057        6216         19
        6057        6220         14
        6057        6222         26
        6057        6228         18
        6057        6230         15
        6057        6237         10
        6057        6240         19
        6057        6243         21
        6057        6246          4
        6057        6248        246
        6057        6254         18
        6057        6263         29
        6057        6264         36
        6057       11005         15
        6057       23009         13
        6057       23037         21
        6057       98008         11
        6058        6042         24
        6058        6050        163
        6058        6053         11
        6058        6087         51
        6058        6088         31
        6058        6104         52
        6058        6146          8
        6058        6150         26
        6058        6175          3
        6058        6183         11
        6058        6186         11
        6058        6190         33
        6058        6228         15
        6058        6229         13
        6058        6246         70
        6059        6041         93
        6059        6047         37
        6059        6048         60
        6059        6146         45
        6059        6150         64
        6059        6154        139
        6059        6163        417
        6059        6169         30
        6059        6191         62
        6060        5005         21
        6060        5024         11
        6060        5049         14
        6060        5062         21
        6060        5130         21
        6060        5219         31
        6060        5294         40
        6060        5309         21
        6060        6001         35
        6060        6004         20
        6060        6017         28
        6060        6020         26
        6060        6032         21
        6060        6041        158
        6060        6044         50
        6060        6045         35
        6060        6048         21
        6060        6050        215
        6060        6052          9
        6060        6053         10
        6060        6054        185
        6060        6057        122
        6060        6061         35
        6060        6130        105
        6060        6154         67
        6060        6162          9
        6060        6170         23
        6060        6180         16
        6060        6191         26
        6060        6192          9
        6060        6194         23
        6060        6215         10
        6060        6225         26
        6060        6231         24
        6060        6233         23
        6060        6239         26
        6060        6241         22
        6060        6243        103
        6060        6244         23
        6060        6246         32
        6060        6247         35
        6060        6249         10
        6060        6260         26
        6060        6262          9
        6060       11093         20
        6060       11138         21
        6060       12198         26
        6060       23002         10
        6060       98007         61
        6061        1063         26
        6061        4396         14
        6061        4511         58
        6061        5108         27
        6061        5116         10
        6061        5124         15
        6061        5148         17
        6061        5259         25
        6061        6020         28
        6061        6030         19
        6061        6031          8
        6061        6039         13
        6061        6040         52
        6061        6041        257
        6061        6042         81
        6061        6044        349
        6061        6045        212
        6061        6046        150
        6061        6047         65
        6061        6048         58
        6061        6050        451
        6061        6051         30
        6061        6052         19
        6061        6054        240
        6061        6055        345
        6061        6060         35
        6061        6061         87
        6061        6070         16
        6061        6088         20
        6061        6091         13
        6061        6132         19
        6061        6142        122
        6061        6143         62
        6061        6144         17
        6061        6145         37
        6061        6146         38
        6061        6148         56
        6061        6154        265
        6061        6157         31
        6061        6163         17
        6061        6169         27
        6061        6170         83
        6061        6189         10
        6061        6191         53
        6061        6192          7
        6061        6194         52
        6061        6198         19
        6061        6205         30
        6061        6208         25
        6061        6209         72
        6061        6222         56
        6061        6225         32
        6061        6231         27
        6061        6232         61
        6061        6239         39
        6061        6243        318
        6061        6250         25
        6061        6256         43
        6061       11485         11
        6061       12337         38
        6061       13072         11
        6061       23016         13
        6061       23029         29
        6061       23043         40
        6061       24008          8
        6061       98008         30
        6062        4365         17
        6062        5174         37
        6062        5419         20
        6062        6029         64
        6062        6057         20
        6062        6067         19
        6062        6088          3
        6062        6089         48
        6062        6091         68
        6062        6099         48
        6062        6104         66
        6062        6108         17
        6062        6112         12
        6062        6125         37
        6062        6144         28
        6062        6146         22
        6062        6150         25
        6062        6161         10
        6062        6162         37
        6062        6165         20
        6062        6172         23
        6062        6218         15
        6062        6226         56
        6062        6230         12
        6062        6254          9
        6062        6263         37
        6062       23031         24
        6062       24008          3
        6063        3327         22
        6063        6039         36
        6063        6043         13
        6063        6063          5
        6063        6066        326
        6063        6068         11
        6063        6072         17
        6063        6093         12
        6063        6099         17
        6063        6104         38
        6063        6107         73
        6063        6120         26
        6063        6123         10
        6063        6128         65
        6063        6191         10
        6063        6192          5
        6063        6195         13
        6063        6199          5
        6063        6241         36
        6063       11279         10
        6063       11478         17
        6063       12013         10
        6063       23029         63
        6063       99998          5
        6064        6004         16
        6064        6070         13
        6064        6071          8
        6064        6088          8
        6064        6089         48
        6064        6099         29
        6064        6101          7
        6064        6104         29
        6064        6119          9
        6064        6127         14
        6064        6130         18
        6064        6145         19
        6064        6215        125
        6064        6235         21
        6064       11485          8
        6065        6019         17
        6065        6054         13
        6065        6068         40
        6065        6088          7
        6065        6125         15
        6065        6146         24
        6065        6155         13
        6065        6160         39
        6065        6172          7
        6065        6174         23
        6065        6179         17
        6065        6242         17
        6065        6243         17
        6065        6255         79
        6066        1055        104
        6066        1232         12
        6066        4375         51
        6066        4503         12
        6066        4621         12
        6066        4651         15
        6066        5034         53
        6066        5040         15
        6066        5074         29
        6066        5365         21
        6066        6001         74
        6066        6015        123
        6066        6032         46
        6066        6063        265
        6066        6064          7
        6066        6066        971
        6066        6068        239
        6066        6070        228
        6066        6075         12
        6066        6076          8
        6066        6081        131
        6066        6091        752
        6066        6092        227
        6066        6099         47
        6066        6100        292
        6066        6103         25
        6066        6104        202
        6066        6105          8
        6066        6107         16
        6066        6108        354
        6066        6109          8
        6066        6121         76
        6066        6130        131
        6066        6137         25
        6066        6139        257
        6066        6140         35
        6066        6141         80
        6066        6142        168
        6066        6146         69
        6066        6147         51
        6066        6148         18
        6066        6149         80
        6066        6151         25
        6066        6154         39
        6066        6158         50
        6066        6161        122
        6066        6169         46
        6066        6173         56
        6066        6181         33
        6066        6191         41
        6066        6192        123
        6066        6197         56
        6066        6202         18
        6066        6209         75
        6066        6220         14
        6066        6221        255
        6066        6224          4
        6066        6225         35
        6066        6231        147
        6066        6232         56
        6066        6243         12
        6066        6244          5
        6066        6254          9
        6066       11007         16
        6066       11015         14
        6066       11037         33
        6066       11084         35
        6066       11246         56
        6066       12113        103
        6066       12357         12
        6066       23012         21
        6066       98008        111
        6066       99998         21
        6067        5137         19
        6067        6066         69
        6067        6184         19
        6067        6243         17
        6068        5025         46
        6068        6050          5
        6068        6052         48
        6068        6062         14
        6068        6063         28
        6068        6065         40
        6068        6066        233
        6068        6068        110
        6068        6070        450
        6068        6071        143
        6068        6074         93
        6068        6079         72
        6068        6090         24
        6068        6091         38
        6068        6100         16
        6068        6103        121
        6068        6104        215
        6068        6106         27
        6068        6110         22
        6068        6115         49
        6068        6135         48
        6068        6143         54
        6068        6145         26
        6068        6146         26
        6068        6150         17
        6068        6151         25
        6068        6153         17
        6068        6175         53
        6068        6176         16
        6068        6190         18
        6068        6249         68
        6068        6256        129
        6068        6258         16
        6068        6261          4
        6068       11041         26
        6068       11190         44
        6068       11482         27
        6068       98008        103
        6069        5005         58
        6069        5202          5
        6069        6014         15
        6069        6031         23
        6069        6041          8
        6069        6044         26
        6069        6046          6
        6069        6047          8
        6069        6079         64
        6069        6107         17
        6069        6150          8
        6069        6156         33
        6069        6160          5
        6069        6180        115
        6069        6193         61
        6069        6196          7
        6069        6231         23
        6069        6246         27
        6069       11495         64
        6069       23024         23
        6070        4151         39
        6070        5005        197
        6070        5055         65
        6070        5063         19
        6070        5093         18
        6070        5101          8
        6070        5152         22
        6070        5293         48
        6070        5294         56
        6070        5300         81
        6070        5322         32
        6070        6004         16
        6070        6044         16
        6070        6054         28
        6070        6064         13
        6070        6066        277
        6070        6068        382
        6070        6070        352
        6070        6071         89
        6070        6073         32
        6070        6088          6
        6070        6091         15
        6070        6099         16
        6070        6100         22
        6070        6102         12
        6070        6103         13
        6070        6104         46
        6070        6106         71
        6070        6108        185
        6070        6110         53
        6070        6114         11
        6070        6115         53
        6070        6121         45
        6070        6125         39
        6070        6128         30
        6070        6130        131
        6070        6143         13
        6070        6144         31
        6070        6152         67
        6070        6153          8
        6070        6157         66
        6070        6161        111
        6070        6166          8
        6070        6170         37
        6070        6171         21
        6070        6172         15
        6070        6173         19
        6070        6176         89
        6070        6180          8
        6070        6188         13
        6070        6190        145
        6070        6191         40
        6070        6198         37
        6070        6208         90
        6070        6209         54
        6070        6261          8
        6070       11010         20
        6070       11094         61
        6070       11174         14
        6070       11496         66
        6070       24009         40
        6070       98008         52
        6071        1268        114
        6071        6053         20
        6071        6064          8
        6071        6068        143
        6071        6070         89
        6071        6091        228
        6071        6107         19
        6071        6139        286
        6071        6142        314
        6071        6152        158
        6071        6180          8
        6071        6255         25
        6071        6259         10
        6071        6264        143
        6072        5108         53
        6072        6066         17
        6072        6105         53
        6072        6129         15
        6072        6133         18
        6072        6183         53
        6072        6190         18
        6072        6194         53
        6072        6233         53
        6073        6082         82
        6073        6107         63
        6073        6109         12
        6073        6110         10
        6073        6117          9
        6073        6129         65
        6073        6139         32
        6073        6145          9
        6073        6162         15
        6073        6176         16
        6073        6188         82
        6073        6190         19
        6073        6195          9
        6073        6255         30
        6074        6068        139
        6074        6123          5
        6074        6137         11
        6074        6143         14
        6074        6147         14
        6074        6161         29
        6074        6176         14
        6074        6195         92
        6074        6199         15
        6074        6226          9
        6074       98008         16
        6075        5092         38
        6075        6066         12
        6075        6068         16
        6075        6075         16
        6075        6104         38
        6075        6115          7
        6075        6164         49
        6075        6168         26
        6075        6187         16
        6076        6066          8
        6076        6091         17
        6076        6110          8
        6076        6141         10
        6076        6148         10
        6076        6259         34
        6077        5032         10
        6077        6042         15
        6077        6077         21
        6077        6088         12
        6077        6095         12
        6077        6149          8
        6077        6150        208
        6077        6180         14
        6077        6191         95
        6077        6192         95
        6077        6204          5
        6077        6216          9
        6077        6225         24
        6077        6227         23
        6077        6247         30
        6077       23029         35
        6078        6149         20
        6079        4284         36
        6079        5014         36
        6079        5105         44
        6079        5117         42
        6079        5198          8
        6079        5286         84
        6079        5343          6
        6079        5451         15
        6079        6011          3
        6079        6041          8
        6079        6045          5
        6079        6054        114
        6079        6056         22
        6079        6068         72
        6079        6099        350
        6079        6100         53
        6079        6108         44
        6079        6131         28
        6079        6136         15
        6079        6142         26
        6079        6146         14
        6079        6148         21
        6079        6150        228
        6079        6157         25
        6079        6160         29
        6079        6170        228
        6079        6171         51
        6079        6183         36
        6079        6190         26
        6079        6192          7
        6079        6195         20
        6079        6196         36
        6079        6203         57
        6079        6224         26
        6079        6238         36
        6079        6241         15
        6079        6243         10
        6079        6265         10
        6079       11016         26
        6079       98008         85
        6079       99998         18
        6081        6031         22
        6081        6036         17
        6081        6054        136
        6081        6066          8
        6081        6081         33
        6081        6110         50
        6081        6120         22
        6081        6125         39
        6081        6143         17
        6081        6154         14
        6081        6172         26
        6081        6185         21
        6081        6188         37
        6081        6220        290
        6081        6245         14
        6081        6247         57
        6082        6073         41
        6082        6104        117
        6082        6117         41
        6082        6179        105
        6082        6192         94
        6082        6221         16
        6082        6240         41
        6083        6062         15
        6083        6214         70
        6083        6235         37
        6083        6263         72
        6084        1439         26
        6084        6018         10
        6084        6044         69
        6084        6052         13
        6084        6107         13
        6084        6142         13
        6084        6148         13
        6084        6151         69
        6084        6154         13
        6084        6166         45
        6084        6167         45
        6084        6172         60
        6084        6196          8
        6084        6197         22
        6085        6144         40
        6085        6145         16
        6085        6259         16
        6086        6050          6
        6086        6196         12
        6086        6211         48
        6086       12335         53
        6087        4396         18
        6087        4416         16
        6087        5047         17
        6087        5250         11
        6087        6014         17
        6087        6019         14
        6087        6055         33
        6087        6058         33
        6087        6074         20
        6087        6088         20
        6087        6091         14
        6087        6099         13
        6087        6113         18
        6087        6118         11
        6087        6120         16
        6087        6141         31
        6087        6143         13
        6087        6144          8
        6087        6145         42
        6087        6148         39
        6087        6149         31
        6087        6150         60
        6087        6154         94
        6087        6155         13
        6087        6157        101
        6087        6160         42
        6087        6162         15
        6087        6170         18
        6087        6176         12
        6087        6180        103
        6087        6181         61
        6087        6185         17
        6087        6186         10
        6087        6190         28
        6087        6192          9
        6087        6196         13
        6087        6198         27
        6087        6234         12
        6087        6243         20
        6087        6250         18
        6087        6258         11
        6087       11231         16
        6087       23009         34
        6088        1059          7
        6088        1170         15
        6088        4356         21
        6088        4479          8
        6088        4535         69
        6088        4598         20
        6088        4716         83
        6088        5002          7
        6088        5004         24
        6088        5034         27
        6088        5053          6
        6088        5081         24
        6088        5120         15
        6088        5125          8
        6088        5150         19
        6088        5228         11
        6088        5285         15
        6088        5300          9
        6088        6011          9
        6088        6031         38
        6088        6036         22
        6088        6040         84
        6088        6041        289
        6088        6042          6
        6088        6044         36
        6088        6048          5
        6088        6050         10
        6088        6052         11
        6088        6054        155
        6088        6057         15
        6088        6058         12
        6088        6061         20
        6088        6064          8
        6088        6065          7
        6088        6070          6
        6088        6077         12
        6088        6079         10
        6088        6087         20
        6088        6088        156
        6088        6099         26
        6088        6100         11
        6088        6108         17
        6088        6133         21
        6088        6142         24
        6088        6143         11
        6088        6144         22
        6088        6145         88
        6088        6146         71
        6088        6147          7
        6088        6148         99
        6088        6150        240
        6088        6151         10
        6088        6153          8
        6088        6154        609
        6088        6155        121
        6088        6158         58
        6088        6159         21
        6088        6160         13
        6088        6161        118
        6088        6163         26
        6088        6164         25
        6088        6165          9
        6088        6166         45
        6088        6170         45
        6088        6171         19
        6088        6172         40
        6088        6176        109
        6088        6180        237
        6088        6181         22
        6088        6186         22
        6088        6187         25
        6088        6190         46
        6088        6191         80
        6088        6192         47
        6088        6194         67
        6088        6196         41
        6088        6197         31
        6088        6198         18
        6088        6208         20
        6088        6214         61
        6088        6216          7
        6088        6218         12
        6088        6221          7
        6088        6222         11
        6088        6225         18
        6088        6229         15
        6088        6237         32
        6088        6239         15
        6088        6240         22
        6088        6241          5
        6088        6243         42
        6088        6244         14
        6088        6246         15
        6088        6248          8
        6088        6249         15
        6088        6250         15
        6088        6252         15
        6088        6254         13
        6088        6260          7
        6088        6263         24
        6088       11008          8
        6088       11109         20
        6088       11268         18
        6088       11277         39
        6088       11333         11
        6088       12335         84
        6088       13116         18
        6088       14049         28
        6088       23029         11
        6088       24001         18
        6088       24002         12
        6088       98007         15
        6088       98008         18
        6088       98010         15
        6089        5025         48
        6089        6062         48
        6089        6064         48
        6089       11490         20
        6090        5150         61
        6090        6066         24
        6090        6072         53
        6090        6092        123
        6090        6093         12
        6090        6100         12
        6090        6173         61
        6090        6216         61
        6091        1059         39
        6091        3423         15
        6091        4216         57
        6091        4274         37
        6091        4681         45
        6091        5024         29
        6091        5025         66
        6091        5040          9
        6091        5143         22
        6091        5147         10
        6091        5313         10
        6091        6004         31
        6091        6027         58
        6091        6041         28
        6091        6061         13
        6091        6062         46
        6091        6066        767
        6091        6068         19
        6091        6070        113
        6091        6071        228
        6091        6076         17
        6091        6087         14
        6091        6091        407
        6091        6092        152
        6091        6100        183
        6091        6102         29
        6091        6103         53
        6091        6104        285
        6091        6106         29
        6091        6107         74
        6091        6108        121
        6091        6119         34
        6091        6121        147
        6091        6130         21
        6091        6139         15
        6091        6141         58
        6091        6142         49
        6091        6143         72
        6091        6146         43
        6091        6147         28
        6091        6151          8
        6091        6153        139
        6091        6154         36
        6091        6155         51
        6091        6166         40
        6091        6176         35
        6091        6179         37
        6091        6180         11
        6091        6183         80
        6091        6187         24
        6091        6188         34
        6091        6189         29
        6091        6191         31
        6091        6196         28
        6091        6198         77
        6091        6199         18
        6091        6208          6
        6091        6229         17
        6091        6242        154
        6091        6245        156
        6091        6248         16
        6091        6256         65
        6091        6258         96
        6091        6259         19
        6091       11109         77
        6091       11188         39
        6091       23015         29
        6091       98004        214
        6091       98008         34
        6092        4104         34
        6092        4458         18
        6092        5024         44
        6092        5078         39
        6092        5181        129
        6092        6032         10
        6092        6066        227
        6092        6090         61
        6092        6091        320
        6092        6092        580
        6092        6098         22
        6092        6100        236
        6092        6104         72
        6092        6106         53
        6092        6107         50
        6092        6110         65
        6092        6111         75
        6092        6112        216
        6092        6116         10
        6092        6121         66
        6092        6129         75
        6092        6132         50
        6092        6138         11
        6092        6142        151
        6092        6143        293
        6092        6144          5
        6092        6145         15
        6092        6148         81
        6092        6150         20
        6092        6161         15
        6092        6166         37
        6092        6168        101
        6092        6179        198
        6092        6192         43
        6092        6197         56
        6092        6200         22
        6092        6203         77
        6092        6209         56
        6092        6216         28
        6092        6229         19
        6092        6236         38
        6092        6242         62
        6092        6245         18
        6092        6247         24
        6092        6250         78
        6092        6256         74
        6092        6258         44
        6092        6263         43
        6092        6265         25
        6092       19053         77
        6092       98007         15
        6093        6063         12
        6093        6090         12
        6093        6093         21
        6093        6100         26
        6093        6104        105
        6093        6107          5
        6093        6109         13
        6093        6120         68
        6093        6122         14
        6093        6128         46
        6093        6129          8
        6093        6141         47
        6093        6142         11
        6093        6153          8
        6093        6154         46
        6093        6179          9
        6093        6190         15
        6093        6231         14
        6093        6247         46
        6093        6254         12
        6093        6258         14
        6093       11482         11
        6093       98008         68
        6094        6053         52
        6094        6190         52
        6095        6002         44
        6095        6077          6
        6095        6087         11
        6095        6107        138
        6095        6146         20
        6095        6151         25
        6095        6170         41
        6095        6195         14
        6095        6230         18
        6095        6231          9
        6096        6041          9
        6096        6180          9
        6096        6208          9
        6096       23009         10
        6097        6106         15
        6097        6145         15
        6097        6183         15
        6097        6246         15
        6098        6050         40
        6098        6092         22
        6098        6166         20
        6098        6204         12
        6098        6220         62
        6098        6222         20
        6098        6239         24
        6099        1134         29
        6099        6028         21
        6099        6029         25
        6099        6032         20
        6099        6041        114
        6099        6044         25
        6099        6045         21
        6099        6049         17
        6099        6050         45
        6099        6055         43
        6099        6062         48
        6099        6063         17
        6099        6064         29
        6099        6066         47
        6099        6070         16
        6099        6079        209
        6099        6087         13
        6099        6088         16
        6099        6104         22
        6099        6107         26
        6099        6108         11
        6099        6110          9
        6099        6120         21
        6099        6124         15
        6099        6128         97
        6099        6130         27
        6099        6143         33
        6099        6144         16
        6099        6146         13
        6099        6148        238
        6099        6149         10
        6099        6150         77
        6099        6154         57
        6099        6158         29
        6099        6160         48
        6099        6161         28
        6099        6162         34
        6099        6163         16
        6099        6166         11
        6099        6167         24
        6099        6174         92
        6099        6175          4
        6099        6177         21
        6099        6181         17
        6099        6189         22
        6099        6192         29
        6099        6195         57
        6099        6196         52
        6099        6199          7
        6099        6201         35
        6099        6202         19
        6099        6217         38
        6099        6233         64
        6099        6234         11
        6099       24009         11
        6099       98010          3
        6100        1299         19
        6100        1492         24
        6100        4456         31
        6100        5025        164
        6100        5137         39
        6100        6054         49
        6100        6065         15
        6100        6066        299
        6100        6068         16
        6100        6070         54
        6100        6071         57
        6100        6072         53
        6100        6075         32
        6100        6079         53
        6100        6088         11
        6100        6090         12
        6100        6091        165
        6100        6092        236
        6100        6093         12
        6100        6100        144
        6100        6102         63
        6100        6104        508
        6100        6106         26
        6100        6107        151
        6100        6108         56
        6100        6109          8
        6100        6110        166
        6100        6111         27
        6100        6114         10
        6100        6129         65
        6100        6139         18
        6100        6143        100
        6100        6144          8
        6100        6145         10
        6100        6146         23
        6100        6148         10
        6100        6149         16
        6100        6150        108
        6100        6151         29
        6100        6153         13
        6100        6156         13
        6100        6160         32
        6100        6161        256
        6100        6162         32
        6100        6164         23
        6100        6165         30
        6100        6179         33
        6100        6184         11
        6100        6187         47
        6100        6190         22
        6100        6191         60
        6100        6192         22
        6100        6201         23
        6100        6209         78
        6100        6222         29
        6100        6250         12
        6100        6251         17
        6100        6254         60
        6100        6255        102
        6100        6256         44
        6100        6261          7
        6100       11497          7
        6100       23040         29
        6101        6008         32
        6101        6093         11
        6101        6100          7
        6101        6104         44
        6101        6110         12
        6101        6115         67
        6101        6199         64
        6101        6216         31
        6101       98008         32
        6102        6070         12
        6102        6076         34
        6102        6091         29
        6102        6093         13
        6102        6100         17
        6102        6103         22
        6102        6107          7
        6102        6113          8
        6102        6118          8
        6102        6121         21
        6102        6125          8
        6102        6130          7
        6102        6142         29
        6102        6155          9
        6102        6168         58
        6102        6185         46
        6102        6243         22
        6102        6247         58
        6102        6258         21
        6102       11016         10
        6103        1328         51
        6103        4657         32
        6103        5079          9
        6103        5140         89
        6103        5183         51
        6103        5211         61
        6103        6041         41
        6103        6066         25
        6103        6068         61
        6103        6091        107
        6103        6102         31
        6103        6103         45
        6103        6104        168
        6103        6107        124
        6103        6110         89
        6103        6113         53
        6103        6121         13
        6103        6123         33
        6103        6124         47
        6103        6125         78
        6103        6128        128
        6103        6132         53
        6103        6134          6
        6103        6140          6
        6103        6157         30
        6103        6160         16
        6103        6165          8
        6103        6170         45
        6103        6178         34
        6103        6179         13
        6103        6192         41
        6103        6201         34
        6103        6204        256
        6103        6220         12
        6103        6230         12
        6103        6233         34
        6103        6246         34
        6103        6247         35
        6103        6265         89
        6103       11001          9
        6103       11007         16
        6103       11024         34
        6103       11036         11
        6103       11077         11
        6103       11135         12
        6103       11321         45
        6103       98010         21
        6104        1080         20
        6104        1336         22
        6104        4154         11
        6104        4396         95
        6104        5024         10
        6104        5026         19
        6104        5034         44
        6104        5076         58
        6104        5106         46
        6104        5117         12
        6104        5125         10
        6104        5126         23
        6104        5135         19
        6104        5137         10
        6104        5143         13
        6104        5183         33
        6104        5199         21
        6104        6005         43
        6104        6015         24
        6104        6023         30
        6104        6038         58
        6104        6041         49
        6104        6055         30
        6104        6058         52
        6104        6062         41
        6104        6063         38
        6104        6064         29
        6104        6066        202
        6104        6068        169
        6104        6070         59
        6104        6075         38
        6104        6082         72
        6104        6090         53
        6104        6091        303
        6104        6092        187
        6104        6093         77
        6104        6100        301
        6104        6101         11
        6104        6103        202
        6104        6104       1232
        6104        6105         34
        6104        6106        209
        6104        6107        897
        6104        6108        122
        6104        6109          9
        6104        6110        313
        6104        6111         31
        6104        6112         73
        6104        6121        163
        6104        6125         64
        6104        6128         18
        6104        6129         22
        6104        6130        232
        6104        6131         61
        6104        6132         85
        6104        6136         28
        6104        6141        221
        6104        6142        146
        6104        6143        101
        6104        6144        156
        6104        6145         43
        6104        6147         81
        6104        6148         66
        6104        6149         22
        6104        6150         10
        6104        6154         45
        6104        6155         64
        6104        6156         41
        6104        6159        120
        6104        6160        126
        6104        6161         64
        6104        6165          8
        6104        6166         16
        6104        6173         56
        6104        6174         65
        6104        6178         39
        6104        6185         22
        6104        6187         49
        6104        6189          8
        6104        6190         68
        6104        6191         21
        6104        6194         67
        6104        6195        128
        6104        6197         13
        6104        6209        183
        6104        6223         46
        6104        6231         11
        6104        6239         55
        6104        6240         60
        6104        6243         66
        6104        6251          8
        6104        6258        139
        6104        6261         30
        6104       11006         32
        6104       11045         18
        6104       11190         22
        6104       11279         57
        6104       11291         40
        6104       23006         11
        6104       23027         19
        6104       23029         30
        6104       23031         20
        6105        6066         17
        6105        6072         53
        6105        6100          8
        6105        6105          8
        6105        6107         48
        6105        6109         34
        6105        6117         26
        6105        6169         39
        6105        6191          5
        6105        6198          8
        6105        6256         11
        6105        6263         34
        6105        6265        107
        6106        1051         38
        6106        5310         11
        6106        5334        110
        6106        5391         38
        6106        5398         33
        6106        6022         18
        6106        6054         15
        6106        6068         27
        6106        6070         59
        6106        6091         58
        6106        6092         53
        6106        6100        182
        6106        6104         95
        6106        6107         74
        6106        6108         34
        6106        6110         14
        6106        6113         10
        6106        6132         13
        6106        6150        116
        6106        6151         29
        6106        6155         26
        6106        6169         49
        6106        6170         13
        6106        6172         19
        6106        6185         13
        6106        6200         17
        6106        6209         19
        6106        6226         23
        6106        6230         29
        6106        6258         14
        6106        6259         23
        6106       12401         13
        6107        1322         44
        6107        1377         22
        6107        1379        129
        6107        4137         42
        6107        4408         52
        6107        4505        129
        6107        4651         18
        6107        4670         52
        6107        4699         48
        6107        4742          5
        6107        5003         10
        6107        5025         10
        6107        5101          9
        6107        5115         48
        6107        5117         19
        6107        5134         59
        6107        5136         17
        6107        5137          5
        6107        5138         22
        6107        5159          6
        6107        5212          5
        6107        5243         65
        6107        6013        109
        6107        6021         16
        6107        6028         42
        6107        6030         41
        6107        6038         36
        6107        6041         11
        6107        6054        156
        6107        6063         36
        6107        6066         16
        6107        6069         33
        6107        6071         19
        6107        6073         63
        6107        6075         38
        6107        6088         15
        6107        6091        155
        6107        6092         50
        6107        6093          5
        6107        6100        144
        6107        6101         24
        6107        6102          7
        6107        6103         89
        6107        6104        882
        6107        6106         74
        6107        6107        354
        6107        6108        249
        6107        6110        224
        6107        6111         44
        6107        6112         63
        6107        6115         10
        6107        6118        135
        6107        6119        131
        6107        6121         71
        6107        6123        125
        6107        6125         75
        6107        6127        154
        6107        6129         31
        6107        6130        151
        6107        6131         71
        6107        6133         12
        6107        6139         10
        6107        6141         79
        6107        6142         77
        6107        6145         85
        6107        6146         18
        6107        6147         88
        6107        6150          6
        6107        6157         66
        6107        6158         11
        6107        6159         78
        6107        6161         26
        6107        6165          8
        6107        6168         74
        6107        6171        120
        6107        6176         10
        6107        6178         29
        6107        6181         31
        6107        6182         20
        6107        6185        415
        6107        6186         13
        6107        6188         35
        6107        6189         12
        6107        6190         58
        6107        6192         13
        6107        6195          8
        6107        6196         33
        6107        6197         49
        6107        6199         15
        6107        6202          9
        6107        6204         31
        6107        6209         59
        6107        6214         17
        6107        6216          8
        6107        6218         66
        6107        6223         11
        6107        6225          6
        6107        6231         79
        6107        6233        104
        6107        6235        121
        6107        6237         18
        6107        6238         26
        6107        6239          9
        6107        6243         37
        6107        6245         70
        6107        6247         29
        6107        6254         44
        6107        6256         78
        6107        6258         21
        6107        6260         40
        6107        6263          5
        6107        6265         13
        6107       11019         14
        6107       11036          9
        6107       11038         21
        6107       11039         19
        6107       11161         10
        6107       11182         15
        6107       11190          9
        6107       12273         19
        6107       23026         37
        6107       98007         11
        6107       98008         25
        6107       99998         17
        6108        1113         16
        6108        5199         21
        6108        6036         13
        6108        6045         31
        6108        6055         10
        6108        6062         17
        6108        6065         10
        6108        6066        190
        6108        6070        185
        6108        6088         17
        6108        6091         16
        6108        6099         11
        6108        6100         18
        6108        6103         89
        6108        6104        374
        6108        6106         16
        6108        6107        290
        6108        6108        520
        6108        6110        551
        6108        6117         26
        6108        6118         27
        6108        6119         14
        6108        6120         21
        6108        6122         22
        6108        6129         22
        6108        6133         24
        6108        6138         39
        6108        6139         88
        6108        6140         27
        6108        6141        111
        6108        6142         50
        6108        6143        172
        6108        6144         30
        6108        6145        102
        6108        6146         15
        6108        6147         44
        6108        6149        104
        6108        6150         14
        6108        6151          8
        6108        6152        167
        6108        6153          8
        6108        6155        183
        6108        6157         23
        6108        6158          6
        6108        6159         46
        6108        6160          7
        6108        6161         34
        6108        6162         52
        6108        6164         43
        6108        6165        110
        6108        6166        101
        6108        6168         35
        6108        6169         18
        6108        6172          9
        6108        6173         85
        6108        6174         56
        6108        6178         21
        6108        6180          6
        6108        6181         60
        6108        6182         55
        6108        6185          8
        6108        6187         21
        6108        6188         26
        6108        6190         11
        6108        6193         10
        6108        6195        154
        6108        6203         43
        6108        6212         14
        6108        6215         40
        6108        6216          7
        6108        6219         39
        6108        6227         75
        6108        6228         38
        6108        6229         34
        6108        6230         13
        6108        6239         18
        6108        6242         18
        6108        6253          9
        6108        6254         20
        6108        6255        136
        6108        6256        129
        6108        6258         62
        6108        6262          8
        6108        6265         21
        6108       11014         11
        6108       99998         17
        6109        5076         19
        6109        6073         12
        6109        6102         13
        6109        6104          9
        6109        6105         50
        6109        6109          9
        6109        6127         17
        6109        6129         96
        6109        6141          9
        6109        6173         12
        6109        6203         19
        6109        6251          6
        6109       11002         32
        6109       11277         17
        6110        1051         61
        6110        1088         12
        6110        2319         16
        6110        4484         65
        6110        4560         18
        6110        4577         32
        6110        4583         91
        6110        4683         48
        6110        4740         91
        6110        5006         60
        6110        5010         11
        6110        5032         14
        6110        5034         29
        6110        5079         20
        6110        5093        267
        6110        5108         28
        6110        5110         30
        6110        5137         50
        6110        5141        102
        6110        5145          9
        6110        5151          8
        6110        5198         14
        6110        5249         75
        6110        5260         17
        6110        5308         29
        6110        5334         58
        6110        6001         30
        6110        6006         20
        6110        6010         26
        6110        6014         17
        6110        6015         22
        6110        6020         14
        6110        6031         37
        6110        6044         37
        6110        6046         10
        6110        6048         31
        6110        6051         28
        6110        6054        113
        6110        6068         22
        6110        6070         49
        6110        6073         10
        6110        6074         46
        6110        6076          8
        6110        6081         50
        6110        6092         65
        6110        6093         14
        6110        6099          9
        6110        6100        148
        6110        6101         12
        6110        6103        178
        6110        6104        177
        6110        6106         14
        6110        6107        201
        6110        6108        666
        6110        6109         19
        6110        6110       1477
        6110        6111        111
        6110        6112         84
        6110        6121         65
        6110        6123        122
        6110        6125         39
        6110        6127         14
        6110        6132         77
        6110        6139         44
        6110        6140         62
        6110        6142         20
        6110        6143        150
        6110        6146        123
        6110        6147         41
        6110        6148         14
        6110        6149         54
        6110        6150         16
        6110        6154         32
        6110        6155        194
        6110        6157         78
        6110        6159         65
        6110        6161        100
        6110        6162        200
        6110        6163          5
        6110        6164        133
        6110        6169         21
        6110        6170          6
        6110        6171         77
        6110        6173         50
        6110        6174         50
        6110        6177         11
        6110        6187         36
        6110        6189        120
        6110        6194         29
        6110        6195         74
        6110        6197        103
        6110        6200         47
        6110        6201         61
        6110        6202         54
        6110        6203         26
        6110        6207         76
        6110        6214         16
        6110        6218        113
        6110        6222          8
        6110        6231         27
        6110        6232        108
        6110        6236         65
        6110        6237         10
        6110        6239         12
        6110        6245         14
        6110        6246         32
        6110        6253         68
        6110        6254        116
        6110        6256        122
        6110        6258          7
        6110        6260         12
        6110        6261         60
        6110       11010         14
        6110       11013         40
        6110       11014         30
        6110       11043         32
        6110       11050         37
        6110       11140         27
        6110       11277         65
        6110       11298         76
        6110       11317         32
        6110       11336         10
        6110       12003          9
        6110       12227         14
        6110       12578          9
        6110       13091         51
        6110       24002         10
        6110       98007          9
        6110       98008         26
        6110       99998         14
        6111        1099         75
        6111        1378         70
        6111        1384         53
        6111        4408         30
        6111        5025         21
        6111        5137         70
        6111        5142         34
        6111        6092         75
        6111        6100         27
        6111        6104         96
        6111        6107         65
        6111        6110         48
        6111        6118         70
        6111        6131         58
        6111        6155         10
        6111        6156         35
        6111        6161         35
        6111        6163         20
        6111        6239         10
        6111        6256         19
        6111        6261         10
        6111       11142         30
        6112        4560         33
        6112        6050         40
        6112        6062         23
        6112        6092        216
        6112        6104        103
        6112        6107         63
        6112        6110         20
        6112        6112         12
        6112        6125          8
        6112        6129         33
        6112        6139         29
        6112        6148         18
        6112        6171         18
        6112        6176         39
        6112        6196         38
        6112        6215         33
        6112        6219         33
        6112        6232         84
        6112        6243         33
        6112       11384         28
        6113        5015          8
        6113        5029         10
        6113        5101         12
        6113        5116         10
        6113        5117         50
        6113        5125         24
        6113        5225         19
        6113        5279          8
        6113        6041         59
        6113        6075          7
        6113        6102          8
        6113        6103         53
        6113        6106         10
        6113        6113         47
        6113        6116         46
        6113        6117         28
        6113        6121        450
        6113        6122         93
        6113        6123         12
        6113        6127         33
        6113        6128        224
        6113        6129         15
        6113        6130        100
        6113        6132         16
        6113        6133         24
        6113        6134         23
        6113        6135         35
        6113        6138         94
        6113        6140         56
        6113        6142         27
        6113        6143         50
        6113        6152        183
        6113        6155          9
        6113        6158         39
        6113        6161         39
        6113        6171        105
        6113        6176         72
        6113        6184         32
        6113        6188         52
        6113        6190         19
        6113        6194         33
        6113        6197         10
        6113        6202         28
        6113        6222         31
        6113        6235         21
        6113        6239         62
        6113        6243         22
        6113        6253         50
        6113        6256          9
        6113        6264         19
        6113       11002         39
        6113       11003         27
        6113       11005          9
        6113       11006          6
        6113       11007         17
        6113       11010         55
        6113       11013         33
        6113       11015         75
        6113       11019         12
        6113       11036         16
        6113       11039         13
        6113       11069         27
        6113       11107         17
        6113       11109         36
        6113       11112         39
        6113       11135         27
        6114        1445         15
        6114        4408          4
        6114        4456         48
        6114        5116         20
        6114        5135          4
        6114        5136         11
        6114        5137         48
        6114        6048         10
        6114        6070         11
        6114        6100         10
        6114        6115        170
        6114        6120         13
        6114        6121         90
        6114        6122         41
        6114        6123         62
        6114        6124         10
        6114        6127         13
        6114        6130         24
        6114        6138        162
        6114        6139         20
        6114        6157         10
        6114        6162         32
        6114        6177         10
        6114        6178         28
        6114        6194         88
        6114        6195         28
        6114        6197        273
        6114        6203         14
        6114        6219         37
        6114        6236         15
        6114        6239         22
        6114        6252         22
        6114        6255         40
        6114        6261         10
        6114       11004         10
        6114       11011         27
        6114       11021          5
        6114       11044         20
        6114       13072         20
        6114       13086         88
        6114       98008         42
        6115        1331         33
        6115        5026         16
        6115        5027         11
        6115        5125         53
        6115        5160         62
        6115        5212         25
        6115        5297         14
        6115        5459         33
        6115        6077         10
        6115        6101         67
        6115        6103         47
        6115        6106         49
        6115        6107         10
        6115        6113          7
        6115        6114         93
        6115        6116         16
        6115        6117         14
        6115        6118         70
        6115        6119          7
        6115        6120         26
        6115        6121         97
        6115        6122        202
        6115        6123         85
        6115        6124        108
        6115        6125         25
        6115        6127         39
        6115        6128         69
        6115        6129         79
        6115        6130         31
        6115        6133        119
        6115        6136         10
        6115        6138         28
        6115        6150         25
        6115        6168         22
        6115        6171         11
        6115        6175         10
        6115        6177         13
        6115        6178         30
        6115        6182        173
        6115        6185         23
        6115        6188         16
        6115        6190         13
        6115        6197         58
        6115        6199         11
        6115        6209         67
        6115        6218         24
        6115        6223         20
        6115       11007         18
        6115       11009         15
        6115       11109         26
        6115       11489         74
        6115       11495         13
        6116        6025          8
        6116        6092         10
        6116        6115         16
        6116        6116        435
        6116        6122         42
        6116        6124         16
        6116        6134         46
        6116        6138         29
        6116        6185         14
        6116        6192          6
        6116        6197         13
        6116        6199         90
        6116       11039         32
        6117        5034         68
        6117        5183         11
        6117        6068         68
        6117        6073         41
        6117        6102         10
        6117        6105         11
        6117        6108         26
        6117        6113         28
        6117        6117        136
        6117        6119         21
        6117        6120         35
        6117        6123        279
        6117        6124         14
        6117        6125         25
        6117        6129         15
        6117        6130         19
        6117        6132         11
        6117        6133         28
        6117        6137         21
        6117        6149         16
        6117        6171         81
        6117        6173         45
        6117        6178        175
        6117        6182         71
        6117        6185        117
        6117        6189         10
        6117        6190         41
        6117        6191         17
        6117        6193         15
        6117        6197        134
        6117        6202         43
        6117        6208          5
        6117        6219         45
        6117        6220          9
        6117        6230         38
        6117        6254        137
        6117        6255         20
        6117        6258         76
        6117        6260         38
        6117        6261         45
        6117       11002         16
        6117       11005         16
        6117       99998        102
        6118        4504         12
        6118        5002         68
        6118        5024         21
        6118        5071         68
        6118        5112         15
        6118        5174          7
        6118        6041         21
        6118        6070         12
        6118        6087         11
        6118        6103         16
        6118        6107         91
        6118        6111        140
        6118        6115         26
        6118        6116        111
        6118        6118         10
        6118        6120         82
        6118        6121          7
        6118        6123        117
        6118        6124        111
        6118        6125         57
        6118        6127         29
        6118        6128         33
        6118        6130         17
        6118        6132         32
        6118        6139         52
        6118        6144         20
        6118        6146         10
        6118        6164         47
        6118        6165         76
        6118        6168         17
        6118        6169         35
        6118        6171         35
        6118        6173         75
        6118        6176         11
        6118        6178        209
        6118        6179          8
        6118        6181          6
        6118        6182        125
        6118        6185          7
        6118        6187         34
        6118        6189         16
        6118        6197        114
        6118        6219         26
        6118        6245          9
        6118        6249         16
        6118        6254         78
        6118        6255         92
        6118        6256         46
        6118        6261         10
        6118       11093        141
        6118       11139         12
        6118       11161         44
        6118       11298         44
        6118       11450         47
        6118       12557         16
        6119        1189         54
        6119        1399         31
        6119        3150        104
        6119        4408         68
        6119        4576         13
        6119        5025         31
        6119        5101         32
        6119        5136         41
        6119        5144         50
        6119        5174         16
        6119        5219         26
        6119        5314        116
        6119        6025          8
        6119        6064          9
        6119        6072         15
        6119        6091         34
        6119        6108         14
        6119        6115          7
        6119        6117         21
        6119        6119        407
        6119        6120        119
        6119        6121         33
        6119        6122        177
        6119        6123        129
        6119        6124         21
        6119        6125         88
        6119        6127         23
        6119        6129          4
        6119        6132        131
        6119        6133         30
        6119        6134         13
        6119        6140         66
        6119        6171         32
        6119        6173         15
        6119        6177         53
        6119        6178         10
        6119        6182         14
        6119        6188         57
        6119        6189         21
        6119        6194         35
        6119        6197         17
        6119        6203        208
        6119        6205         21
        6119        6209         16
        6119        6237         17
        6119        6238         59
        6119        6254        101
        6119        6255         24
        6119        6256         27
        6119       11007         10
        6119       11042         27
        6119       11095         32
        6119       11288         12
        6119       12022         26
        6119       12296         23
        6119       24009         15
        6119       98008        136
        6120        5034         43
        6120        5150         15
        6120        5307         22
        6120        6014        103
        6120        6031         15
        6120        6041         54
        6120        6063         26
        6120        6081         22
        6120        6087         16
        6120        6099         21
        6120        6110        362
        6120        6114         13
        6120        6115         26
        6120        6117        111
        6120        6118         40
        6120        6119         75
        6120        6121        125
        6120        6122         27
        6120        6123        537
        6120        6124         12
        6120        6125        332
        6120        6127         13
        6120        6128         19
        6120        6129        102
        6120        6130         14
        6120        6133         26
        6120        6139        103
        6120        6140         19
        6120        6142         27
        6120        6143         30
        6120        6150          9
        6120        6156         22
        6120        6157          7
        6120        6163         54
        6120        6171         21
        6120        6172         13
        6120        6173         41
        6120        6177         15
        6120        6178        100
        6120        6179         13
        6120        6182         25
        6120        6185         30
        6120        6188         15
        6120        6189          7
        6120        6190         34
        6120        6193         27
        6120        6197        156
        6120        6199         11
        6120        6203         26
        6120        6223         25
        6120        6236         41
        6120        6239        113
        6120        6250         79
        6120        6258         27
        6120        6261        132
        6120       11006         20
        6120       11109         26
        6120       11249         85
        6120       98008         12
        6121        4103         42
        6121        5034         42
        6121        5076         15
        6121        5093          8
        6121        5115         17
        6121        5125         12
        6121        5283         25
        6121        5393         39
        6121        6028         47
        6121        6030         35
        6121        6066         91
        6121        6070        110
        6121        6091         87
        6121        6099         29
        6121        6100         25
        6121        6102          8
        6121        6103         13
        6121        6104        163
        6121        6107         73
        6121        6110         37
        6121        6113        497
        6121        6114         62
        6121        6115        107
        6121        6117         15
        6121        6119        109
        6121        6120        137
        6121        6121        450
        6121        6122        114
        6121        6123        280
        6121        6124         27
        6121        6125         17
        6121        6126        205
        6121        6127         70
        6121        6129         21
        6121        6130        356
        6121        6133         81
        6121        6134         41
        6121        6135         78
        6121        6137         78
        6121        6138        576
        6121        6139         28
        6121        6140        338
        6121        6143         14
        6121        6145         25
        6121        6148         28
        6121        6150         41
        6121        6162         18
        6121        6169         48
        6121        6171          7
        6121        6174        124
        6121        6176         18
        6121        6178        117
        6121        6179         47
        6121        6181         40
        6121        6182         15
        6121        6184         22
        6121        6185         16
        6121        6188         30
        6121        6189         22
        6121        6190         39
        6121        6196         95
        6121        6197        140
        6121        6199         64
        6121        6200          7
        6121        6202         32
        6121        6207         16
        6121        6209          9
        6121        6215         86
        6121        6220         15
        6121        6223         40
        6121        6236         37
        6121        6242         14
        6121        6250         13
        6121        6251        135
        6121        6254         53
        6121        6256         47
        6121        6259          7
        6121        6261          4
        6121       11003         43
        6121       11004          9
        6121       11005         27
        6121       11006         74
        6121       11007         10
        6121       11008          7
        6121       11009         33
        6121       11010         81
        6121       11011         28
        6121       11012         37
        6121       11013         68
        6121       11014          4
        6121       11015         27
        6121       11016         98
        6121       11022         62
        6121       11027         13
        6121       11038         59
        6121       11327         10
        6121       12061         25
        6121       12282        132
        6121       98008         53
        6121       99998         15
        6122        1037         24
        6122        4134         22
        6122        4430         37
        6122        5025          8
        6122        5029         12
        6122        5052         45
        6122        5102         15
        6122        5138         15
        6122        5201          8
        6122        5300         45
        6122        6015         13
        6122        6028         43
        6122        6056         41
        6122        6093         27
        6122        6107         89
        6122        6108         22
        6122        6113         93
        6122        6114         27
        6122        6115        210
        6122        6116         11
        6122        6119        181
        6122        6120         27
        6122        6121        160
        6122        6122         93
        6122        6123        105
        6122        6124         86
        6122        6125        101
        6122        6126         39
        6122        6127         93
        6122        6128         27
        6122        6129         98
        6122        6130         69
        6122        6132         13
        6122        6133        172
        6122        6134        150
        6122        6135         46
        6122        6138        395
        6122        6145        190
        6122        6161         12
        6122        6163         17
        6122        6171         92
        6122        6173         14
        6122        6177         28
        6122        6178         95
        6122        6185         15
        6122        6192         15
        6122        6196         56
        6122        6197         12
        6122        6199         11
        6122        6204         12
        6122        6209         24
        6122        6230         47
        6122        6232         17
        6122        6233         46
        6122        6239         46
        6122        6254          9
        6122        6256        244
        6122        6260         12
        6122        6261         29
        6122        6262         72
        6122        6264         62
        6122        6265         12
        6122       11016         12
        6122       11081         11
        6122       11228         13
        6122       11277         19
        6122       11474         17
        6122       11480        143
        6122       14010         41
        6123        4402         17
        6123        5028          9
        6123        5034         19
        6123        5082         13
        6123        5140         62
        6123        5271         23
        6123        5294          5
        6123        6001         16
        6123        6006         23
        6123        6031         94
        6123        6035         16
        6123        6046         44
        6123        6052          9
        6123        6063         10
        6123        6066         14
        6123        6092         66
        6123        6093         68
        6123        6103         87
        6123        6104         11
        6123        6107         62
        6123        6112         20
        6123        6113         12
        6123        6114         33
        6123        6115        183
        6123        6117        269
        6123        6118        154
        6123        6119        189
        6123        6120        597
        6123        6121        109
        6123        6122        146
        6123        6123        387
        6123        6124        162
        6123        6125        319
        6123        6126        185
        6123        6127        154
        6123        6128         42
        6123        6129        266
        6123        6131         58
        6123        6133        434
        6123        6134         95
        6123        6135         15
        6123        6136         11
        6123        6137         80
        6123        6138        157
        6123        6143          7
        6123        6162         84
        6123        6165         24
        6123        6171         55
        6123        6173        268
        6123        6174         14
        6123        6178        260
        6123        6179         71
        6123        6181          5
        6123        6182        131
        6123        6185          8
        6123        6188         31
        6123        6189         59
        6123        6197        100
        6123        6199         24
        6123        6200         27
        6123        6203         44
        6123        6207          9
        6123        6219          9
        6123        6220         73
        6123        6223         73
        6123        6231         56
        6123        6242         29
        6123        6243         28
        6123        6244         14
        6123        6245         29
        6123        6254         27
        6123        6256         16
        6123        6257         15
        6123        6258         39
        6123        6261         44
        6123       11004         24
        6123       11039          9
        6123       11109         58
        6123       11115         12
        6123       11343         16
        6123       24002         10
        6124        1072         47
        6124        1168         16
        6124        1327         13
        6124        1540         27
        6124        4511         15
        6124        5002         30
        6124        5025         12
        6124        5034         32
        6124        5038         15
        6124        5088         13
        6124        5142         34
        6124        5297         47
        6124        5334         19
        6124        6015         23
        6124        6045         21
        6124        6099         15
        6124        6114         20
        6124        6115         86
        6124        6117         45
        6124        6118        111
        6124        6119         58
        6124        6121         27
        6124        6122         97
        6124        6123        316
        6124        6124         44
        6124        6125         99
        6124        6127         91
        6124        6130         80
        6124        6131         39
        6124        6132         47
        6124        6134         27
        6124        6135         35
        6124        6136         25
        6124        6139         10
        6124        6140         75
        6124        6142         15
        6124        6146         42
        6124        6147         15
        6124        6155         34
        6124        6172         30
        6124        6178         17
        6124        6182         26
        6124        6188         37
        6124        6189          5
        6124        6195         16
        6124        6197        276
        6124        6199         23
        6124        6201         12
        6124        6204         94
        6124        6205         16
        6124        6207         19
        6124        6211         34
        6124        6218         41
        6124        6232         41
        6124        6239         27
        6124        6242        111
        6124        6250         75
        6124        6252         23
        6124        6256         48
        6124        6261         55
        6124        6262         14
        6124        6263         34
        6124       11004         23
        6124       11140         13
        6124       12337         23
        6124       23013         25
        6125        3374         59
        6125        4401        101
        6125        4571          9
        6125        5037         25
        6125        5062         23
        6125        5078          8
        6125        5089         17
        6125        5110         25
        6125        5117         13
        6125        5138         89
        6125        6034         11
        6125        6044         45
        6125        6054         13
        6125        6062         37
        6125        6068         61
        6125        6070         39
        6125        6071         25
        6125        6081         62
        6125        6100         15
        6125        6102          8
        6125        6103          9
        6125        6104         46
        6125        6107         21
        6125        6110         39
        6125        6112          8
        6125        6117         38
        6125        6118         82
        6125        6119         90
        6125        6120        448
        6125        6121         46
        6125        6122         43
        6125        6123        284
        6125        6124         60
        6125        6125        112
        6125        6126         23
        6125        6127         65
        6125        6129         38
        6125        6130         49
        6125        6132         20
        6125        6133         70
        6125        6134          4
        6125        6137          8
        6125        6142         14
        6125        6146        101
        6125        6154         36
        6125        6155         19
        6125        6159         40
        6125        6160         10
        6125        6161         72
        6125        6164         11
        6125        6168         20
        6125        6170         85
        6125        6171        309
        6125        6173         80
        6125        6174          4
        6125        6178         75
        6125        6179         45
        6125        6182        149
        6125        6185         28
        6125        6188        168
        6125        6190        156
        6125        6194         75
        6125        6195         89
        6125        6197         48
        6125        6198         26
        6125        6199         76
        6125        6200         39
        6125        6203        123
        6125        6211         29
        6125        6212         39
        6125        6213         35
        6125        6219        102
        6125        6225         40
        6125        6226         36
        6125        6236         18
        6125        6250          3
        6125        6254         39
        6125        6256        113
        6125        6258         49
        6125        6261        235
        6125       11042         55
        6125       11106         18
        6125       11139         19
        6125       11147         25
        6125       11164         20
        6125       23017         68
        6125       23044         23
        6126        1136         30
        6126        4408         11
        6126        5024         38
        6126        5034         34
        6126        5050         25
        6126        5063         26
        6126        5093         14
        6126        5115         22
        6126        5138         34
        6126        5152         14
        6126        5401         30
        6126        6038         18
        6126        6041         15
        6126        6107         14
        6126        6118         23
        6126        6121        147
        6126        6122        116
        6126        6123        139
        6126        6124         25
        6126        6127         58
        6126        6131         25
        6126        6135         23
        6126        6138         37
        6126        6139         13
        6126        6140         49
        6126        6171         50
        6126        6182         14
        6126        6190         39
        6126        6194         14
        6126        6197         12
        6126        6236         25
        6126        6242         46
        6126        6260         18
        6126        6261         12
        6126       11007         18
        6126       11044         22
        6127        4356         18
        6127        4458         11
        6127        5027         21
        6127        5117         16
        6127        5137         18
        6127        5142         11
        6127        5238         44
        6127        6048         26
        6127        6064         14
        6127        6107        102
        6127        6109         17
        6127        6110         32
        6127        6113         33
        6127        6114         13
        6127        6115         90
        6127        6117         16
        6127        6118         16
        6127        6119         49
        6127        6120        138
        6127        6121         53
        6127        6122        107
        6127        6123         95
        6127        6124        187
        6127        6125         52
        6127        6126         34
        6127        6127        193
        6127        6128         13
        6127        6129        120
        6127        6130         15
        6127        6133         16
        6127        6134          7
        6127        6150         13
        6127        6158         15
        6127        6161         18
        6127        6162         21
        6127        6168         16
        6127        6170         13
        6127        6171         74
        6127        6173         17
        6127        6178         70
        6127        6179         16
        6127        6180         17
        6127        6182          8
        6127        6188         16
        6127        6197        128
        6127        6201         20
        6127        6203         16
        6127        6212         40
        6127        6218         62
        6127        6220         16
        6127        6233         12
        6127        6235         38
        6127        6244         38
        6127        6256        168
        6127        6260         28
        6127        6261         14
        6127        6263         87
        6127        6264         17
        6127       11005         18
        6127       11031         34
        6127       11135         14
        6128        6011         73
        6128        6032         19
        6128        6041         97
        6128        6054         21
        6128        6063         65
        6128        6070         30
        6128        6093         46
        6128        6099         49
        6128        6101          9
        6128        6103        128
        6128        6104          9
        6128        6113        174
        6128        6115         69
        6128        6120         19
        6128        6122         19
        6128        6125         27
        6128        6127         13
        6128        6129         13
        6128        6133         12
        6128        6134         39
        6128        6137         31
        6128        6140         17
        6128        6144          8
        6128        6146         17
        6128        6156         24
        6128        6159         10
        6128        6164         37
        6128        6169         21
        6128        6173         26
        6128        6175         62
        6128        6178         22
        6128        6182         16
        6128        6186          8
        6128        6187         88
        6128        6188         16
        6128        6195         30
        6128        6199         49
        6128        6208         15
        6128        6210         42
        6128        6217         18
        6128        6221         90
        6128        6228         14
        6128        6231         37
        6128        6235        149
        6128        6254         27
        6128        6256         38
        6128       23043         16
        6129        1135         39
        6129        4360         35
        6129        4500         10
        6129        4506         24
        6129        4652         11
        6129        4679         50
        6129        5136         41
        6129        5142         19
        6129        5151         50
        6129        5209         24
        6129        5212          8
        6129        5213         41
        6129        6054        100
        6129        6073         65
        6129        6092         75
        6129        6093          8
        6129        6100         65
        6129        6104         22
        6129        6107         31
        6129        6108         79
        6129        6109         96
        6129        6112         33
        6129        6113         15
        6129        6114         79
        6129        6115         25
        6129        6117         15
        6129        6119         31
        6129        6120        102
        6129        6121         21
        6129        6122         81
        6129        6123        178
        6129        6125         47
        6129        6127        212
        6129        6128         13
        6129        6131         50
        6129        6133         94
        6129        6134        102
        6129        6137          9
        6129        6140         41
        6129        6151         24
        6129        6163         65
        6129        6168         13
        6129        6171         50
        6129        6172         41
        6129        6177          6
        6129        6178        207
        6129        6182         20
        6129        6185         18
        6129        6188        206
        6129        6190         13
        6129        6197         48
        6129        6199        120
        6129        6203         65
        6129        6204         44
        6129        6219         31
        6129        6233         50
        6129        6260         24
        6129        6261         18
        6129        6265        120
        6129       11078         64
        6129       11109         65
        6129       11147          5
        6129       12461        120
        6129       98008         15
        6130        1002         14
        6130        4471         58
        6130        5037         51
        6130        5123         52
        6130        5125        147
        6130        5166         18
        6130        6014         24
        6130        6032         44
        6130        6038         14
        6130        6048         77
        6130        6060         63
        6130        6064         18
        6130        6066        131
        6130        6070        131
        6130        6091         52
        6130        6099         27
        6130        6100         12
        6130        6102          7
        6130        6104        200
        6130        6107         62
        6130        6113         74
        6130        6114         11
        6130        6115         48
        6130        6117         19
        6130        6121        467
        6130        6122        114
        6130        6124         42
        6130        6125         49
        6130        6127         62
        6130        6129         15
        6130        6131         88
        6130        6133         22
        6130        6134         60
        6130        6138         61
        6130        6139         23
        6130        6146         10
        6130        6150         32
        6130        6153        111
        6130        6154         37
        6130        6155         25
        6130        6164        299
        6130        6165         30
        6130        6166         72
        6130        6168         31
        6130        6169         27
        6130        6172          7
        6130        6175         21
        6130        6176         21
        6130        6178         34
        6130        6180         69
        6130        6181         28
        6130        6185         52
        6130        6187         50
        6130        6189         22
        6130        6190         10
        6130        6194         93
        6130        6195         40
        6130        6197         61
        6130        6199         34
        6130        6200         68
        6130        6201         12
        6130        6202         69
        6130        6204         18
        6130        6211         26
        6130        6226         35
        6130        6227          4
        6130        6228         51
        6130        6230        102
        6130        6232         15
        6130        6253        103
        6130        6254         17
        6130        6256        114
        6130        6258        190
        6130        6261         16
        6130       11137         94
        6131        6003         17
        6131        6014         41
        6131        6050         27
        6131        6104         31
        6131        6107         71
        6131        6111         58
        6131        6120         18
        6131        6123         58
        6131        6124         21
        6131        6126         25
        6131        6129         50
        6131        6130         88
        6131        6133         13
        6131        6153         27
        6131        6158         34
        6131        6171         11
        6131        6172         59
        6131        6180         47
        6131        6199         20
        6131        6200         22
        6131        6202         25
        6131        6230         15
        6131        6239          9
        6131        6245         24
        6131        6256         16
        6131        6258         28
        6131       23013         31
        6132        5151         10
        6132        6036         48
        6132        6061         19
        6132        6069         15
        6132        6092         50
        6132        6100         79
        6132        6104         11
        6132        6107        204
        6132        6110         62
        6132        6113         16
        6132        6118         32
        6132        6119         12
        6132        6121         85
        6132        6122         13
        6132        6123        101
        6132        6124         47
        6132        6133         60
        6132        6138         13
        6132        6146         42
        6132        6150         20
        6132        6155         27
        6132        6169         55
        6132        6170         33
        6132        6173         39
        6132        6177         60
        6132        6178         98
        6132        6181         24
        6132        6182        115
        6132        6191         24
        6132        6192         13
        6132        6246         10
        6132        6253         13
        6132        6255        274
        6133        1067         11
        6133        1150         11
        6133        1217         15
        6133        1242         70
        6133        4056         94
        6133        4179         20
        6133        4511         20
        6133        4556         15
        6133        4735         32
        6133        5048         12
        6133        5097          7
        6133        5115         18
        6133        5135         21
        6133        5143         32
        6133        5239         13
        6133        5297         12
        6133        6006         14
        6133        6031         67
        6133        6032         11
        6133        6050         29
        6133        6052         16
        6133        6070          8
        6133        6072         18
        6133        6107         63
        6133        6108         35
        6133        6113         24
        6133        6115         67
        6133        6117         65
        6133        6119         30
        6133        6120         36
        6133        6121         77
        6133        6122        209
        6133        6123        347
        6133        6124         11
        6133        6125         97
        6133        6127         31
        6133        6128         24
        6133        6129        106
        6133        6130         11
        6133        6132         60
        6133        6133         41
        6133        6134         11
        6133        6157         94
        6133        6161         15
        6133        6165         42
        6133        6167         12
        6133        6168         26
        6133        6170         47
        6133        6171         40
        6133        6172         22
        6133        6173         94
        6133        6177         67
        6133        6178         15
        6133        6179         19
        6133        6182         57
        6133        6188         15
        6133        6190         44
        6133        6192         11
        6133        6197        125
        6133        6203         70
        6133        6208         27
        6133        6211         12
        6133        6216         21
        6133        6220         20
        6133        6222         66
        6133        6223         70
        6133        6231         61
        6133        6232         21
        6133        6236         24
        6133        6243         74
        6133        6247         16
        6133        6249         11
        6133        6261         71
        6133        6262         20
        6133        6265         31
        6133       11001         21
        6133       11010         47
        6133       11019         12
        6133       11039         64
        6133       11160         22
        6133       12019         29
        6133       13113         10
        6133       23041         15
        6133       99998         23
        6134        1047         18
        6134        1056         10
        6134        1073         16
        6134        1258         18
        6134        1486         14
        6134        3071         26
        6134        3277         35
        6134        4538         18
        6134        4682         16
        6134        5006         14
        6134        5009         10
        6134        5083          4
        6134        5115          6
        6134        5122        142
        6134        5134         21
        6134        5137         55
        6134        5139         46
        6134        5143         16
        6134        5148        110
        6134        5198         13
        6134        5203         18
        6134        6044         24
        6134        6113         10
        6134        6114         13
        6134        6118         16
        6134        6121         87
        6134        6122        189
        6134        6123        124
        6134        6125          8
        6134        6127         29
        6134        6128         39
        6134        6129        176
        6134        6130         60
        6134        6133         22
        6134        6135        117
        6134        6138         65
        6134        6140         18
        6134        6150          9
        6134        6161         27
        6134        6164         39
        6134        6178         22
        6134        6188         63
        6134        6192         13
        6134        6197         16
        6134        6199         21
        6134        6203         16
        6134        6222         39
        6134        6223          4
        6134        6227         38
        6134        6238         22
        6134        6239         49
        6134        6242         21
        6134        6243        101
        6134        6261         57
        6134        6263          7
        6134       11004         21
        6134       11014         46
        6134       11162         14
        6134       11490          4
        6134       12368         16
        6134       13057         16
        6135        4441          9
        6135        4545         44
        6135        4706          9
        6135        5034         16
        6135        5137         44
        6135        5152         25
        6135        5267         25
        6135        6052          8
        6135        6068         48
        6135        6113         52
        6135        6114         12
        6135        6118         15
        6135        6119          6
        6135        6121        118
        6135        6122         12
        6135        6124         51
        6135        6125         31
        6135        6126         23
        6135        6134        117
        6135        6135         22
        6135        6138         55
        6135        6157         33
        6135        6159         12
        6135        6178         14
        6135        6185         30
        6135        6197         25
        6135        6204         25
        6135        6207         19
        6135        6208         33
        6135        6245         27
        6135        6252         11
        6135       11385        119
        6135       11493         12
        6136        6079         15
        6136        6104         56
        6136        6115         10
        6136        6123         11
        6136        6146         17
        6136        6178         25
        6136        6261         13
        6136       11006          8
        6136       11038         13
        6137        1308         10
        6137        5034         17
        6137        5050         10
        6137        5063          9
        6137        5104          7
        6137        6030          4
        6137        6038         21
        6137        6041         10
        6137        6066         25
        6137        6068          4
        6137        6074         11
        6137        6117         21
        6137        6121         71
        6137        6122          9
        6137        6123        106
        6137        6127          8
        6137        6128         31
        6137        6130          4
        6137        6140         14
        6137        6148          4
        6137        6154         10
        6137        6173          4
        6137        6187         17
        6137        6197         31
        6137        6203         39
        6137        6204          9
        6137        6225          9
        6137        6243          4
        6137        6251          4
        6137        6261         29
        6137       11005         14
        6137       11010         10
        6137       11135          7
        6137       12336         11
        6137       15002         17
        6138        1059        156
        6138        1317         19
        6138        1325         78
        6138        1397         27
        6138        3186         53
        6138        4299        101
        6138        4357          9
        6138        4621         22
        6138        4696         28
        6138        5010         17
        6138        5025         36
        6138        5034         13
        6138        5050         12
        6138        5057        117
        6138        5082          5
        6138        5085         28
        6138        5110         54
        6138        5115          4
        6138        5125         44
        6138        5126         26
        6138        5135         17
        6138        5141          5
        6138        5183         22
        6138        5202         18
        6138        5216         36
        6138        5279         42
        6138        5300         53
        6138        5308         27
        6138        5423         22
        6138        6004         31
        6138        6024         65
        6138        6025         29
        6138        6091         78
        6138        6092         11
        6138        6113        121
        6138        6114        198
        6138        6115         57
        6138        6116         29
        6138        6121        440
        6138        6122        220
        6138        6123        187
        6138        6126        114
        6138        6130         61
        6138        6132         13
        6138        6133          8
        6138        6134         65
        6138        6135         55
        6138        6138        224
        6138        6140         65
        6138        6142         74
        6138        6145          7
        6138        6155         21
        6138        6160         30
        6138        6170         31
        6138        6175         81
        6138        6184         80
        6138        6190        130
        6138        6193        170
        6138        6194         45
        6138        6196         54
        6138        6197         41
        6138        6199         15
        6138        6212         14
        6138        6239         55
        6138        6243         28
        6138        6244         12
        6138        6245         18
        6138        6248         42
        6138        6254         80
        6138        6257         36
        6138       11006         46
        6138       11007        128
        6138       11010        274
        6138       11013         31
        6138       11014          9
        6138       11020          4
        6138       11031         18
        6138       11032         23
        6138       11044         27
        6138       11093        210
        6138       11135         16
        6138       11158         22
        6138       11171         54
        6138       11227         31
        6138       11257         20
        6138       11280        145
        6138       11333         12
        6139        1112          6
        6139        5126         13
        6139        5153         70
        6139        6066        257
        6139        6070         32
        6139        6071        286
        6139        6091         75
        6139        6095          9
        6139        6100         26
        6139        6107         10
        6139        6108         63
        6139        6109         32
        6139        6110         30
        6139        6114         20
        6139        6121         28
        6139        6124         10
        6139        6125        103
        6139        6126         40
        6139        6130         23
        6139        6141         61
        6139        6142         10
        6139        6143         52
        6139        6145         34
        6139        6146         15
        6139        6150         13
        6139        6152         80
        6139        6161         39
        6139        6162         10
        6139        6164         53
        6139        6171         20
        6139        6176         39
        6139        6188         82
        6139        6192         16
        6139        6197         13
        6139        6211         19
        6139        6214         16
        6139        6222         10
        6139        6225         13
        6139        6230         22
        6139        6250         11
        6139        6254         17
        6139        6258         18
        6139       11496         10
        6140        6008         17
        6140        6066         35
        6140        6103          6
        6140        6108         27
        6140        6110         52
        6140        6113         76
        6140        6119         66
        6140        6120         19
        6140        6121        281
        6140        6124         75
        6140        6129         76
        6140        6130         71
        6140        6134         35
        6140        6137         14
        6140        6138         39
        6140        6140         70
        6140        6159         42
        6140        6162         36
        6140        6169         36
        6140        6171         86
        6140        6177         21
        6140        6190         15
        6140        6197         49
        6140        6201         15
        6140        6202         19
        6140        6207         12
        6140        6210         12
        6140        6231         34
        6140        6256         16
        6140       11001         58
        6140       11013         68
        6140       99998         19
        6141        3448          8
        6141        5025         58
        6141        5125         47
        6141        5278          7
        6141        6006         12
        6141        6031         53
        6141        6050         19
        6141        6066         80
        6141        6076         10
        6141        6087         31
        6141        6092         20
        6141        6093         47
        6141        6104        173
        6141        6105         48
        6141        6107         75
        6141        6127         60
        6141        6129         24
        6141        6139         74
        6141        6143        189
        6141        6145        141
        6141        6147         28
        6141        6150         14
        6141        6154         94
        6141        6156         11
        6141        6157         76
        6141        6159          8
        6141        6160        184
        6141        6161         83
        6141        6168         11
        6141        6175          7
        6141        6181          9
        6141        6182         25
        6141        6190          8
        6141        6192          6
        6141        6195         19
        6141        6196         13
        6141        6200         18
        6141        6205          8
        6141        6213         16
        6141        6214         29
        6141        6232          9
        6141        6256         12
        6141        6264         15
        6142        1307         35
        6142        6006         25
        6142        6008         85
        6142        6032        132
        6142        6034          8
        6142        6049         22
        6142        6050        117
        6142        6053         71
        6142        6054         10
        6142        6055         23
        6142        6056         27
        6142        6057         11
        6142        6061        169
        6142        6066        153
        6142        6068         44
        6142        6070         15
        6142        6071        257
        6142        6082         44
        6142        6084         13
        6142        6088         15
        6142        6092        155
        6142        6093         11
        6142        6100         57
        6142        6102         88
        6142        6104        165
        6142        6107         44
        6142        6108         58
        6142        6110         20
        6142        6113         27
        6142        6120         27
        6142        6124         15
        6142        6125         14
        6142        6131         27
        6142        6133         39
        6142        6138         74
        6142        6139         10
        6142        6141         31
        6142        6142         10
        6142        6143        156
        6142        6144        126
        6142        6145         78
        6142        6146         32
        6142        6147         10
        6142        6148         28
        6142        6149         51
        6142        6150         73
        6142        6151         63
        6142        6152        121
        6142        6153         32
        6142        6154         49
        6142        6155         36
        6142        6157        110
        6142        6158         11
        6142        6159         77
        6142        6160         13
        6142        6161        148
        6142        6162        198
        6142        6164         11
        6142        6165         11
        6142        6168         36
        6142        6169          9
        6142        6170         31
        6142        6174         15
        6142        6176         34
        6142        6179        145
        6142        6181         17
        6142        6185         20
        6142        6186         10
        6142        6187        126
        6142        6189         61
        6142        6192         16
        6142        6195         64
        6142        6196         20
        6142        6199         32
        6142        6204         12
        6142        6211         13
        6142        6213         58
        6142        6215         16
        6142        6223         22
        6142        6224         27
        6142        6226         12
        6142        6241         31
        6142        6245        105
        6142        6254         34
        6142        6258        122
        6142        6259          7
        6142       11424         16
        6142       98008         30
        6143        1408         36
        6143        1555         14
        6143        4467         33
        6143        4748         13
        6143        5002         30
        6143        5025         58
        6143        5062         15
        6143        5093         26
        6143        5125         16
        6143        5136         25
        6143        5138         38
        6143        5203          8
        6143        5230         16
        6143        5294         31
        6143        5300         10
        6143        5326         16
        6143        6026         84
        6143        6054         77
        6143        6061         31
        6143        6070         13
        6143        6081         17
        6143        6087         13
        6143        6088         11
        6143        6091        116
        6143        6092        293
        6143        6099         21
        6143        6100        133
        6143        6104         32
        6143        6108        182
        6143        6110        218
        6143        6113         50
        6143        6120         30
        6143        6122         14
        6143        6123          7
        6143        6139         52
        6143        6141         58
        6143        6142        210
        6143        6143         70
        6143        6144        491
        6143        6145        166
        6143        6146        102
        6143        6147        176
        6143        6148         76
        6143        6149         58
        6143        6150        104
        6143        6151         13
        6143        6152         52
        6143        6153         89
        6143        6154         57
        6143        6155         81
        6143        6156         76
        6143        6157         19
        6143        6159         47
        6143        6161        325
        6143        6162         23
        6143        6165        143
        6143        6167         25
        6143        6169         70
        6143        6170         63
        6143        6174          4
        6143        6180          9
        6143        6181         84
        6143        6187         14
        6143        6188         10
        6143        6191         23
        6143        6192         70
        6143        6194        315
        6143        6195         40
        6143        6196         31
        6143        6197         16
        6143        6199         97
        6143        6200         63
        6143        6204         63
        6143        6229         43
        6143        6230         40
        6143        6231         26
        6143        6232         32
        6143        6233         12
        6143        6234         24
        6143        6236         65
        6143        6237          6
        6143        6242         16
        6143        6245         11
        6143        6254         17
        6143        6258        212
        6143        6265         22
        6143       11010         63
        6143       23010         12
        6143       24002         13
        6143       24005         10
        6144        1265         14
        6144        5125         33
        6144        6006         44
        6144        6012         11
        6144        6031         24
        6144        6054         73
        6144        6055        159
        6144        6062         56
        6144        6085         40
        6144        6087          8
        6144        6088         22
        6144        6091         15
        6144        6099         16
        6144        6100         25
        6144        6104        131
        6144        6107         11
        6144        6118         20
        6144        6142         95
        6144        6143        293
        6144        6144        113
        6144        6145        560
        6144        6146        193
        6144        6147         15
        6144        6148        104
        6144        6149         25
        6144        6150        118
        6144        6151        138
        6144        6153         58
        6144        6154         99
        6144        6155        115
        6144        6156         28
        6144        6157         18
        6144        6159         34
        6144        6161        517
        6144        6162         33
        6144        6163         29
        6144        6165         19
        6144        6166         90
        6144        6167         88
        6144        6168         24
        6144        6169         33
        6144        6172         37
        6144        6176        198
        6144        6180         65
        6144        6187         22
        6144        6190         74
        6144        6191         33
        6144        6192         29
        6144        6194         14
        6144        6195         29
        6144        6203          8
        6144        6209         64
        6144        6225         32
        6144        6233         17
        6144        6235         37
        6144        6238         11
        6144        6243          8
        6144        6250         58
        6144        6254         23
        6144        6258         61
        6144        6260          8
        6144       23032         12
        6145        1022         12
        6145        1232         19
        6145        4087         32
        6145        4193         22
        6145        4524         30
        6145        4632         65
        6145        5017         30
        6145        5105         35
        6145        5126         24
        6145        5134         32
        6145        5136         15
        6145        5211         32
        6145        5225         87
        6145        6012         11
        6145        6018         11
        6145        6041         10
        6145        6044        131
        6145        6045         56
        6145        6046         16
        6145        6050         30
        6145        6052         87
        6145        6054        177
        6145        6057         30
        6145        6064         19
        6145        6065         13
        6145        6068         26
        6145        6073          9
        6145        6085         16
        6145        6087         42
        6145        6088        114
        6145        6092         15
        6145        6099         29
        6145        6100         21
        6145        6104         35
        6145        6107         85
        6145        6108        102
        6145        6110         10
        6145        6121         25
        6145        6122        196
        6145        6123         37
        6145        6132         10
        6145        6139         34
        6145        6141        141
        6145        6142        122
        6145        6143        146
        6145        6144        439
        6145        6145        407
        6145        6146        270
        6145        6148        125
        6145        6150        208
        6145        6151        193
        6145        6152         22
        6145        6154         74
        6145        6155          6
        6145        6156         74
        6145        6157        144
        6145        6158         44
        6145        6159         55
        6145        6160        173
        6145        6161        246
        6145        6162         55
        6145        6164        202
        6145        6165         12
        6145        6166         68
        6145        6167         39
        6145        6170         26
        6145        6171         14
        6145        6172         11
        6145        6173         37
        6145        6174         49
        6145        6176         39
        6145        6180        114
        6145        6183          3
        6145        6186         34
        6145        6190         11
        6145        6191         19
        6145        6192         27
        6145        6194         54
        6145        6195        165
        6145        6198         38
        6145        6201         18
        6145        6209         16
        6145        6215          9
        6145        6224        109
        6145        6225          9
        6145        6228         45
        6145        6229        189
        6145        6230         19
        6145        6231         35
        6145        6233         30
        6145        6236         25
        6145        6237        174
        6145        6238         51
        6145        6239         65
        6145        6240         89
        6145        6243         36
        6145        6244         45
        6145        6250         11
        6145        6258        119
        6145        6259         36
        6145        6260         33
        6145        6261         11
        6145        6263         32
        6145       11163         35
        6145       11171         17
        6145       11496         47
        6145       17208         44
        6145       23047         60
        6145       24002         12
        6145       24005          9
        6145       98008         44
        6146        1124         11
        6146        1126         13
        6146        1166         22
        6146        1221         17
        6146        1371          6
        6146        1476         46
        6146        4062         11
        6146        4490         16
        6146        4519         22
        6146        4558         15
        6146        4559         16
        6146        5029         35
        6146        5063         51
        6146        5104         54
        6146        5117         44
        6146        5136         74
        6146        5137         90
        6146        6006         59
        6146        6014         28
        6146        6015         21
        6146        6027         40
        6146        6028         31
        6146        6029         16
        6146        6031         12
        6146        6032         18
        6146        6038         22
        6146        6041        168
        6146        6044         51
        6146        6045         31
        6146        6048         68
        6146        6050         38
        6146        6051         12
        6146        6053         22
        6146        6054        121
        6146        6058          8
        6146        6061         76
        6146        6062         22
        6146        6067         69
        6146        6068         26
        6146        6088         80
        6146        6091         43
        6146        6095         20
        6146        6099         41
        6146        6100         23
        6146        6107         10
        6146        6108         10
        6146        6110        123
        6146        6118         10
        6146        6122         72
        6146        6125        101
        6146        6130         10
        6146        6136         17
        6146        6139         31
        6146        6142         72
        6146        6143        110
        6146        6144        101
        6146        6145        308
        6146        6146       1347
        6146        6147         10
        6146        6148        473
        6146        6149         21
        6146        6150        149
        6146        6151         45
        6146        6152          9
        6146        6153         22
        6146        6154        720
        6146        6156         26
        6146        6157        179
        6146        6159        242
        6146        6160         35
        6146        6161        278
        6146        6164         70
        6146        6165          8
        6146        6166         32
        6146        6169         20
        6146        6170        290
        6146        6171         15
        6146        6172         72
        6146        6173         44
        6146        6174         23
        6146        6176         33
        6146        6179         19
        6146        6180        116
        6146        6181         38
        6146        6189         78
        6146        6191         72
        6146        6192         85
        6146        6194         90
        6146        6195        150
        6146        6197         63
        6146        6198        104
        6146        6201          7
        6146        6203          7
        6146        6205          9
        6146        6207         64
        6146        6208         95
        6146        6211         23
        6146        6214         94
        6146        6222         51
        6146        6224         57
        6146        6229         46
        6146        6231         20
        6146        6232         98
        6146        6233         18
        6146        6237          8
        6146        6238         98
        6146        6239          9
        6146        6240         10
        6146        6243         11
        6146        6247         41
        6146        6248         87
        6146        6250         47
        6146        6258        133
        6146        6259         11
        6146        6262         47
        6146        6265         20
        6146       11052         10
        6146       11458         25
        6146       12290         17
        6146       13026          7
        6146       13151         12
        6146       13160         13
        6146       98007         94
        6146       98008        131
        6147        1386         76
        6147        6018         53
        6147        6031         17
        6147        6048         81
        6147        6050         31
        6147        6058         24
        6147        6066         51
        6147        6074         14
        6147        6079         44
        6147        6088          7
        6147        6091        105
        6147        6104         81
        6147        6107         88
        6147        6108         19
        6147        6110         41
        6147        6112         18
        6147        6142         28
        6147        6143        163
        6147        6144         32
        6147        6145         15
        6147        6146         10
        6147        6148         33
        6147        6149         37
        6147        6150         31
        6147        6154        105
        6147        6155         32
        6147        6156        122
        6147        6158         12
        6147        6159         22
        6147        6160         41
        6147        6161         79
        6147        6162        143
        6147        6165         38
        6147        6169         23
        6147        6170         10
        6147        6173         13
        6147        6174         56
        6147        6179         10
        6147        6182         23
        6147        6187        351
        6147        6192         14
        6147        6196         38
        6147        6203          4
        6147        6215         14
        6147        6217          8
        6147        6230         12
        6147        6256         87
        6147        6258          9
        6148        1050         15
        6148        1302         70
        6148        4084          7
        6148        5084         34
        6148        5105         14
        6148        5145         34
        6148        5264         25
        6148        5273         17
        6148        6008         23
        6148        6014         24
        6148        6021         12
        6148        6028         68
        6148        6030         48
        6148        6031         33
        6148        6034         27
        6148        6038         12
        6148        6041         17
        6148        6045         16
        6148        6054         66
        6148        6056         10
        6148        6069        193
        6148        6079         21
        6148        6084         13
        6148        6087         45
        6148        6088        103
        6148        6092         81
        6148        6097         15
        6148        6099         45
        6148        6100         13
        6148        6104        109
        6148        6107         19
        6148        6110         14
        6148        6121         28
        6148        6137          4
        6148        6139          9
        6148        6142         44
        6148        6143         53
        6148        6144        252
        6148        6145        160
        6148        6146        338
        6148        6147         33
        6148        6148        166
        6148        6150        454
        6148        6153         30
        6148        6154        121
        6148        6156         59
        6148        6157         34
        6148        6158         37
        6148        6159         24
        6148        6160        108
        6148        6161        189
        6148        6162         19
        6148        6163        103
        6148        6164         51
        6148        6165         28
        6148        6167         12
        6148        6168         11
        6148        6170        132
        6148        6172         20
        6148        6175         74
        6148        6180         43
        6148        6181         22
        6148        6182         55
        6148        6183         41
        6148        6186         34
        6148        6190         51
        6148        6191         31
        6148        6192         16
        6148        6196         85
        6148        6203         18
        6148        6209        114
        6148        6211         35
        6148        6216         11
        6148        6217          8
        6148        6220         76
        6148        6222         30
        6148        6224         41
        6148        6232         27
        6148        6233         34
        6148        6234         10
        6148        6236         26
        6148        6239         26
        6148        6241         22
        6148        6243         54
        6148        6247         18
        6148        6251         19
        6148        6258        129
        6148        6259        103
        6148        6260         23
        6148        6265        197
        6148       98008         33
        6149        1038         24
        6149        1123         24
        6149        4501         51
        6149        5041         58
        6149        5063         80
        6149        5383         67
        6149        5418         15
        6149        6028         47
        6149        6029         47
        6149        6048         26
        6149        6054         56
        6149        6066         80
        6149        6077          8
        6149        6078         20
        6149        6099         22
        6149        6100        101
        6149        6108          8
        6149        6110         54
        6149        6117         16
        6149        6139         13
        6149        6142         24
        6149        6144         11
        6149        6145         17
        6149        6146         54
        6149        6147         28
        6149        6148         31
        6149        6149         22
        6149        6151         20
        6149        6152         32
        6149        6155          8
        6149        6157         28
        6149        6159         41
        6149        6161         75
        6149        6162         67
        6149        6165          8
        6149        6169         28
        6149        6174         20
        6149        6181         44
        6149        6185         35
        6149        6188         10
        6149        6190         40
        6149        6192         26
        6149        6196         43
        6149        6198         34
        6149        6201         14
        6149        6209         34
        6149        6229         68
        6149        6237         33
        6149        6238         44
        6149        6243         10
        6149        6244        110
        6149        6246         24
        6149        6258          9
        6149       12353         44
        6149       12358          8
        6150        4253         11
        6150        4511         19
        6150        4587         34
        6150        5010         25
        6150        5021         15
        6150        5029         21
        6150        5033         47
        6150        5040         53
        6150        5115         42
        6150        5144         10
        6150        5174         36
        6150        5203          9
        6150        5280         11
        6150        5305         79
        6150        6002          9
        6150        6007          6
        6150        6008         35
        6150        6009         34
        6150        6032         31
        6150        6036         53
        6150        6041        183
        6150        6044        116
        6150        6045         37
        6150        6046         66
        6150        6048         68
        6150        6050        136
        6150        6052          8
        6150        6054        191
        6150        6057         17
        6150        6059         32
        6150        6062         25
        6150        6070         31
        6150        6077         66
        6150        6079        209
        6150        6086         53
        6150        6087        153
        6150        6088        364
        6150        6095         22
        6150        6099         34
        6150        6100         19
        6150        6106        116
        6150        6117         17
        6150        6120          9
        6150        6121         41
        6150        6125         41
        6150        6127         13
        6150        6130         32
        6150        6132         20
        6150        6134          9
        6150        6139         13
        6150        6141         20
        6150        6142         34
        6150        6144         15
        6150        6145        317
        6150        6146        158
        6150        6147         62
        6150        6148        459
        6150        6150       1473
        6150        6151         16
        6150        6152         25
        6150        6153         21
        6150        6154        930
        6150        6156        198
        6150        6157         17
        6150        6158         19
        6150        6159         25
        6150        6160        600
        6150        6161         79
        6150        6162         65
        6150        6163        195
        6150        6164        164
        6150        6165         16
        6150        6166        262
        6150        6167         55
        6150        6169         92
        6150        6170        654
        6150        6171         11
        6150        6174          7
        6150        6175        190
        6150        6176         49
        6150        6178         56
        6150        6179         15
        6150        6180        129
        6150        6182         13
        6150        6183         98
        6150        6184         10
        6150        6186         20
        6150        6187        146
        6150        6190         83
        6150        6191        241
        6150        6192        201
        6150        6193         16
        6150        6194        192
        6150        6195         10
        6150        6196         65
        6150        6198         24
        6150        6201         52
        6150        6204         14
        6150        6208          7
        6150        6209         15
        6150        6213         35
        6150        6215         19
        6150        6222         18
        6150        6223         26
        6150        6227         10
        6150        6228         13
        6150        6229         48
        6150        6230         71
        6150        6231         18
        6150        6233         24
        6150        6237          8
        6150        6239        375
        6150        6245         77
        6150        6247         25
        6150        6250         76
        6150        6251         10
        6150        6254         27
        6150        6256         21
        6150        6257         25
        6150        6258         40
        6150        6264         35
        6150       11124         14
        6150       11130         62
        6150       11172         11
        6150       11277         29
        6150       23001          6
        6150       23009         17
        6150       23030         79
        6150       98007         16
        6150       98008         82
        6150       99998         39
        6151        1465         11
        6151        4506         30
        6151        4664         44
        6151        5139          8
        6151        5146          8
        6151        6014          8
        6151        6015         64
        6151        6031         30
        6151        6041         14
        6151        6054         63
        6151        6062         10
        6151        6066         25
        6151        6068         25
        6151        6084         69
        6151        6088         10
        6151        6091          8
        6151        6100         29
        6151        6106         29
        6151        6108         30
        6151        6110         16
        6151        6129         24
        6151        6142         70
        6151        6144        182
        6151        6145        203
        6151        6146         31
        6151        6148        159
        6151        6149         20
        6151        6151        566
        6151        6154         19
        6151        6158         44
        6151        6160         83
        6151        6161        166
        6151        6162         16
        6151        6164         16
        6151        6168         36
        6151        6170        117
        6151        6174          7
        6151        6176         19
        6151        6182          7
        6151        6186          9
        6151        6193          8
        6151        6196         38
        6151        6198         35
        6151        6204         26
        6151        6218         30
        6151        6225        117
        6151        6229         35
        6151        6231         68
        6151        6233        265
        6151        6238         39
        6151        6239         14
        6151        6242         30
        6151        6243         13
        6151        6244         63
        6151        6247         10
        6151        6251         35
        6151        6258         16
        6151        6264          8
        6151       11013          9
        6151       11036         19
        6151       23005         41
        6152        1059         52
        6152        5003        114
        6152        5138         79
        6152        5141         37
        6152        5183         37
        6152        5212        113
        6152        6011         59
        6152        6044         18
        6152        6053         22
        6152        6056         29
        6152        6070         27
        6152        6071         79
        6152        6107         20
        6152        6108        167
        6152        6130         52
        6152        6139         80
        6152        6142        121
        6152        6143        105
        6152        6145         22
        6152        6146          9
        6152        6150         25
        6152        6155        156
        6152        6159         47
        6152        6161          8
        6152        6162         40
        6152        6164          8
        6152        6165         10
        6152        6167         12
        6152        6169         11
        6152        6174         52
        6152        6181         92
        6152        6185          8
        6152        6191        228
        6152        6199         46
        6152        6203        105
        6152        6205         15
        6152        6225          8
        6152        6240         74
        6152        6247         37
        6152       11488         32
        6152       13057         52
        6153        1055         10
        6153        1559         48
        6153        3272         70
        6153        4456         29
        6153        4679          8
        6153        5115         70
        6153        5137         29
        6153        5230         48
        6153        5250         29
        6153        5285         17
        6153        6008         43
        6153        6029         73
        6153        6054         16
        6153        6068         78
        6153        6070          8
        6153        6091        139
        6153        6093          8
        6153        6100         13
        6153        6108          8
        6153        6130        111
        6153        6131         27
        6153        6142         61
        6153        6143         59
        6153        6144         28
        6153        6145          8
        6153        6146         11
        6153        6148         30
        6153        6150         21
        6153        6153         61
        6153        6154         17
        6153        6155          9
        6153        6156         56
        6153        6159         16
        6153        6161        256
        6153        6162         21
        6153        6163         11
        6153        6170        110
        6153        6181         48
        6153        6186         19
        6153        6190         24
        6153        6193         13
        6153        6195        118
        6153        6196         17
        6153        6214         32
        6153        6220         19
        6153        6229         27
        6153        6231         32
        6153        6238         34
        6153        6239         81
        6153        6244         59
        6153        6259         24
        6153        6265         10
        6153       11057         12
        6153       11083          9
        6153       11379         30
        6153       11380         30
        6153       99998        142
        6154        1328         10
        6154        1367         14
        6154        3159         78
        6154        4408         26
        6154        4511         47
        6154        5004         55
        6154        5038         40
        6154        5103         12
        6154        5105         69
        6154        5112         69
        6154        5114         36
        6154        5116        117
        6154        5117         36
        6154        5126         22
        6154        5137         25
        6154        5140         27
        6154        5141         36
        6154        5153         32
        6154        5159         23
        6154        5183          7
        6154        5230         24
        6154        5314         41
        6154        6001         28
        6154        6004         55
        6154        6029         32
        6154        6040          9
        6154        6041        186
        6154        6043          9
        6154        6044         18
        6154        6045         92
        6154        6048        385
        6154        6050         15
        6154        6052          9
        6154        6054        168
        6154        6055         63
        6154        6056         59
        6154        6059        134
        6154        6060         67
        6154        6061        396
        6154        6066         39
        6154        6079         33
        6154        6081         27
        6154        6084         13
        6154        6087         83
        6154        6088        326
        6154        6091         14
        6154        6093         46
        6154        6095         11
        6154        6099         40
        6154        6104         32
        6154        6110         32
        6154        6113         39
        6154        6125         36
        6154        6130         95
        6154        6131         22
        6154        6137         10
        6154        6141         94
        6154        6142         23
        6154        6143         47
        6154        6144         70
        6154        6145        154
        6154        6146        575
        6154        6147        105
        6154        6148         65
        6154        6149         44
        6154        6150        703
        6154        6151        253
        6154        6153         17
        6154        6154       1136
        6154        6156         60
        6154        6158         28
        6154        6159        198
        6154        6160        152
        6154        6161         25
        6154        6162         19
        6154        6163        295
        6154        6166         98
        6154        6167        295
        6154        6170        288
        6154        6172         13
        6154        6173         39
        6154        6174         43
        6154        6175         59
        6154        6176         17
        6154        6180        112
        6154        6181         86
        6154        6182        138
        6154        6185          9
        6154        6186         19
        6154        6187          7
        6154        6189         17
        6154        6190        216
        6154        6191        202
        6154        6192        325
        6154        6194         24
        6154        6195         64
        6154        6198         52
        6154        6201         13
        6154        6208         19
        6154        6209         50
        6154        6212         15
        6154        6213         17
        6154        6214         32
        6154        6217         39
        6154        6220         40
        6154        6222        106
        6154        6224         54
        6154        6226         20
        6154        6229         51
        6154        6231          7
        6154        6232         26
        6154        6236         90
        6154        6237          4
        6154        6239         37
        6154        6241         99
        6154        6242         29
        6154        6243        452
        6154        6244         37
        6154        6245         14
        6154        6246         51
        6154        6247         32
        6154        6250         14
        6154        6251         19
        6154        6254         28
        6154        6260         41
        6154        6265         32
        6154       11014         17
        6154       11041         37
        6154       11060         13
        6154       11109         25
        6154       11368         17
        6154       11390         32
        6154       12289         40
        6154       12557         17
        6154       23009          9
        6154       23026         27
        6154       23033         33
        6154       24002         14
        6154       24005         37
        6154       27045         18
        6154       98001         24
        6154       98007         10
        6154       98008         52
        6155        1242         26
        6155        4438         24
        6155        4475         15
        6155        4673         16
        6155        5025          8
        6155        5028         38
        6155        5041         11
        6155        5050         22
        6155        5125         16
        6155        5141         26
        6155        5143         17
        6155        5145         19
        6155        5183         18
        6155        5408          8
        6155        6012         31
        6155        6037         48
        6155        6045        102
        6155        6050        134
        6155        6054         14
        6155        6087         13
        6155        6088        149
        6155        6091         51
        6155        6100          6
        6155        6102         30
        6155        6104         38
        6155        6106         26
        6155        6107         39
        6155        6108        238
        6155        6110        314
        6155        6111         10
        6155        6123          8
        6155        6124         44
        6155        6130         25
        6155        6142          8
        6155        6143        129
        6155        6144        146
        6155        6145         14
        6155        6146          8
        6155        6147         32
        6155        6149         19
        6155        6150         29
        6155        6152         78
        6155        6153          9
        6155        6155        453
        6155        6156         35
        6155        6157         82
        6155        6159        141
        6155        6160         48
        6155        6161        228
        6155        6162         74
        6155        6164         26
        6155        6165         37
        6155        6166         14
        6155        6167         19
        6155        6169         26
        6155        6170         63
        6155        6172          9
        6155        6174         22
        6155        6176         35
        6155        6179         48
        6155        6180         39
        6155        6181         38
        6155        6185         24
        6155        6190         73
        6155        6191         28
        6155        6192          6
        6155        6195         19
        6155        6197         22
        6155        6199          7
        6155        6209        106
        6155        6220         17
        6155        6222         13
        6155        6229         10
        6155        6230         14
        6155        6234         16
        6155        6238         36
        6155        6242         19
        6155        6243        162
        6155        6244         12
        6155        6248         19
        6155        6254         51
        6155        6257         24
        6155        6258        200
        6155        6260         70
        6155        6263         78
        6155        6264         11
        6155        6265         49
        6155       11017         45
        6155       11086         16
        6155       11488         35
        6155       12180          8
        6155       23009         27
        6155       23016         32
        6155       98008         61
        6155       99998         39
        6156        1078         21
        6156        3289         32
        6156        5006         13
        6156        5108         29
        6156        5125         23
        6156        5310         29
        6156        6013         15
        6156        6021         11
        6156        6030         17
        6156        6054         24
        6156        6057         13
        6156        6069         16
        6156        6093         29
        6156        6100         13
        6156        6104         12
        6156        6107         16
        6156        6128         16
        6156        6143        149
        6156        6144         28
        6156        6145         52
        6156        6146         26
        6156        6147        122
        6156        6150        132
        6156        6152        152
        6156        6153         56
        6156        6154         19
        6156        6161         99
        6156        6162         14
        6156        6164         40
        6156        6165         18
        6156        6166         57
        6156        6170         13
        6156        6174         72
        6156        6175         19
        6156        6176         23
        6156        6177         16
        6156        6179         43
        6156        6180         46
        6156        6190        302
        6156        6191         16
        6156        6194         93
        6156        6195         27
        6156        6196         10
        6156        6198         95
        6156        6199         17
        6156        6200         13
        6156        6209         10
        6156        6213         24
        6156        6217         17
        6156        6232         19
        6156        6237         11
        6156        6239         29
        6156        6243         32
        6156        6247         23
        6156        6255         13
        6156        6256         14
        6156       11047         12
        6156       11087         16
        6156       12047          7
        6156       12578         20
        6156       23013         37
        6156       23032         30
        6156       23047         35
        6156       24001         13
        6156       98008         22
        6157        1037         24
        6157        3472         32
        6157        4748        111
        6157        5034         23
        6157        5101          7
        6157        5104         12
        6157        5143         22
        6157        6041         94
        6157        6061         31
        6157        6070         66
        6157        6079         25
        6157        6087         49
        6157        6103         30
        6157        6107         19
        6157        6108          7
        6157        6110         78
        6157        6133         94
        6157        6135         33
        6157        6142         29
        6157        6143         13
        6157        6144         10
        6157        6145         30
        6157        6146        219
        6157        6148         53
        6157        6149         38
        6157        6150         70
        6157        6155        105
        6157        6157        272
        6157        6159        194
        6157        6161         67
        6157        6162        261
        6157        6164        156
        6157        6165        249
        6157        6166         33
        6157        6169        110
        6157        6170        561
        6157        6171          7
        6157        6172         46
        6157        6174         26
        6157        6175         29
        6157        6180         34
        6157        6181        146
        6157        6183         29
        6157        6184         45
        6157        6185         31
        6157        6187        150
        6157        6190         22
        6157        6191        131
        6157        6192        142
        6157        6195        309
        6157        6196         70
        6157        6214         65
        6157        6215         20
        6157        6235         68
        6157        6236         12
        6157        6240         16
        6157        6241        115
        6157        6243         19
        6157        6244         19
        6157        6259         10
        6157       11005         20
        6157       11084         18
        6157       12315        143
        6157       23022         48
        6157       98002         12
        6158        1063         34
        6158        1070         28
        6158        4512         23
        6158        5103         13
        6158        5146         34
        6158        5150         13
        6158        6018         23
        6158        6042         39
        6158        6048         18
        6158        6052         41
        6158        6054         55
        6158        6066         50
        6158        6088         29
        6158        6098         34
        6158        6105         15
        6158        6107         11
        6158        6131         46
        6158        6145         40
        6158        6147         23
        6158        6148         39
        6158        6150         77
        6158        6151         44
        6158        6154         62
        6158        6159         18
        6158        6160         70
        6158        6161        236
        6158        6164        103
        6158        6166        158
        6158        6167         28
        6158        6170         93
        6158        6175        133
        6158        6178         11
        6158        6180         76
        6158        6181          6
        6158        6182         34
        6158        6183        145
        6158        6185          7
        6158        6190         52
        6158        6192         23
        6158        6194         42
        6158        6195         68
        6158        6196        176
        6158        6205         15
        6158        6209         21
        6158        6215         10
        6158        6216          5
        6158        6220         68
        6158        6222         84
        6158        6224         73
        6158        6227         17
        6158        6230         21
        6158        6233         14
        6158        6237         13
        6158        6239         29
        6158        6244         26
        6158        6250          4
        6158        6263         23
        6158       23004         21
        6158       98008         22
        6159        1407          8
        6159        4165         12
        6159        4446         56
        6159        5005         22
        6159        5024         31
        6159        5034         56
        6159        5125         10
        6159        5126         14
        6159        5137         24
        6159        5275         19
        6159        5286         19
        6159        6006         24
        6159        6030         10
        6159        6040         52
        6159        6041         28
        6159        6044         11
        6159        6045          5
        6159        6050         62
        6159        6054         32
        6159        6057         19
        6159        6063         13
        6159        6070         53
        6159        6088          9
        6159        6100         44
        6159        6104          8
        6159        6107         59
        6159        6110         65
        6159        6123         14
        6159        6125         40
        6159        6128         19
        6159        6135         12
        6159        6140         42
        6159        6141          8
        6159        6142        116
        6159        6144         26
        6159        6145        222
        6159        6146        211
        6159        6147         48
        6159        6148          8
        6159        6149         41
        6159        6150         41
        6159        6151         25
        6159        6152          9
        6159        6153         16
        6159        6154        109
        6159        6155        161
        6159        6157        235
        6159        6158         35
        6159        6159         28
        6159        6161        235
        6159        6162         19
        6159        6163         33
        6159        6164         62
        6159        6165         56
        6159        6166         11
        6159        6167         48
        6159        6169         64
        6159        6170         35
        6159        6171         19
        6159        6172        141
        6159        6174         43
        6159        6175         36
        6159        6179        118
        6159        6180         39
        6159        6181        202
        6159        6182          8
        6159        6187         61
        6159        6189         10
        6159        6190         44
        6159        6191         61
        6159        6192         20
        6159        6193         15
        6159        6194         99
        6159        6195         31
        6159        6197         58
        6159        6199         32
        6159        6201         79
        6159        6205         44
        6159        6208         32
        6159        6214         93
        6159        6218        160
        6159        6220         22
        6159        6222         19
        6159        6223         19
        6159        6225         14
        6159        6227         27
        6159        6230          5
        6159        6231        184
        6159        6232          9
        6159        6236         10
        6159        6238         10
        6159        6243         14
        6159        6254         20
        6159        6256         50
        6159        6258         57
        6159        6260         24
        6159        6265         43
        6159       11012        112
        6159       11109          5
        6159       11482         20
        6159       24002         18
        6159       98005         18
        6159       98010         14
        6160        1423         27
        6160        1523         16
        6160        4193         21
        6160        4445         21
        6160        4461         12
        6160        5014         13
        6160        5034         27
        6160        5108         10
        6160        5115         12
        6160        5161         21
        6160        5174         37
        6160        5271        102
        6160        5306         21
        6160        5307         27
        6160        6018         12
        6160        6030         21
        6160        6031         11
        6160        6041        101
        6160        6044         21
        6160        6048         20
        6160        6050         11
        6160        6052         26
        6160        6054        203
        6160        6057         54
        6160        6065         39
        6160        6066         14
        6160        6069          5
        6160        6079         29
        6160        6087         42
        6160        6088         13
        6160        6099         48
        6160        6100         11
        6160        6104        111
        6160        6138         30
        6160        6141        184
        6160        6142         13
        6160        6145        194
        6160        6146         35
        6160        6147         21
        6160        6148        135
        6160        6150        487
        6160        6151         83
        6160        6153         48
        6160        6154        152
        6160        6155         62
        6160        6158         70
        6160        6160        385
        6160        6161         95
        6160        6163         68
        6160        6164         13
        6160        6166         74
        6160        6170        751
        6160        6174         16
        6160        6175         21
        6160        6176         33
        6160        6178         11
        6160        6179         47
        6160        6180         24
        6160        6182         71
        6160        6183         33
        6160        6190         30
        6160        6191         59
        6160        6192        213
        6160        6195          9
        6160        6197         12
        6160        6198         22
        6160        6199         19
        6160        6204         16
        6160        6205         21
        6160        6209         79
        6160        6216         20
        6160        6222         13
        6160        6224         10
        6160        6225         23
        6160        6228         51
        6160        6230         18
        6160        6232         47
        6160        6236         11
        6160        6237         13
        6160        6238        125
        6160        6239         11
        6160        6243         40
        6160        6245         79
        6160        6256         34
        6160        6258         21
        6160        6264         27
        6160       11117         21
        6160       11484         12
        6160       12200         25
        6160       12367         25
        6160       13082         66
        6160       23008         22
        6160       98008          7
        6160       99998         27
        6161        6011         24
        6161        6014        121
        6161        6018         51
        6161        6021         32
        6161        6024          9
        6161        6030         24
        6161        6031          8
        6161        6032          9
        6161        6039         25
        6161        6041        129
        6161        6044         10
        6161        6045         10
        6161        6046         76
        6161        6047         40
        6161        6048          8
        6161        6050         73
        6161        6052        118
        6161        6054         53
        6161        6060         32
        6161        6066        122
        6161        6070        111
        6161        6074         29
        6161        6088        121
        6161        6092         15
        6161        6100         36
        6161        6107         34
        6161        6108         63
        6161        6110         79
        6161        6111         35
        6161        6113         49
        6161        6120         22
        6161        6125         72
        6161        6129         18
        6161        6133         48
        6161        6134         27
        6161        6139         26
        6161        6141         92
        6161        6142         31
        6161        6143        484
        6161        6144        452
        6161        6145        273
        6161        6146        404
        6161        6147        153
        6161        6148        160
        6161        6149         49
        6161        6150        272
        6161        6151        225
        6161        6152          8
        6161        6153        324
        6161        6154        146
        6161        6155        285
        6161        6156         62
        6161        6157         61
        6161        6158        217
        6161        6159        456
        6161        6160        130
        6161        6161        330
        6161        6162        299
        6161        6163         46
        6161        6164        331
        6161        6165         61
        6161        6166        170
        6161        6167         67
        6161        6169        106
        6161        6170        134
        6161        6171         59
        6161        6172        150
        6161        6174         54
        6161        6175         58
        6161        6176        345
        6161        6180        307
        6161        6181        173
        6161        6186         37
        6161        6187        254
        6161        6188         23
        6161        6189          3
        6161        6190        279
        6161        6191        115
        6161        6192         60
        6161        6193         26
        6161        6194         26
        6161        6195        152
        6161        6196        100
        6161        6201         59
        6161        6202         39
        6161        6208         74
        6161        6209        173
        6161        6213         59
        6161        6214         28
        6161        6217         13
        6161        6220        851
        6161        6222         11
        6161        6226         66
        6161        6227          9
        6161        6228         55
        6161        6229         31
        6161        6234         23
        6161        6235          9
        6161        6238         41
        6161        6239         12
        6161        6240         25
        6161        6241         24
        6161        6245         33
        6161        6246         11
        6161        6247         17
        6161        6248         69
        6161        6250         10
        6161        6254         38
        6161        6255         61
        6161        6258         32
        6161        6263         57
        6161        6264         40
        6162        1380         32
        6162        4515         25
        6162        4536         15
        6162        4644         62
        6162        5016         18
        6162        5108         59
        6162        5118         19
        6162        5137         30
        6162        5139         97
        6162        5145         15
        6162        5278         31
        6162        5299         15
        6162        5315         15
        6162        6001         15
        6162        6011         36
        6162        6023          8
        6162        6041         10
        6162        6044         73
        6162        6054         15
        6162        6055         11
        6162        6060          9
        6162        6062         72
        6162        6073         15
        6162        6079         36
        6162        6099         34
        6162        6100         46
        6162        6104          8
        6162        6108         52
        6162        6110        200
        6162        6114         32
        6162        6121         18
        6162        6123         84
        6162        6139         10
        6162        6140         70
        6162        6142        143
        6162        6143         23
        6162        6144         33
        6162        6146         41
        6162        6148         19
        6162        6149         67
        6162        6150         50
        6162        6151         38
        6162        6152         40
        6162        6153         21
        6162        6154         19
        6162        6155         14
        6162        6156         25
        6162        6157        122
        6162        6159         19
        6162        6161        203
        6162        6162        209
        6162        6164         48
        6162        6165        336
        6162        6167         45
        6162        6168         18
        6162        6169         16
        6162        6172        104
        6162        6173         30
        6162        6174        331
        6162        6179         48
        6162        6180          8
        6162        6181        134
        6162        6183         20
        6162        6185         13
        6162        6187        286
        6162        6188         16
        6162        6190         23
        6162        6191         11
        6162        6192         21
        6162        6195        164
        6162        6196         15
        6162        6197         21
        6162        6201         14
        6162        6203         32
        6162        6205         14
        6162        6208          6
        6162        6209         21
        6162        6211         56
        6162        6216         25
        6162        6220         94
        6162        6223         10
        6162        6229         24
        6162        6231         36
        6162        6233          8
        6162        6238         11
        6162        6239         32
        6162        6240         93
        6162        6243          9
        6162        6244         64
        6162        6250         95
        6162        6258         10
        6162        6259         34
        6162       13087         69
        6162       24001         43
        6163        1045         58
        6163        3298         11
        6163        4401         17
        6163        4641         12
        6163        5001         86
        6163        5063        298
        6163        5076         13
        6163        5105         11
        6163        5137         12
        6163        5174         13
        6163        6012         16
        6163        6020         10
        6163        6031         44
        6163        6036         23
        6163        6037         21
        6163        6041         76
        6163        6044         33
        6163        6050         49
        6163        6052        112
        6163        6054        101
        6163        6058         33
        6163        6059        179
        6163        6061         33
        6163        6079         36
        6163        6086         50
        6163        6088         42
        6163        6095         11
        6163        6110          5
        6163        6111         20
        6163        6113         59
        6163        6120         54
        6163        6122         17
        6163        6129         65
        6163        6144         29
        6163        6146         31
        6163        6148        113
        6163        6150        183
        6163        6154        310
        6163        6159         33
        6163        6160        166
        6163        6161         33
        6163        6163         48
        6163        6164         26
        6163        6165         21
        6163        6166         17
        6163        6167         10
        6163        6170        180
        6163        6172         16
        6163        6175        169
        6163        6176        103
        6163        6180         15
        6163        6190         62
        6163        6191        209
        6163        6192         17
        6163        6194         28
        6163        6195         19
        6163        6196         13
        6163        6198         10
        6163        6203         21
        6163        6208         46
        6163        6212         16
        6163        6216         27
        6163        6223         21
        6163        6224         33
        6163        6228         10
        6163        6229         60
        6163        6230         24
        6163        6233         10
        6163        6238         20
        6163        6239         44
        6163        6247         65
        6163       11283         52
        6163       11297         35
        6163       12332          7
        6163       23029         11
        6163       23047         16
        6163       98007         22
        6163       99998         15
        6164        4445         23
        6164        4458         34
        6164        4583        127
        6164        5115        137
        6164        5135        139
        6164        5138         29
        6164        5139         43
        6164        5195         11
        6164        6014         37
        6164        6029         12
        6164        6034         37
        6164        6041         52
        6164        6045         19
        6164        6050        195
        6164        6054         59
        6164        6075         49
        6164        6077         14
        6164        6088         25
        6164        6100         23
        6164        6108         57
        6164        6110        133
        6164        6118         47
        6164        6124         74
        6164        6125         14
        6164        6128         37
        6164        6130        299
        6164        6134         39
        6164        6139         39
        6164        6142         21
        6164        6143        125
        6164        6145         51
        6164        6146         77
        6164        6148         42
        6164        6150         96
        6164        6151         16
        6164        6152          8
        6164        6155         26
        6164        6156         40
        6164        6158        184
        6164        6159        201
        6164        6160         13
        6164        6161        302
        6164        6162         52
        6164        6163         75
        6164        6164        166
        6164        6165         58
        6164        6166        155
        6164        6169         31
        6164        6170        303
        6164        6172         95
        6164        6175        154
        6164        6176         73
        6164        6180        273
        6164        6182         37
        6164        6183         24
        6164        6185         40
        6164        6190         44
        6164        6191         43
        6164        6192        121
        6164        6193         12
        6164        6194         95
        6164        6195         59
        6164        6196         13
        6164        6198          8
        6164        6199         37
        6164        6205         18
        6164        6209         57
        6164        6211          8
        6164        6216         95
        6164        6217          4
        6164        6219          7
        6164        6221         15
        6164        6224         20
        6164        6225         89
        6164        6229         23
        6164        6231         29
        6164        6233         36
        6164        6237         21
        6164        6239         34
        6164        6240         96
        6164        6243         80
        6164        6247         16
        6164        6250         56
        6164        6254         19
        6164        6256         14
        6164        6258         46
        6164        6260         10
        6164        6263         15
        6164       11021         15
        6164       11247          8
        6164       13086         11
        6164       23019         11
        6164       23026         27
        6164       24009         35
        6164       27023          8
        6164       98008         64
        6164       99998         11
        6165        1468         16
        6165        3031          5
        6165        4706         30
        6165        5105         19
        6165        5149         99
        6165        5278         56
        6165        6005         33
        6165        6031         20
        6165        6039         48
        6165        6041         71
        6165        6044          9
        6165        6053         10
        6165        6054         11
        6165        6062         20
        6165        6075         26
        6165        6088          9
        6165        6100         30
        6165        6104         50
        6165        6108         35
        6165        6118         38
        6165        6123         24
        6165        6133         42
        6165        6141         76
        6165        6144         18
        6165        6145         27
        6165        6147         38
        6165        6149          8
        6165        6151         30
        6165        6152         10
        6165        6155         44
        6165        6157        146
        6165        6158         28
        6165        6159        186
        6165        6161         55
        6165        6162        202
        6165        6163         21
        6165        6164         51
        6165        6165         20
        6165        6169        312
        6165        6170         32
        6165        6172         51
        6165        6174        231
        6165        6175          7
        6165        6176          7
        6165        6180        104
        6165        6181        293
        6165        6185          8
        6165        6187        303
        6165        6189          8
        6165        6190        124
        6165        6191         51
        6165        6195         61
        6165        6196         23
        6165        6197         87
        6165        6204         11
        6165        6207          8
        6165        6213         60
        6165        6218         17
        6165        6220          5
        6165        6223         73
        6165        6224         16
        6165        6229         42
        6165        6238         28
        6165        6242         61
        6165        6243         37
        6165        6245         16
        6165        6246         18
        6165        6249         26
        6165        6250        157
        6165        6254         14
        6165        6256         11
        6165        6258         14
        6165        6261         30
        6165        6264         20
        6165       11277         96
        6165       11476         41
        6166        1480         23
        6166        5104         36
        6166        5105         13
        6166        5294         40
        6166        5380          8
        6166        5407         34
        6166        6020         19
        6166        6021         14
        6166        6041         22
        6166        6044         71
        6166        6048         71
        6166        6052        111
        6166        6053         16
        6166        6054         42
        6166        6055        145
        6166        6070         24
        6166        6084         45
        6166        6088         45
        6166        6091         69
        6166        6098         20
        6166        6099         11
        6166        6104         36
        6166        6108         72
        6166        6111         35
        6166        6141         36
        6166        6144        136
        6166        6146         22
        6166        6150        263
        6166        6154         98
        6166        6155         14
        6166        6157         44
        6166        6158        176
        6166        6160         47
        6166        6161        192
        6166        6163         70
        6166        6164        156
        6166        6166        331
        6166        6169         27
        6166        6170         66
        6166        6172         27
        6166        6173         26
        6166        6175         21
        6166        6178         40
        6166        6179         15
        6166        6180        409
        6166        6181         26
        6166        6185         94
        6166        6187         18
        6166        6190        127
        6166        6191         19
        6166        6194        143
        6166        6195         75
        6166        6196         10
        6166        6197         18
        6166        6205         21
        6166        6207        108
        6166        6208         20
        6166        6211         23
        6166        6213         17
        6166        6216         22
        6166        6226         13
        6166        6229         81
        6166        6231         19
        6166        6239        163
        6166        6241        108
        6166        6242         12
        6166        6243        111
        6166        6246         23
        6166        6247         11
        6166        6254         18
        6166        6258         64
        6166       11171         23
        6166       11176         23
        6166       11280         36
        6166       12247         72
        6166       23036         40
        6166       24002          8
        6166       24005         13
        6167        1093         21
        6167        1232         89
        6167        4396         37
        6167        4401         23
        6167        5003         39
        6167        5017         14
        6167        5066         11
        6167        5106         32
        6167        5135         16
        6167        5137         36
        6167        5217         32
        6167        5300         85
        6167        5385         10
        6167        6002         31
        6167        6015          5
        6167        6029         16
        6167        6040         10
        6167        6041         20
        6167        6044         40
        6167        6045         51
        6167        6046         10
        6167        6047         12
        6167        6050        189
        6167        6052         35
        6167        6053         12
        6167        6054        354
        6167        6057         59
        6167        6084         45
        6167        6088        173
        6167        6142         45
        6167        6145         39
        6167        6146         35
        6167        6148         12
        6167        6149         10
        6167        6150         46
        6167        6152         12
        6167        6154        364
        6167        6155         19
        6167        6159          7
        6167        6161         76
        6167        6169         11
        6167        6170        184
        6167        6175          5
        6167        6180         31
        6167        6185         35
        6167        6186         85
        6167        6191         60
        6167        6192         71
        6167        6194        223
        6167        6209         44
        6167        6215         41
        6167        6220         18
        6167        6222        175
        6167        6224         23
        6167        6231        111
        6167        6234         30
        6167        6236        139
        6167        6243         87
        6167        6244         31
        6167        6247         19
        6167        6250         34
        6167        6258         88
        6167        6264         36
        6167       13057         31
        6167       14061         35
        6167       16189         35
        6167       23025          8
        6167       23044         37
        6168        1033         19
        6168        1067         24
        6168        4685         31
        6168        4748         32
        6168        5115         40
        6168        5174         21
        6168        5183         35
        6168        6031         19
        6168        6054         28
        6168        6092        101
        6168        6102         58
        6168        6107         74
        6168        6115         22
        6168        6118         61
        6168        6123         26
        6168        6125         20
        6168        6127         16
        6168        6129         11
        6168        6141         11
        6168        6142         36
        6168        6147         13
        6168        6148         11
        6168        6155         24
        6168        6161         36
        6168        6162         18
        6168        6165         62
        6168        6168        119
        6168        6171         68
        6168        6173         32
        6168        6177         22
        6168        6178         11
        6168        6179         64
        6168        6180         24
        6168        6185        127
        6168        6187         26
        6168        6189         14
        6168        6190         19
        6168        6195         24
        6168        6197         18
        6168        6199         14
        6168        6200         33
        6168        6201         18
        6168        6203         33
        6168        6204         23
        6168        6206         43
        6168        6213         20
        6168        6220         17
        6168        6223        127
        6168        6226         20
        6168        6230         76
        6168        6232         37
        6168        6237         48
        6168        6239         22
        6168        6241         11
        6168        6243         24
        6168        6254         25
        6168        6256         47
        6168        6257         18
        6168        6261         76
        6168        6264         25
        6168        6265         24
        6168       11013         24
        6168       11486         76
        6168       12113         34
        6168       12125         15
        6168       23021         20
        6168       23037         30
        6169        1207        113
        6169        5125         16
        6169        5134        119
        6169        5278         26
        6169        6029         65
        6169        6031         21
        6169        6032         10
        6169        6041         10
        6169        6050         29
        6169        6054         10
        6169        6056         28
        6169        6059         30
        6169        6061         27
        6169        6066         50
        6169        6068         49
        6169        6105         39
        6169        6107         14
        6169        6108         28
        6169        6110         21
        6169        6118         35
        6169        6121         76
        6169        6128         21
        6169        6130         27
        6169        6132         55
        6169        6140         36
        6169        6143         50
        6169        6144         15
        6169        6146         39
        6169        6147         24
        6169        6148         15
        6169        6149         28
        6169        6150         51
        6169        6152         11
        6169        6154         17
        6169        6155          7
        6169        6157        390
        6169        6158         12
        6169        6159         94
        6169        6161         78
        6169        6162         87
        6169        6164         59
        6169        6165        438
        6169        6166         17
        6169        6167         11
        6169        6169         57
        6169        6170         46
        6169        6172         29
        6169        6175         23
        6169        6176          8
        6169        6180         40
        6169        6181         91
        6169        6189         18
        6169        6190         59
        6169        6192         65
        6169        6195        256
        6169        6196         57
        6169        6198         10
        6169        6200         32
        6169        6204         44
        6169        6209         44
        6169        6212         10
        6169        6213         16
        6169        6221         41
        6169        6231         19
        6169        6239         20
        6169        6243         10
        6169        6245         17
        6169        6247         47
        6169        6250         45
        6169        6258         28
        6169       11010         10
        6169       11093         10
        6169       12315         41
        6170        1072          9
        6170        1089         11
        6170        1313         14
        6170        4280         32
        6170        4583         64
        6170        4703         19
        6170        5016         38
        6170        5028         12
        6170        5034         19
        6170        5058         19
        6170        5102          7
        6170        5125          3
        6170        5135          9
        6170        5150         41
        6170        5161         33
        6170        5198         56
        6170        5390         10
        6170        5406         22
        6170        6001         37
        6170        6004          9
        6170        6014         11
        6170        6020         81
        6170        6021          5
        6170        6028         25
        6170        6029         15
        6170        6041        127
        6170        6045         36
        6170        6046         12
        6170        6048        528
        6170        6050         42
        6170        6052         67
        6170        6053         54
        6170        6054        274
        6170        6055         66
        6170        6057         28
        6170        6058         11
        6170        6060         23
        6170        6061         67
        6170        6070         37
        6170        6079        228
        6170        6087         18
        6170        6088         45
        6170        6095         41
        6170        6103         45
        6170        6107         30
        6170        6108          6
        6170        6110         97
        6170        6125         91
        6170        6130         31
        6170        6132         33
        6170        6133         32
        6170        6138         31
        6170        6139         39
        6170        6143         34
        6170        6144         11
        6170        6146        302
        6170        6148        113
        6170        6149         23
        6170        6150        442
        6170        6151        117
        6170        6153        110
        6170        6154        266
        6170        6155         29
        6170        6157        447
        6170        6158         93
        6170        6160        686
        6170        6161        139
        6170        6163        242
        6170        6164        142
        6170        6166         86
        6170        6167        278
        6170        6169         65
        6170        6170       1430
        6170        6171         85
        6170        6172         37
        6170        6173         19
        6170        6175         55
        6170        6176        102
        6170        6180        260
        6170        6181         11
        6170        6183        102
        6170        6186         60
        6170        6187          9
        6170        6190        110
        6170        6191        426
        6170        6192        379
        6170        6193         86
        6170        6194         20
        6170        6195         19
        6170        6196         23
        6170        6197         33
        6170        6201         12
        6170        6207         22
        6170        6208         46
        6170        6211         32
        6170        6213         83
        6170        6215        140
        6170        6216         43
        6170        6221         22
        6170        6222         81
        6170        6225         51
        6170        6231         21
        6170        6237         10
        6170        6238         36
        6170        6239         19
        6170        6241         27
        6170        6243        245
        6170        6244         15
        6170        6245         38
        6170        6247         22
        6170        6248        120
        6170        6250        101
        6170        6255        172
        6170        6258         13
        6170        6259         50
        6170        6263         35
        6170       11010         27
        6170       11095         29
        6170       11482         59
        6170       13075         10
        6170       23029         34
        6170       24009         27
        6171        3001         30
        6171        4512         59
        6171        4703        166
        6171        5101          7
        6171        5108         86
        6171        5183         59
        6171        6019         36
        6171        6049         27
        6171        6056         15
        6171        6107        120
        6171        6110         77
        6171        6112         20
        6171        6113        105
        6171        6115         33
        6171        6117         68
        6171        6118         35
        6171        6119         32
        6171        6120          7
        6171        6122         33
        6171        6123         55
        6171        6125        269
        6171        6126         50
        6171        6127         47
        6171        6129        150
        6171        6131          7
        6171        6133         40
        6171        6145         14
        6171        6146         15
        6171        6148         54
        6171        6150         11
        6171        6156         23
        6171        6158         11
        6171        6161         78
        6171        6165          7
        6171        6168         84
        6171        6170         85
        6171        6171        243
        6171        6173        448
        6171        6175         13
        6171        6177          8
        6171        6179        188
        6171        6182        194
        6171        6185        209
        6171        6188        612
        6171        6189         36
        6171        6190         21
        6171        6193          9
        6171        6197         65
        6171        6199        334
        6171        6200         19
        6171        6202        323
        6171        6203         97
        6171        6211         67
        6171        6222         25
        6171        6227         29
        6171        6228         19
        6171        6246          5
        6171        6247         87
        6171        6254        148
        6171        6255         27
        6171        6256        364
        6171        6261        180
        6171        6262         18
        6171        6264         55
        6171       13057         29
        6171       98008         49
        6172        1328         31
        6172        1429         11
        6172        4396         10
        6172        4498         11
        6172        4657         41
        6172        5029         15
        6172        5115          9
        6172        5123          9
        6172        5136         27
        6172        6006         14
        6172        6022         11
        6172        6027         20
        6172        6057         56
        6172        6062         23
        6172        6065          7
        6172        6070         15
        6172        6081         26
        6172        6084         41
        6172        6107         24
        6172        6123         36
        6172        6124         30
        6172        6129         41
        6172        6130          7
        6172        6133         11
        6172        6141         53
        6172        6142         16
        6172        6144         72
        6172        6145         11
        6172        6146          7
        6172        6147         43
        6172        6148         20
        6172        6150         64
        6172        6154         13
        6172        6155          3
        6172        6156         75
        6172        6157         43
        6172        6159        151
        6172        6161        175
        6172        6162         56
        6172        6163         32
        6172        6164         85
        6172        6165         33
        6172        6166         27
        6172        6169         68
        6172        6170        120
        6172        6172        273
        6172        6174          9
        6172        6176         19
        6172        6180        154
        6172        6181         97
        6172        6182         11
        6172        6183          4
        6172        6186         62
        6172        6190        143
        6172        6191         37
        6172        6194         96
        6172        6195         11
        6172        6196         87
        6172        6197         26
        6172        6199         37
        6172        6201        136
        6172        6202         78
        6172        6204          5
        6172        6208         40
        6172        6209         30
        6172        6215         16
        6172        6217         11
        6172        6218         20
        6172        6219         14
        6172        6222         42
        6172        6226        118
        6172        6227         11
        6172        6233         11
        6172        6239        136
        6172        6240         30
        6172        6243        123
        6172        6246         32
        6172        6248          7
        6172        6258         19
        6172        6260         19
        6172        6264         20
        6172       11040         31
        6172       11145         96
        6172       11488         16
        6172       23026         30
        6172       98008         19
        6173        4440         15
        6173        4619         25
        6173        5108         67
        6173        5125         27
        6173        5141         26
        6173        5146         42
        6173        5147         12
        6173        5148         27
        6173        6031        208
        6173        6035         31
        6173        6070         40
        6173        6090         61
        6173        6091         56
        6173        6104         99
        6173        6108         85
        6173        6109         12
        6173        6117        169
        6173        6118         30
        6173        6122         40
        6173        6123        252
        6173        6125         80
        6173        6127         17
        6173        6128         26
        6173        6133         60
        6173        6135         30
        6173        6146         37
        6173        6154        114
        6173        6166         26
        6173        6168         66
        6173        6170         19
        6173        6171        432
        6173        6172         23
        6173        6173        213
        6173        6174         96
        6173        6178         22
        6173        6182        618
        6173        6185         51
        6173        6187         10
        6173        6188        182
        6173        6189         40
        6173        6190          8
        6173        6193         32
        6173        6196         16
        6173        6197        143
        6173        6199         55
        6173        6200         58
        6173        6201         25
        6173        6202         28
        6173        6203         29
        6173        6204        276
        6173        6205         23
        6173        6208          5
        6173        6212         65
        6173        6216         72
        6173        6220         39
        6173        6223         26
        6173        6224         17
        6173        6225         51
        6173        6229         16
        6173        6231         67
        6173        6233         27
        6173        6234         11
        6173        6239         48
        6173        6246         36
        6173        6247         17
        6173        6250         29
        6173        6254        186
        6173        6255         36
        6173        6256        347
        6173        6261        169
        6173        6262         42
        6173        6263         48
        6173       11014         24
        6173       11174         92
        6173       12327        226
        6173       22006         30
        6173       23013         33
        6173       24009         45
        6173       98008         21
        6174        4299         11
        6174        5047         32
        6174        5072         11
        6174        5146         40
        6174        5229         41
        6174        6011         24
        6174        6014         30
        6174        6020         19
        6174        6032         74
        6174        6037         11
        6174        6045          9
        6174        6046          7
        6174        6054         41
        6174        6065         23
        6174        6091         88
        6174        6099          4
        6174        6104         15
        6174        6108         56
        6174        6110         65
        6174        6121         36
        6174        6125          4
        6174        6142        132
        6174        6143          4
        6174        6145         36
        6174        6146         23
        6174        6147         56
        6174        6148         28
        6174        6150         66
        6174        6151          7
        6174        6152         52
        6174        6154         32
        6174        6155         47
        6174        6156         44
        6174        6157         49
        6174        6159         82
        6174        6160         23
        6174        6161         28
        6174        6162        359
        6174        6164          8
        6174        6165        274
        6174        6166          9
        6174        6170         36
        6174        6173         77
        6174        6174         31
        6174        6177         27
        6174        6179        104
        6174        6180         65
        6174        6181        514
        6174        6185         89
        6174        6187         11
        6174        6190         70
        6174        6192          9
        6174        6193         26
        6174        6196         30
        6174        6199          7
        6174        6207         53
        6174        6209         33
        6174        6217        117
        6174        6222         41
        6174        6231         27
        6174        6233         15
        6174        6241         10
        6174        6242         15
        6174        6243         96
        6174        6244        141
        6174        6247         10
        6174        6258         64
        6174        6259         12
        6174       11109          4
        6174       13057         12
        6174       98006         12
        6174       98008         21
        6175        1237         94
        6175        4183         23
        6175        4401         39
        6175        4507         32
        6175        5003         23
        6175        5011         53
        6175        5105         43
        6175        5159         68
        6175        6001         43
        6175        6018         21
        6175        6031         48
        6175        6041        186
        6175        6044         57
        6175        6046          5
        6175        6048         18
        6175        6050         81
        6175        6053          9
        6175        6054         41
        6175        6055         21
        6175        6057          6
        6175        6058          3
        6175        6099          4
        6175        6122         24
        6175        6128         62
        6175        6130         21
        6175        6138         81
        6175        6141          7
        6175        6148         52
        6175        6150        138
        6175        6152         53
        6175        6154         15
        6175        6156         19
        6175        6158        133
        6175        6159         36
        6175        6160         21
        6175        6161         80
        6175        6163         91
        6175        6164        127
        6175        6166        125
        6175        6167         77
        6175        6170        228
        6175        6171         20
        6175        6172        105
        6175        6174         27
        6175        6175        348
        6175        6176         11
        6175        6180         16
        6175        6181         11
        6175        6183         26
        6175        6187         55
        6175        6188         13
        6175        6191         97
        6175        6192        481
        6175        6194        257
        6175        6195          9
        6175        6196         10
        6175        6200         22
        6175        6201         56
        6175        6203         50
        6175        6204         63
        6175        6207         14
        6175        6208          3
        6175        6209         62
        6175        6214         92
        6175        6223         41
        6175        6224          6
        6175        6226         26
        6175        6229         48
        6175        6235        127
        6175        6238        108
        6175        6239         43
        6175        6242         48
        6175        6243         56
        6175        6245         18
        6175        6264         17
        6175       11328         33
        6175       13191         11
        6175       23015         23
        6176        1379          6
        6176        4449         10
        6176        4530         23
        6176        5115          7
        6176        5136         37
        6176        5138         16
        6176        5150         17
        6176        5151         18
        6176        6044         26
        6176        6046         26
        6176        6050         35
        6176        6054         16
        6176        6056         10
        6176        6061         41
        6176        6068         16
        6176        6070         89
        6176        6073         16
        6176        6074         29
        6176        6087         12
        6176        6088        109
        6176        6091         52
        6176        6107         10
        6176        6110          8
        6176        6112         39
        6176        6113         72
        6176        6118         11
        6176        6130         21
        6176        6142         43
        6176        6143         20
        6176        6144        174
        6176        6145         24
        6176        6146         13
        6176        6147         10
        6176        6150         58
        6176        6151         19
        6176        6154         61
        6176        6155         35
        6176        6160         41
        6176        6161        344
        6176        6163        103
        6176        6164        101
        6176        6165          7
        6176        6169         25
        6176        6170          8
        6176        6172         43
        6176        6175         11
        6176        6176         43
        6176        6180         30
        6176        6183         18
        6176        6185         24
        6176        6186         78
        6176        6189         44
        6176        6190         45
        6176        6191        136
        6176        6192         11
        6176        6194         78
        6176        6195         33
        6176        6196         61
        6176        6197         19
        6176        6199         24
        6176        6202         18
        6176        6204         33
        6176        6212         17
        6176        6214         11
        6176        6217          5
        6176        6223         18
        6176        6227          8
        6176        6228         34
        6176        6231         67
        6176        6234         11
        6176        6236         21
        6176        6237         16
        6176        6239        283
        6176        6247         91
        6176       11171         48
        6176       13008         24
        6176       23043          9
        6176       24002         10
        6176       98007         10
        6176       98008          9
        6177        4064         14
        6177        4401         60
        6177        4740         30
        6177        5029         27
        6177        5115          8
        6177        5137         16
        6177        5287         21
        6177        6001        352
        6177        6004          6
        6177        6008         10
        6177        6031         16
        6177        6054         27
        6177        6098         14
        6177        6099         21
        6177        6110         11
        6177        6119         53
        6177        6120         15
        6177        6122         28
        6177        6129          6
        6177        6132         60
        6177        6133         67
        6177        6140         21
        6177        6168         22
        6177        6171        140
        6177        6173         27
        6177        6177         40
        6177        6178         15
        6177        6179         74
        6177        6181         20
        6177        6182         25
        6177        6185         28
        6177        6187         16
        6177        6190         29
        6177        6197         26
        6177        6202         56
        6177        6203          9
        6177        6208          7
        6177        6211         16
        6177        6216         52
        6177        6223         35
        6177        6229         17
        6177        6233         13
        6177        6234          7
        6177        6242         60
        6177        6245          9
        6177        6258          7
        6177        6262         36
        6177       11021         15
        6177       11225          8
        6177       99998         16
        6178        1482         16
        6178        3112         21
        6178        5005         17
        6178        5029         15
        6178        5063         21
        6178        5102         22
        6178        5135         37
        6178        5383         26
        6178        6041         85
        6178        6052         11
        6178        6103         34
        6178        6104         30
        6178        6107         29
        6178        6108         43
        6178        6114         27
        6178        6117        175
        6178        6118        201
        6178        6119         10
        6178        6120        100
        6178        6121        115
        6178        6122         83
        6178        6123         83
        6178        6125         36
        6178        6128         22
        6178        6129        361
        6178        6130         34
        6178        6132        183
        6178        6133         27
        6178        6134         22
        6178        6139         21
        6178        6150         56
        6178        6158         11
        6178        6160         11
        6178        6166         40
        6178        6168         15
        6178        6173         48
        6178        6177         15
        6178        6178        327
        6178        6179         54
        6178        6182        321
        6178        6185         70
        6178        6188        240
        6178        6191         10
        6178        6193         30
        6178        6194         36
        6178        6197         23
        6178        6199         15
        6178        6203         38
        6178        6205         37
        6178        6211         20
        6178        6223         20
        6178        6230         20
        6178        6234         34
        6178        6238         43
        6178        6243         37
        6178        6249         26
        6178        6254         20
        6178        6256         45
        6178        6258         43
        6178        6261         67
        6178        6263         62
        6178       11016         22
        6178       11039         14
        6178       11041         16
        6178       12063         26
        6178       12107         43
        6178       12220        166
        6178       27022        200
        6178       98008         18
        6178       99998         19
        6179        1025         82
        6179        1354         17
        6179        1357         17
        6179        1377         19
        6179        4515         17
        6179        4534         33
        6179        5034         13
        6179        5105          7
        6179        5141         26
        6179        5145         15
        6179        5150         17
        6179        5167         17
        6179        5280         17
        6179        5300         17
        6179        5305        138
        6179        6030         47
        6179        6031         25
        6179        6041         44
        6179        6047         14
        6179        6050         15
        6179        6056         25
        6179        6057         11
        6179        6065         17
        6179        6070         13
        6179        6092        210
        6179        6100         33
        6179        6105          8
        6179        6118         16
        6179        6120         13
        6179        6121         55
        6179        6123         35
        6179        6124         45
        6179        6125        135
        6179        6127         16
        6179        6130          9
        6179        6133         19
        6179        6140          9
        6179        6142        115
        6179        6148         47
        6179        6150        121
        6179        6156         43
        6179        6159         18
        6179        6166         15
        6179        6169         48
        6179        6171        133
        6179        6174        104
        6179        6177         46
        6179        6178         39
        6179        6179         39
        6179        6180          7
        6179        6182         70
        6179        6185        166
        6179        6186         20
        6179        6189         39
        6179        6190         91
        6179        6196         65
        6179        6197        365
        6179        6199        138
        6179        6200         99
        6179        6202        260
        6179        6203         25
        6179        6204         98
        6179        6211          9
        6179        6213         15
        6179        6218         28
        6179        6219         23
        6179        6220          8
        6179        6222         26
        6179        6223         37
        6179        6226         26
        6179        6229         20
        6179        6233         13
        6179        6235         17
        6179        6238        111
        6179        6242         19
        6179        6244         17
        6179        6254         29
        6179        6256         94
        6179        6260         32
        6179        6261        130
        6179        6264         23
        6179       11039         47
        6179       11170         19
        6179       12347         19
        6179       13063         23
        6179       13085        124
        6180        4319         21
        6180        4446         15
        6180        5050          4
        6180        5137          8
        6180        5140         33
        6180        5143         13
        6180        5159         13
        6180        6013         20
        6180        6015         16
        6180        6018         34
        6180        6028         13
        6180        6038          4
        6180        6050         19
        6180        6052          8
        6180        6054        178
        6180        6055         24
        6180        6060         16
        6180        6070          8
        6180        6071          8
        6180        6087        115
        6180        6088        154
        6180        6096          9
        6180        6103         16
        6180        6108         15
        6180        6130        139
        6180        6131         47
        6180        6142         27
        6180        6143        122
        6180        6144         11
        6180        6145        262
        6180        6146        114
        6180        6148         38
        6180        6149         24
        6180        6150        231
        6180        6151         23
        6180        6154         55
        6180        6155         89
        6180        6156         66
        6180        6158         70
        6180        6159         60
        6180        6161        205
        6180        6162         31
        6180        6163         27
        6180        6164        150
        6180        6165         94
        6180        6166        287
        6180        6167         31
        6180        6169        140
        6180        6170        173
        6180        6172        269
        6180        6174        141
        6180        6175         64
        6180        6176         50
        6180        6179         29
        6180        6180        851
        6180        6181         35
        6180        6183        132
        6180        6185          8
        6180        6186        188
        6180        6187        150
        6180        6190        194
        6180        6191         80
        6180        6192        131
        6180        6195        309
        6180        6196        338
        6180        6198         12
        6180        6199          8
        6180        6201         32
        6180        6205         11
        6180        6208         12
        6180        6209        107
        6180        6210         23
        6180        6212         19
        6180        6213         30
        6180        6214        123
        6180        6217         64
        6180        6218         50
        6180        6220         61
        6180        6221         54
        6180        6222         13
        6180        6224         80
        6180        6227         76
        6180        6228         59
        6180        6231         12
        6180        6233         38
        6180        6234         35
        6180        6235         22
        6180        6238         24
        6180        6241          4
        6180        6244         22
        6180        6247         68
        6180        6250         60
        6180        6254         26
        6180        6256         31
        6180        6258         18
        6180        6262         31
        6180        6265          4
        6180       11047         11
        6180       11255         35
        6180       11482         32
        6180       12279         70
        6180       13122          5
        6180       23038         31
        6180       98008          7
        6181        1312         11
        6181        5037         10
        6181        5074         14
        6181        5108         41
        6181        5139         28
        6181        5142         36
        6181        5155         32
        6181        5389         28
        6181        6020         24
        6181        6036         27
        6181        6041         10
        6181        6044        463
        6181        6055         10
        6181        6066         33
        6181        6087         61
        6181        6088         43
        6181        6099         17
        6181        6107         12
        6181        6108         67
        6181        6110         18
        6181        6118          6
        6181        6121         40
        6181        6123          5
        6181        6130         28
        6181        6135         12
        6181        6141          9
        6181        6143        171
        6181        6144          8
        6181        6146         21
        6181        6149         54
        6181        6152         92
        6181        6154         86
        6181        6155         96
        6181        6157        179
        6181        6159        193
        6181        6161        199
        6181        6162         91
        6181        6165         25
        6181        6166         26
        6181        6169        185
        6181        6170         11
        6181        6171         77
        6181        6172        147
        6181        6174        516
        6181        6175         11
        6181        6176         11
        6181        6177         52
        6181        6180         19
        6181        6181         66
        6181        6182         18
        6181        6183         13
        6181        6187        164
        6181        6189         75
        6181        6190         47
        6181        6192         11
        6181        6193          9
        6181        6194         17
        6181        6195         28
        6181        6196        109
        6181        6199         96
        6181        6201         54
        6181        6209         58
        6181        6214        258
        6181        6218         61
        6181        6222         26
        6181        6224         41
        6181        6225         78
        6181        6226         27
        6181        6233         77
        6181        6236         10
        6181        6239         21
        6181        6243         66
        6181        6247         10
        6181        6258         53
        6181       12166         20
        6181       14010         22
        6181       14015         29
        6181       98007         51
        6181       98008         15
        6182        1065         24
        6182        4492         69
        6182        5028         25
        6182        5030         87
        6182        5100        166
        6182        5136         25
        6182        5137         34
        6182        5139         38
        6182        5144         33
        6182        5158        131
        6182        5435         44
        6182        6025         45
        6182        6029          8
        6182        6030         12
        6182        6036         23
        6182        6041         23
        6182        6050         34
        6182        6079        102
        6182        6098         36
        6182        6104         38
        6182        6107         20
        6182        6109         19
        6182        6114          5
        6182        6115        124
        6182        6117         78
        6182        6118         69
        6182        6119         14
        6182        6120         38
        6182        6121          8
        6182        6123        161
        6182        6124         59
        6182        6125        360
        6182        6126         14
        6182        6129         20
        6182        6133        114
        6182        6141         25
        6182        6147         23
        6182        6148         40
        6182        6151          7
        6182        6154        138
        6182        6155         30
        6182        6158         34
        6182        6160         34
        6182        6164         37
        6182        6168          7
        6182        6171         90
        6182        6173        594
        6182        6177         50
        6182        6178        307
        6182        6179         20
        6182        6182        559
        6182        6185          7
        6182        6188         39
        6182        6189         42
        6182        6195         83
        6182        6197        574
        6182        6199        137
        6182        6204         12
        6182        6207         55
        6182        6211         34
        6182        6219        115
        6182        6230        124
        6182        6233         34
        6182        6235         37
        6182        6247         86
        6182        6253         35
        6182        6255         53
        6182        6256         34
        6182        6261        164
        6182        6262         44
        6182        6263         76
        6182       11007         11
        6182       11013         73
        6182       11313         25
        6182       24008         29
        6183        1519        111
        6183        5116         37
        6183        5126         63
        6183        5137          9
        6183        6012         23
        6183        6046         21
        6183        6050        131
        6183        6058         11
        6183        6091         80
        6183        6097         15
        6183        6098         20
        6183        6108         53
        6183        6145         11
        6183        6150         61
        6183        6156         13
        6183        6158         14
        6183        6160         33
        6183        6161         76
        6183        6162         20
        6183        6164         34
        6183        6166         71
        6183        6169         23
        6183        6170         63
        6183        6172         15
        6183        6174          3
        6183        6175          3
        6183        6176         94
        6183        6180        133
        6183        6181         20
        6183        6183         10
        6183        6191          5
        6183        6192         16
        6183        6196         86
        6183        6208         41
        6183        6209         14
        6183        6215         41
        6183        6225          9
        6183        6237        154
        6183        6239         30
        6183        6245         18
        6183        6247         57
        6183        6250         13
        6183        6253         10
        6183       11279         37
        6184        1399         10
        6184        5001         15
        6184        5005         45
        6184        6031         17
        6184        6048         13
        6184        6107         15
        6184        6113         32
        6184        6114         20
        6184        6121         22
        6184        6125         26
        6184        6144         10
        6184        6180         33
        6184        6193         40
        6184        6197         19
        6184        6202         20
        6184        6213         33
        6184        6217          4
        6184        6219         21
        6184        6261         32
        6184        6263          5
        6184       11013         80
        6184       11209         20
        6184       11331         20
        6185        1081         10
        6185        1307         10
        6185        4492         27
        6185        5029         34
        6185        5104         31
        6185        5117         31
        6185        5123         15
        6185        5144          8
        6185        5209         10
        6185        6018         35
        6185        6024         64
        6185        6025         10
        6185        6031         18
        6185        6038         17
        6185        6054          8
        6185        6081         21
        6185        6087         17
        6185        6095        138
        6185        6102         46
        6185        6106         13
        6185        6107        276
        6185        6108          8
        6185        6111         10
        6185        6115         23
        6185        6116         45
        6185        6117         97
        6185        6118         39
        6185        6120         57
        6185        6121         11
        6185        6122         15
        6185        6123         10
        6185        6125          6
        6185        6130         52
        6185        6135         30
        6185        6149         35
        6185        6150         25
        6185        6154          9
        6185        6155          8
        6185        6157         62
        6185        6158         28
        6185        6162         21
        6185        6164         33
        6185        6166        112
        6185        6167         35
        6185        6168        250
        6185        6171        175
        6185        6173         70
        6185        6174         96
        6185        6176         24
        6185        6177         29
        6185        6178         70
        6185        6179        244
        6185        6180          8
        6185        6184         23
        6185        6185        309
        6185        6188         90
        6185        6189        374
        6185        6190         23
        6185        6193         74
        6185        6196          7
        6185        6197         30
        6185        6199         49
        6185        6200         18
        6185        6201         34
        6185        6202        100
        6185        6203         13
        6185        6204         48
        6185        6207         41
        6185        6209         18
        6185        6211         52
        6185        6212         58
        6185        6213         24
        6185        6215         14
        6185        6218         15
        6185        6219         59
        6185        6220          6
        6185        6222          7
        6185        6223        166
        6185        6226          5
        6185        6229         27
        6185        6233         33
        6185        6234         31
        6185        6238          6
        6185        6239         14
        6185        6240         17
        6185        6241         28
        6185        6243         25
        6185        6244         26
        6185        6248         46
        6185        6250          5
        6185        6254        130
        6185        6256         54
        6185        6257         29
        6185        6261         32
        6185        6262          8
        6185        6263         29
        6185        6264         46
        6185       11010         14
        6185       11038          6
        6185       11112         32
        6185       11277         42
        6185       12422         24
        6185       23047         11
        6185       98007         15
        6185       98008         17
        6186        1503         20
        6186        4534         10
        6186        5003         52
        6186        5016         41
        6186        5021          4
        6186        5139         10
        6186        5144         10
        6186        5176         31
        6186        5311         19
        6186        6003         14
        6186        6006         63
        6186        6031         10
        6186        6033         31
        6186        6034         15
        6186        6041          8
        6186        6056          6
        6186        6084         13
        6186        6087         10
        6186        6088         50
        6186        6107         15
        6186        6128          8
        6186        6142         22
        6186        6145         34
        6186        6150         47
        6186        6151          9
        6186        6153         19
        6186        6154         19
        6186        6155         76
        6186        6158         14
        6186        6161         37
        6186        6163         62
        6186        6166         72
        6186        6170         68
        6186        6175         66
        6186        6179         20
        6186        6180        167
        6186        6183         11
        6186        6186         71
        6186        6191         34
        6186        6192         39
        6186        6194          8
        6186        6195         16
        6186        6196         76
        6186        6198          6
        6186        6205         30
        6186        6209         26
        6186        6215         19
        6186        6216         16
        6186        6220        107
        6186        6222         10
        6186        6224         97
        6186        6227         57
        6186        6228          8
        6186        6231         23
        6186        6237         23
        6186        6241         31
        6186        6243         12
        6186        6245         20
        6186        6247         43
        6186        6255         20
        6186        6258         20
        6186        6265         12
        6186       11353         11
        6186       11495         24
        6186       13057         91
        6186       23009         17
        6186       23019          5
        6186       98007          4
        6187        3095         36
        6187        5001         12
        6187        5007         71
        6187        5034         68
        6187        5071         68
        6187        5082         41
        6187        5138         65
        6187        5140         68
        6187        5306         34
        6187        5314         35
        6187        6041         88
        6187        6054         36
        6187        6088         25
        6187        6091         24
        6187        6100         81
        6187        6104         49
        6187        6108         21
        6187        6110         21
        6187        6118        101
        6187        6128         88
        6187        6130         50
        6187        6132         24
        6187        6137         17
        6187        6142        126
        6187        6143         14
        6187        6144         37
        6187        6147        351
        6187        6150        136
        6187        6154         18
        6187        6156         16
        6187        6157        418
        6187        6159         42
        6187        6161        545
        6187        6162        153
        6187        6164         40
        6187        6165         27
        6187        6166         36
        6187        6168         89
        6187        6169         46
        6187        6170          9
        6187        6175         81
        6187        6180        118
        6187        6181        177
        6187        6185         13
        6187        6187          7
        6187        6188         65
        6187        6190         35
        6187        6191         20
        6187        6192         92
        6187        6193         87
        6187        6194         11
        6187        6195         60
        6187        6196        185
        6187        6199         13
        6187        6209         26
        6187        6211         48
        6187        6222         21
        6187        6227        130
        6187        6229         88
        6187        6232         28
        6187        6241         56
        6187        6244         47
        6187        6256         27
        6187        6258         49
        6187        6260         51
        6187        6263         67
        6187        6264         92
        6187       11497          6
        6187       23009         67
        6187       99998         13
        6188        1037         39
        6188        3107         23
        6188        4451         37
        6188        5098         27
        6188        5114         37
        6188        5125         13
        6188        6012         16
        6188        6056         10
        6188        6070         13
        6188        6073         82
        6188        6091         34
        6188        6104         32
        6188        6107         35
        6188        6110         40
        6188        6113         34
        6188        6115         16
        6188        6118         52
        6188        6119         34
        6188        6122         30
        6188        6123         65
        6188        6124         37
        6188        6125         50
        6188        6126         18
        6188        6128         16
        6188        6129        213
        6188        6134         49
        6188        6139         30
        6188        6141         15
        6188        6150         15
        6188        6161         23
        6188        6162         16
        6188        6171        749
        6188        6173        203
        6188        6175         35
        6188        6178         62
        6188        6181         18
        6188        6182         33
        6188        6185         91
        6188        6187         65
        6188        6188         30
        6188        6189          5
        6188        6190         25
        6188        6193         13
        6188        6197         47
        6188        6199         21
        6188        6200         46
        6188        6202        158
        6188        6204         81
        6188        6205          3
        6188        6209         15
        6188        6212         47
        6188        6223         43
        6188        6226          6
        6188        6239         41
        6188        6243         16
        6188        6244         53
        6188        6253          7
        6188        6255         24
        6188        6256        150
        6188        6261         57
        6188        6263         48
        6188        6264         35
        6188        6265         37
        6188       11485         23
        6188       23023         18
        6188       23029         22
        6189        1034         23
        6189        1072         10
        6189        1250         14
        6189        1377         17
        6189        3298         10
        6189        4534         14
        6189        4544         10
        6189        4673         40
        6189        5002         29
        6189        5004         29
        6189        5030         17
        6189        5094         10
        6189        5125         11
        6189        5137         10
        6189        5210         24
        6189        5228          5
        6189        5273          8
        6189        5458         16
        6189        6041         33
        6189        6044         10
        6189        6045         14
        6189        6048         11
        6189        6055          3
        6189        6061         10
        6189        6069          6
        6189        6091         88
        6189        6099         17
        6189        6107         12
        6189        6108          8
        6189        6110        120
        6189        6117         10
        6189        6118          8
        6189        6120         66
        6189        6121         23
        6189        6124          5
        6189        6125          4
        6189        6130         80
        6189        6142         47
        6189        6146         78
        6189        6152          8
        6189        6154         17
        6189        6159         18
        6189        6161          9
        6189        6168         14
        6189        6171         36
        6189        6173         24
        6189        6176         44
        6189        6177         22
        6189        6179        140
        6189        6180         18
        6189        6182         34
        6189        6185        399
        6189        6188          4
        6189        6189         74
        6189        6190        106
        6189        6193         91
        6189        6194         13
        6189        6195          4
        6189        6197         26
        6189        6199         17
        6189        6200        130
        6189        6201         14
        6189        6202        105
        6189        6203         35
        6189        6204         82
        6189        6205         80
        6189        6207        122
        6189        6209         52
        6189        6212         22
        6189        6213         13
        6189        6214         34
        6189        6215         74
        6189        6220         84
        6189        6222         22
        6189        6223        383
        6189        6224         25
        6189        6226        104
        6189        6228         50
        6189        6230         17
        6189        6233         25
        6189        6236         15
        6189        6237          4
        6189        6238          4
        6189        6241          7
        6189        6243         30
        6189        6246         36
        6189        6248         26
        6189        6251         25
        6189        6256         45
        6189        6257         18
        6189        6258          7
        6189        6260         13
        6189        6261         61
        6189       11029         50
        6189       11136         15
        6189       11243         10
        6189       12119         44
        6189       13188         14
        6189       98008         40
        6190        1051         88
        6190        1569         15
        6190        1650         13
        6190        3150          9
        6190        4577          5
        6190        5016         22
        6190        5040         12
        6190        5117         39
        6190        5137          7
        6190        5174         10
        6190        5231         25
        6190        5294         38
        6190        5433         12
        6190        6001         16
        6190        6002         10
        6190        6005         18
        6190        6011         61
        6190        6018         30
        6190        6020         10
        6190        6021         33
        6190        6026         33
        6190        6030         32
        6190        6036         18
        6190        6037         25
        6190        6038         14
        6190        6041         75
        6190        6047         10
        6190        6050          7
        6190        6051        105
        6190        6052         49
        6190        6054         54
        6190        6055         21
        6190        6056         39
        6190        6057         30
        6190        6066         51
        6190        6068         18
        6190        6070        120
        6190        6072         18
        6190        6073         19
        6190        6079         26
        6190        6087         28
        6190        6088         40
        6190        6093         15
        6190        6094         52
        6190        6100          9
        6190        6104         68
        6190        6107         29
        6190        6108         11
        6190        6113         22
        6190        6117         41
        6190        6119         13
        6190        6120         34
        6190        6121         39
        6190        6125        186
        6190        6129         13
        6190        6130         45
        6190        6133         32
        6190        6135          8
        6190        6138        130
        6190        6140         15
        6190        6141          8
        6190        6143         33
        6190        6144         85
        6190        6145         11
        6190        6146          8
        6190        6148         63
        6190        6149         30
        6190        6150         88
        6190        6152          5
        6190        6154        173
        6190        6155         97
        6190        6156        151
        6190        6157         97
        6190        6158         52
        6190        6159         28
        6190        6160         30
        6190        6161        284
        6190        6163         33
        6190        6164         51
        6190        6165        153
        6190        6166        122
        6190        6167         36
        6190        6168         39
        6190        6169         31
        6190        6170        141
        6190        6171          7
        6190        6172        177
        6190        6173         29
        6190        6174         43
        6190        6176         62
        6190        6179         34
        6190        6180        261
        6190        6181         83
        6190        6182         83
        6190        6183         28
        6190        6185         91
        6190        6187         82
        6190        6188         25
        6190        6189         93
        6190        6190        186
        6190        6191         33
        6190        6192        194
        6190        6194         87
        6190        6195        469
        6190        6196        132
        6190        6198         13
        6190        6199        114
        6190        6201          9
        6190        6202         15
        6190        6205         11
        6190        6208         52
        6190        6209         15
        6190        6212         32
        6190        6213         85
        6190        6214         55
        6190        6215          9
        6190        6216        101
        6190        6218         40
        6190        6219         15
        6190        6222         28
        6190        6224         30
        6190        6226         23
        6190        6227         22
        6190        6228         11
        6190        6233         14
        6190        6235         28
        6190        6236         27
        6190        6237         19
        6190        6239         90
        6190        6241         27
        6190        6242         36
        6190        6243         64
        6190        6244         93
        6190        6246         11
        6190        6248         53
        6190        6250         37
        6190        6251         32
        6190        6255         19
        6190        6256         24
        6190        6258         43
        6190        6259         82
        6190        6262         73
        6190        6263         32
        6190        6264         15
        6190        6265         10
        6190       11004         19
        6190       11013         11
        6190       12003         15
        6190       24010         10
        6191        1232          3
        6191        2094          7
        6191        3217         10
        6191        4499         31
        6191        4528          6
        6191        4576         33
        6191        4586         20
        6191        4655         11
        6191        4656          5
        6191        4696         14
        6191        5015         68
        6191        5026         27
        6191        5091         33
        6191        5126         46
        6191        5136         17
        6191        5140         31
        6191        5143         27
        6191        5166          3
        6191        5211         17
        6191        5244         13
        6191        5296         40
        6191        5307         31
        6191        5320          6
        6191        5364          3
        6191        6006         14
        6191        6008         13
        6191        6016          5
        6191        6025         21
        6191        6029         72
        6191        6030         89
        6191        6031         68
        6191        6032          6
        6191        6038         51
        6191        6041        342
        6191        6044          5
        6191        6045         39
        6191        6046         38
        6191        6047          3
        6191        6048        341
        6191        6050        176
        6191        6052        118
        6191        6053         92
        6191        6054        308
        6191        6055        157
        6191        6059        107
        6191        6060         37
        6191        6061         53
        6191        6063         10
        6191        6066         41
        6191        6077         95
        6191        6082         94
        6191        6088         56
        6191        6099         28
        6191        6100         60
        6191        6104         21
        6191        6105          5
        6191        6110         54
        6191        6128         21
        6191        6132         24
        6191        6142         86
        6191        6144         33
        6191        6145         84
        6191        6146          8
        6191        6147         76
        6191        6148         34
        6191        6150         89
        6191        6152         76
        6191        6154        134
        6191        6155         20
        6191        6156        266
        6191        6157        126
        6191        6159         61
        6191        6160         70
        6191        6161         69
        6191        6162         11
        6191        6163        306
        6191        6164         94
        6191        6166         25
        6191        6167         35
        6191        6170        523
        6191        6172          8
        6191        6173         80
        6191        6175         92
        6191        6176        183
        6191        6180         68
        6191        6181        114
        6191        6185          8
        6191        6186          5
        6191        6190         39
        6191        6191        463
        6191        6192        465
        6191        6193          9
        6191        6194         40
        6191        6196          9
        6191        6197         53
        6191        6200          3
        6191        6201         44
        6191        6203         40
        6191        6207         28
        6191        6209        208
        6191        6211          3
        6191        6213          9
        6191        6214         12
        6191        6215         12
        6191        6216          6
        6191        6217        106
        6191        6218         22
        6191        6220         19
        6191        6221          6
        6191        6223         12
        6191        6227         17
        6191        6228        286
        6191        6229         48
        6191        6231          3
        6191        6234         34
        6191        6237          4
        6191        6238         86
        6191        6239         25
        6191        6243         27
        6191        6244         13
        6191        6246         20
        6191        6247         33
        6191        6251         32
        6191        6258          5
        6191        6260         33
        6191        6263         42
        6191        6265         13
        6191       11052          3
        6191       11070         29
        6191       11093          6
        6191       11109        119
        6191       11163          6
        6191       11195         40
        6191       11495        152
        6191       12331         94
        6191       12392         13
        6191       17296         61
        6191       98008         64
        6191       99998         33
        6192        1124        166
        6192        1317          5
        6192        1330          7
        6192        1377          6
        6192        3031         29
        6192        4193         14
        6192        4378         76
        6192        4583         14
        6192        5005         10
        6192        5006          7
        6192        5007          3
        6192        5016          6
        6192        5024         30
        6192        5025         39
        6192        5034         15
        6192        5040          7
        6192        5058         17
        6192        5071          4
        6192        5081          5
        6192        5101          7
        6192        5134         11
        6192        5137          9
        6192        5215         20
        6192        5228         36
        6192        5267         22
        6192        5418         29
        6192        6004          5
        6192        6005         31
        6192        6010         31
        6192        6014         33
        6192        6018         31
        6192        6020         14
        6192        6021         16
        6192        6023          4
        6192        6030         15
        6192        6031        138
        6192        6037         14
        6192        6041         56
        6192        6042         77
        6192        6044         98
        6192        6050         13
        6192        6052         95
        6192        6053        234
        6192        6054        295
        6192        6055         39
        6192        6056        152
        6192        6057          5
        6192        6060          9
        6192        6061          7
        6192        6066        123
        6192        6077        142
        6192        6079          7
        6192        6087          9
        6192        6088         35
        6192        6092         43
        6192        6100         22
        6192        6103         41
        6192        6110         12
        6192        6116          6
        6192        6124         15
        6192        6130         58
        6192        6133         11
        6192        6134         13
        6192        6139         16
        6192        6141          6
        6192        6142         13
        6192        6143         59
        6192        6144         29
        6192        6145         38
        6192        6146         85
        6192        6147          4
        6192        6148         16
        6192        6149         26
        6192        6150        193
        6192        6152         52
        6192        6154        194
        6192        6156         75
        6192        6157        183
        6192        6158         62
        6192        6159         20
        6192        6160        229
        6192        6161        197
        6192        6162         21
        6192        6163         33
        6192        6164         43
        6192        6165         14
        6192        6167         67
        6192        6169         49
        6192        6170        313
        6192        6172         10
        6192        6174         11
        6192        6175        490
        6192        6180         45
        6192        6183         73
        6192        6185         11
        6192        6186         53
        6192        6187        131
        6192        6190         88
        6192        6191        508
        6192        6192        958
        6192        6194         66
        6192        6195         31
        6192        6201         24
        6192        6203         11
        6192        6205         20
        6192        6207         17
        6192        6208         17
        6192        6209          5
        6192        6210         58
        6192        6215          3
        6192        6216         19
        6192        6217          5
        6192        6219          5
        6192        6221         42
        6192        6224         46
        6192        6227         25
        6192        6228          5
        6192        6232         30
        6192        6233         54
        6192        6234        114
        6192        6235         22
        6192        6238          4
        6192        6239         19
        6192        6241          8
        6192        6243        124
        6192        6244          9
        6192        6245         79
        6192        6246         94
        6192        6256         11
        6192        6260         44
        6192        6262         53
        6192        6264         34
        6192       11054          5
        6192       12061         49
        6192       12497        115
        6192       24004          5
        6192       98008         36
        6192       99998         21
        6193        1024         32
        6193        1066         19
        6193        1245         10
        6193        5005         77
        6193        5006          9
        6193        5025         27
        6193        5050         58
        6193        5100          9
        6193        5278         11
        6193        6001          6
        6193        6018          7
        6193        6027          4
        6193        6031         82
        6193        6032         73
        6193        6041          9
        6193        6056         14
        6193        6057         41
        6193        6069         46
        6193        6104          9
        6193        6108         36
        6193        6117         15
        6193        6120         27
        6193        6138        170
        6193        6150         16
        6193        6151          8
        6193        6153         13
        6193        6159         56
        6193        6164         12
        6193        6170         86
        6193        6171         16
        6193        6173         57
        6193        6174         26
        6193        6178         21
        6193        6181         35
        6193        6184         40
        6193        6185         64
        6193        6189         17
        6193        6191          9
        6193        6199         24
        6193        6200         11
        6193        6204         34
        6193        6207         18
        6193        6209          9
        6193        6212          7
        6193        6214         24
        6193        6215         18
        6193        6220        136
        6193        6222         42
        6193        6223         89
        6193        6225         34
        6193        6226          8
        6193        6227         46
        6193        6228        109
        6193        6229         11
        6193        6233         16
        6193        6234         11
        6193        6238         22
        6193        6244         11
        6193        6245         17
        6193        6247         69
        6193        6256         10
        6193        6263         23
        6193       11045         16
        6193       11084         26
        6193       11145         44
        6193       12367         14
        6193       98001         39
        6193       98004          7
        6194        4522         20
        6194        5105        126
        6194        5151         47
        6194        6013         16
        6194        6028         28
        6194        6030        187
        6194        6036         80
        6194        6041         49
        6194        6044         71
        6194        6050         97
        6194        6052         17
        6194        6054         61
        6194        6060         23
        6194        6061         32
        6194        6072         53
        6194        6088          8
        6194        6104         67
        6194        6110         54
        6194        6113         33
        6194        6114         88
        6194        6119         35
        6194        6125         75
        6194        6126         14
        6194        6138         45
        6194        6139         39
        6194        6143        220
        6194        6145         67
        6194        6146         40
        6194        6150         96
        6194        6154         82
        6194        6156         31
        6194        6158         21
        6194        6159         69
        6194        6163        128
        6194        6164        125
        6194        6166        143
        6194        6167        266
        6194        6172         96
        6194        6173         36
        6194        6175        158
        6194        6176         58
        6194        6180         42
        6194        6181          6
        6194        6183          8
        6194        6186          8
        6194        6187         11
        6194        6189         13
        6194        6190        122
        6194        6191         20
        6194        6192         23
        6194        6200         49
        6194        6202         17
        6194        6205         26
        6194        6207         25
        6194        6208         71
        6194        6221         45
        6194        6222         25
        6194        6224         73
        6194        6225         21
        6194        6229        119
        6194        6230         35
        6194        6231          8
        6194        6234          6
        6194        6241         20
        6194        6245          9
        6194        6247         55
        6194        6256         54
        6195        1014         15
        6195        1230         12
        6195        1424         13
        6195        4401          4
        6195        4445         15
        6195        4490         33
        6195        4507         21
        6195        4583         13
        6195        5016          9
        6195        5074         13
        6195        5137         15
        6195        5142         15
        6195        5145          4
        6195        5238         15
        6195        6015         52
        6195        6038         19
        6195        6041         15
        6195        6044        343
        6195        6045         16
        6195        6046         27
        6195        6055          6
        6195        6073         18
        6195        6074         92
        6195        6077          5
        6195        6079         20
        6195        6095         14
        6195        6099         57
        6195        6102         22
        6195        6104        128
        6195        6107          8
        6195        6110         89
        6195        6114         28
        6195        6121          7
        6195        6124         16
        6195        6128         30
        6195        6130         40
        6195        6141         19
        6195        6142         64
        6195        6143         63
        6195        6144         53
        6195        6145        160
        6195        6146        138
        6195        6150         10
        6195        6153        118
        6195        6154         43
        6195        6156         27
        6195        6157        111
        6195        6158         68
        6195        6159         13
        6195        6160          9
        6195        6161        119
        6195        6162        164
        6195        6164         21
        6195        6165         50
        6195        6166         75
        6195        6168         24
        6195        6169        399
        6195        6170         38
        6195        6172         74
        6195        6173        137
        6195        6175         19
        6195        6176         66
        6195        6180        205
        6195        6181         80
        6195        6183          8
        6195        6185          7
        6195        6187         80
        6195        6189          4
        6195        6190        616
        6195        6192         31
        6195        6195        104
        6195        6196        331
        6195        6208         14
        6195        6209          4
        6195        6211         21
        6195        6213         41
        6195        6214          9
        6195        6218         42
        6195        6220        351
        6195        6221         92
        6195        6222         30
        6195        6224         16
        6195        6225        111
        6195        6226        159
        6195        6227         24
        6195        6228         11
        6195        6229         84
        6195        6231         44
        6195        6233         22
        6195        6234         28
        6195        6235         30
        6195        6236          9
        6195        6237         14
        6195        6238         55
        6195        6239         27
        6195        6241         27
        6195        6243        129
        6195        6244         29
        6195        6250        269
        6195        6254         18
        6195        6256         89
        6195        6259         15
        6195        6260         15
        6195        6263          9
        6195        6264         10
        6195       11013         44
        6195       11437         10
        6195       12339         29
        6195       98008        136
        6195       99998          9
        6196        1074         24
        6196        1232         56
        6196        1245         63
        6196        1422         10
        6196        4408         18
        6196        4558         24
        6196        5002          8
        6196        5029          6
        6196        5034         26
        6196        5116         10
        6196        5141         21
        6196        5144         63
        6196        5150         29
        6196        5166         10
        6196        5183         13
        6196        5294         31
        6196        5306         56
        6196        6014         64
        6196        6029          7
        6196        6044         38
        6196        6049         17
        6196        6050         96
        6196        6052         29
        6196        6054        112
        6196        6055         18
        6196        6056         50
        6196        6058         13
        6196        6061         19
        6196        6069          7
        6196        6084          8
        6196        6087         13
        6196        6088         41
        6196        6099         52
        6196        6107         33
        6196        6112         38
        6196        6121         67
        6196        6122         56
        6196        6138         54
        6196        6141         13
        6196        6144         31
        6196        6145         13
        6196        6146          7
        6196        6147         28
        6196        6148         54
        6196        6149         43
        6196        6150         58
        6196        6153         17
        6196        6157        124
        6196        6158         81
        6196        6159         28
        6196        6161        101
        6196        6162         89
        6196        6163         10
        6196        6164         94
        6196        6165         12
        6196        6166         10
        6196        6169        113
        6196        6170         23
        6196        6172         87
        6196        6174         30
        6196        6179         65
        6196        6180        246
        6196        6181         55
        6196        6183         64
        6196        6186         70
        6196        6187        216
        6196        6190        143
        6196        6191          9
        6196        6195        193
        6196        6196        274
        6196        6201         10
        6196        6203         93
        6196        6205         13
        6196        6206         43
        6196        6209         32
        6196        6220         16
        6196        6221         92
        6196        6222          9
        6196        6228         39
        6196        6230         12
        6196        6231          7
        6196        6232         59
        6196        6238        101
        6196        6239         47
        6196        6240         13
        6196        6241         18
        6196        6243        295
        6196        6244          7
        6196        6247         79
        6196        6250         35
        6196        6260         21
        6196        6264         45
        6196       11169         26
        6196       12022         13
        6196       12023         15
        6196       12398         34
        6196       13143         13
        6196       14052         13
        6196       23015         10
        6196       98008         56
        6197        3099         20
        6197        5125         20
        6197        5228          5
        6197        5310         51
        6197        6001         16
        6197        6014         20
        6197        6044         36
        6197        6050        116
        6197        6084         22
        6197        6088         31
        6197        6092         56
        6197        6101         64
        6197        6104         13
        6197        6107         93
        6197        6108         56
        6197        6110        103
        6197        6113         10
        6197        6114        269
        6197        6115         60
        6197        6116         13
        6197        6117         10
        6197        6118          8
        6197        6119         34
        6197        6120        172
        6197        6121         87
        6197        6122         24
        6197        6123         64
        6197        6124        338
        6197        6125        133
        6197        6126         86
        6197        6127        124
        6197        6129         63
        6197        6133        157
        6197        6134         21
        6197        6135         25
        6197        6137         52
        6197        6138         41
        6197        6142         19
        6197        6143         16
        6197        6146         21
        6197        6150         13
        6197        6155         22
        6197        6159         58
        6197        6160         12
        6197        6161         20
        6197        6164          7
        6197        6165         87
        6197        6168         18
        6197        6170         33
        6197        6171         75
        6197        6172         26
        6197        6173        145
        6197        6176         19
        6197        6177         31
        6197        6178        115
        6197        6182        344
        6197        6185         23
        6197        6188         34
        6197        6189         28
        6197        6191         20
        6197        6192          5
        6197        6197        114
        6197        6199        112
        6197        6200        155
        6197        6201         45
        6197        6202        459
        6197        6203         71
        6197        6204         51
        6197        6209         16
        6197        6211          3
        6197        6217         30
        6197        6220         18
        6197        6223         74
        6197        6226         35
        6197        6229         85
        6197        6230          8
        6197        6241         40
        6197        6242         14
        6197        6244          5
        6197        6254         39
        6197        6255         54
        6197        6256         69
        6197        6258         79
        6197        6260         44
        6197        6261        255
        6197        6262        156
        6197        6263         37
        6197        6265         41
        6197       11184         15
        6197       11217         12
        6197       99998         26
        6198        1067         34
        6198        5040         26
        6198        6014         31
        6198        6028         13
        6198        6041         17
        6198        6050         17
        6198        6054         26
        6198        6056          6
        6198        6061         19
        6198        6070         37
        6198        6087         27
        6198        6088          8
        6198        6091         77
        6198        6122         38
        6198        6146         96
        6198        6150         24
        6198        6151         35
        6198        6154         52
        6198        6160         22
        6198        6164          8
        6198        6169         10
        6198        6179          8
        6198        6180         12
        6198        6186          6
        6198        6190         19
        6198        6192         10
        6198        6213         99
        6198        6228         43
        6198        6233         13
        6198        6243         18
        6198        6245         15
        6198        6247         57
        6198        6250         22
        6199        1055         13
        6199        1225         21
        6199        1499         17
        6199        2267         22
        6199        4558         17
        6199        4677         14
        6199        5035          9
        6199        5055         16
        6199        5115         31
        6199        5140         15
        6199        5152          9
        6199        5159         14
        6199        5294          8
        6199        6002         15
        6199        6007         14
        6199        6014         10
        6199        6015         33
        6199        6018         34
        6199        6041         10
        6199        6044        223
        6199        6052         49
        6199        6063          5
        6199        6065         17
        6199        6074         15
        6199        6091         18
        6199        6099          7
        6199        6108         28
        6199        6115         11
        6199        6116         90
        6199        6117         22
        6199        6118         21
        6199        6121         28
        6199        6123         13
        6199        6124         17
        6199        6128         60
        6199        6129        120
        6199        6130         25
        6199        6131         65
        6199        6133         11
        6199        6134         21
        6199        6135          6
        6199        6138         15
        6199        6142         39
        6199        6143         97
        6199        6145         22
        6199        6146         72
        6199        6150         10
        6199        6152         46
        6199        6155         25
        6199        6159         32
        6199        6160         12
        6199        6164         37
        6199        6168         38
        6199        6169         86
        6199        6171        285
        6199        6172         37
        6199        6173         78
        6199        6177         20
        6199        6178         15
        6199        6179        285
        6199        6180          8
        6199        6182        183
        6199        6185         67
        6199        6187        101
        6199        6188        135
        6199        6189         17
        6199        6191         10
        6199        6192         36
        6199        6193         24
        6199        6197        205
        6199        6199        184
        6199        6200        145
        6199        6202        106
        6199        6203        187
        6199        6204         25
        6199        6208         16
        6199        6212         27
        6199        6216         52
        6199        6220         28
        6199        6222         77
        6199        6223        201
        6199        6224         24
        6199        6226         17
        6199        6227         23
        6199        6230        129
        6199        6231         24
        6199        6235         16
        6199        6239         25
        6199        6242         31
        6199        6245         17
        6199        6250         23
        6199        6251         16
        6199        6256         53
        6199        6261        128
        6199        6263        125
        6199       12369        205
        6199       13190         49
        6199       98008         12
        6200        1059         33
        6200        1158          8
        6200        3004        101
        6200        4204         11
        6200        4366         16
        6200        4515         17
        6200        4632         32
        6200        4696         14
        6200        5024         22
        6200        5029          9
        6200        5065         20
        6200        5115          9
        6200        5136         12
        6200        5137         13
        6200        5166         23
        6200        5171         18
        6200        5304         56
        6200        5305         13
        6200        5389          8
        6200        6038        203
        6200        6054         36
        6200        6092        121
        6200        6106         17
        6200        6110         37
        6200        6121          7
        6200        6123         27
        6200        6125         39
        6200        6130         68
        6200        6131         22
        6200        6141         18
        6200        6143         63
        6200        6156         26
        6200        6168         33
        6200        6169         32
        6200        6171         33
        6200        6173         58
        6200        6175         22
        6200        6185         18
        6200        6188         25
        6200        6189        158
        6200        6191          3
        6200        6193         11
        6200        6194         49
        6200        6196         18
        6200        6197        135
        6200        6199        203
        6200        6200         41
        6200        6202        100
        6200        6203         33
        6200        6212         75
        6200        6214         10
        6200        6219         12
        6200        6223        135
        6200        6235        150
        6200        6238         81
        6200        6239         22
        6200        6244         36
        6200        6249         19
        6200        6250          7
        6200        6254         22
        6200        6263         10
        6200       11050        105
        6200       11096         11
        6200       11166          9
        6200       11169        105
        6200       13104         11
        6200       13188         20
        6200       99998         18
        6201        4355         10
        6201        5026         52
        6201        5106         18
        6201        5139         30
        6201        5187         84
        6201        5279         10
        6201        6012         98
        6201        6014         16
        6201        6015         21
        6201        6027         28
        6201        6031         18
        6201        6032         15
        6201        6033          6
        6201        6050         18
        6201        6056         83
        6201        6099         35
        6201        6103         34
        6201        6110         61
        6201        6121         12
        6201        6123         20
        6201        6128         11
        6201        6130         12
        6201        6140         15
        6201        6142         30
        6201        6143         46
        6201        6145         18
        6201        6150         52
        6201        6154         13
        6201        6157         20
        6201        6159         79
        6201        6161         59
        6201        6162         14
        6201        6166         34
        6201        6168         18
        6201        6170         12
        6201        6172        136
        6201        6173         25
        6201        6175         56
        6201        6180         32
        6201        6181         69
        6201        6185         34
        6201        6188          7
        6201        6190         48
        6201        6191         49
        6201        6192         47
        6201        6193          9
        6201        6196         10
        6201        6197         45
        6201        6199         12
        6201        6200        126
        6201        6205        106
        6201        6207         41
        6201        6212          8
        6201        6214         29
        6201        6215        101
        6201        6220        118
        6201        6222         16
        6201        6223        171
        6201        6226          5
        6201        6229         62
        6201        6231        138
        6201        6233         52
        6201        6235        265
        6201        6237         10
        6201        6244         14
        6201        6245        107
        6201        6246         31
        6201        6247         21
        6201        6250        120
        6201        6251        186
        6201        6253          7
        6201        6258         87
        6201        6261         62
        6201       11038         18
        6201       12099         19
        6201       23026         26
        6201       23043         32
        6201       98008         12
        6202        1318         20
        6202        3003         66
        6202        4410         16
        6202        5004         54
        6202        5024         21
        6202        5034         95
        6202        5105         19
        6202        5106         39
        6202        5153         22
        6202        5228         10
        6202        5285         20
        6202        6020         12
        6202        6030         28
        6202        6045         21
        6202        6066         18
        6202        6099         19
        6202        6107          9
        6202        6108          7
        6202        6110         10
        6202        6113         28
        6202        6121         65
        6202        6123         43
        6202        6127         15
        6202        6130         17
        6202        6131         13
        6202        6140         33
        6202        6154         13
        6202        6161         39
        6202        6164         13
        6202        6165         24
        6202        6168         19
        6202        6171        308
        6202        6172         42
        6202        6173         18
        6202        6177         19
        6202        6179        625
        6202        6185         79
        6202        6188        132
        6202        6189         26
        6202        6190         33
        6202        6191         54
        6202        6194         17
        6202        6197         61
        6202        6199         31
        6202        6200         80
        6202        6202        122
        6202        6204        153
        6202        6209        106
        6202        6210         12
        6202        6211         18
        6202        6220          9
        6202        6222         14
        6202        6223        189
        6202        6226         60
        6202        6229         36
        6202        6230         52
        6202        6238         27
        6202        6241         59
        6202        6242         17
        6202        6244         23
        6202        6250         19
        6202        6251         27
        6202        6253        122
        6202        6254         18
        6202        6261         80
        6202        6263         36
        6202        6264         69
        6202        6265         72
        6202       11331         20
        6202       12290         28
        6202       12578         22
        6203        5005         39
        6203        5105         29
        6203        6012         30
        6203        6026         33
        6203        6041          6
        6203        6054        120
        6203        6092         77
        6203        6110         37
        6203        6113        105
        6203        6114         14
        6203        6119        208
        6203        6122         47
        6203        6123         59
        6203        6125         26
        6203        6129         65
        6203        6133         75
        6203        6134         16
        6203        6139         13
        6203        6144          8
        6203        6146          7
        6203        6147         18
        6203        6162         32
        6203        6163         21
        6203        6168         40
        6203        6171         44
        6203        6173         12
        6203        6175         50
        6203        6177         17
        6203        6178         30
        6203        6179         70
        6203        6182        310
        6203        6184         41
        6203        6188          8
        6203        6189         35
        6203        6191         40
        6203        6192          7
        6203        6195         55
        6203        6196         39
        6203        6197         39
        6203        6199         63
        6203        6200         33
        6203        6203         27
        6203        6211         82
        6203        6220         41
        6203        6226         35
        6203        6231         17
        6203        6238         26
        6203        6240         19
        6203        6245         34
        6203        6248          5
        6203        6250         30
        6203        6254         16
        6203        6255         21
        6203        6256         28
        6203        6261         26
        6203       11110         40
        6203       11331         20
        6204        5040         12
        6204        5137         73
        6204        5138         12
        6204        5141         58
        6204        5143          9
        6204        5312         18
        6204        6048         34
        6204        6054        103
        6204        6098         12
        6204        6103        256
        6204        6108         26
        6204        6122         12
        6204        6124         21
        6204        6129         44
        6204        6130        105
        6204        6135         25
        6204        6142        105
        6204        6143        138
        6204        6150         14
        6204        6151         26
        6204        6160         16
        6204        6165         11
        6204        6168         23
        6204        6169         44
        6204        6173        308
        6204        6175         63
        6204        6176         16
        6204        6179        129
        6204        6185         62
        6204        6188         49
        6204        6189         66
        6204        6193         62
        6204        6197         26
        6204        6199         25
        6204        6201         21
        6204        6202         13
        6204        6204         12
        6204        6207        402
        6204        6211         40
        6204        6212         31
        6204        6214          7
        6204        6215         60
        6204        6218         49
        6204        6219         51
        6204        6220         41
        6204        6221         25
        6204        6222         73
        6204        6223        316
        6204        6225         35
        6204        6226         49
        6204        6230         29
        6204        6231          5
        6204        6233         37
        6204        6237         10
        6204        6242         25
        6204        6244         46
        6204        6251          6
        6204        6256         18
        6204        6263         11
        6204        6264         11
        6204        6265         48
        6204       23003          8
        6204       24009         13
        6204       98008         11
        6205        1057         29
        6205        1168         11
        6205        1313         35
        6205        1330         11
        6205        4503          5
        6205        4538         13
        6205        4679         13
        6205        5034         42
        6205        5100         41
        6205        5115          5
        6205        5139         42
        6205        5161          5
        6205        5211          5
        6205        5293         88
        6205        5359         11
        6205        6021         15
        6205        6022         11
        6205        6046         12
        6205        6053         12
        6205        6061         30
        6205        6091         11
        6205        6121         40
        6205        6122         21
        6205        6127         16
        6205        6141          8
        6205        6153          9
        6205        6159         26
        6205        6161         11
        6205        6162         14
        6205        6166         21
        6205        6170         33
        6205        6173         23
        6205        6176         18
        6205        6178         37
        6205        6185         16
        6205        6188          3
        6205        6189         68
        6205        6190         88
        6205        6192         20
        6205        6194         26
        6205        6196         13
        6205        6201        106
        6205        6205         69
        6205        6209         11
        6205        6211         13
        6205        6214         64
        6205        6215        266
        6205        6220         30
        6205        6221         17
        6205        6222         23
        6205        6223         43
        6205        6224         15
        6205        6228         69
        6205        6229        114
        6205        6230          5
        6205        6232         81
        6205        6233         26
        6205        6235         70
        6205        6236         10
        6205        6237         64
        6205        6238         17
        6205        6239         22
        6205        6240         78
        6205        6241         88
        6205        6243         12
        6205        6245         36
        6205        6246         16
        6205        6249         17
        6205        6263         19
        6205       11004         11
        6205       11010         19
        6205       11024         11
        6205       11109         17
        6205       11277         14
        6205       11434         11
        6205       12291         11
        6205       13149         48
        6205       14062         20
        6206        6001         36
        6206        6168         43
        6206        6176         43
        6206       99998         40
        6207        1250        146
        6207        1385         19
        6207        4136          5
        6207        4193         12
        6207        4511         20
        6207        4679         20
        6207        5074          9
        6207        5108          6
        6207        5139         12
        6207        5141         66
        6207        5150         26
        6207        5163         16
        6207        5297         34
        6207        5300         22
        6207        6016         32
        6207        6052         10
        6207        6103          8
        6207        6104         23
        6207        6108         55
        6207        6110         11
        6207        6121         16
        6207        6123          9
        6207        6124         19
        6207        6138         14
        6207        6140         12
        6207        6142         12
        6207        6146         64
        6207        6166        108
        6207        6174         53
        6207        6175         14
        6207        6185         25
        6207        6189        134
        6207        6191         12
        6207        6193         18
        6207        6194         25
        6207        6195         17
        6207        6200         41
        6207        6201         26
        6207        6204        352
        6207        6207        241
        6207        6209          8
        6207        6210         12
        6207        6216          8
        6207        6220        163
        6207        6222         21
        6207        6223        133
        6207        6224         15
        6207        6226          8
        6207        6229         21
        6207        6230         52
        6207        6233         14
        6207        6234         14
        6207        6235         21
        6207        6238         22
        6207        6239         16
        6207        6241         11
        6207        6243         36
        6207        6247          5
        6207        6250         11
        6207        6258         11
        6207        6261         11
        6207        6265         19
        6207       11031         24
        6207       11037         12
        6207       24009         20
        6207       99998         42
        6208        1067         10
        6208        1196         12
        6208        1408         10
        6208        1412         15
        6208        1438         24
        6208        4064         15
        6208        4381         19
        6208        4419         14
        6208        4467         30
        6208        4488         14
        6208        4511         39
        6208        4651         19
        6208        4714         14
        6208        5010          7
        6208        5013         23
        6208        5016         22
        6208        5024         11
        6208        5029         11
        6208        5032         14
        6208        5033          5
        6208        5047          5
        6208        5105          6
        6208        5108          4
        6208        5134         11
        6208        5137          7
        6208        5140         21
        6208        5201         11
        6208        5272          9
        6208        5275         25
        6208        5278          5
        6208        6002          6
        6208        6013         23
        6208        6018         30
        6208        6020         16
        6208        6024          3
        6208        6029         29
        6208        6030         10
        6208        6031         80
        6208        6033         19
        6208        6038         22
        6208        6041         33
        6208        6046          9
        6208        6048         20
        6208        6052          6
        6208        6053         29
        6208        6054        170
        6208        6056          7
        6208        6069         64
        6208        6070         26
        6208        6088         40
        6208        6099         65
        6208        6108         17
        6208        6117          5
        6208        6133         44
        6208        6135         33
        6208        6139          6
        6208        6146         95
        6208        6153         17
        6208        6154         11
        6208        6158         15
        6208        6159         25
        6208        6161        142
        6208        6162          6
        6208        6163         46
        6208        6166         20
        6208        6170        115
        6208        6173          5
        6208        6177          7
        6208        6180         33
        6208        6190         65
        6208        6191          3
        6208        6192         20
        6208        6194         51
        6208        6198         26
        6208        6199         16
        6208        6208        128
        6208        6209         14
        6208        6211         18
        6208        6213          4
        6208        6215          6
        6208        6216         14
        6208        6218          3
        6208        6222         13
        6208        6223         20
        6208        6224         47
        6208        6225        214
        6208        6228        129
        6208        6229          9
        6208        6231         18
        6208        6232         57
        6208        6233         23
        6208        6235         27
        6208        6237         77
        6208        6238         26
        6208        6241         93
        6208        6243        122
        6208        6245         19
        6208        6246         48
        6208        6247        152
        6208        6250        203
        6208        6257         12
        6208        6258         20
        6208        6259         12
        6208        6265         29
        6208       11268          5
        6208       12010        110
        6208       12059         25
        6208       12113         12
        6208       12211          8
        6208       12484         22
        6208       13057         50
        6208       13194          3
        6208       98008          6
        6208       99998          7
        6209        1135         16
        6209        1155          7
        6209        4279          9
        6209        4421         33
        6209        5034         80
        6209        5040         41
        6209        6008         34
        6209        6014         51
        6209        6015         54
        6209        6018         34
        6209        6024          9
        6209        6028         42
        6209        6029         45
        6209        6031         52
        6209        6032         32
        6209        6038         10
        6209        6041          4
        6209        6044         34
        6209        6045         81
        6209        6048         76
        6209        6050        252
        6209        6052         57
        6209        6053         10
        6209        6054         10
        6209        6056          5
        6209        6061         53
        6209        6066         75
        6209        6070         54
        6209        6088          8
        6209        6092         56
        6209        6100         39
        6209        6104         56
        6209        6107         77
        6209        6115         67
        6209        6119         14
        6209        6120         15
        6209        6121         31
        6209        6122         24
        6209        6123         21
        6209        6124         16
        6209        6138         55
        6209        6144         11
        6209        6145          7
        6209        6148        132
        6209        6149         34
        6209        6150         32
        6209        6154         39
        6209        6155        129
        6209        6158          9
        6209        6160         53
        6209        6161          8
        6209        6162         31
        6209        6164         49
        6209        6169         22
        6209        6170         29
        6209        6172         30
        6209        6174          8
        6209        6175         34
        6209        6180        168
        6209        6181         80
        6209        6185         18
        6209        6186         26
        6209        6187         26
        6209        6189         30
        6209        6190         15
        6209        6191        214
        6209        6192         17
        6209        6193         25
        6209        6195          4
        6209        6196         19
        6209        6197         16
        6209        6201         46
        6209        6202         83
        6209        6205         11
        6209        6208         64
        6209        6213         13
        6209        6214        219
        6209        6215         45
        6209        6216         42
        6209        6218         26
        6209        6220         17
        6209        6222         27
        6209        6223          4
        6209        6224         72
        6209        6225         57
        6209        6228          9
        6209        6230          8
        6209        6231         25
        6209        6234         75
        6209        6235         16
        6209        6238         34
        6209        6239         61
        6209        6243        192
        6209        6244         26
        6209        6245         58
        6209        6246         43
        6209        6248          5
        6209        6250         32
        6209        6254         22
        6209        6256         25
        6209        6261         17
        6209        6263          7
        6209        6264         45
        6209        6265         66
        6209       12578         64
        6209       98002         34
        6209       98008         13
        6210        5078        244
        6210        6030          7
        6210        6032         22
        6210        6044          7
        6210        6180         23
        6210        6192         58
        6210        6207         12
        6210        6213         24
        6210        6216         35
        6210        6228         42
        6210        6252         12
        6211        1080         32
        6211        4421         25
        6211        5034        270
        6211        5143         13
        6211        6030         13
        6211        6086         48
        6211        6124         18
        6211        6125         29
        6211        6130         26
        6211        6133         12
        6211        6136          9
        6211        6139         19
        6211        6142         13
        6211        6146         23
        6211        6164          8
        6211        6166         23
        6211        6171         44
        6211        6177         16
        6211        6178         20
        6211        6179         89
        6211        6181         56
        6211        6182         34
        6211        6185         52
        6211        6187         48
        6211        6189          3
        6211        6190          9
        6211        6191          3
        6211        6194         35
        6211        6195         21
        6211        6197         58
        6211        6202         74
        6211        6203        177
        6211        6204         40
        6211        6223        139
        6211        6224        118
        6211        6226          9
        6211        6232         15
        6211        6233         25
        6211        6239         16
        6211        6246         24
        6211        6250          9
        6211        6252         18
        6211        6260        179
        6211        6261          9
        6211        6264         13
        6211       11038         13
        6211       98008          9
        6211       99998         13
        6212        1044         23
        6212        1237          9
        6212        1339          9
        6212        4583          8
        6212        5093         13
        6212        5100         20
        6212        5125         18
        6212        5137         38
        6212        5139         20
        6212        6006         61
        6212        6011         19
        6212        6029         11
        6212        6031         41
        6212        6041          9
        6212        6050        111
        6212        6054         20
        6212        6060         10
        6212        6108         53
        6212        6123         71
        6212        6125         39
        6212        6127         40
        6212        6142         17
        6212        6154         15
        6212        6173         65
        6212        6177          7
        6212        6180         19
        6212        6185         58
        6212        6188         47
        6212        6189         27
        6212        6190         32
        6212        6193         60
        6212        6197         73
        6212        6199         32
        6212        6200         75
        6212        6201          8
        6212        6202         27
        6212        6204         14
        6212        6207         34
        6212        6212         22
        6212        6215          7
        6212        6220         17
        6212        6222         64
        6212        6223        103
        6212        6225         13
        6212        6226         34
        6212        6230         40
        6212        6232         21
        6212        6235         13
        6212        6236         17
        6212        6239          8
        6212        6244         42
        6212        6261         23
        6212       11010         10
        6212       11021         10
        6212       12185         34
        6212       98008         17
        6213        1058         13
        6213        4456         40
        6213        4578        112
        6213        5024         48
        6213        5034         49
        6213        5050         16
        6213        5108         18
        6213        5117         31
        6213        5134         81
        6213        5183         18
        6213        6002         81
        6213        6008         13
        6213        6029         79
        6213        6032         84
        6213        6033         27
        6213        6036          4
        6213        6054          8
        6213        6055         16
        6213        6130         30
        6213        6141         16
        6213        6142         58
        6213        6150         16
        6213        6154         17
        6213        6156         24
        6213        6161         26
        6213        6166         17
        6213        6169         63
        6213        6170         83
        6213        6172         20
        6213        6179          7
        6213        6180         17
        6213        6184         33
        6213        6185         24
        6213        6190         98
        6213        6191          9
        6213        6195         28
        6213        6198         99
        6213        6208          4
        6213        6209         13
        6213        6210         24
        6213        6213         38
        6213        6214         15
        6213        6216         19
        6213        6218          4
        6213        6223         15
        6213        6225         41
        6213        6233         41
        6213        6236         40
        6213        6237         81
        6213        6238        112
        6213        6239         47
        6213        6243        141
        6213        6244         13
        6213        6245         28
        6213        6247        125
        6213        6248         16
        6213        6250         17
        6213        6256         30
        6213       11004         35
        6213       11078         41
        6213       99998         12
        6214        1035          7
        6214        4400          5
        6214        4402         33
        6214        5005         34
        6214        5016         17
        6214        5025         99
        6214        5063         29
        6214        5125         62
        6214        5135          5
        6214        5139          7
        6214        5198         30
        6214        5308         59
        6214        5309          7
        6214        5311         52
        6214        5390         53
        6214        6024         13
        6214        6031         17
        6214        6045         19
        6214        6047         13
        6214        6054         22
        6214        6057          5
        6214        6110         26
        6214        6139         16
        6214        6146        126
        6214        6153         32
        6214        6158         12
        6214        6159         93
        6214        6161         37
        6214        6163         59
        6214        6171          9
        6214        6175         31
        6214        6176         11
        6214        6180         81
        6214        6181        258
        6214        6195         55
        6214        6196         28
        6214        6201         43
        6214        6204         49
        6214        6205        110
        6214        6207         34
        6214        6208         15
        6214        6209        111
        6214        6213         15
        6214        6214         38
        6214        6215         19
        6214        6222        101
        6214        6223         19
        6214        6225         26
        6214        6226         18
        6214        6227        192
        6214        6228         32
        6214        6229         78
        6214        6230        101
        6214        6232         26
        6214        6233         28
        6214        6234         77
        6214        6235         30
        6214        6237         30
        6214        6239        224
        6214        6244         42
        6214        6245         38
        6214        6246         19
        6214        6251         46
        6214        6256         99
        6214        6262         70
        6214        6263         49
        6214       12279         51
        6214       23014         29
        6214       24002         94
        6214       98008         13
        6215        1365         11
        6215        5012         37
        6215        5021          7
        6215        5034         22
        6215        5072         16
        6215        5075         16
        6215        5108          8
        6215        5137         11
        6215        5149         23
        6215        5183         87
        6215        5191          7
        6215        5393         16
        6215        6001         13
        6215        6014          9
        6215        6030        123
        6215        6031         42
        6215        6036         96
        6215        6050         21
        6215        6056          7
        6215        6064        125
        6215        6112         33
        6215        6121         86
        6215        6142         47
        6215        6145          9
        6215        6146         46
        6215        6147         14
        6215        6150         10
        6215        6158         10
        6215        6160         12
        6215        6161         30
        6215        6170         63
        6215        6172         16
        6215        6179          9
        6215        6185         24
        6215        6189         59
        6215        6190         38
        6215        6192          3
        6215        6193         66
        6215        6201        437
        6215        6204         51
        6215        6205        191
        6215        6208          6
        6215        6209         31
        6215        6212         10
        6215        6215        267
        6215        6217         83
        6215        6220        166
        6215        6221         92
        6215        6222        294
        6215        6223        105
        6215        6225        145
        6215        6228         39
        6215        6229          8
        6215        6230         92
        6215        6231         31
        6215        6233        192
        6215        6235         87
        6215        6238          7
        6215        6239         17
        6215        6240         11
        6215        6242         20
        6215        6244        249
        6215        6246         55
        6215        6248         56
        6215        6250        265
        6215        6251         41
        6215        6259         14
        6215        6260         14
        6215        6261         72
        6215       11009         34
        6215       11068         87
        6215       11136         14
        6215       11140          8
        6215       13175          8
        6215       23047         16
        6215       98008         16
        6215       99998        147
        6216        1045         22
        6216        1063         48
        6216        1412         12
        6216        1629          4
        6216        4577         31
        6216        5010         14
        6216        5025         53
        6216        5042          9
        6216        5125         73
        6216        5134         12
        6216        5136          8
        6216        5146         28
        6216        5153         41
        6216        5304         26
        6216        6008         36
        6216        6016         80
        6216        6020         12
        6216        6029         51
        6216        6030         55
        6216        6031        180
        6216        6032        198
        6216        6038         73
        6216        6041        111
        6216        6044         17
        6216        6048        105
        6216        6052         18
        6216        6054        209
        6216        6055         23
        6216        6056         38
        6216        6057          4
        6216        6077          9
        6216        6088          7
        6216        6090         61
        6216        6092         28
        6216        6101         31
        6216        6108          8
        6216        6133         21
        6216        6145         19
        6216        6148         11
        6216        6150         19
        6216        6158          5
        6216        6161         18
        6216        6162         25
        6216        6163         27
        6216        6164         95
        6216        6170        108
        6216        6173         72
        6216        6181         52
        6216        6185          9
        6216        6190         48
        6216        6192         11
        6216        6195         16
        6216        6199         44
        6216        6202          7
        6216        6208         33
        6216        6209         42
        6216        6210         35
        6216        6213         15
        6216        6216        167
        6216        6218         17
        6216        6220         22
        6216        6222         35
        6216        6224         29
        6216        6225        301
        6216        6228         32
        6216        6230         20
        6216        6232         52
        6216        6235         19
        6216        6237        126
        6216        6238         18
        6216        6239         12
        6216        6241         66
        6216        6242          8
        6216        6243         69
        6216        6245         19
        6216        6247        206
        6216        6250         54
        6216        6264         65
        6216       12272         22
        6216       23029          7
        6216       23038          8
        6217        1092          8
        6217        1212         12
        6217        1291         19
        6217        1369          4
        6217        4558          5
        6217        4694          5
        6217        5004         88
        6217        5134         60
        6217        6015         21
        6217        6028         34
        6217        6030         11
        6217        6031         43
        6217        6045         10
        6217        6091         16
        6217        6099         38
        6217        6128         18
        6217        6147          8
        6217        6148          8
        6217        6150         59
        6217        6154         39
        6217        6155         17
        6217        6161          4
        6217        6166         59
        6217        6172         24
        6217        6174         59
        6217        6180          8
        6217        6182         45
        6217        6184          4
        6217        6190         19
        6217        6191        114
        6217        6192         60
        6217        6195          5
        6217        6197          5
        6217        6217         38
        6217        6218         16
        6217        6221         58
        6217        6224         31
        6217        6225         55
        6217        6228        120
        6217        6229         91
        6217        6232         15
        6217        6234         26
        6217        6236         24
        6217        6237         42
        6217        6239         40
        6217        6243         16
        6217        6244         83
        6217        6245         66
        6217        6246         11
        6217        6247         12
        6217        6250         41
        6217        6263          4
        6217        6265         39
        6217       11279          4
        6218        1065         20
        6218        1319          7
        6218        1392         46
        6218        4456         30
        6218        4734         47
        6218        5055         47
        6218        5098          4
        6218        5236          5
        6218        5322         30
        6218        6002         27
        6218        6031         11
        6218        6032         19
        6218        6049         33
        6218        6050         17
        6218        6053         18
        6218        6083         15
        6218        6088         12
        6218        6107         66
        6218        6110        164
        6218        6115         24
        6218        6124         41
        6218        6127         62
        6218        6150         18
        6218        6151         30
        6218        6159        160
        6218        6163         15
        6218        6165         17
        6218        6172         25
        6218        6179         20
        6218        6180         50
        6218        6181         61
        6218        6185         15
        6218        6190          7
        6218        6195         42
        6218        6201         32
        6218        6204         44
        6218        6208          3
        6218        6209          4
        6218        6213          4
        6218        6214         51
        6218        6217         16
        6218        6219         32
        6218        6221         12
        6218        6224        135
        6218        6228         56
        6218        6230        272
        6218        6237         34
        6218        6239          9
        6218        6241         43
        6218        6243        140
        6218        6244        298
        6218        6245         59
        6218        6248          5
        6218        6253         57
        6218       11086          5
        6218       11130          9
        6218       23029         18
        6219        5134         51
        6219        6025         21
        6219        6108         39
        6219        6112         33
        6219        6118         26
        6219        6123          9
        6219        6129         31
        6219        6132        115
        6219        6164          7
        6219        6171         27
        6219        6172         14
        6219        6176         18
        6219        6179         23
        6219        6182         12
        6219        6185         44
        6219        6190         15
        6219        6192          5
        6219        6197         15
        6219        6199        116
        6219        6200         12
        6219        6203         66
        6219        6218         32
        6219        6230         37
        6219        6253         12
        6219        6254         47
        6219        6263         15
        6220        1072         26
        6220        1079         13
        6220        1302         21
        6220        1330         62
        6220        4511         26
        6220        4627         12
        6220        5013         24
        6220        5117         21
        6220        5132         74
        6220        5135         18
        6220        5140         10
        6220        5293          6
        6220        6005         41
        6220        6018         25
        6220        6023         21
        6220        6030         18
        6220        6048         30
        6220        6050         86
        6220        6054         35
        6220        6081        145
        6220        6098         62
        6220        6123         73
        6220        6132         18
        6220        6142        126
        6220        6148         76
        6220        6153         19
        6220        6154         40
        6220        6155         17
        6220        6158         34
        6220        6159         39
        6220        6161        814
        6220        6162         27
        6220        6167         18
        6220        6168         17
        6220        6170         30
        6220        6173         31
        6220        6179         16
        6220        6185          6
        6220        6186        157
        6220        6189         45
        6220        6193         99
        6220        6194         16
        6220        6195        360
        6220        6197         18
        6220        6199         41
        6220        6201        106
        6220        6202          9
        6220        6203         41
        6220        6204         79
        6220        6205         77
        6220        6207        257
        6220        6209         17
        6220        6212         12
        6220        6215        232
        6220        6218         23
        6220        6220        176
        6220        6222         10
        6220        6223         91
        6220        6224         52
        6220        6229        374
        6220        6230         12
        6220        6231          9
        6220        6232         24
        6220        6233         33
        6220        6234         21
        6220        6236         19
        6220        6237         17
        6220        6238        509
        6220        6239         25
        6220        6241         34
        6220        6243        146
        6220        6244         62
        6220        6250         14
        6220        6254         41
        6220        6256         32
        6220        6261         24
        6220       11021         17
        6220       11089          7
        6220       12125         19
        6220       12414         11
        6220       16164         16
        6220       23029         76
        6221        1092         44
        6221        4694         18
        6221        5108        103
        6221        5150         17
        6221        5282         22
        6221        6015         13
        6221        6038         12
        6221        6048        170
        6221        6066        170
        6221        6082         16
        6221        6088         21
        6221        6125         13
        6221        6127         17
        6221        6128         90
        6221        6148         15
        6221        6150         41
        6221        6164         15
        6221        6172         11
        6221        6180         21
        6221        6183         22
        6221        6191          6
        6221        6192         42
        6221        6194         45
        6221        6195         92
        6221        6196         92
        6221        6205         17
        6221        6213          4
        6221        6215         92
        6221        6217         47
        6221        6222         81
        6221        6226         14
        6221        6235         20
        6221        6237         51
        6221        6238         20
        6221        6243         69
        6221        6244         45
        6221        6245         17
        6221        6254         34
        6221       11140         25
        6222        1051         27
        6222        1149         58
        6222        1350         58
        6222        1378         58
        6222        2115         22
        6222        4299         34
        6222        4438          5
        6222        5025         19
        6222        5026          7
        6222        5034          5
        6222        5035         21
        6222        5139         36
        6222        6014          9
        6222        6018         13
        6222        6020         12
        6222        6023         29
        6222        6029         58
        6222        6030         53
        6222        6031         41
        6222        6033         13
        6222        6038         12
        6222        6041         13
        6222        6044         35
        6222        6045         18
        6222        6046         17
        6222        6049         28
        6222        6050         10
        6222        6053         24
        6222        6057         26
        6222        6061         56
        6222        6098         20
        6222        6100         29
        6222        6107         11
        6222        6133         66
        6222        6134         39
        6222        6139         10
        6222        6145          5
        6222        6146         51
        6222        6148         30
        6222        6150        124
        6222        6154         11
        6222        6158         84
        6222        6159         19
        6222        6160         13
        6222        6163         60
        6222        6167        268
        6222        6170         20
        6222        6171         25
        6222        6172         56
        6222        6174         83
        6222        6176          8
        6222        6179         26
        6222        6180         25
        6222        6181         26
        6222        6183         13
        6222        6185          7
        6222        6186         33
        6222        6187         21
        6222        6189         22
        6222        6190         53
        6222        6193         31
        6222        6194         25
        6222        6195         17
        6222        6199         88
        6222        6201         16
        6222        6202         14
        6222        6204         99
        6222        6205         23
        6222        6207         32
        6222        6208         13
        6222        6209         15
        6222        6212         40
        6222        6214         45
        6222        6215        305
        6222        6219         14
        6222        6220         10
        6222        6221         39
        6222        6222         61
        6222        6223         18
        6222        6225        257
        6222        6226         25
        6222        6228         46
        6222        6229        152
        6222        6230         32
        6222        6231         41
        6222        6232         11
        6222        6233         76
        6222        6234         16
        6222        6235         10
        6222        6237         35
        6222        6241         34
        6222        6243        129
        6222        6244         91
        6222        6247         38
        6222        6250         62
        6222        6256         16
        6222        6258         23
        6222       23038          5
        6222       98008         19
        6223        4511         70
        6223        5011          3
        6223        5099         17
        6223        5101          3
        6223        6030         18
        6223        6045         22
        6223        6104         24
        6223        6107         32
        6223        6115         20
        6223        6118         38
        6223        6119          5
        6223        6120         25
        6223        6121         18
        6223        6123        110
        6223        6125         24
        6223        6134          4
        6223        6142         22
        6223        6150         26
        6223        6162         10
        6223        6163         21
        6223        6165         35
        6223        6168         19
        6223        6171        121
        6223        6173         26
        6223        6175         41
        6223        6177         54
        6223        6178         20
        6223        6179         37
        6223        6180         19
        6223        6181         28
        6223        6182        140
        6223        6185        184
        6223        6188         51
        6223        6189        356
        6223        6190          5
        6223        6191         12
        6223        6193         16
        6223        6197         60
        6223        6199        236
        6223        6200        165
        6223        6201        142
        6223        6202         36
        6223        6203         23
        6223        6204        375
        6223        6205         77
        6223        6207        204
        6223        6208         20
        6223        6209          4
        6223        6211        171
        6223        6212        142
        6223        6213          7
        6223        6214         38
        6223        6215        109
        6223        6220        122
        6223        6222         28
        6223        6223        529
        6223        6224         13
        6223        6226         84
        6223        6228         34
        6223        6229        164
        6223        6230        108
        6223        6234         72
        6223        6235        227
        6223        6237         25
        6223        6239         45
        6223        6240         17
        6223        6243         16
        6223        6244         25
        6223        6250        130
        6223        6253         28
        6223        6256         67
        6223        6260         51
        6223        6263        121
        6223        6264         78
        6223        6265         38
        6224        1005          7
        6224        1051          7
        6224        1123         19
        6224        1334          9
        6224        3228         50
        6224        4086         69
        6224        4490          4
        6224        4530         29
        6224        5005         56
        6224        5014          5
        6224        5024         32
        6224        5052         37
        6224        5115          4
        6224        5117         15
        6224        5129         26
        6224        5134         32
        6224        5210          4
        6224        6013         23
        6224        6027         24
        6224        6029         49
        6224        6030         22
        6224        6031         24
        6224        6032         69
        6224        6033          4
        6224        6041         26
        6224        6053          4
        6224        6054         18
        6224        6079         26
        6224        6087         10
        6224        6142         27
        6224        6145        109
        6224        6146         57
        6224        6148         56
        6224        6154         54
        6224        6158         73
        6224        6163         56
        6224        6164         27
        6224        6169          4
        6224        6173         17
        6224        6175         13
        6224        6180        120
        6224        6186        113
        6224        6189         25
        6224        6190         30
        6224        6191         24
        6224        6192         46
        6224        6194         55
        6224        6196         13
        6224        6207         15
        6224        6208         65
        6224        6209         72
        6224        6211        235
        6224        6213         46
        6224        6214         37
        6224        6216         34
        6224        6217         31
        6224        6218         79
        6224        6220         77
        6224        6224        187
        6224        6225         80
        6224        6226         12
        6224        6227         29
        6224        6228         63
        6224        6229         69
        6224        6234         25
        6224        6235         18
        6224        6237        191
        6224        6239        103
        6224        6240          7
        6224        6241         26
        6224        6243         44
        6224        6244          4
        6224        6246         10
        6224        6247        118
        6224        6250         28
        6224        6265         87
        6224       11034          4
        6224       11109          8
        6224       13084          7
        6224       98006         15
        6224       99998          4
        6225        4468         37
        6225        4659         25
        6225        5026         48
        6225        5100         14
        6225        5101        107
        6225        5105         14
        6225        5134         17
        6225        5140         46
        6225        5146         18
        6225        5152         15
        6225        6002         10
        6225        6008         89
        6225        6011         37
        6225        6012         43
        6225        6013         18
        6225        6014         77
        6225        6015         20
        6225        6018         47
        6225        6025         13
        6225        6028        139
        6225        6029        238
        6225        6030        179
        6225        6031        364
        6225        6032        433
        6225        6033         11
        6225        6034         15
        6225        6036         66
        6225        6037         69
        6225        6038         81
        6225        6041         18
        6225        6044         26
        6225        6045         15
        6225        6048         13
        6225        6050         19
        6225        6051          8
        6225        6053         20
        6225        6054         26
        6225        6060         26
        6225        6061         32
        6225        6066         35
        6225        6067         17
        6225        6077         24
        6225        6092         41
        6225        6104         14
        6225        6107         23
        6225        6118         51
        6225        6125         21
        6225        6143         24
        6225        6144         32
        6225        6145          9
        6225        6147         18
        6225        6148          9
        6225        6151        117
        6225        6152          8
        6225        6154         11
        6225        6159         14
        6225        6160         23
        6225        6161         27
        6225        6163         41
        6225        6164        105
        6225        6169         10
        6225        6170         10
        6225        6181         39
        6225        6183         17
        6225        6188         22
        6225        6192        101
        6225        6193         34
        6225        6194         21
        6225        6195        111
        6225        6199         31
        6225        6208         57
        6225        6209         15
        6225        6212         31
        6225        6215        145
        6225        6216        320
        6225        6217         55
        6225        6221         13
        6225        6222        350
        6225        6224        126
        6225        6225        551
        6225        6227         59
        6225        6228        279
        6225        6230         35
        6225        6231          9
        6225        6232         42
        6225        6233         30
        6225        6235         15
        6225        6237        244
        6225        6238         28
        6225        6241        157
        6225        6242         34
        6225        6243        198
        6225        6244         78
        6225        6245         53
        6225        6246         43
        6225        6247        416
        6225        6248         26
        6225        6250        132
        6225        6251         20
        6225        6252         27
        6225        6254         26
        6225        6255         13
        6225        6258         16
        6225       12178         14
        6225       12272         29
        6225       12335         29
        6225       23012         17
        6225       23041         56
        6225       98007         12
        6225       98008         39
        6225       99998         25
        6226        1112         11
        6226        1414         26
        6226        5021         25
        6226        5034         22
        6226        5041         14
        6226        5115         33
        6226        5149         13
        6226        5211         23
        6226        5228          5
        6226        6014         17
        6226        6030         54
        6226        6062         28
        6226        6074          9
        6226        6104         55
        6226        6123         36
        6226        6130         35
        6226        6142         12
        6226        6144         28
        6226        6150         20
        6226        6161         33
        6226        6162         27
        6226        6168         20
        6226        6169        143
        6226        6172        118
        6226        6176         17
        6226        6179         26
        6226        6182         34
        6226        6185          5
        6226        6187         26
        6226        6188          6
        6226        6189        104
        6226        6190         35
        6226        6197          8
        6226        6201         39
        6226        6202         64
        6226        6203         12
        6226        6204         49
        6226        6207          8
        6226        6211          9
        6226        6212         50
        6226        6220         25
        6226        6221         14
        6226        6222         25
        6226        6223        241
        6226        6224         12
        6226        6226         16
        6226        6228         14
        6226        6230         99
        6226        6239         16
        6226        6240         12
        6226        6243         55
        6226        6245         19
        6226        6246         44
        6226        6247         23
        6226        6248          5
        6226        6251         14
        6226        6256         18
        6226        6258         17
        6226        6263         81
        6226        6264         70
        6226       11084         16
        6226       98008         79
        6227        1072         24
        6227        1328         28
        6227        2148         17
        6227        5004         35
        6227        5010        101
        6227        5016         16
        6227        5030         11
        6227        5076         19
        6227        5104         21
        6227        5115         14
        6227        5134         35
        6227        5135         17
        6227        5140         14
        6227        5288          4
        6227        5294         76
        6227        6001          4
        6227        6024         76
        6227        6030          6
        6227        6035          6
        6227        6041         18
        6227        6044         32
        6227        6054         80
        6227        6056         27
        6227        6077         23
        6227        6108         59
        6227        6123         35
        6227        6130          4
        6227        6134         38
        6227        6155         45
        6227        6157          9
        6227        6159         27
        6227        6166         17
        6227        6171         29
        6227        6180        100
        6227        6186         57
        6227        6187        130
        6227        6190         22
        6227        6191         17
        6227        6192         25
        6227        6193         25
        6227        6195         24
        6227        6199         23
        6227        6214        155
        6227        6217         11
        6227        6224         74
        6227        6225         20
        6227        6227         24
        6227        6228         82
        6227        6233         40
        6227        6234         35
        6227        6237         69
        6227        6238         11
        6227        6243         22
        6227        6245         15
        6227        6247         13
        6227        6250         70
        6227        6264         66
        6227       99998         20
        6228        1061         15
        6228        1306         10
        6228        1574         17
        6228        1577         14
        6228        3027         19
        6228        3315         21
        6228        4398          9
        6228        4451          4
        6228        4696         15
        6228        5001         18
        6228        5011         21
        6228        5017         19
        6228        5050         11
        6228        5078         15
        6228        5081          6
        6228        5101         13
        6228        5125         25
        6228        5144         15
        6228        5146         16
        6228        5160         17
        6228        5261         22
        6228        5382         17
        6228        6006         30
        6228        6008         15
        6228        6014         50
        6228        6024         46
        6228        6025         15
        6228        6026         35
        6228        6029         12
        6228        6031         22
        6228        6041         19
        6228        6044         31
        6228        6046         42
        6228        6048         22
        6228        6053          9
        6228        6057         18
        6228        6058         15
        6228        6061         14
        6228        6096          9
        6228        6108         19
        6228        6123         42
        6228        6128         14
        6228        6130         51
        6228        6145         45
        6228        6147         19
        6228        6148         21
        6228        6150         13
        6228        6160         51
        6228        6161         64
        6228        6164          4
        6228        6171         19
        6228        6176         15
        6228        6180         36
        6228        6186          8
        6228        6190         50
        6228        6191        273
        6228        6192         36
        6228        6193        109
        6228        6194         56
        6228        6195         11
        6228        6196         15
        6228        6197         30
        6228        6198         43
        6228        6202         14
        6228        6205         57
        6228        6208        114
        6228        6209         17
        6228        6211         25
        6228        6213         48
        6228        6215         45
        6228        6217         90
        6228        6218         69
        6228        6220         11
        6228        6222          9
        6228        6224         91
        6228        6225        238
        6228        6227         82
        6228        6228         93
        6228        6229         28
        6228        6231         59
        6228        6232         14
        6228        6233         32
        6228        6234         42
        6228        6235         12
        6228        6236         21
        6228        6237         93
        6228        6238         18
        6228        6239         44
        6228        6241         93
        6228        6243         67
        6228        6244         50
        6228        6245         55
        6228        6246         14
        6228        6247        162
        6228        6250         63
        6228        6264         22
        6228       11004          8
        6228       12235         37
        6228       23027         10
        6228       27066         26
        6228       98006          8
        6229        1293         11
        6229        1313          5
        6229        1363         31
        6229        3021         39
        6229        4404         15
        6229        4506         64
        6229        5004          6
        6229        5123         67
        6229        5212         21
        6229        5214         14
        6229        6020         96
        6229        6028         16
        6229        6031         30
        6229        6032         50
        6229        6036         18
        6229        6044         26
        6229        6054         61
        6229        6056        119
        6229        6058         13
        6229        6088         15
        6229        6092         19
        6229        6108         34
        6229        6129         64
        6229        6143         43
        6229        6145        189
        6229        6146         46
        6229        6149         68
        6229        6150         48
        6229        6151         35
        6229        6153         27
        6229        6161         31
        6229        6162         24
        6229        6163         60
        6229        6164         23
        6229        6165         42
        6229        6166         97
        6229        6168         20
        6229        6173         16
        6229        6175         48
        6229        6176         17
        6229        6178         43
        6229        6180         38
        6229        6185         14
        6229        6187         88
        6229        6189         27
        6229        6190         13
        6229        6191         48
        6229        6195         70
        6229        6197         85
        6229        6201         62
        6229        6205        122
        6229        6208          9
        6229        6213         13
        6229        6214        143
        6229        6215         11
        6229        6217         91
        6229        6218         96
        6229        6220        353
        6229        6222        167
        6229        6223        113
        6229        6224         69
        6229        6226         48
        6229        6228         14
        6229        6229         52
        6229        6230         63
        6229        6231          9
        6229        6232         14
        6229        6233        287
        6229        6237         21
        6229        6238         36
        6229        6239        270
        6229        6240         31
        6229        6243         44
        6229        6244         60
        6229        6245        101
        6229        6246         46
        6229        6250        141
        6229       98008         14
        6230        1063         11
        6230        1064         13
        6230        1084          6
        6230        4103          6
        6230        4471         18
        6230        4511         24
        6230        4731          8
        6230        5042        102
        6230        5063         26
        6230        5141         29
        6230        5144         15
        6230        5146          8
        6230        6006        128
        6230        6014         39
        6230        6044         22
        6230        6053         12
        6230        6054          6
        6230        6057         15
        6230        6062         12
        6230        6068         10
        6230        6086         12
        6230        6103         25
        6230        6106         78
        6230        6108         13
        6230        6113         10
        6230        6114         37
        6230        6117         38
        6230        6122         47
        6230        6130        102
        6230        6131         15
        6230        6139         22
        6230        6143         30
        6230        6145         19
        6230        6147         12
        6230        6150         71
        6230        6154         10
        6230        6159         19
        6230        6160         18
        6230        6163         24
        6230        6165         32
        6230        6168         76
        6230        6172          5
        6230        6178         20
        6230        6180         13
        6230        6181         10
        6230        6182        124
        6230        6189         20
        6230        6190        114
        6230        6193          7
        6230        6194          5
        6230        6197          8
        6230        6199         16
        6230        6201         23
        6230        6202         52
        6230        6204         59
        6230        6205          5
        6230        6207         19
        6230        6209         84
        6230        6212         54
        6230        6214         55
        6230        6215        106
        6230        6218         86
        6230        6220         57
        6230        6223         72
        6230        6225         20
        6230        6226        153
        6230        6230        474
        6230        6234         52
        6230        6235        249
        6230        6236         32
        6230        6238         46
        6230        6239         31
        6230        6240         30
        6230        6242         24
        6230        6244         14
        6230        6245         20
        6230        6250        234
        6230        6251         60
        6230        6253        131
        6230        6265         33
        6230       23030         23
        6231        5008        141
        6231        5115         16
        6231        5125         80
        6231        5142          5
        6231        6005         17
        6231        6007         14
        6231        6012         11
        6231        6014        166
        6231        6018         14
        6231        6030         37
        6231        6031         29
        6231        6032         45
        6231        6041         24
        6231        6045         10
        6231        6053         89
        6231        6061         27
        6231        6066        147
        6231        6069         23
        6231        6093         14
        6231        6104         11
        6231        6107         89
        6231        6110         27
        6231        6121         66
        6231        6123         31
        6231        6126         25
        6231        6133         90
        6231        6145         35
        6231        6146         20
        6231        6148          9
        6231        6150          7
        6231        6151         68
        6231        6153         32
        6231        6154          7
        6231        6158         36
        6231        6159        104
        6231        6162         70
        6231        6166         66
        6231        6167         10
        6231        6169         19
        6231        6170         21
        6231        6172          8
        6231        6173         55
        6231        6174         27
        6231        6176         67
        6231        6180          6
        6231        6186         23
        6231        6191          3
        6231        6194          8
        6231        6195         44
        6231        6196         31
        6231        6199         24
        6231        6201         71
        6231        6208          5
        6231        6213         24
        6231        6215         31
        6231        6220         28
        6231        6225          9
        6231        6228         13
        6231        6229          9
        6231        6232          3
        6231        6235         12
        6231        6239         17
        6231        6240          8
        6231        6241         40
        6231        6243         56
        6231        6244         26
        6231        6245         50
        6231        6247         58
        6231        6250        154
        6231        6251         67
        6231        6256         47
        6231        6258         27
        6232        6008         11
        6232        6011         86
        6232        6029         56
        6232        6030         42
        6232        6031         21
        6232        6032         31
        6232        6034         44
        6232        6036         16
        6232        6048        173
        6232        6053         15
        6232        6054         16
        6232        6066         56
        6232        6088         36
        6232        6100         19
        6232        6109          9
        6232        6110        176
        6232        6122         17
        6232        6124         56
        6232        6143         32
        6232        6146         98
        6232        6148         27
        6232        6154         46
        6232        6159          9
        6232        6161         11
        6232        6168         37
        6232        6186         47
        6232        6187         28
        6232        6192         40
        6232        6196         77
        6232        6205         24
        6232        6208         42
        6232        6211         15
        6232        6212         21
        6232        6214         26
        6232        6216         52
        6232        6217         11
        6232        6220         24
        6232        6225         42
        6232        6228         71
        6232        6229         14
        6232        6231          3
        6232        6233         18
        6232        6234        195
        6232        6237         33
        6232        6238         23
        6232        6240         42
        6232        6241         17
        6232        6243         16
        6232        6248          9
        6232        6250         10
        6232        6255         91
        6233        1029         19
        6233        1430          6
        6233        4656          8
        6233        5135        109
        6233        5144         81
        6233        5200         23
        6233        5304         32
        6233        6006         13
        6233        6011         45
        6233        6014         16
        6233        6035         31
        6233        6038         28
        6233        6045         17
        6233        6050         21
        6233        6054        219
        6233        6060         23
        6233        6099         64
        6233        6100         53
        6233        6103         34
        6233        6107        104
        6233        6108         14
        6233        6122         46
        6233        6129         25
        6233        6142         13
        6233        6143         23
        6233        6144         17
        6233        6145         30
        6233        6146         18
        6233        6148         34
        6233        6151         30
        6233        6154        235
        6233        6158         29
        6233        6161         11
        6233        6162          8
        6233        6164         36
        6233        6166          5
        6233        6174         15
        6233        6179         13
        6233        6181         77
        6233        6182         34
        6233        6185         33
        6233        6189         25
        6233        6193         16
        6233        6195         22
        6233        6197         12
        6233        6198          5
        6233        6199         22
        6233        6200         18
        6233        6204        194
        6233        6205         26
        6233        6207         35
        6233        6208          3
        6233        6212         27
        6233        6213         41
        6233        6214         28
        6233        6215         19
        6233        6220         32
        6233        6222         25
        6233        6225         72
        6233        6228         57
        6233        6229        198
        6233        6232         18
        6233        6237         13
        6233        6239         45
        6233        6244         10
        6233        6245         41
        6233        6246         17
        6233        6247         36
        6233        6248        202
        6233        6250         36
        6233        6260         20
        6233        6264         10
        6233        6265         10
        6233       24009         32
        6234        1052         26
        6234        1313         11
        6234        3285        135
        6234        4139         18
        6234        5009         32
        6234        5010         32
        6234        5016         19
        6234        5030         24
        6234        5034         19
        6234        5049          6
        6234        5100         31
        6234        5108         76
        6234        5112         13
        6234        5116         19
        6234        5134         42
        6234        5145         11
        6234        5224         29
        6234        5261         28
        6234        5286         11
        6234        6018         21
        6234        6027         30
        6234        6028         16
        6234        6045         16
        6234        6048         27
        6234        6054         19
        6234        6076         10
        6234        6087         12
        6234        6099         11
        6234        6155         35
        6234        6165          8
        6234        6167         30
        6234        6173         11
        6234        6176         27
        6234        6177          7
        6234        6178         34
        6234        6180         40
        6234        6185         87
        6234        6190          7
        6234        6191         34
        6234        6192          6
        6234        6193         11
        6234        6194          6
        6234        6195          9
        6234        6205         17
        6234        6209        106
        6234        6214         19
        6234        6218         47
        6234        6222         24
        6234        6223         16
        6234        6224         17
        6234        6225         60
        6234        6230         28
        6234        6232        195
        6234        6237         27
        6234        6239         16
        6234        6240         10
        6234        6241         34
        6234        6242         31
        6234        6243        281
        6234        6247         33
        6234        6248         30
        6234        6250         79
        6234        6261         20
        6234        6265         41
        6234       13112         30
        6234       23021         23
        6235        1108         15
        6235        1317          5
        6235        5004          5
        6235        5105         20
        6235        5150         12
        6235        5174         11
        6235        5193          9
        6235        5200         19
        6235        5214         11
        6235        5389         23
        6235        6008         10
        6235        6025          5
        6235        6029         15
        6235        6041         38
        6235        6045         19
        6235        6048         11
        6235        6050         16
        6235        6055         34
        6235        6060         29
        6235        6064         21
        6235        6083         37
        6235        6107        121
        6235        6113         21
        6235        6128        149
        6235        6144         37
        6235        6157        204
        6235        6170        113
        6235        6175        266
        6235        6190         76
        6235        6192         22
        6235        6195         12
        6235        6200         25
        6235        6201        312
        6235        6202         17
        6235        6204          5
        6235        6205         35
        6235        6207         21
        6235        6208         27
        6235        6209          8
        6235        6212         86
        6235        6214         30
        6235        6215         35
        6235        6222         10
        6235        6223        141
        6235        6225         34
        6235        6226         67
        6235        6228         12
        6235        6230        235
        6235        6231         12
        6235        6237         19
        6235        6238         13
        6235        6239         36
        6235        6241         44
        6235        6243         17
        6235        6244         70
        6235        6246          5
        6235        6250         45
        6235        6263         35
        6235        6264         68
        6236        1074         20
        6236        5151         42
        6236        6018         43
        6236        6031         11
        6236        6044        133
        6236        6092         38
        6236        6114         15
        6236        6119         41
        6236        6121         20
        6236        6125         18
        6236        6126         25
        6236        6138         54
        6236        6145         25
        6236        6146         63
        6236        6148         33
        6236        6154         27
        6236        6157         12
        6236        6159         21
        6236        6167         79
        6236        6170         59
        6236        6176         21
        6236        6189         34
        6236        6192         11
        6236        6195          9
        6236        6200        130
        6236        6205         10
        6236        6213         40
        6236        6217         24
        6236        6218         85
        6236        6224         15
        6236        6226         17
        6236        6228         21
        6236        6230         18
        6236        6241        116
        6236       11093         24
        6236       11441         13
        6237        1269          8
        6237        1315          8
        6237        1330         15
        6237        4451          4
        6237        5024          6
        6237        5034         35
        6237        5070          4
        6237        5126         39
        6237        5153         24
        6237        5388         16
        6237        6001         10
        6237        6004         10
        6237        6014         12
        6237        6024          8
        6237        6029         33
        6237        6030          5
        6237        6031         17
        6237        6032         24
        6237        6033         13
        6237        6041         50
        6237        6046         56
        6237        6052          4
        6237        6053         10
        6237        6054         98
        6237        6069          8
        6237        6088         32
        6237        6107          9
        6237        6110         10
        6237        6119         17
        6237        6121         17
        6237        6143          6
        6237        6145         87
        6237        6146          8
        6237        6149         33
        6237        6150         14
        6237        6156         11
        6237        6164         18
        6237        6168         31
        6237        6180          8
        6237        6183         51
        6237        6189          4
        6237        6192          4
        6237        6201         10
        6237        6205         26
        6237        6208        107
        6237        6213         97
        6237        6214         64
        6237        6215         87
        6237        6216        116
        6237        6217         79
        6237        6218        136
        6237        6221         73
        6237        6222         35
        6237        6223         10
        6237        6224        184
        6237        6225        221
        6237        6227        169
        6237        6228         33
        6237        6229         15
        6237        6233         34
        6237        6234         49
        6237        6235         19
        6237        6237         74
        6237        6238          6
        6237        6239         39
        6237        6240         33
        6237        6241         41
        6237        6243         86
        6237        6244         12
        6237        6245        234
        6237        6246          6
        6237        6247         23
        6237        6248          5
        6237        6249         23
        6237        6250         77
        6237       11266          4
        6237       11371          4
        6237       12272          5
        6237       23029         21
        6237       23039         36
        6237       24002          7
        6238        5115         41
        6238        6001         43
        6238        6003         12
        6238        6012          9
        6238        6018         10
        6238        6024         12
        6238        6025         12
        6238        6029         23
        6238        6032         28
        6238        6034         15
        6238        6038         15
        6238        6041         33
        6238        6044         19
        6238        6045         29
        6238        6047         10
        6238        6048         41
        6238        6050         23
        6238        6052         21
        6238        6054         21
        6238        6079         36
        6238        6104         20
        6238        6107          6
        6238        6119         59
        6238        6134         22
        6238        6144         11
        6238        6145         18
        6238        6146         98
        6238        6149         44
        6238        6151         39
        6238        6153         34
        6238        6155         36
        6238        6160        151
        6238        6161         44
        6238        6165         28
        6238        6170         36
        6238        6175         41
        6238        6179        111
        6238        6180        101
        6238        6185          6
        6238        6186         66
        6238        6191         86
        6238        6193         22
        6238        6195         22
        6238        6200         64
        6238        6202         27
        6238        6203         26
        6238        6208         30
        6238        6209         34
        6238        6213        112
        6238        6214         17
        6238        6215         37
        6238        6216         18
        6238        6218         37
        6238        6220        435
        6238        6222         30
        6238        6225         28
        6238        6226         17
        6238        6227         23
        6238        6228         18
        6238        6229         36
        6238        6232         23
        6238        6233         17
        6238        6234         40
        6238        6235         13
        6238        6236         10
        6238        6237         10
        6238        6240         25
        6238        6241         51
        6238        6244         43
        6238        6245         55
        6238        6246         18
        6238        6247         40
        6238        6250        100
        6238        6254         56
        6238        6256         33
        6238        6259          7
        6238        6263         25
        6238        6265         10
        6238       23012         46
        6238       98010        141
        6239        1063         15
        6239        3119         12
        6239        3303         35
        6239        4204         12
        6239        4718         15
        6239        5030         15
        6239        5076         35
        6239        5115         20
        6239        5136         14
        6239        5140         17
        6239        5150          6
        6239        5208         58
        6239        6001          6
        6239        6010         18
        6239        6011         41
        6239        6014        150
        6239        6015         14
        6239        6019         36
        6239        6021         18
        6239        6028         20
        6239        6030         30
        6239        6032         15
        6239        6046         16
        6239        6048         18
        6239        6050         46
        6239        6054         21
        6239        6055         23
        6239        6056         22
        6239        6060         26
        6239        6061         39
        6239        6088         10
        6239        6098         24
        6239        6106         18
        6239        6107          9
        6239        6111         10
        6239        6113         62
        6239        6114         22
        6239        6120         47
        6239        6122         46
        6239        6124         27
        6239        6134         39
        6239        6139         12
        6239        6145         65
        6239        6146         18
        6239        6148         28
        6239        6150        317
        6239        6151         14
        6239        6153         72
        6239        6154         18
        6239        6156         29
        6239        6157         20
        6239        6158         41
        6239        6160         11
        6239        6161         22
        6239        6162         32
        6239        6163         17
        6239        6164         34
        6239        6166         46
        6239        6170         19
        6239        6171         27
        6239        6172        136
        6239        6173         48
        6239        6175         23
        6239        6176        283
        6239        6177         22
        6239        6179         13
        6239        6181         21
        6239        6183         30
        6239        6185         51
        6239        6188         41
        6239        6190         27
        6239        6191         25
        6239        6192         39
        6239        6193          8
        6239        6195         46
        6239        6196         59
        6239        6197         21
        6239        6199         17
        6239        6200         22
        6239        6201         12
        6239        6205          9
        6239        6207         24
        6239        6209        279
        6239        6211         16
        6239        6212          8
        6239        6213         47
        6239        6214        102
        6239        6215         17
        6239        6216         16
        6239        6217         98
        6239        6218          9
        6239        6220         21
        6239        6222         22
        6239        6223         36
        6239        6224        103
        6239        6226         70
        6239        6228         45
        6239        6229        357
        6239        6230         55
        6239        6231         17
        6239        6233          9
        6239        6234         16
        6239        6235         36
        6239        6237          7
        6239        6239         52
        6239        6241         11
        6239        6243          8
        6239        6244        134
        6239        6246         80
        6239        6247         13
        6239        6250        152
        6239        6254        176
        6239        6255         13
        6239        6256         22
        6239        6262         17
        6239        6265         28
        6239       11137         12
        6239       13057         17
        6240        5034         12
        6240        5137          7
        6240        5153         24
        6240        5164         59
        6240        5297         78
        6240        6005         79
        6240        6029         42
        6240        6050          6
        6240        6082         41
        6240        6104         60
        6240        6145         89
        6240        6146         10
        6240        6152        112
        6240        6161         25
        6240        6162         93
        6240        6164         96
        6240        6167         19
        6240        6172         30
        6240        6178         24
        6240        6180         13
        6240        6193         11
        6240        6196         13
        6240        6222         16
        6240        6223         34
        6240        6224          7
        6240        6226         12
        6240        6228         11
        6240        6229         15
        6240        6230         30
        6240        6231          8
        6240        6234         10
        6240        6241         57
        6240        6243         12
        6240        6247         16
        6240        6250         37
        6240       12168          5
        6240       23047         19
        6240       99998        157
        6241        1221         10
        6241        4143         18
        6241        4456         34
        6241        4577         17
        6241        5003         26
        6241        5004         22
        6241        5007          9
        6241        5008         26
        6241        5015         30
        6241        5034         15
        6241        5074         11
        6241        5092          8
        6241        5097         20
        6241        5105          9
        6241        5108         55
        6241        5110          9
        6241        5139          5
        6241        5163          5
        6241        5278         11
        6241        5390         16
        6241        6005         59
        6241        6012         21
        6241        6015         17
        6241        6018         42
        6241        6029        182
        6241        6030         26
        6241        6031         65
        6241        6032        122
        6241        6033         25
        6241        6037         14
        6241        6038         54
        6241        6044         29
        6241        6048         60
        6241        6052         21
        6241        6054        171
        6241        6056         20
        6241        6060         22
        6241        6063          5
        6241        6079         15
        6241        6081         57
        6241        6088          5
        6241        6106         18
        6241        6142         62
        6241        6148         14
        6241        6150         10
        6241        6154         99
        6241        6157         76
        6241        6161         45
        6241        6162         11
        6241        6165         38
        6241        6166        108
        6241        6168         11
        6241        6170         47
        6241        6185         28
        6241        6186         31
        6241        6187         20
        6241        6189          3
        6241        6190         38
        6241        6191         20
        6241        6192         61
        6241        6195         83
        6241        6196         18
        6241        6197         43
        6241        6202         59
        6241        6205         88
        6241        6207         11
        6241        6208        186
        6241        6212          7
        6241        6214         19
        6241        6216        141
        6241        6217          4
        6241        6218         43
        6241        6220         46
        6241        6224         55
        6241        6225        302
        6241        6228         91
        6241        6231         30
        6241        6232         17
        6241        6234         68
        6241        6235         32
        6241        6236         13
        6241        6237         15
        6241        6238         41
        6241        6240         16
        6241        6241         60
        6241        6243         77
        6241        6244         85
        6241        6245         55
        6241        6247        156
        6241        6248         23
        6241        6252          7
        6241        6263         28
        6241       11084         19
        6241       11175         41
        6241       11273         82
        6241       12035         12
        6241       12039         14
        6241       12161         16
        6241       12337          5
        6241       23009         20
        6241       24001         31
        6241       24009         20
        6242        5137         47
        6242        5149         29
        6242        6014         31
        6242        6032         16
        6242        6059         30
        6242        6091        154
        6242        6092         62
        6242        6108         18
        6242        6123         29
        6242        6126         46
        6242        6130         14
        6242        6143         26
        6242        6151         30
        6242        6154         29
        6242        6155         19
        6242        6156         32
        6242        6162         41
        6242        6165         61
        6242        6166         12
        6242        6171         21
        6242        6174         15
        6242        6175         48
        6242        6177         60
        6242        6187         23
        6242        6190          9
        6242        6197         14
        6242        6199         17
        6242        6204         25
        6242        6207         20
        6242        6211         14
        6242        6212         35
        6242        6215         20
        6242        6216          8
        6242        6218         94
        6242        6223         69
        6242        6225         34
        6242        6230         24
        6242        6234         31
        6242        6238         12
        6242        6261        111
        6242       99998         17
        6243        5016         17
        6243        5030         17
        6243        5063         44
        6243        5148         47
        6243        6001         43
        6243        6008        113
        6243        6009         19
        6243        6011        116
        6243        6012        232
        6243        6014         34
        6243        6018         92
        6243        6028         36
        6243        6029        253
        6243        6030         70
        6243        6031        125
        6243        6032         79
        6243        6034         44
        6243        6037         67
        6243        6038         47
        6243        6044         32
        6243        6045        175
        6243        6048        330
        6243        6050        167
        6243        6052          5
        6243        6053         79
        6243        6054         88
        6243        6055        166
        6243        6057         91
        6243        6060        103
        6243        6061        197
        6243        6065         17
        6243        6066         12
        6243        6070         99
        6243        6079         10
        6243        6088         48
        6243        6100          8
        6243        6104        180
        6243        6112         33
        6243        6113         22
        6243        6123         28
        6243        6133         74
        6243        6134        101
        6243        6138         28
        6243        6142         14
        6243        6143         23
        6243        6145        128
        6243        6148         61
        6243        6149         33
        6243        6150         10
        6243        6153         24
        6243        6154        381
        6243        6155        228
        6243        6156         32
        6243        6157         19
        6243        6160         61
        6243        6164        127
        6243        6165         37
        6243        6166         18
        6243        6167         14
        6243        6169         51
        6243        6170         70
        6243        6172        143
        6243        6174         96
        6243        6175        167
        6243        6178         37
        6243        6180         12
        6243        6181         10
        6243        6185         41
        6243        6186         12
        6243        6188         16
        6243        6189         17
        6243        6190         78
        6243        6191         12
        6243        6192         37
        6243        6195        169
        6243        6196        284
        6243        6201         15
        6243        6203         24
        6243        6207         22
        6243        6208        115
        6243        6213         99
        6243        6214         11
        6243        6216         52
        6243        6217         16
        6243        6218        103
        6243        6220        146
        6243        6221         69
        6243        6225        497
        6243        6226         55
        6243        6227        102
        6243        6228         87
        6243        6229         44
        6243        6231         56
        6243        6232         44
        6243        6234        167
        6243        6236         17
        6243        6237        210
        6243        6238         37
        6243        6239          8
        6243        6240          7
        6243        6241         85
        6243        6243         86
        6243        6244          5
        6243        6245         30
        6243        6247        279
        6243        6248         12
        6243        6250        233
        6243        6254         62
        6243        6256         22
        6243        6258        100
        6243        6263        111
        6243       11083         37
        6243       11093         26
        6243       12003         31
        6243       23033         16
        6243       24004         30
        6243       99998         39
        6244        5016          5
        6244        5115          5
        6244        5139          5
        6244        5145         53
        6244        5154         18
        6244        5213         30
        6244        6004         17
        6244        6031         51
        6244        6041         29
        6244        6044         31
        6244        6050          9
        6244        6053         21
        6244        6060         23
        6244        6088         14
        6244        6127         16
        6244        6133         15
        6244        6138         12
        6244        6142         17
        6244        6143         26
        6244        6148         66
        6244        6149        110
        6244        6150         19
        6244        6151         63
        6244        6153         59
        6244        6155         12
        6244        6157         19
        6244        6158         26
        6244        6162         64
        6244        6165         15
        6244        6167         31
        6244        6171         10
        6244        6174        141
        6244        6175         22
        6244        6180         17
        6244        6182         44
        6244        6185          8
        6244        6188         37
        6244        6190         61
        6244        6191         20
        6244        6193         11
        6244        6195        108
        6244        6196         14
        6244        6197          5
        6244        6200         36
        6244        6201         10
        6244        6202         24
        6244        6204         46
        6244        6209          5
        6244        6212        126
        6244        6214         42
        6244        6215        141
        6244        6217         11
        6244        6218        282
        6244        6220         67
        6244        6222         10
        6244        6223         30
        6244        6224          4
        6244        6227         11
        6244        6228         37
        6244        6229        132
        6244        6230          9
        6244        6233         10
        6244        6234         61
        6244        6235          5
        6244        6237         52
        6244        6239        108
        6244        6241         89
        6244        6243         24
        6244        6244        146
        6244        6245          4
        6244        6246        117
        6244        6247        269
        6244        6248         64
        6244        6250        173
        6244        6255         21
        6244        6256         51
        6244        6263          9
        6244       99998        141
        6245        1022         14
        6245        1054          9
        6245        5003         12
        6245        5005         27
        6245        5010         34
        6245        5013         28
        6245        5016          9
        6245        5024         71
        6245        5027         34
        6245        5034         17
        6245        5090         20
        6245        5134         35
        6245        5135         19
        6245        5371          8
        6245        6013         35
        6245        6015         14
        6245        6018         83
        6245        6019        142
        6245        6024         28
        6245        6025          9
        6245        6029         39
        6245        6030         12
        6245        6032         28
        6245        6042          9
        6245        6044          8
        6245        6052         12
        6245        6054        167
        6245        6056         15
        6245        6091        156
        6245        6092         18
        6245        6107         70
        6245        6110         14
        6245        6131         24
        6245        6135         27
        6245        6138         18
        6245        6143         11
        6245        6150         74
        6245        6154         14
        6245        6160         73
        6245        6161         11
        6245        6163         38
        6245        6164         74
        6245        6166         28
        6245        6170          8
        6245        6175         18
        6245        6177          9
        6245        6180          6
        6245        6183        138
        6245        6186         20
        6245        6192         79
        6245        6193         17
        6245        6194         36
        6245        6198         15
        6245        6199         17
        6245        6201        111
        6245        6205         56
        6245        6208          5
        6245        6209         58
        6245        6213         28
        6245        6216         19
        6245        6217         66
        6245        6218         59
        6245        6221          4
        6245        6223         49
        6245        6225         29
        6245        6226         19
        6245        6227         30
        6245        6228         93
        6245        6229         52
        6245        6231         30
        6245        6232         19
        6245        6233         12
        6245        6235         16
        6245        6237        149
        6245        6238         32
        6245        6239         19
        6245        6241        108
        6245        6242         29
        6245        6243         18
        6245        6244         11
        6245        6245        174
        6245        6246         16
        6245        6247        105
        6245        6248        282
        6245        6250         37
        6245        6260         14
        6245        6263         12
        6245       11182         19
        6245       11273         44
        6245       11368         14
        6245       11477         34
        6245       11478         11
        6245       11485         19
        6245       12386         19
        6245       19217         22
        6245       24001         16
        6245       98008         53
        6245       99998         66
        6246        1067         31
        6246        1166         12
        6246        2053          5
        6246        5009         18
        6246        5010         22
        6246        5137         50
        6246        5183          5
        6246        5405         23
        6246        6011        141
        6246        6012         35
        6246        6015         46
        6246        6031         23
        6246        6034         11
        6246        6041         11
        6246        6054         34
        6246        6056         14
        6246        6058         70
        6246        6069         27
        6246        6097         15
        6246        6103         34
        6246        6110         32
        6246        6120         29
        6246        6132         10
        6246        6154         51
        6246        6161         42
        6246        6165         18
        6246        6166         18
        6246        6171          5
        6246        6172          9
        6246        6173         36
        6246        6181         19
        6246        6189         36
        6246        6191         20
        6246        6192         12
        6246        6195         28
        6246        6199         36
        6246        6201         31
        6246        6205         16
        6246        6208         48
        6246        6209         67
        6246        6211         24
        6246        6213         16
        6246        6215         14
        6246        6216         18
        6246        6220         14
        6246        6224         10
        6246        6225         55
        6246        6226         38
        6246        6229          6
        6246        6230         40
        6246        6235          5
        6246        6237          6
        6246        6239         74
        6246        6241        136
        6246        6243         16
        6246        6244         14
        6246        6245         16
        6246        6246          5
        6246        6247         12
        6246        6248         19
        6246        6250         39
        6246        6258         26
        6246        6259         11
        6246       98010        141
        6247        1053         35
        6247        1125         38
        6247        1168         17
        6247        1512         14
        6247        4270         93
        6247        4534         24
        6247        4540         36
        6247        4670         11
        6247        4672         25
        6247        5016         35
        6247        5104         30
        6247        5136         30
        6247        5137         50
        6247        5139         45
        6247        6002          9
        6247        6011         21
        6247        6013         26
        6247        6014         70
        6247        6017        152
        6247        6018         10
        6247        6019          6
        6247        6021        110
        6247        6027         38
        6247        6028         65
        6247        6029        178
        6247        6030         53
        6247        6031        196
        6247        6032        141
        6247        6035         87
        6247        6038         70
        6247        6041        114
        6247        6044         10
        6247        6045         55
        6247        6050         45
        6247        6052         11
        6247        6054         20
        6247        6056         16
        6247        6060         35
        6247        6092         12
        6247        6093         46
        6247        6103         35
        6247        6107         29
        6247        6121         17
        6247        6125         19
        6247        6133         16
        6247        6142         29
        6247        6146         41
        6247        6150         47
        6247        6152         37
        6247        6154         10
        6247        6159          9
        6247        6161         69
        6247        6163         64
        6247        6166         11
        6247        6167         62
        6247        6170         22
        6247        6171         87
        6247        6173        148
        6247        6176         91
        6247        6180         55
        6247        6181         10
        6247        6182         86
        6247        6183         57
        6247        6185         23
        6247        6191         33
        6247        6193         69
        6247        6194         84
        6247        6195         13
        6247        6196         66
        6247        6198         57
        6247        6201         21
        6247        6203         34
        6247        6207          5
        6247        6208        203
        6247        6213        125
        6247        6214          9
        6247        6215         15
        6247        6216        250
        6247        6217         12
        6247        6220         41
        6247        6222         54
        6247        6224        122
        6247        6225        406
        6247        6226          6
        6247        6227         13
        6247        6228         85
        6247        6229         34
        6247        6231        104
        6247        6233         59
        6247        6234         12
        6247        6235        113
        6247        6237          5
        6247        6238         40
        6247        6239         13
        6247        6240        180
        6247        6241        156
        6247        6243        225
        6247        6244         40
        6247        6245         57
        6247        6246         17
        6247        6247        128
        6247        6250        127
        6247        6254         11
        6247        6255         79
        6247        6265         15
        6247       11013         14
        6247       12333         18
        6247       14014         43
        6247       24009         55
        6247       98008         51
        6247       99998         16
        6248        1317        141
        6248        4354         46
        6248        4602          5
        6248        5008          5
        6248        5046         24
        6248        5050        141
        6248        5108          8
        6248        5115         36
        6248        5116          9
        6248        5123        141
        6248        5125          5
        6248        5134         26
        6248        5147         24
        6248        5153          5
        6248        6014         52
        6248        6029          5
        6248        6031        136
        6248        6057        246
        6248        6088          8
        6248        6091         16
        6248        6138         42
        6248        6146         87
        6248        6161        138
        6248        6170        120
        6248        6172          7
        6248        6184          5
        6248        6185         51
        6248        6189         26
        6248        6197         79
        6248        6199        223
        6248        6209          5
        6248        6213         16
        6248        6217         26
        6248        6218          5
        6248        6223         15
        6248        6225         26
        6248        6232          9
        6248        6233        234
        6248        6234          5
        6248        6237         14
        6248        6241         23
        6248        6243          5
        6248        6244         30
        6248        6245        423
        6248        6246         14
        6248        6250        154
        6248        6258         43
        6248       11004         32
        6248       11300         34
        6248       12230          5
        6249        5089         34
        6249        6003         13
        6249        6045         10
        6249        6060         10
        6249        6088         15
        6249        6098         23
        6249        6117         68
        6249        6118         16
        6249        6133         11
        6249        6165         26
        6249        6167         16
        6249        6178         26
        6249        6182         44
        6249        6200         19
        6249        6205         17
        6249        6222         23
        6249        6235         16
        6250        1017         19
        6250        1313         17
        6250        3121         21
        6250        4478         13
        6250        4534         17
        6250        4608         21
        6250        5016         24
        6250        5025         29
        6250        5101         18
        6250        5108         36
        6250        5115          3
        6250        5139         34
        6250        5286          4
        6250        6013          9
        6250        6015         14
        6250        6025         37
        6250        6028         13
        6250        6029         48
        6250        6031         38
        6250        6032         23
        6250        6036         34
        6250        6038         54
        6250        6048        290
        6250        6052          8
        6250        6054         78
        6250        6061         25
        6250        6069        115
        6250        6087         18
        6250        6088         20
        6250        6092         25
        6250        6108         12
        6250        6120         42
        6250        6121         13
        6250        6122         36
        6250        6124         75
        6250        6130         18
        6250        6139         11
        6250        6144         58
        6250        6145         11
        6250        6146         72
        6250        6150         76
        6250        6154        235
        6250        6155         19
        6250        6157          5
        6250        6160         14
        6250        6161         56
        6250        6162         54
        6250        6164        108
        6250        6165        143
        6250        6169         96
        6250        6172         11
        6250        6173         29
        6250        6180         40
        6250        6183         37
        6250        6190         28
        6250        6192         14
        6250        6195        130
        6250        6196         35
        6250        6197         18
        6250        6198         22
        6250        6199         23
        6250        6200          7
        6250        6201        128
        6250        6202        157
        6250        6208        203
        6250        6209          8
        6250        6210          7
        6250        6211          9
        6250        6212         21
        6250        6213         17
        6250        6214         58
        6250        6215        265
        6250        6216         66
        6250        6217         12
        6250        6218        164
        6250        6219         18
        6250        6222        110
        6250        6223         90
        6250        6224         15
        6250        6225        124
        6250        6227         48
        6250        6228         63
        6250        6229        110
        6250        6230         71
        6250        6231         46
        6250        6233         73
        6250        6234         36
        6250        6235         57
        6250        6237         30
        6250        6238        100
        6250        6239        116
        6250        6240         37
        6250        6241         22
        6250        6242         41
        6250        6244        221
        6250        6245        120
        6250        6246          5
        6250        6247        127
        6250        6248        176
        6250        6250        501
        6250        6251         22
        6250        6262        134
        6250        6264         58
        6250        6265         57
        6250       12005         10
        6250       23009         53
        6250       23015         10
        6250       24001         21
        6250       98008         12
        6251        1408          9
        6251        5046         27
        6251        6005         43
        6251        6018         29
        6251        6029         20
        6251        6030         37
        6251        6044         54
        6251        6045         14
        6251        6066         33
        6251        6100         17
        6251        6104          8
        6251        6109          6
        6251        6137          4
        6251        6148         19
        6251        6150         10
        6251        6151         35
        6251        6167         19
        6251        6171         18
        6251        6190         73
        6251        6191         32
        6251        6199         16
        6251        6202         27
        6251        6214         46
        6251        6223         44
        6251        6230         22
        6251        6231         67
        6251        6235         93
        6251        6247          5
        6251        6250         36
        6251        6254         12
        6251        6255         43
        6251        6263         32
        6251        6264         16
        6251        6265         61
        6251       12366         42
        6251       24009         93
        6252        5016         13
        6252        5030         14
        6252        5125         22
        6252        6034         13
        6252        6088         15
        6252        6124         23
        6252        6135         11
        6252        6172         12
        6252        6189         13
        6252        6209          4
        6252        6224         18
        6252        6241          7
        6253        3006         13
        6253        4589        103
        6253        4617         12
        6253        5025         12
        6253        5073         25
        6253        5080         25
        6253        5081         18
        6253        5107        134
        6253        5109        132
        6253        5126        134
        6253        5134         10
        6253        5136         44
        6253        5138         44
        6253        5143         18
        6253        5150         25
        6253        5307         14
        6253        6030         17
        6253        6108         26
        6253        6113         50
        6253        6130        103
        6253        6132         13
        6253        6177         28
        6253        6182         35
        6253        6183         10
        6253        6201         13
        6253        6202        122
        6253        6218        109
        6253        6219         12
        6253        6230        131
        6253        6265         27
        6253       11021         44
        6253       11368         48
        6253       13087         10
        6253       13132          9
        6253       13195          9
        6253       23034         44
        6253       24005         17
        6254        1025         10
        6254        1063         26
        6254        1327         22
        6254        1412         67
        6254        3527         22
        6254        4656         26
        6254        4680         22
        6254        5011         34
        6254        5028         67
        6254        5030         17
        6254        5035         34
        6254        5050         24
        6254        5105         59
        6254        5115         12
        6254        5117         59
        6254        5123         61
        6254        5143         18
        6254        5201         19
        6254        5275         51
        6254        6014         21
        6254        6015         22
        6254        6020         34
        6254        6031         14
        6254        6041         23
        6254        6045         58
        6254        6054         98
        6254        6055          9
        6254        6057         18
        6254        6062          9
        6254        6066          9
        6254        6088         13
        6254        6099         27
        6254        6100         74
        6254        6107         44
        6254        6108         47
        6254        6110         86
        6254        6117         34
        6254        6119        101
        6254        6121         53
        6254        6122          9
        6254        6123         27
        6254        6125         39
        6254        6128         27
        6254        6130         17
        6254        6132         12
        6254        6138         80
        6254        6139         17
        6254        6142         12
        6254        6143         17
        6254        6144         14
        6254        6147         29
        6254        6150         27
        6254        6154         28
        6254        6155         12
        6254        6159         20
        6254        6161         24
        6254        6164         19
        6254        6165         14
        6254        6168         25
        6254        6171        147
        6254        6173        208
        6254        6179         29
        6254        6182          8
        6254        6185         71
        6254        6188         41
        6254        6190         46
        6254        6194         20
        6254        6195         27
        6254        6197         50
        6254        6202         22
        6254        6203         46
        6254        6209         26
        6254        6219         14
        6254        6220         41
        6254        6221         34
        6254        6225         26
        6254        6231         24
        6254        6238         56
        6254        6239        164
        6254        6243         62
        6254        6247         11
        6254        6251         12
        6254        6254        311
        6254        6255        117
        6254        6256        217
        6254        6257         22
        6254        6258         17
        6254        6261        193
        6254       11002         34
        6254       11084         28
        6254       11139         13
        6254       11277         22
        6254       11295         19
        6254       11465         92
        6254       23022         28
        6254       98008         40
        6254       99998         13
        6255        1235         11
        6255        4676         18
        6255        5137         27
        6255        6012         14
        6255        6031         43
        6255        6050         27
        6255        6065         79
        6255        6073         30
        6255        6100         76
        6255        6108         33
        6255        6114         40
        6255        6117         20
        6255        6118         92
        6255        6119         24
        6255        6121         25
        6255        6125         25
        6255        6132        274
        6255        6146         24
        6255        6156         13
        6255        6161         14
        6255        6170        172
        6255        6173         67
        6255        6179        183
        6255        6182         21
        6255        6186         20
        6255        6188         24
        6255        6190         56
        6255        6191        123
        6255        6193         25
        6255        6197         13
        6255        6203         21
        6255        6219         27
        6255        6225         13
        6255        6232         91
        6255        6239         33
        6255        6244         21
        6255        6247         79
        6255        6251         85
        6255        6254        238
        6255        6261         14
        6255        6265         20
        6255       11181         18
        6256        1055         26
        6256        1079         20
        6256        1318         22
        6256        1329         47
        6256        1445         25
        6256        3298         10
        6256        4255         37
        6256        4383         12
        6256        4511         71
        6256        4549         20
        6256        5009         44
        6256        5026         19
        6256        5042         25
        6256        5050         29
        6256        5055         36
        6256        5068         58
        6256        5081         25
        6256        5085         14
        6256        5105         14
        6256        5107        135
        6256        5108         10
        6256        5135         38
        6256        5139        114
        6256        5141         82
        6256        5143         19
        6256        5158         23
        6256        5212         19
        6256        5217         12
        6256        5286         71
        6256        5294         25
        6256        5307         29
        6256        6005         35
        6256        6009         20
        6256        6014         48
        6256        6031         12
        6256        6050         37
        6256        6054        129
        6256        6061         43
        6256        6091         65
        6256        6100         44
        6256        6105         11
        6256        6107         78
        6256        6108        105
        6256        6110        122
        6256        6111         19
        6256        6112         18
        6256        6113          9
        6256        6118         44
        6256        6119         27
        6256        6121         63
        6256        6122        244
        6256        6123         26
        6256        6124         37
        6256        6125        161
        6256        6127        184
        6256        6128         38
        6256        6129         18
        6256        6130         57
        6256        6131         16
        6256        6140         16
        6256        6141         12
        6256        6147         87
        6256        6150         21
        6256        6156         14
        6256        6159         50
        6256        6160         34
        6256        6165         11
        6256        6168         47
        6256        6171        441
        6256        6173        357
        6256        6174         25
        6256        6178         45
        6256        6179        168
        6256        6182         34
        6256        6185         58
        6256        6187         65
        6256        6188        143
        6256        6189         80
        6256        6190         24
        6256        6192         11
        6256        6193         10
        6256        6194         31
        6256        6197         81
        6256        6198         16
        6256        6199        105
        6256        6213         30
        6256        6214        199
        6256        6218          5
        6256        6220         46
        6256        6222         16
        6256        6223         10
        6256        6226         18
        6256        6231         47
        6256        6238         33
        6256        6239         22
        6256        6243         22
        6256        6244         51
        6256        6245         27
        6256        6250         14
        6256        6254        199
        6256        6256        960
        6256        6258         13
        6256        6260         73
        6256        6261        158
        6256        6264         71
        6256       11004         27
        6256       11028         10
        6256       11184         29
        6256       11462         15
        6256       12334         22
        6256       12347         24
        6256       16096         13
        6256       98008         17
        6257        6018         13
        6257        6123         15
        6257        6138         36
        6257        6155         24
        6257        6168         18
        6257        6185         68
        6257        6189         18
        6257        6208         12
        6258        1045         33
        6258        1068         25
        6258        5105         17
        6258        6014         17
        6258        6023         34
        6258        6031          8
        6258        6032         21
        6258        6041         65
        6258        6062         19
        6258        6068         16
        6258        6079         28
        6258        6087         27
        6258        6088         20
        6258        6091         96
        6258        6092         15
        6258        6100         85
        6258        6104        109
        6258        6106         42
        6258        6108         51
        6258        6110         32
        6258        6111         23
        6258        6117         76
        6258        6120         27
        6258        6122         14
        6258        6123         39
        6258        6125         34
        6258        6130        190
        6258        6138         21
        6258        6142         37
        6258        6143        100
        6258        6144        188
        6258        6145        139
        6258        6146        159
        6258        6148        109
        6258        6150         73
        6258        6151          8
        6258        6154         29
        6258        6155        193
        6258        6157         29
        6258        6159         41
        6258        6160         21
        6258        6161         97
        6258        6164         59
        6258        6165         14
        6258        6166         64
        6258        6170         26
        6258        6172          5
        6258        6174         43
        6258        6178         43
        6258        6180         18
        6258        6181         45
        6258        6189         13
        6258        6190         63
        6258        6191         66
        6258        6195         11
        6258        6197         79
        6258        6201         64
        6258        6202         15
        6258        6215         25
        6258        6222         23
        6258        6225         33
        6258        6231         27
        6258        6237          9
        6258        6243         67
        6258        6246         26
        6258        6248         43
        6258        6250         10
        6258        6254         17
        6258        6256         19
        6258        6258         28
        6258        6264         64
        6258       98008         21
        6259        6008          8
        6259        6035          6
        6259        6048         11
        6259        6054         63
        6259        6068         19
        6259        6071         10
        6259        6085         16
        6259        6100         34
        6259        6106         23
        6259        6142         19
        6259        6148        103
        6259        6153         24
        6259        6154         41
        6259        6156          7
        6259        6159         31
        6259        6162         25
        6259        6174          6
        6259        6175         22
        6259        6190         46
        6259        6195          7
        6259        6199         24
        6259        6201         74
        6259        6208         12
        6259        6209         29
        6259        6215         14
        6259        6246         11
        6259        6258         54
        6259        6259         63
        6260        5144         33
        6260        6028         36
        6260        6050          8
        6260        6053         24
        6260        6060         26
        6260        6107         40
        6260        6110         12
        6260        6117         38
        6260        6122         12
        6260        6127         28
        6260        6144          8
        6260        6146         16
        6260        6154         41
        6260        6155         51
        6260        6159         24
        6260        6164         10
        6260        6172         19
        6260        6173         48
        6260        6179         32
        6260        6181         19
        6260        6187         51
        6260        6189         13
        6260        6192         47
        6260        6195         15
        6260        6196         21
        6260        6202         31
        6260        6211         41
        6260        6215         14
        6260        6223         71
        6260        6245         14
        6260        6249         44
        6260       11007         18
        6261        6068         19
        6261        6100          7
        6261        6104         30
        6261        6107         24
        6261        6108         24
        6261        6110         85
        6261        6114         65
        6261        6115         63
        6261        6117         45
        6261        6118        125
        6261        6120        286
        6261        6121          4
        6261        6122         29
        6261        6123         42
        6261        6124        225
        6261        6125        183
        6261        6126         12
        6261        6129         15
        6261        6133         77
        6261        6134         78
        6261        6136         13
        6261        6137         36
        6261        6138          8
        6261        6145         22
        6261        6168         70
        6261        6171         94
        6261        6173        177
        6261        6178         40
        6261        6179        112
        6261        6182        117
        6261        6184         47
        6261        6185         67
        6261        6188         49
        6261        6189         61
        6261        6197         43
        6261        6199        154
        6261        6200         31
        6261        6201         82
        6261        6202         37
        6261        6207         11
        6261        6209         17
        6261        6211          9
        6261        6212         23
        6261        6215         27
        6261        6222         31
        6261        6234         20
        6261        6244         41
        6261        6250         18
        6261        6251         18
        6261        6254        174
        6261        6255         14
        6261        6256        182
        6261        6258         25
        6261        6263         10
        6261        6265        107
        6261       11277         20
        6262        5141          9
        6262        6005         98
        6262        6036         13
        6262        6060          9
        6262        6107          8
        6262        6124         42
        6262        6133         42
        6262        6146         47
        6262        6150         47
        6262        6157         23
        6262        6171         29
        6262        6173         31
        6262        6180          8
        6262        6182         44
        6262        6185          8
        6262        6190        110
        6262        6192         17
        6262        6197        134
        6262        6199         72
        6262        6203          8
        6262        6214         70
        6262        6239         17
        6262        6250        134
        6262       11039          9
        6263        1399          4
        6263        3064         72
        6263        5006         20
        6263        5025         28
        6263        5034         24
        6263        5134         78
        6263        5146         32
        6263        5151         51
        6263        5152         37
        6263        5228         28
        6263        5280         17
        6263        5310         50
        6263        6006         19
        6263        6014         51
        6263        6028         81
        6263        6030         13
        6263        6057         29
        6263        6062         37
        6263        6083         72
        6263        6088         24
        6263        6092         86
        6263        6104         42
        6263        6107          5
        6263        6124         34
        6263        6127        124
        6263        6132         39
        6263        6134          7
        6263        6145         32
        6263        6150         35
        6263        6158         23
        6263        6164         15
        6263        6171         31
        6263        6173          8
        6263        6178         62
        6263        6182         76
        6263        6183         57
        6263        6185         29
        6263        6187         67
        6263        6188         66
        6263        6189          8
        6263        6190         32
        6263        6191         42
        6263        6193         23
        6263        6195          9
        6263        6199         53
        6263        6200         10
        6263        6202         77
        6263        6203         13
        6263        6204         11
        6263        6205         23
        6263        6209          7
        6263        6214         49
        6263        6219         15
        6263        6223        121
        6263        6226         81
        6263        6235         35
        6263        6238         51
        6263        6241         28
        6263        6243        111
        6263        6248          5
        6263        6249         34
        6263        6261         10
        6263        6263        115
        6263       11367         72
        6263       12026         14
        6263       24009         46
        6264        4558         21
        6264        5101         16
        6264        5115         29
        6264        6001         17
        6264        6006         16
        6264        6020         96
        6264        6028         36
        6264        6031         35
        6264        6047          7
        6264        6052         17
        6264        6054         22
        6264        6057         36
        6264        6066         18
        6264        6071        143
        6264        6091         52
        6264        6104         41
        6264        6107         59
        6264        6110         42
        6264        6113         19
        6264        6115         22
        6264        6119         68
        6264        6122         62
        6264        6126          8
        6264        6127         17
        6264        6142         29
        6264        6150         25
        6264        6151          8
        6264        6155         11
        6264        6157         58
        6264        6160         27
        6264        6161         10
        6264        6163         10
        6264        6165         20
        6264        6167         36
        6264        6168         25
        6264        6171         55
        6264        6172         20
        6264        6175         34
        6264        6179         23
        6264        6185         46
        6264        6187        187
        6264        6188         15
        6264        6190         15
        6264        6192         34
        6264        6196        136
        6264        6199         10
        6264        6202         85
        6264        6209         45
        6264        6211         13
        6264        6212         10
        6264        6216         65
        6264        6223        105
        6264        6226         70
        6264        6227         66
        6264        6235         68
        6264        6251         16
        6264        6256         71
        6264        6258         64
        6264        6261         35
        6264        6262         17
        6264        6264         30
        6264       11039          9
        6264       11263         18
        6264       16048         11
        6265        1136        100
        6265        4520         10
        6265        5315          7
        6265        6004         20
        6265        6006         15
        6265        6012         35
        6265        6018         12
        6265        6050          6
        6265        6079         10
        6265        6092         25
        6265        6108         21
        6265        6110         89
        6265        6129        120
        6265        6135         19
        6265        6139         22
        6265        6142         32
        6265        6143         22
        6265        6146         20
        6265        6148        132
        6265        6153         10
        6265        6155         49
        6265        6159         43
        6265        6168         24
        6265        6170          3
        6265        6172         11
        6265        6178         10
        6265        6180          4
        6265        6182         31
        6265        6186         12
        6265        6188         37
        6265        6190         10
        6265        6197         53
        6265        6202         42
        6265        6204         35
        6265        6205         41
        6265        6208         14
        6265        6209         66
        6265        6214         15
        6265        6223         81
        6265        6224         87
        6265        6226         11
        6265        6229         43
        6265        6233         10
        6265        6234         41
        6265        6235         66
        6265        6236         15
        6265        6238         10
        6265        6244         15
        6265        6246         10
        6265        6247         15
        6265        6250         57
        6265        6251         61
        6265        6253         27
        6265        6255         20
        6265        6261        107
        6265        6265         14
        6265       11001         13
        6265       23026         26
       11001        5106         19
       11001        6113         39
       11001        6133         21
       11001        6204         13
       11001        6215         11
       11001       11002          9
       11001       11013          4
       11001       11018          9
       11002        6109         32
       11002        6113         53
       11002        6117         33
       11002        6254         34
       11002       11001         13
       11003        6137         43
       11003        6138         27
       11004        5126         32
       11004        6114         34
       11004        6121         23
       11004        6124         23
       11004        6125         35
       11004        6138         36
       11004        6190         19
       11004        6196         55
       11004        6205         11
       11004        6228          8
       11004       11015         27
       11005        6057         15
       11005        6113          6
       11005        6121         14
       11005        6127         18
       11005        6157         20
       11005        6190          4
       11005       11002         16
       11005       11010         27
       11006        6104         32
       11006        6113         16
       11006        6115         15
       11006        6120         20
       11006        6127         26
       11006        6136          8
       11006        6138         10
       11006       11004         36
       11006       11007          9
       11006       11009         34
       11006       11018         35
       11007        5041         11
       11007        6066         16
       11007        6103         26
       11007        6115         18
       11007        6121         10
       11007        6126         37
       11007        6135         27
       11007        6138        128
       11007       11002          4
       11007       11007          9
       11008        6050          8
       11008        6118          7
       11009        6121         33
       11009        6215         34
       11009       11006         49
       11010        6070         20
       11010        6108         19
       11010        6110         14
       11010        6113         45
       11010        6115         15
       11010        6121        333
       11010        6133         47
       11010        6137         19
       11010        6138         90
       11010        6143         63
       11010        6170         27
       11010        6199         10
       11010        6212         10
       11010       11006         10
       11010       11010         10
       11011        6110         28
       11011        6178         27
       11012        6036         14
       11012        6104        112
       11012        6127         37
       11013        5117         13
       11013        6079         42
       11013        6110         40
       11013        6121        136
       11013        6138        115
       11013        6151          9
       11013        6168         24
       11013        6182         73
       11013        6195         44
       11013        6205         13
       11013        6221         11
       11013        6247         14
       11013       11010         33
       11013       11016         26
       11014        5101          6
       11014        6050         67
       11014        6110         30
       11014        6121          4
       11014        6126         22
       11014        6133         11
       11014        6134         20
       11014        6138          9
       11014        6173         24
       11014        6225         44
       11014       11030         17
       11015        6113         36
       11015        6121         41
       11015        6256         27
       11015       11322         39
       11016        6079         26
       11016        6117         10
       11016        6121         98
       11016        6135         12
       11016        6178         22
       11016       11004         15
       11016       11013         26
       11017        6155         45
       11018        6121         35
       11018       11006          9
       11019        6113         12
       11019        6133         12
       11019        6152         14
       11020        6133         14
       11020       11007          4
       11021        6114          5
       11021        6161         15
       11021        6185         15
       11021        6212         10
       11021        6220         17
       11021        6253         44
       11022        6121         62
       11024        6103         34
       11024       11277         11
       11027        6121         13
       11028        6256         10
       11029        6189         50
       11030        6154         33
       11031        6044         22
       11031        6127         34
       11031        6138         18
       11031        6207         24
       11031        6264          4
       11031       11031         35
       11031       11311         35
       11032        6121         23
       11034        6224          4
       11035        6140         59
       11036        6103         11
       11036        6107          9
       11036        6113         16
       11036        6153         12
       11036       11041         19
       11037        6016         55
       11037        6066         33
       11037        6113         13
       11037        6207         12
       11038        6107         21
       11038        6136         13
       11038        6185          6
       11038        6201         18
       11038        6211         13
       11038       11035         59
       11039        6107         19
       11039        6121         32
       11039        6123          9
       11039        6133         64
       11039        6178         14
       11039        6179         47
       11039        6264         17
       11039       11036         12
       11039       11037         13
       11040        5141         31
       11040        6101         11
       11041        6068         26
       11041        6151         19
       11041        6154         37
       11041        6178         16
       11041        6237         36
       11042        6122         27
       11042        6125         27
       11043        6110         32
       11044        6138         27
       11044        6203         20
       11044        6237          8
       11044       11014         22
       11045        6104         18
       11045        6193         16
       11047        6052         21
       11047        6161         12
       11047        6205         11
       11047       11002         14
       11047       11084         14
       11048        6123         10
       11048       25035         10
       11050        6110         37
       11050        6200        105
       11052        6146         10
       11052        6191          3
       11052       11486         76
       11054        6192          5
       11057       11039         12
       11060        6145         13
       11070       11171         29
       11077        6103         11
       11078        6213         41
       11078        6229         64
       11080       11485          6
       11081       11086         11
       11083        6055         37
       11083        6153          9
       11083        6245         44
       11084        6037         11
       11084        6048         19
       11084        6052         10
       11084        6066         35
       11084        6157         18
       11084        6195         16
       11084        6241         19
       11084        6254         28
       11086        6122         11
       11086        6155         16
       11086        6218          5
       11087        6156         16
       11089        6121          7
       11093        6044         20
       11093        6110         65
       11093        6118        141
       11093        6127         15
       11093        6133         24
       11093        6138        210
       11093        6169         10
       11093        6208         44
       11094        6070         61
       11095        6019         25
       11095        6057         21
       11095        6127         32
       11095        6170         29
       11096        6200         11
       11100        6057         18
       11104        6031         24
       11106        6125         18
       11107        6113         17
       11109        6068        103
       11109        6088         20
       11109        6113         36
       11109        6115         26
       11109        6120         26
       11109        6129         65
       11109        6147         77
       11109        6154         25
       11109        6159          5
       11109        6174          4
       11109        6191         17
       11109        6205         17
       11109        6208         22
       11109        6237          8
       11109       11112         38
       11110       11366         40
       11112        6113         39
       11112        6185         32
       11112       11123         38
       11115        6123         12
       11117        6160         21
       11123       11109         38
       11124        6150         14
       11130        6144         62
       11130        6179          9
       11135        6103         12
       11135        6113         27
       11135        6127         14
       11135        6137          7
       11135        6138         16
       11136       11161         44
       11136       11225         14
       11137        6011         94
       11137       11499         12
       11138        6060         21
       11139        6118         12
       11139        6125         19
       11139        6254         13
       11140        6110         27
       11140        6124         13
       11140        6215          8
       11140        6221         25
       11142        6111         30
       11145        6172         96
       11145       23025         44
       11147        6099         25
       11147        6129          5
       11156        6014         79
       11157        6149         34
       11158        4136         22
       11160        6133         22
       11161        6107         10
       11161        6118         44
       11161       11136         44
       11162       11136         14
       11163        6145         35
       11163        6191          6
       11163        6220         11
       11164        6125         20
       11166        6200          9
       11166       11182         15
       11169        6200        105
       11169       11222         26
       11170        6179         19
       11171        6050         29
       11171        6145         17
       11171        6236         54
       11171       11176         23
       11171       11249         48
       11172        6150         11
       11172        6241         48
       11174        6070         14
       11174        6195         92
       11174       11184         14
       11174       11186         46
       11175        6241         41
       11176        6166         45
       11181        6255         18
       11182        6184         15
       11182        6245         19
       11182       11166         15
       11183        6256         29
       11184        6114         15
       11184       11183         29
       11184       11220         14
       11186       11174         46
       11188        6138         39
       11188       11084         19
       11190        6068         44
       11190        6104         22
       11190        6107          9
       11195        6191         40
       11209       11331         20
       11217        6054         11
       11217        6197         12
       11220       11174         14
       11225        6177          8
       11225       11047         14
       11227        6138         31
       11228        6122         13
       11231        6258         16
       11243        6189         10
       11246        6066         56
       11247        6164          8
       11249        6120         85
       11249       11172         48
       11255        6180         35
       11257        6138         20
       11263        6264         18
       11266       11450          4
       11268        6038         12
       11268        6088         18
       11268        6208          5
       11273        6241         82
       11273       11083         44
       11275       11104         24
       11277        6109         17
       11277        6122         19
       11277        6134         20
       11277        6150         29
       11277        6205         14
       11277        6254         22
       11277       11093         65
       11277       11466         42
       11279        6063         10
       11279        6104         57
       11279        6217          4
       11280        6138        145
       11283        6031         13
       11288       99998         12
       11289        6012         21
       11291        6104         40
       11295        6254         19
       11297        6163         35
       11298        6170         76
       11298        6182         44
       11298       11298         12
       11298       11330         12
       11300        6215         24
       11300        6221         34
       11303        6007         38
       11307        6031         20
       11311        6225         35
       11313        6177         25
       11314       11268         12
       11317        6110         32
       11321        6056         45
       11322        6113         39
       11323        6014         26
       11327        6171         10
       11328        6175         33
       11330        6243         34
       11330       11410         42
       11330       11466         12
       11331        6184         20
       11333        6088         11
       11333        6138         12
       11336        6110         10
       11343        6123         16
       11349       11300         24
       11353        6186         11
       11366        6203         40
       11367        6263         72
       11368        6245         14
       11368        6253         48
       11368       11030         17
       11370       11006         26
       11371        6156         30
       11371        6237          4
       11376       11398         14
       11379        6153         30
       11379       11399         14
       11380        6153         30
       11383       11376         14
       11384        6112         28
       11384        6153         30
       11384       11384         30
       11385        6135        119
       11389        6044         11
       11390        6048          7
       11390        6154         32
       11398       11379         14
       11399        6254         14
       11399       11383         14
       11424        6201         16
       11427        6234          9
       11434        6205         11
       11437        6195          5
       11437       11459         10
       11441        6018         13
       11458        6146         25
       11459        2111          5
       11459       11437          5
       11460       11330         42
       11462        6256         15
       11465        6255         92
       11466       11314         12
       11466       11460         42
       11467        6032         16
       11474        6122         17
       11476        6165         41
       11477        6020         51
       11477        6245         34
       11478        6068         17
       11478        6245         11
       11479        6004         40
       11480        6030         16
       11480        6122        143
       11482        6068         27
       11482        6180         32
       11482       24001         11
       11484        6245         12
       11485        6050          6
       11485        6061         11
       11485        6064          8
       11485        6188         23
       11485        6245         19
       11485       11080          6
       11486        6168         76
       11486       11052         76
       11488        6155         35
       11488        6172         16
       11488        6224         32
       11489        6115         74
       11490        6089         20
       11490        6134          4
       11490        6149         80
       11495        6049         14
       11495        6070         64
       11495        6115         13
       11495        6186         24
       11495        6191        152
       11496        6068         66
       11496        6110         10
       11496        6145         47
       11497        6110          7
       11497        6187          6
       11499        6199         12
       12003        6035         31
       12003        6050         36
       12003        6110          9
       12003        6190         15
       12003       12273        128
       12004        6008         37
       12004        6011         37
       12005        6014         10
       12009        6008         14
       12010        6006          6
       12010        6044         26
       12010        6208        110
       12013        6063         10
       12019        6133         29
       12022        6196         13
       12022       24004         26
       12023        6196         15
       12023        6241         12
       12025        6024         16
       12026        5006         28
       12026        6263         14
       12035       12023         12
       12039        6241         14
       12040        5032         14
       12041        6007         23
       12047        6121         32
       12047        6156          7
       12049        6031         20
       12055        6052        116
       12059        1001         25
       12061        6130         25
       12061        6192         49
       12063        6011         26
       12063        6178         26
       12090        6035         45
       12099       12487         24
       12104       12336         13
       12107        6178         43
       12109       12220        166
       12111        6011         17
       12111       98009         63
       12113        6048         85
       12113        6066         18
       12113        6168         34
       12113        6208          5
       12113        6247          7
       12116        6162         62
       12119        6189         44
       12125        6168         15
       12125        6231         19
       12140        6028          6
       12140        6036         23
       12152        6186         13
       12156        6006         49
       12166       12170         20
       12168        5009          5
       12170        6174         20
       12178       12275         14
       12180        6155          8
       12194       12259         39
       12196       12401         13
       12198        6005         98
       12198        6060         26
       12200        6160         25
       12211        6208          8
       12220       12109        166
       12227        6110         14
       12230        6011         26
       12230        6248          5
       12238        6104         26
       12239        6035         17
       12242        6002         34
       12247        6166         72
       12248        6006         30
       12257        6046         41
       12258        6007         38
       12258        6014         11
       12259        6014         39
       12259       12194         39
       12262        6007         14
       12262        6034          8
       12262       12343         26
       12263        6003         13
       12272        5036          5
       12272        6006         12
       12272        6032         29
       12272        6216         22
       12272       12257         41
       12273        6107         19
       12273       12003        128
       12274        6008         11
       12275        6225         14
       12279        6214         51
       12282        6121         66
       12282        6231         66
       12284        6003         26
       12288        6014          5
       12289        6012         28
       12289        6061         30
       12289        6154         40
       12290        6104         81
       12290        6110         27
       12290        6143         73
       12290        6202         28
       12291        1060         11
       12296        6119         23
       12301        6007         11
       12315        6157        143
       12315        6169         41
       12316        6045         61
       12323        6045         30
       12325        6002          9
       12325        6003         13
       12325       12262         26
       12326        6004         13
       12327        6173        226
       12328        6006         18
       12329        6007          8
       12330        6038         15
       12331        6191         94
       12332        6004         16
       12332        6019         35
       12332       12477          7
       12333        5146         18
       12334        6014         30
       12334        6256         22
       12335        6003         13
       12335        6006         13
       12335        6088         84
       12335        6157         53
       12335        6225         29
       12336        6137         11
       12336       12104         13
       12336       12326         13
       12337        6124         23
       12337        6146         38
       12337        6241          5
       12338        6052         23
       12339        6195         29
       12342        6030         21
       12343        6003         26
       12347        6003         14
       12347        6179         19
       12347       12481         24
       12347       98008         24
       12353        6149         44
       12357        6030         20
       12357        6066         12
       12357       12325          9
       12358        6149          8
       12358       23025         44
       12366        5115          7
       12366        6251         42
       12367        6003         11
       12367        6030         20
       12367        6160         25
       12367        6193         14
       12367        6202         22
       12368        6003         94
       12368        6134         16
       12368       12393         31
       12380        6003         34
       12381       12398         56
       12386        6003         20
       12386        6245         19
       12387        6003         60
       12392        6001         26
       12392        6003         34
       12392        6007         11
       12392        6021         71
       12392        6203         19
       12392        6245         18
       12393        6003         98
       12393        6004         16
       12393        6007          8
       12393        6021         11
       12393       12386         10
       12393       12387         24
       12393       12393         52
       12398        6022         15
       12398        6196         34
       12398       12381         28
       12398       12393         28
       12401        6001         23
       12401        6106         13
       12401       12196         13
       12408        6146         54
       12413        6031         10
       12414        6220         11
       12415        6021         10
       12420        6003         11
       12420        6006         36
       12422        6021         22
       12422        6185         24
       12432        6014         48
       12461        6129        120
       12462        6008         36
       12477        6163          7
       12481       12347         24
       12484        6208         22
       12487        6004         24
       12497        6192        115
       12532       12329          8
       12546        6154         17
       12555        6004         25
       12557        6156         20
       12557       12546         17
       12557       14020          8
       12557       14023          8
       12578        6008         30
       12578        6110          9
       12578        6209         64
       12578       12367         22
       12578       98006         20
       13003       13024          9
       13005        6182         44
       13008        6176         24
       13008        6180         13
       13010        6044         24
       13014        6006         23
       13024        6045          9
       13024       13003          9
       13026        6146          7
       13055        6186         41
       13057        6003         13
       13057        6004         40
       13057        6006          8
       13057        6007         56
       13057        6008         38
       13057        6018         45
       13057        6021         32
       13057        6034         37
       13057        6037         25
       13057        6044        114
       13057        6045         14
       13057        6134         16
       13057        6167         31
       13057        6171         29
       13057        6174         12
       13057        6186         46
       13057        6208         50
       13057        6239         17
       13057       13059         97
       13057       13111         20
       13057       13122         44
       13058        6044        229
       13058        6092         18
       13059        6006         15
       13059        6152         52
       13059       13055         41
       13059       13059         44
       13063        6179         23
       13066        6006          6
       13070        6006         18
       13072        6061         11
       13072        6114         20
       13075       14049         10
       13082        6160         66
       13084        6110         90
       13084        6192         16
       13084       11205          7
       13085       14006        124
       13086        6006         32
       13086        6033         16
       13086        6114         88
       13086        6164         11
       13087        6104         14
       13087        6162         69
       13087        6253         10
       13089        6239         18
       13091        6004         10
       13091        6110         51
       13093        6052         20
       13101        6006          6
       13103        6014         15
       13104        6200         11
       13112        6234         30
       13113        6035         45
       13113        6047        120
       13113        6133         10
       13114        6012         57
       13115        6024         21
       13116        6088         18
       13119        6007         14
       13119        6008         12
       13122       23037          5
       13128       13205         14
       13129        6145         15
       13132        6253          9
       13135       13189         15
       13140        6009         10
       13143        6007          6
       13143        6181         12
       13143        6196         13
       13149        6004         31
       13149        6005         53
       13149        6205         48
       13151       13143         12
       13160        6146         13
       13169        6045          9
       13169       12393         11
       13175        6215          8
       13184        6048         13
       13187        6036         55
       13188        6189         14
       13189        6049         15
       13190        6199         49
       13191        6175         11
       13192        5315         10
       13194        6208          3
       13195        6253          9
       13199        6044        114
       13205        6008         14
       14006        6008         49
       14006        6189        124
       14007        6008        114
       14010        6006         34
       14010        6007         17
       14010        6014         14
       14010        6122         41
       14010        6181         22
       14013        6007         47
       14013        6056         10
       14014        6122         43
       14015        6007         14
       14015        6181         29
       14017        6007         17
       14017        6214         19
       14020        6118          8
       14023        6118          8
       14049        6014         47
       14049        6088         28
       14049        6170         10
       14052        6196         13
       14061        6009         10
       14061        6167         35
       14062        6230         20
       14068        6204         15
       14080        6216         17
       15002        6137         17
       16048        6264         11
       16164        6220         16
       16199        6008         14
       16213       16159         23
       16237       16213         23
       16242        6030         17
       17027        6131         31
       17176        6018         30
       17219        6053         21
       17288        6180          7
       17301        6258         32
       18002       18011         18
       18011       18002         18
       19007       19237          9
       19157        6032         35
       19237       19007          9
       20113        6118         15
       22005        6226         13
       22006        6171         30
       23001        6038         19
       23001        6045         26
       23001        6050         18
       23001        6052         28
       23001        6099          6
       23001       23026         15
       23001       24002         11
       23002        6001         39
       23002        6003         14
       23002        6006         30
       23002        6032         30
       23002        6047        120
       23002        6060         10
       23002        6225         16
       23002       23004         30
       23002       23029         30
       23002       24002         14
       23002       24008          9
       23003        6041          9
       23003        6047        106
       23003        6053         22
       23003        6204          8
       23003       23001         12
       23003       23009         10
       23003       24002         21
       23004        6047         14
       23004        6158         21
       23004       23001         15
       23004       23013         15
       23004       23029         30
       23004       23034         32
       23004       23044         23
       23004       24002         14
       23005        6008         16
       23005       23009         17
       23005       23021         41
       23006        6104         11
       23008        6047         37
       23008        6250          4
       23009        6001         52
       23009        6008         27
       23009        6037         28
       23009        6044         49
       23009        6053         16
       23009        6057         13
       23009        6087         34
       23009        6092         53
       23009        6096         10
       23009        6150         17
       23009        6155         27
       23009        6176         16
       23009        6186         17
       23009        6187         67
       23009       23002         23
       23009       23004         14
       23009       23005         17
       23009       23009         27
       23009       24001         20
       23009       24002          4
       23010        6030         80
       23010        6143         12
       23010        6145         38
       23010       24001         53
       23012        6041         23
       23012        6045         18
       23012        6066         21
       23012        6225         17
       23012        6230         46
       23012        6256         36
       23012       23009         16
       23013        6001         26
       23013        6004         19
       23013        6047         33
       23013        6124         25
       23013        6156         37
       23013        6204         33
       23013       17027         31
       23013       23004         15
       23014        6048          5
       23014        6214         29
       23015        6004         48
       23015        6007         26
       23015        6047        159
       23015        6091         29
       23015        6175         23
       23015        6196         10
       23015        6250         10
       23016        6061         13
       23016        6155         32
       23017        6125         68
       23019        6164         11
       23019        6186          5
       23021        6047          5
       23021        6149         20
       23021        6234         23
       23021       23032         41
       23022        6157         48
       23022        6254         28
       23023        6001         16
       23023        6087         18
       23024        6069         23
       23024       23009         31
       23025        6050         38
       23025        6167          8
       23025        6187         44
       23025       12358         44
       23025       23039          8
       23026        6006          8
       23026        6021         32
       23026        6032         15
       23026        6107         37
       23026        6154         27
       23026        6164         27
       23026        6172         30
       23026        6201          5
       23026        6238         15
       23026        6265         26
       23026       23024         31
       23027        6104         19
       23027        6155         10
       23028        6045         21
       23029        6001         24
       23029        6007         23
       23029        6044         29
       23029        6047          5
       23029        6048         27
       23029        6050         12
       23029        6053         10
       23029        6063         63
       23029        6077         35
       23029        6088         11
       23029        6163         11
       23029        6168         30
       23029        6170         34
       23029        6188         22
       23029        6208         14
       23029        6216          7
       23029        6218         18
       23029        6220         76
       23029        6237         21
       23029       23001         19
       23029       23034         30
       23029       23036         31
       23030        6044         17
       23030        6150         79
       23030        6230         23
       23031        6062         24
       23031        6104         20
       23032        6144         12
       23032        6151         41
       23032       11371         30
       23033        6014          8
       23033        6036         22
       23033        6154         33
       23033        6213         16
       23034        6021         32
       23034        6028         12
       23034        6030         32
       23034        6051         20
       23034       23002         30
       23034       23003          9
       23034       23025         44
       23035        6038         19
       23035        6054         11
       23036        6003         24
       23036        6166         40
       23036       23029         31
       23037        6041         15
       23037        6047          8
       23037        6057         21
       23037        6162         22
       23037        6180          5
       23037       23002         30
       23038        6048         22
       23038        6050          9
       23038        6180         31
       23038        6222          5
       23038        6250          4
       23038       23043          8
       23039        6018         11
       23039        6048         11
       23039        6050         74
       23039        6079         36
       23039       23025          8
       23040        6100         29
       23041        6133         15
       23041        6225         56
       23041       23021          5
       23043        6048         16
       23043        6061         40
       23043        6176          9
       23043        6201         32
       23043        6216          8
       23044        6125         23
       23044        6167         37
       23044       23004         23
       23047        6014         41
       23047        6044          9
       23047        6145         14
       23047        6156         35
       23047        6185         11
       23047        6215         16
       23047        6243         46
       23047       12392         19
       24001        6001         16
       24001        6003         13
       24001        6031         12
       24001        6044         18
       24001        6047        106
       24001        6088         18
       24001        6162         22
       24001        6200         13
       24001        6201         54
       24001        6241         51
       24001        6245         16
       24001        6250         21
       24001       11040         11
       24001       23037         22
       24002        6001         24
       24002        6003          9
       24002        6004         25
       24002        6007         38
       24002        6008         75
       24002        6013         12
       24002        6018         67
       24002        6035         18
       24002        6038         18
       24002        6044         14
       24002        6047         28
       24002        6050         18
       24002        6053         24
       24002        6088         33
       24002        6110         10
       24002        6123         10
       24002        6143         13
       24002        6145         25
       24002        6146        111
       24002        6159         18
       24002        6166          8
       24002        6180         10
       24002        6201         14
       24002        6216         20
       24002        6224          4
       24002       13135         15
       24002       23001         11
       24002       23002         14
       24002       23003         21
       24002       23009          4
       24002       23015         24
       24002       24002         28
       24002       24004          7
       24002       24005         24
       24003        6032         33
       24003        6048         57
       24003       24009         24
       24004        6119         26
       24004        6162         30
       24004        6192          5
       24004        6237          7
       24005        6001         24
       24005        6059         37
       24005        6143         10
       24005        6145          9
       24005        6166         13
       24005        6253         17
       24005       24003         24
       24006        6054         23
       24006        6164         27
       24006        6167         30
       24006       23005         16
       24008        6031         33
       24008        6047         24
       24008        6048          5
       24008        6061          8
       24008        6088          3
       24008        6154          9
       24008        6182         29
       24008        6208         14
       24009        6032         70
       24009        6041         30
       24009        6047         24
       24009        6070         24
       24009        6100         15
       24009        6119         15
       24009        6170         27
       24009        6173         45
       24009        6182         46
       24009        6185         17
       24009        6204         13
       24009        6233         52
       24009        6235         93
       24009        6241         20
       24009        6247         55
       24010        6190         10
       25035        6123         10
       25035       11048         10
       27024        6190         45
       27045        6154         18
       27046        6008         24
       27062        6008         13
       98002        6002         19
       98002        6157         12
       98002        6189         45
       98003        6014         21
       98003        6041         34
       98003        6053         73
       98003        6195         13
       98003        6250         24
       98004        6013         26
       98004        6014         54
       98005        6001         14
       98005        6159         18
       98006        6030         80
       98006        6044         13
       98006        6047         26
       98006        6174         12
       98006        6224         15
       98006       12557         20
       98007        4157          6
       98007        5002          6
       98007        6009         14
       98007        6014         16
       98007        6028         13
       98007        6048        141
       98007        6050         38
       98007        6060         61
       98007        6088         15
       98007        6092         15
       98007        6107         11
       98007        6150         16
       98007        6154         10
       98007        6163         22
       98007        6176         10
       98007        6185         15
       98007        6186          4
       98007        6209         51
       98007        6214         94
       98007        6222         41
       98007        6225         12
       98007       11370         26
       98008        1278         15
       98008        5016         96
       98008        5105          9
       98008        6002         40
       98008        6007         18
       98008        6008         31
       98008        6014          8
       98008        6018         24
       98008        6021         15
       98008        6029         16
       98008        6031         95
       98008        6036         23
       98008        6039          7
       98008        6041         53
       98008        6048        104
       98008        6049         22
       98008        6050         27
       98008        6052         26
       98008        6054         27
       98008        6056         28
       98008        6061         30
       98008        6066        111
       98008        6070         82
       98008        6079         85
       98008        6084         19
       98008        6088         18
       98008        6091         34
       98008        6093         68
       98008        6100          7
       98008        6107         18
       98008        6108        133
       98008        6110         26
       98008        6114         42
       98008        6120         12
       98008        6121         13
       98008        6129         15
       98008        6142         22
       98008        6145         45
       98008        6146         21
       98008        6148         31
       98008        6150         43
       98008        6154         52
       98008        6155         61
       98008        6156         22
       98008        6158         22
       98008        6160          7
       98008        6163         16
       98008        6164         37
       98008        6173         21
       98008        6174         42
       98008        6176          9
       98008        6178         18
       98008        6181         75
       98008        6187         59
       98008        6189         40
       98008        6191         16
       98008        6192         75
       98008        6195         64
       98008        6196         56
       98008        6199         12
       98008        6201         12
       98008        6204         11
       98008        6208          6
       98008        6209         13
       98008        6211          9
       98008        6212         17
       98008        6214         13
       98008        6215         73
       98008        6218         18
       98008        6222         19
       98008        6225         56
       98008        6226         33
       98008        6229         14
       98008        6230         46
       98008        6239          9
       98008        6243          7
       98008        6247         51
       98008        6250        149
       98008        6254         18
       98008        6256         24
       98008       23008          4
       98008       24006         27
       98008       24009         26
       98009        6001         13
       98009        6031         20
       98010        6012         25
       98010        6029         17
       98010        6057          3
       98010        6103         21
       98010        6146         12
       98010        6159         14
       98010        6160          9
       98010        6168         26
       98010        6187         22
       98010        6253         17
       99998        1049         13
       99998        1057          7
       99998        4435         21
       99998        6004         39
       99998        6005         53
       99998        6006         15
       99998        6007         11
       99998        6008         69
       99998        6011         17
       99998        6014         32
       99998        6018         85
       99998        6021         34
       99998        6032         62
       99998        6036         83
       99998        6037         15
       99998        6038         14
       99998        6042          9
       99998        6045         90
       99998        6048         49
       99998        6050         23
       99998        6052         19
       99998        6053          7
       99998        6054         57
       99998        6066         21
       99998        6070         37
       99998        6088         18
       99998        6107         17
       99998        6110        178
       99998        6113         12
       99998        6121         49
       99998        6126         25
       99998        6133         23
       99998        6138         44
       99998        6140         19
       99998        6146         21
       99998        6150         39
       99998        6153        155
       99998        6160         27
       99998        6163         11
       99998        6164         11
       99998        6168         13
       99998        6169         16
       99998        6186         10
       99998        6188         65
       99998        6189         10
       99998        6191         33
       99998        6192         14
       99998        6195          9
       99998        6196         16
       99998        6197         26
       99998        6200         18
       99998        6202         17
       99998        6208        120
       99998        6213         12
       99998        6216         12
       99998        6227         25
       99998        6228         71
       99998        6241         22
       99998        6243         39
       99998        6245         81
       99998        6247         53
       99998        6254         13
       99998       12152         13
