{
  "type" : "FeatureCollection",
  "features" : [{"type":"Feature","id":1,"geometry":{"type":"Point","coordinates":[-79.395953999764885,43.639831999853435]},"properties":{"OBJECTID":1,"station_id":7000,"name":"Fort York  Blvd / Capreol Ct","physical_c":"REGULAR","lat":43.639831999999998,"lon":-79.395954000000003,"address":"Fort York  Blvd / Capreol Ct","capacity":35}},{"type":"Feature","id":2,"geometry":{"type":"Point","coordinates":[-79.383550314748348,43.664964160116533]},"properties":{"OBJECTID":2,"station_id":7001,"name":"Wellesley Station Green P","physical_c":"ELECTRICBIKESTATION","lat":43.664964159900002,"lon":-79.383550315299999,"address":"Yonge / Wellesley","capacity":26}},{"type":"Feature","id":3,"geometry":{"type":"Point","coordinates":[-79.399429000389162,43.667332999914983]},"properties":{"OBJECTID":3,"station_id":7002,"name":"St. George St / Bloor St W","physical_c":"REGULAR","lat":43.667332999999999,"lon":-79.399428999999998,"address":"St. George St / Bloor St W","capacity":19}},{"type":"Feature","id":4,"geometry":{"type":"Point","coordinates":[-79.402760999999984,43.667157999707285]},"properties":{"OBJECTID":4,"station_id":7003,"name":"Madison Ave / Bloor St W","physical_c":"REGULAR","lat":43.667158000000001,"lon":-79.402760999999998,"address":"Madison Ave / Bloor St W","capacity":15}},{"type":"Feature","id":5,"geometry":{"type":"Point","coordinates":[-79.389098999849239,43.656518000059847]},"properties":{"OBJECTID":5,"station_id":7004,"name":"University Ave / Elm St","physical_c":"REGULAR","lat":43.656517999999998,"lon":-79.389099000000002,"address":"University Ave / Elm St","capacity":11}},{"type":"Feature","id":6,"geometry":{"type":"Point","coordinates":[-79.383177000069111,43.648000799904445]},"properties":{"OBJECTID":6,"station_id":7005,"name":"King St W / York St","physical_c":"REGULAR","lat":43.648000799999998,"lon":-79.383177000000003,"address":"King St W / York St","capacity":23}},{"type":"Feature","id":7,"geometry":{"type":"Point","coordinates":[-79.385525000389066,43.660439000027978]},"properties":{"OBJECTID":7,"station_id":7006,"name":"Bay St / College St (East Side)","physical_c":"REGULAR","lat":43.660438999999997,"lon":-79.385525000000001,"address":"Bay St / College St (East Side)","capacity":19}},{"type":"Feature","id":8,"geometry":{"type":"Point","coordinates":[-79.398167000365646,43.658147999742361]},"properties":{"OBJECTID":8,"station_id":7007,"name":"College St / Huron St","physical_c":"REGULAR","lat":43.658147999999997,"lon":-79.398167000000001,"address":"College St / Huron St","capacity":19}},{"type":"Feature","id":9,"geometry":{"type":"Point","coordinates":[-79.3921250000366,43.663376000164931]},"properties":{"OBJECTID":9,"station_id":7008,"name":"Wellesley St / Queen's Park Cres","physical_c":"REGULAR","lat":43.663376,"lon":-79.392124999999993,"address":"Wellesley St W / Queen's Park Cres","capacity":18}},{"type":"Feature","id":10,"geometry":{"type":"Point","coordinates":[-79.372286999662535,43.650325000147951]},"properties":{"OBJECTID":10,"station_id":7009,"name":"King St E / Jarvis St","physical_c":"REGULAR","lat":43.650325000000002,"lon":-79.372287,"address":"King St E / Jarvis St","capacity":25}},{"type":"Feature","id":11,"geometry":{"type":"Point","coordinates":[-79.395003000085993,43.645322999715773]},"properties":{"OBJECTID":11,"station_id":7010,"name":"King St W / Spadina Ave","physical_c":"REGULAR","lat":43.645322999999998,"lon":-79.395003000000003,"address":"King St W / Spadina Ave","capacity":19}},{"type":"Feature","id":12,"geometry":{"type":"Point","coordinates":[-79.385327000022343,43.656026000295583]},"properties":{"OBJECTID":12,"station_id":7012,"name":"Elizabeth St / Edward St (Bus Terminal)","physical_c":"REGULAR","lat":43.656025999999997,"lon":-79.385327000000004,"address":"Elizabeth St / Edward St (Bus Terminal)","capacity":15}},{"type":"Feature","id":13,"geometry":{"type":"Point","coordinates":[-79.373181000338334,43.663101999799458]},"properties":{"OBJECTID":13,"station_id":7014,"name":"Sherbourne St / Carlton St (Allan Gardens)","physical_c":"REGULAR","lat":43.663102000000002,"lon":-79.373181000000002,"address":"Sherbourne St / Carlton St (Allan Gardens)","capacity":17}},{"type":"Feature","id":14,"geometry":{"type":"Point","coordinates":[-79.380576000029166,43.648520000082854]},"properties":{"OBJECTID":14,"station_id":7015,"name":"King St W / Bay St (West Side)","physical_c":"REGULAR","lat":43.648519999999998,"lon":-79.380576000000005,"address":"King St W / Bay St (West Side)","capacity":38}},{"type":"Feature","id":15,"geometry":{"type":"Point","coordinates":[-79.376784999935722,43.640977999741096]},"properties":{"OBJECTID":15,"station_id":7016,"name":"Bay St / Queens Quay W (Ferry Terminal)","physical_c":"REGULAR","lat":43.640977999999997,"lon":-79.376784999999998,"address":"Bay St / Queens Quay W (Ferry Terminal)","capacity":23}},{"type":"Feature","id":16,"geometry":{"type":"Point","coordinates":[-79.386741000381861,43.641528999750903]},"properties":{"OBJECTID":16,"station_id":7018,"name":"Bremner Blvd / Rees St","physical_c":"REGULAR","lat":43.641528999999998,"lon":-79.386741000000001,"address":"Bremner Blvd / Rees St","capacity":23}},{"type":"Feature","id":17,"geometry":{"type":"Point","coordinates":[-79.39655499963942,43.650032999757187]},"properties":{"OBJECTID":17,"station_id":7020,"name":"Phoebe St / Spadina Ave","physical_c":"REGULAR","lat":43.650033000000001,"lon":-79.396555000000006,"address":"Phoebe St / Spadina Ave","capacity":33}},{"type":"Feature","id":18,"geometry":{"type":"Point","coordinates":[-79.382458000193807,43.653264000310472]},"properties":{"OBJECTID":18,"station_id":7021,"name":"Bay St / Albert St","physical_c":"REGULAR","lat":43.653264,"lon":-79.382458,"address":"Bay St / Albert St","capacity":35}},{"type":"Feature","id":19,"geometry":{"type":"Point","coordinates":[-79.387300000423579,43.650489999952498]},"properties":{"OBJECTID":19,"station_id":7022,"name":"Simcoe St / Queen St W","physical_c":"REGULAR","lat":43.650489999999998,"lon":-79.387299999999996,"address":"Simcoe St / Queen St W","capacity":39}},{"type":"Feature","id":20,"geometry":{"type":"Point","coordinates":[-79.405599999691304,43.657100000259042]},"properties":{"OBJECTID":20,"station_id":7023,"name":"College St / Borden St","physical_c":"REGULAR","lat":43.6571,"lon":-79.405600000000007,"address":"College St / Borden St","capacity":11}},{"type":"Feature","id":21,"geometry":{"type":"Point","coordinates":[-79.381479999852402,43.666629999731569]},"properties":{"OBJECTID":21,"station_id":7024,"name":"Dundonald St / Church St","physical_c":"REGULAR","lat":43.666629999999998,"lon":-79.381479999999996,"address":"Dundonald St / Church St","capacity":36}},{"type":"Feature","id":22,"geometry":{"type":"Point","coordinates":[-79.380471000447187,43.671292999989348]},"properties":{"OBJECTID":22,"station_id":7025,"name":"Ted Rogers Way / Bloor St E","physical_c":"REGULAR","lat":43.671292999999999,"lon":-79.380471,"address":"Ted Rogers Way / Bloor St E","capacity":23}},{"type":"Feature","id":23,"geometry":{"type":"Point","coordinates":[-79.387498999716897,43.665527000215754]},"properties":{"OBJECTID":23,"station_id":7026,"name":"Bay St / St. Joseph St","physical_c":"REGULAR","lat":43.665526999999997,"lon":-79.387499000000005,"address":"Bay St / St. Joseph St","capacity":15}},{"type":"Feature","id":24,"geometry":{"type":"Point","coordinates":[-79.393387999885036,43.652822999921391]},"properties":{"OBJECTID":24,"station_id":7027,"name":"Beverley  St / Dundas St W","physical_c":"REGULAR","lat":43.652822999999998,"lon":-79.393388000000002,"address":"Beverley  St / Dundas St W","capacity":26}},{"type":"Feature","id":25,"geometry":{"type":"Point","coordinates":[-79.376800000004337,43.658199999967209]},"properties":{"OBJECTID":25,"station_id":7028,"name":"Gould St / Mutual St","physical_c":"REGULAR","lat":43.658200000000001,"lon":-79.376800000000003,"address":"Gould St / Mutual St","capacity":29}},{"type":"Feature","id":26,"geometry":{"type":"Point","coordinates":[-79.389149999902841,43.669430000248987]},"properties":{"OBJECTID":26,"station_id":7029,"name":"Bay St / Bloor St W (East Side)","physical_c":"REGULAR","lat":43.669429999999998,"lon":-79.389150000000001,"address":"1199 Bay St","capacity":15}},{"type":"Feature","id":27,"geometry":{"type":"Point","coordinates":[-79.387095000384164,43.664087999768952]},"properties":{"OBJECTID":27,"station_id":7030,"name":"Bay St / Wellesley St W","physical_c":"REGULAR","lat":43.664088,"lon":-79.387095000000002,"address":"Bay St / Wellesley St W","capacity":51}},{"type":"Feature","id":28,"geometry":{"type":"Point","coordinates":[-79.379385000150762,43.668990999726155]},"properties":{"OBJECTID":28,"station_id":7031,"name":"Jarvis St / Isabella St","physical_c":"REGULAR","lat":43.668990999999998,"lon":-79.379384999999999,"address":"Jarvis St / Isabella St","capacity":23}},{"type":"Feature","id":29,"geometry":{"type":"Point","coordinates":[-79.40145600031876,43.652473000196366]},"properties":{"OBJECTID":29,"station_id":7032,"name":"Augusta Ave / Dundas St W","physical_c":"REGULAR","lat":43.652473000000001,"lon":-79.401455999999996,"address":"Augusta Ave / Dundas St W","capacity":15}},{"type":"Feature","id":30,"geometry":{"type":"Point","coordinates":[-79.380386000058365,43.64560899972178]},"properties":{"OBJECTID":30,"station_id":7033,"name":"Union Station","physical_c":"REGULAR","lat":43.645609,"lon":-79.380386000000001,"address":"Union Station","capacity":43}},{"type":"Feature","id":31,"geometry":{"type":"Point","coordinates":[-79.419575999661404,43.643974999860198]},"properties":{"OBJECTID":31,"station_id":7035,"name":"Queen St W / Ossington Ave","physical_c":"REGULAR","lat":43.643974999999998,"lon":-79.419576000000006,"address":"Queen St W / Ossington Ave","capacity":23}},{"type":"Feature","id":32,"geometry":{"type":"Point","coordinates":[-79.360229999666956,43.651318000281222]},"properties":{"OBJECTID":32,"station_id":7036,"name":"Trinity St /Front St E","physical_c":"REGULAR","lat":43.651318000000003,"lon":-79.360230000000001,"address":"Trinity St / Front St E","capacity":19}},{"type":"Feature","id":33,"geometry":{"type":"Point","coordinates":[-79.406097800207675,43.651950100095924]},"properties":{"OBJECTID":33,"station_id":7037,"name":"Bathurst St / Dundas St W","physical_c":"REGULAR","lat":43.651950100000001,"lon":-79.406097799999998,"address":"Bathurst St / Dundas St W","capacity":27}},{"type":"Feature","id":34,"geometry":{"type":"Point","coordinates":[-79.381484000050364,43.656093999684053]},"properties":{"OBJECTID":34,"station_id":7038,"name":"Dundas St W / Yonge St","physical_c":"REGULAR","lat":43.656094000000003,"lon":-79.381484,"address":"Dundas St W / Yonge St","capacity":31}},{"type":"Feature","id":35,"geometry":{"type":"Point","coordinates":[-79.388253819914155,43.652327224114472]},"properties":{"OBJECTID":35,"station_id":7039,"name":"Simcoe St / Michael Sweet Ave","physical_c":"REGULAR","lat":43.652327224099999,"lon":-79.388253819599996,"address":"Simcoe St / Michael Sweet Ave","capacity":19}},{"type":"Feature","id":36,"geometry":{"type":"Point","coordinates":[-79.414782999835438,43.664467000320926]},"properties":{"OBJECTID":36,"station_id":7040,"name":"Euclid Ave / Bloor St W","physical_c":"REGULAR","lat":43.664467000000002,"lon":-79.414783,"address":"Euclid Ave / Bloor St W","capacity":19}},{"type":"Feature","id":37,"geometry":{"type":"Point","coordinates":[-79.382736000028146,43.656728999871525]},"properties":{"OBJECTID":37,"station_id":7041,"name":"Edward St / Yonge St","physical_c":"REGULAR","lat":43.656728999999999,"lon":-79.382735999999994,"address":"Edward St / Yonge St","capacity":23}},{"type":"Feature","id":38,"geometry":{"type":"Point","coordinates":[-79.373999999772749,43.667300000148771]},"properties":{"OBJECTID":38,"station_id":7042,"name":"Sherbourne St / Wellesley St E","physical_c":"REGULAR","lat":43.667299999999997,"lon":-79.373999999999995,"address":"Sherbourne St / Wellesley St E","capacity":31}},{"type":"Feature","id":39,"geometry":{"type":"Point","coordinates":[-79.383716999844282,43.639509999967579]},"properties":{"OBJECTID":39,"station_id":7043,"name":"Queens Quay W / Lower Simcoe St","physical_c":"REGULAR","lat":43.639510000000001,"lon":-79.383717000000004,"address":"Queens Quay W / Lower Simcoe St","capacity":19}},{"type":"Feature","id":40,"geometry":{"type":"Point","coordinates":[-79.380288000149079,43.663722000229527]},"properties":{"OBJECTID":40,"station_id":7044,"name":"Church St / Alexander St","physical_c":"REGULAR","lat":43.663722,"lon":-79.380287999999993,"address":"Church St / Alexander St","capacity":15}},{"type":"Feature","id":41,"geometry":{"type":"Point","coordinates":[-79.37671600033876,43.653236000093187]},"properties":{"OBJECTID":41,"station_id":7045,"name":"Bond St / Queen St E","physical_c":"REGULAR","lat":43.653236,"lon":-79.376716000000002,"address":"Bond St / Queen St E","capacity":25}},{"type":"Feature","id":42,"geometry":{"type":"Point","coordinates":[-79.409596999649082,43.645340000324687]},"properties":{"OBJECTID":42,"station_id":7046,"name":"Niagara St / Richmond St W","physical_c":"REGULAR","lat":43.645339999999997,"lon":-79.409597000000005,"address":"Niagara St / Richmond St W","capacity":26}},{"type":"Feature","id":43,"geometry":{"type":"Point","coordinates":[-79.38916499997147,43.657763000276006]},"properties":{"OBJECTID":43,"station_id":7047,"name":"University Ave / Gerrard St W (East Side)","physical_c":"REGULAR","lat":43.657763000000003,"lon":-79.389165000000006,"address":"University Ave / Gerrard St W","capacity":22}},{"type":"Feature","id":44,"geometry":{"type":"Point","coordinates":[-79.377961999570445,43.646144000188613]},"properties":{"OBJECTID":44,"station_id":7048,"name":"Front St W / Yonge St (Hockey Hall of Fame)","physical_c":"REGULAR","lat":43.646144,"lon":-79.377961999999997,"address":"Front St W / Yonge St (Hockey Hall of Fame)","capacity":47}},{"type":"Feature","id":45,"geometry":{"type":"Point","coordinates":[-79.374222000428915,43.652634000063209]},"properties":{"OBJECTID":45,"station_id":7050,"name":"Richmond St E / Jarvis St Green P","physical_c":"ELECTRICBIKESTATION","lat":43.652633999999999,"lon":-79.374222000000003,"address":"Richmond St E / Jarvis St Green P","capacity":16}},{"type":"Feature","id":46,"geometry":{"type":"Point","coordinates":[-79.379878000070264,43.647259000318734]},"properties":{"OBJECTID":46,"station_id":7052,"name":"Wellington St W / Bay St","physical_c":"REGULAR","lat":43.647258999999998,"lon":-79.379878000000005,"address":"Wellington St W / Bay St","capacity":27}},{"type":"Feature","id":47,"geometry":{"type":"Point","coordinates":[-79.387830000153002,43.645858999888986]},"properties":{"OBJECTID":47,"station_id":7053,"name":"Metro Hall Plaza","physical_c":"REGULAR","lat":43.645859000000002,"lon":-79.387829999999994,"address":"Metro Hall Plaza","capacity":27}},{"type":"Feature","id":48,"geometry":{"type":"Point","coordinates":[-79.391051000334059,43.640721999694975]},"properties":{"OBJECTID":48,"station_id":7054,"name":"Navy Wharf Ct. / Bremner Blvd.","physical_c":"REGULAR","lat":43.640721999999997,"lon":-79.391051000000004,"address":"Navy Wharf Ct. / Bremner Blvd.","capacity":11}},{"type":"Feature","id":49,"geometry":{"type":"Point","coordinates":[-79.376169999817478,43.662069999986322]},"properties":{"OBJECTID":49,"station_id":7055,"name":"Jarvis St / Carlton St","physical_c":"REGULAR","lat":43.66207,"lon":-79.376170000000002,"address":"Jarvis St / Carlton St","capacity":15}},{"type":"Feature","id":50,"geometry":{"type":"Point","coordinates":[-79.365679599693678,43.662132000148517]},"properties":{"OBJECTID":50,"station_id":7056,"name":"Parliament St / Gerrard St","physical_c":"REGULAR","lat":43.662132,"lon":-79.365679600000007,"address":"Parliament St / Gerrard St","capacity":23}},{"type":"Feature","id":51,"geometry":{"type":"Point","coordinates":[-79.385365400305801,43.645856900264263]},"properties":{"OBJECTID":51,"station_id":7057,"name":"Simcoe St / Wellington St W South","physical_c":"REGULAR","lat":43.645856899999998,"lon":-79.385365399999998,"address":"Simcoe St / Wellington St 1","capacity":27}},{"type":"Feature","id":52,"geometry":{"type":"Point","coordinates":[-79.400052999829924,43.663699999713835]},"properties":{"OBJECTID":52,"station_id":7058,"name":"Huron St / Harbord St","physical_c":"REGULAR","lat":43.663699999999999,"lon":-79.400053,"address":"Huron/ Harbord St","capacity":15}},{"type":"Feature","id":53,"geometry":{"type":"Point","coordinates":[-79.390477000223711,43.64347300010747]},"properties":{"OBJECTID":53,"station_id":7059,"name":"Front St W / Blue Jays Way","physical_c":"REGULAR","lat":43.643473,"lon":-79.390477000000004,"address":"Front St W / Blue Jays Way","capacity":15}},{"type":"Feature","id":54,"geometry":{"type":"Point","coordinates":[-79.406643300367321,43.666294199717441]},"properties":{"OBJECTID":54,"station_id":7061,"name":"Dalton Rd / Bloor St W","physical_c":"REGULAR","lat":43.666294200000003,"lon":-79.406643299999999,"address":"Dalton Rd / Bloor St W","capacity":15}},{"type":"Feature","id":55,"geometry":{"type":"Point","coordinates":[-79.390212999734757,43.659226000192859]},"properties":{"OBJECTID":55,"station_id":7062,"name":"University Ave / College St (West)","physical_c":"REGULAR","lat":43.659225999999997,"lon":-79.390213000000003,"address":"University Ave / College St (West)","capacity":11}},{"type":"Feature","id":56,"geometry":{"type":"Point","coordinates":[-79.393899000246222,43.668456000048501]},"properties":{"OBJECTID":56,"station_id":7063,"name":"Queen's Park / Bloor St W","physical_c":"REGULAR","lat":43.668455999999999,"lon":-79.393899000000005,"address":"Queen's Park / Bloor St W","capacity":19}},{"type":"Feature","id":57,"geometry":{"type":"Point","coordinates":[-79.362198000045311,43.652050000164891]},"properties":{"OBJECTID":57,"station_id":7064,"name":"51 Parliament St","physical_c":"REGULAR","lat":43.652050000000003,"lon":-79.362198000000006,"address":"51 Parliament St","capacity":19}},{"type":"Feature","id":58,"geometry":{"type":"Point","coordinates":[-79.365769000030753,43.659575000022116]},"properties":{"OBJECTID":58,"station_id":7065,"name":"Dundas St E / Parliament St","physical_c":"REGULAR","lat":43.659574999999997,"lon":-79.365769,"address":"Dundas St E / Parliament St","capacity":15}},{"type":"Feature","id":59,"geometry":{"type":"Point","coordinates":[-79.397734999647184,43.662085000125771]},"properties":{"OBJECTID":59,"station_id":7066,"name":"Willcocks St / St. George St","physical_c":"REGULAR","lat":43.662084999999998,"lon":-79.397734999999997,"address":"Willcocks St / St. George St","capacity":17}},{"type":"Feature","id":60,"geometry":{"type":"Point","coordinates":[-79.375413000307347,43.643795000205927]},"properties":{"OBJECTID":60,"station_id":7067,"name":"Yonge St / Harbour St","physical_c":"REGULAR","lat":43.643794999999997,"lon":-79.375412999999995,"address":"Yonge St / Harbour St","capacity":39}},{"type":"Feature","id":61,"geometry":{"type":"Point","coordinates":[-79.395504000401417,43.64914700017146]},"properties":{"OBJECTID":61,"station_id":7069,"name":"Queen St W / Spadina Ave","physical_c":"REGULAR","lat":43.649146999999999,"lon":-79.395504000000003,"address":"Queen St W / Spadina Ave","capacity":11}},{"type":"Feature","id":62,"geometry":{"type":"Point","coordinates":[-79.380413999647459,43.643666999820312]},"properties":{"OBJECTID":62,"station_id":7070,"name":"25 York St – Union Station South","physical_c":"REGULAR","lat":43.643667000000001,"lon":-79.380414000000002,"address":"25 York St – Union Station South","capacity":11}},{"type":"Feature","id":63,"geometry":{"type":"Point","coordinates":[-79.37332699992821,43.666232999880961]},"properties":{"OBJECTID":63,"station_id":7071,"name":"161 Bleecker St (South of Wellesley)","physical_c":"REGULAR","lat":43.666232999999998,"lon":-79.373327000000003,"address":"161 Bleecker St (South of Wellesley)","capacity":23}},{"type":"Feature","id":64,"geometry":{"type":"Point","coordinates":[-79.400041999959257,43.636611000142828]},"properties":{"OBJECTID":64,"station_id":7072,"name":"Fleet St / Bathurst St","physical_c":"REGULAR","lat":43.636611000000002,"lon":-79.400041999999999,"address":"Fleet St / Bathurst St","capacity":23}},{"type":"Feature","id":65,"geometry":{"type":"Point","coordinates":[-79.393248999967881,43.640113999926974]},"properties":{"OBJECTID":65,"station_id":7073,"name":"Spadina Ave / Fort York Blvd","physical_c":"REGULAR","lat":43.640113999999997,"lon":-79.393248999999997,"address":"Spadina Ave / Fort York Blvd","capacity":23}},{"type":"Feature","id":66,"geometry":{"type":"Point","coordinates":[-79.373354100303686,43.650039200044255]},"properties":{"OBJECTID":66,"station_id":7074,"name":"King St E / Church St","physical_c":"REGULAR","lat":43.650039200000002,"lon":-79.3733541,"address":"St James Park","capacity":15}},{"type":"Feature","id":67,"geometry":{"type":"Point","coordinates":[-79.395854000205787,43.636532999705096]},"properties":{"OBJECTID":67,"station_id":7075,"name":"Queens Quay W / Dan Leckie Way","physical_c":"REGULAR","lat":43.636533,"lon":-79.395854,"address":"Queens Quay W / Dan Leckie Way","capacity":27}},{"type":"Feature","id":68,"geometry":{"type":"Point","coordinates":[-79.38046399987617,43.640131999914381]},"properties":{"OBJECTID":68,"station_id":7076,"name":"York St / Queens Quay W","physical_c":"REGULAR","lat":43.640132000000001,"lon":-79.380464000000003,"address":"York St / Queens Quay W","capacity":57}},{"type":"Feature","id":69,"geometry":{"type":"Point","coordinates":[-79.382766999990295,43.659776999841817]},"properties":{"OBJECTID":69,"station_id":7077,"name":"College Park South","physical_c":"REGULAR","lat":43.659776999999998,"lon":-79.382767000000001,"address":"College Park South","capacity":19}},{"type":"Feature","id":70,"geometry":{"type":"Point","coordinates":[-79.403200000391138,43.657600000083946]},"properties":{"OBJECTID":70,"station_id":7078,"name":"College St / Major St","physical_c":"REGULAR","lat":43.657600000000002,"lon":-79.403199999999998,"address":"College St / Major St","capacity":15}},{"type":"Feature","id":71,"geometry":{"type":"Point","coordinates":[-79.379052000064817,43.66069399971812]},"properties":{"OBJECTID":71,"station_id":7079,"name":"McGill St / Church St","physical_c":"REGULAR","lat":43.660693999999999,"lon":-79.379052000000001,"address":"McGill St / Church St","capacity":19}},{"type":"Feature","id":72,"geometry":{"type":"Point","coordinates":[-79.379903000184626,43.662712000262722]},"properties":{"OBJECTID":72,"station_id":7089,"name":"Church St  / Wood St","physical_c":"REGULAR","lat":43.662711999999999,"lon":-79.379902999999999,"address":"Church St / Wood St","capacity":19}},{"type":"Feature","id":73,"geometry":{"type":"Point","coordinates":[-79.357946599894049,43.651392699782008]},"properties":{"OBJECTID":73,"station_id":7099,"name":"Cherry St / Mill St","physical_c":"REGULAR","lat":43.651392700000002,"lon":-79.357946600000005,"address":"Cherry St / Mill St","capacity":15}},{"type":"Feature","id":74,"geometry":{"type":"Point","coordinates":[-79.361274999955512,43.660206999929599]},"properties":{"OBJECTID":74,"station_id":7100,"name":"Dundas St E / Regent Park Blvd","physical_c":"REGULAR","lat":43.660207,"lon":-79.361275000000006,"address":"Dundas St E / Regent Park Blvd","capacity":27}},{"type":"Feature","id":75,"geometry":{"type":"Point","coordinates":[-79.367061000191498,43.64865499981822]},"properties":{"OBJECTID":75,"station_id":7101,"name":"Lower Sherbourne St / The Esplanade","physical_c":"REGULAR","lat":43.648654999999998,"lon":-79.367061000000007,"address":"Lower Sherbourne St / The Esplanade","capacity":27}},{"type":"Feature","id":76,"geometry":{"type":"Point","coordinates":[-79.389728000211164,43.648710999961267]},"properties":{"OBJECTID":76,"station_id":7102,"name":"Nelson St / Duncan St","physical_c":"REGULAR","lat":43.648710999999999,"lon":-79.389728000000005,"address":"Nelson St / Duncan St","capacity":31}},{"type":"Feature","id":77,"geometry":{"type":"Point","coordinates":[-79.35627385059675,43.656784783211968]},"properties":{"OBJECTID":77,"station_id":7104,"name":"King St E / River St","physical_c":"REGULAR","lat":43.656784782899997,"lon":-79.356273850600004,"address":"King St E / River St","capacity":15}},{"type":"Feature","id":78,"geometry":{"type":"Point","coordinates":[-79.361388889265555,43.656111099932964]},"properties":{"OBJECTID":78,"station_id":7105,"name":"Queen St E / Sackville St","physical_c":"REGULAR","lat":43.656111099999997,"lon":-79.361388888899995,"address":"Queen St E / Sackville St","capacity":15}},{"type":"Feature","id":79,"geometry":{"type":"Point","coordinates":[-79.354455000199948,43.652218999694327]},"properties":{"OBJECTID":79,"station_id":7106,"name":"Mill St / Tannery Rd","physical_c":"REGULAR","lat":43.652219000000002,"lon":-79.354455000000002,"address":"Mill St / Tannery Rd","capacity":27}},{"type":"Feature","id":80,"geometry":{"type":"Point","coordinates":[-79.356831999933917,43.650279000318612]},"properties":{"OBJECTID":80,"station_id":7107,"name":"Cherry St / Distillery Ln","physical_c":"REGULAR","lat":43.650278999999998,"lon":-79.356831999999997,"address":"Cherry St / Distillery Ln","capacity":15}},{"type":"Feature","id":81,"geometry":{"type":"Point","coordinates":[-79.358395000256309,43.652685999863401]},"properties":{"OBJECTID":81,"station_id":7108,"name":"Front St E / Cherry St","physical_c":"REGULAR","lat":43.652686000000003,"lon":-79.358395000000002,"address":"Front St E / Cherry St","capacity":15}},{"type":"Feature","id":82,"geometry":{"type":"Point","coordinates":[-79.369596000109212,43.658776999789993]},"properties":{"OBJECTID":82,"station_id":7109,"name":"Seaton St / Dundas St E - SMART","physical_c":"SMARTMAPFRAME","lat":43.658777000000001,"lon":-79.369596000000001,"address":"Seaton St / Dundas St E","capacity":32}},{"type":"Feature","id":83,"geometry":{"type":"Point","coordinates":[-79.365833332879831,43.65527779980988]},"properties":{"OBJECTID":83,"station_id":7110,"name":"Queen St E / Berkeley St","physical_c":"REGULAR","lat":43.6552778,"lon":-79.365833333300003,"address":"Queen St E / Berkeley St","capacity":15}},{"type":"Feature","id":84,"geometry":{"type":"Point","coordinates":[-79.416378999769805,43.640885000190764]},"properties":{"OBJECTID":84,"station_id":7111,"name":"King St W / Douro St","physical_c":"REGULAR","lat":43.640884999999997,"lon":-79.416379000000006,"address":"King St W / Douro St","capacity":11}},{"type":"Feature","id":85,"geometry":{"type":"Point","coordinates":[-79.424145999904638,43.63798100029328]},"properties":{"OBJECTID":85,"station_id":7112,"name":"Liberty St / Fraser Ave Green P","physical_c":"REGULAR","lat":43.637981000000003,"lon":-79.424145999999993,"address":"Liberty St / Fraser Ave Green P","capacity":19}},{"type":"Feature","id":86,"geometry":{"type":"Point","coordinates":[-79.367929999854638,43.664524000114682]},"properties":{"OBJECTID":86,"station_id":7114,"name":"Carlton St / Parliament St","physical_c":"REGULAR","lat":43.664524,"lon":-79.367930000000001,"address":"Carlton St / Parliament St","capacity":27}},{"type":"Feature","id":87,"geometry":{"type":"Point","coordinates":[-79.376367000359281,43.67125809989227]},"properties":{"OBJECTID":87,"station_id":7115,"name":"Howard St / Sherbourne St","physical_c":"REGULAR","lat":43.671258100000003,"lon":-79.376367000000002,"address":"Howard St / Sherbourne St","capacity":15}},{"type":"Feature","id":88,"geometry":{"type":"Point","coordinates":[-79.380042000101781,43.648574999987609]},"properties":{"OBJECTID":88,"station_id":7118,"name":"King St W / Bay St (East Side)","physical_c":"REGULAR","lat":43.648575000000001,"lon":-79.380042000000003,"address":"King St W / Bay St (East Side)","capacity":19}},{"type":"Feature","id":89,"geometry":{"type":"Point","coordinates":[-79.362506000016893,43.66586699977298]},"properties":{"OBJECTID":89,"station_id":7119,"name":"Sumach St / Carlton St. (Riverdale Farm)","physical_c":"REGULAR","lat":43.665866999999999,"lon":-79.362505999999996,"address":"Sumach St / Carlton St (Riverdale Farm)","capacity":14}},{"type":"Feature","id":90,"geometry":{"type":"Point","coordinates":[-79.358534000173492,43.663993000042552]},"properties":{"OBJECTID":90,"station_id":7120,"name":"Gerrard St E / River St","physical_c":"REGULAR","lat":43.663992999999998,"lon":-79.358534000000006,"address":"Gerrard St E / River St","capacity":11}},{"type":"Feature","id":91,"geometry":{"type":"Point","coordinates":[-79.374756000356314,43.657265999867079]},"properties":{"OBJECTID":91,"station_id":7121,"name":"Jarvis St / Dundas St E","physical_c":"REGULAR","lat":43.657266,"lon":-79.374756000000005,"address":"Jarvis St / Dundas St E","capacity":27}},{"type":"Feature","id":92,"geometry":{"type":"Point","coordinates":[-79.404443999972983,43.641388999783622]},"properties":{"OBJECTID":92,"station_id":7122,"name":"Niagara St / Tecumseth St","physical_c":"REGULAR","lat":43.641388999999997,"lon":-79.404443999999998,"address":"Niagara St / Tecumseth St","capacity":15}},{"type":"Feature","id":93,"geometry":{"type":"Point","coordinates":[-79.39664900024907,43.643833999949301]},"properties":{"OBJECTID":93,"station_id":7123,"name":"424 Wellington St W","physical_c":"REGULAR","lat":43.643833999999998,"lon":-79.396648999999996,"address":"424 Wellington St W","capacity":15}},{"type":"Feature","id":94,"geometry":{"type":"Point","coordinates":[-79.387778000274466,43.67194400016777]},"properties":{"OBJECTID":94,"station_id":7126,"name":"Yonge St / Yorkville Ave","physical_c":"REGULAR","lat":43.671944000000003,"lon":-79.387777999999997,"address":"Yonge St / Yorkville Ave","capacity":17}},{"type":"Feature","id":95,"geometry":{"type":"Point","coordinates":[-79.390180000122783,43.672151999782194]},"properties":{"OBJECTID":95,"station_id":7127,"name":"Bay St / Scollard St","physical_c":"REGULAR","lat":43.672151999999997,"lon":-79.390180000000001,"address":"Bay St / Scollard St","capacity":15}},{"type":"Feature","id":96,"geometry":{"type":"Point","coordinates":[-79.39627299960712,43.67499100029319]},"properties":{"OBJECTID":96,"station_id":7129,"name":"Davenport Rd / Avenue Rd","physical_c":"REGULAR","lat":43.674990999999999,"lon":-79.396272999999994,"address":"Davenport Rd / Avenue Rd","capacity":11}},{"type":"Feature","id":97,"geometry":{"type":"Point","coordinates":[-79.398331000397164,43.674446000190549]},"properties":{"OBJECTID":97,"station_id":7130,"name":"Davenport Rd / Bedford Rd","physical_c":"REGULAR","lat":43.674446000000003,"lon":-79.398330999999999,"address":"Davenport Rd / Bedford Rd","capacity":15}},{"type":"Feature","id":98,"geometry":{"type":"Point","coordinates":[-79.398442999651834,43.669860000074273]},"properties":{"OBJECTID":98,"station_id":7131,"name":"Taddle Creek Park","physical_c":"REGULAR","lat":43.66986,"lon":-79.398443,"address":"Taddle Creek Park","capacity":15}},{"type":"Feature","id":99,"geometry":{"type":"Point","coordinates":[-79.405181000289971,43.670318000129818]},"properties":{"OBJECTID":99,"station_id":7132,"name":"Kendal Ave / Spadina Rd","physical_c":"REGULAR","lat":43.670318000000002,"lon":-79.405180999999999,"address":"Kendal Ave / Spadina Rd","capacity":9}},{"type":"Feature","id":100,"geometry":{"type":"Point","coordinates":[-79.419710700241652,43.638400900167433]},"properties":{"OBJECTID":100,"station_id":7135,"name":"Hanna Ave / Liberty St","physical_c":"REGULAR","lat":43.638400900000001,"lon":-79.419710699999996,"address":"Hanna Ave / Liberty St","capacity":17}},{"type":"Feature","id":101,"geometry":{"type":"Point","coordinates":[-79.435841000400259,43.640634000280457]},"properties":{"OBJECTID":101,"station_id":7136,"name":"Queen St W / Close Ave","physical_c":"REGULAR","lat":43.640633999999999,"lon":-79.435840999999996,"address":"Queen St W / Close Ave","capacity":23}},{"type":"Feature","id":102,"geometry":{"type":"Point","coordinates":[-79.408317000082207,43.671512999696795]},"properties":{"OBJECTID":102,"station_id":7143,"name":"Kendal Ave / Bernard Ave","physical_c":"REGULAR","lat":43.671512999999997,"lon":-79.408316999999997,"address":"Kendal Ave / Bernard Ave","capacity":15}},{"type":"Feature","id":103,"geometry":{"type":"Point","coordinates":[-79.416388999815538,43.671388999842705]},"properties":{"OBJECTID":103,"station_id":7144,"name":"Palmerston Ave / Vermont Ave","physical_c":"REGULAR","lat":43.671388999999998,"lon":-79.416388999999995,"address":"Palmerston Ave / Vermont Ave","capacity":15}},{"type":"Feature","id":104,"geometry":{"type":"Point","coordinates":[-79.425277778347947,43.639444400204049]},"properties":{"OBJECTID":104,"station_id":7147,"name":"King St W / Fraser Ave","physical_c":"REGULAR","lat":43.639444400000002,"lon":-79.425277777800005,"address":"King St W / Fraser Ave","capacity":15}},{"type":"Feature","id":105,"geometry":{"type":"Point","coordinates":[-79.423611000152334,43.639443999737509]},"properties":{"OBJECTID":105,"station_id":7148,"name":"King St W / Joe Shuster Way","physical_c":"REGULAR","lat":43.639443999999997,"lon":-79.423610999999994,"address":"King St W / Joe Shuster Way","capacity":15}},{"type":"Feature","id":106,"geometry":{"type":"Point","coordinates":[-79.420833332937036,43.669999999957049]},"properties":{"OBJECTID":106,"station_id":7149,"name":"Yarmouth Rd / Christie St","physical_c":"REGULAR","lat":43.670000000000002,"lon":-79.420833333299996,"address":"Yarmouth Rd / Christie St","capacity":11}},{"type":"Feature","id":107,"geometry":{"type":"Point","coordinates":[-79.420277777934416,43.668611099833612]},"properties":{"OBJECTID":107,"station_id":7151,"name":"Essex St / Christie St - SMART","physical_c":"REGULAR","lat":43.6686111,"lon":-79.420277777799996,"address":"Essex St / Christie St","capacity":19}},{"type":"Feature","id":108,"geometry":{"type":"Point","coordinates":[-79.425734000341393,43.661704999986988]},"properties":{"OBJECTID":108,"station_id":7152,"name":"Ossington Ave / Bloor St W","physical_c":"REGULAR","lat":43.661704999999998,"lon":-79.425734000000006,"address":"Ossington Ave / Bloor St W","capacity":11}},{"type":"Feature","id":109,"geometry":{"type":"Point","coordinates":[-79.411666666859716,43.666666699903686]},"properties":{"OBJECTID":109,"station_id":7154,"name":"Bathurst Subway Station","physical_c":"REGULAR","lat":43.6666667,"lon":-79.4116666667,"address":"Bathurst Subway Station","capacity":23}},{"type":"Feature","id":110,"geometry":{"type":"Point","coordinates":[-79.410491000324896,43.663808000041357]},"properties":{"OBJECTID":110,"station_id":7155,"name":"Bathurst St / Lennox St","physical_c":"REGULAR","lat":43.663808000000003,"lon":-79.410490999999993,"address":"Bathurst St / Lennox St","capacity":19}},{"type":"Feature","id":111,"geometry":{"type":"Point","coordinates":[-79.411111110958757,43.642222200079125]},"properties":{"OBJECTID":111,"station_id":7158,"name":"King St W / Stafford St","physical_c":"REGULAR","lat":43.642222199999999,"lon":-79.411111111099999,"address":"King St W / Stafford St","capacity":15}},{"type":"Feature","id":112,"geometry":{"type":"Point","coordinates":[-79.405555556440945,43.64333333295361]},"properties":{"OBJECTID":112,"station_id":7160,"name":"King St W / Tecumseth St","physical_c":"REGULAR","lat":43.643333333299999,"lon":-79.405555555600003,"address":"King St W / Tecumseth St","capacity":19}},{"type":"Feature","id":113,"geometry":{"type":"Point","coordinates":[-79.395277777663409,43.657500000062072]},"properties":{"OBJECTID":113,"station_id":7161,"name":"Beverley St / College St","physical_c":"REGULAR","lat":43.657499999999999,"lon":-79.395277777800004,"address":"Beverley St / College St","capacity":23}},{"type":"Feature","id":114,"geometry":{"type":"Point","coordinates":[-79.385555555685144,43.659166666796686]},"properties":{"OBJECTID":114,"station_id":7162,"name":"Hayter St / Laplante Ave","physical_c":"REGULAR","lat":43.659166666700003,"lon":-79.385555555600007,"address":"Hayter St / Laplante Ave","capacity":22}},{"type":"Feature","id":115,"geometry":{"type":"Point","coordinates":[-79.382500000026596,43.662222199693659]},"properties":{"OBJECTID":115,"station_id":7163,"name":"Yonge St / Wood St","physical_c":"REGULAR","lat":43.662222200000002,"lon":-79.382499999999993,"address":"Yonge St / Wood St","capacity":15}},{"type":"Feature","id":116,"geometry":{"type":"Point","coordinates":[-79.38101899971997,43.657423999882106]},"properties":{"OBJECTID":116,"station_id":7164,"name":"Gould St / Yonge St (Ryerson University)","physical_c":"REGULAR","lat":43.657423999999999,"lon":-79.381018999999995,"address":"Gould St / Yonge St (Ryerson University)","capacity":22}},{"type":"Feature","id":117,"geometry":{"type":"Point","coordinates":[-79.375307999827044,43.641646000067631]},"properties":{"OBJECTID":117,"station_id":7168,"name":"Queens Quay / Yonge St","physical_c":"REGULAR","lat":43.641646000000001,"lon":-79.375308000000004,"address":"Queens Quay / Yonge St","capacity":31}},{"type":"Feature","id":118,"geometry":{"type":"Point","coordinates":[-79.378912000322728,43.646162000319485]},"properties":{"OBJECTID":118,"station_id":7169,"name":"Front St W / Bay St (North Side)","physical_c":"REGULAR","lat":43.646161999999997,"lon":-79.378912,"address":"Front St W / Bay St (North Side)","capacity":11}},{"type":"Feature","id":119,"geometry":{"type":"Point","coordinates":[-79.40138888898052,43.661666700056934]},"properties":{"OBJECTID":119,"station_id":7170,"name":"Spadina Ave / Willcocks St","physical_c":"REGULAR","lat":43.661666699999998,"lon":-79.401388888900001,"address":"Spadina Ave / Willcocks St","capacity":15}},{"type":"Feature","id":120,"geometry":{"type":"Point","coordinates":[-79.410810499630415,43.632244499784015]},"properties":{"OBJECTID":120,"station_id":7171,"name":"Ontario Place Blvd / Lake Shore Blvd W","physical_c":"REGULAR","lat":43.632244499999999,"lon":-79.410810499999997,"address":"Ontario Place Blvd / Lake Shore Blvd W","capacity":27}},{"type":"Feature","id":121,"geometry":{"type":"Point","coordinates":[-79.40888888915164,43.634999999933321]},"properties":{"OBJECTID":121,"station_id":7172,"name":"Strachan Ave / Princes' Blvd","physical_c":"REGULAR","lat":43.634999999999998,"lon":-79.408888888899995,"address":"Strachan Ave / Princes' Blvd","capacity":19}},{"type":"Feature","id":122,"geometry":{"type":"Point","coordinates":[-79.387502000089953,43.63795999998905]},"properties":{"OBJECTID":122,"station_id":7175,"name":"HTO Park (Queens Quay W)","physical_c":"REGULAR","lat":43.63796,"lon":-79.387501999999998,"address":"HTO Park (Queens Quay W)","capacity":27}},{"type":"Feature","id":123,"geometry":{"type":"Point","coordinates":[-79.399595000070519,43.639179000171971]},"properties":{"OBJECTID":123,"station_id":7176,"name":"Bathurst St / Fort York Blvd","physical_c":"REGULAR","lat":43.639178999999999,"lon":-79.399595000000005,"address":"Bathurst St / Fort York Blvd","capacity":19}},{"type":"Feature","id":124,"geometry":{"type":"Point","coordinates":[-79.422633999635849,43.654491499976508]},"properties":{"OBJECTID":124,"station_id":7184,"name":"Ossington Ave / College St","physical_c":"REGULAR","lat":43.654491499999999,"lon":-79.422634000000002,"address":"Ossington Ave / College St","capacity":11}},{"type":"Feature","id":125,"geometry":{"type":"Point","coordinates":[-79.419722222033471,43.636666666940556]},"properties":{"OBJECTID":125,"station_id":7188,"name":"Exhibition GO (Atlantic Ave)","physical_c":"REGULAR","lat":43.636666666700002,"lon":-79.419722222199994,"address":"Exhibition GO (Atlantic Ave)","capacity":0}},{"type":"Feature","id":126,"geometry":{"type":"Point","coordinates":[-79.401675899815473,43.653766000134091]},"properties":{"OBJECTID":126,"station_id":7189,"name":"Augusta Ave / Denison Sq","physical_c":"REGULAR","lat":43.653765999999997,"lon":-79.401675900000001,"address":"Augusta Ave / Denison Sq","capacity":12}},{"type":"Feature","id":127,"geometry":{"type":"Point","coordinates":[-79.398064499896762,43.66374029986958]},"properties":{"OBJECTID":127,"station_id":7190,"name":"St. George St / Hoskin Ave","physical_c":"REGULAR","lat":43.663740300000001,"lon":-79.398064500000004,"address":"St. George St / Hoskin Ave","capacity":15}},{"type":"Feature","id":128,"geometry":{"type":"Point","coordinates":[-79.407896000132723,43.661975000315842]},"properties":{"OBJECTID":128,"station_id":7191,"name":"Central Tech  (Harbord St)","physical_c":"REGULAR","lat":43.661974999999998,"lon":-79.407895999999994,"address":"Central Tech (Harbord St)","capacity":11}},{"type":"Feature","id":129,"geometry":{"type":"Point","coordinates":[-79.415645999650806,43.660413999757935]},"properties":{"OBJECTID":129,"station_id":7192,"name":"Harbord St / Clinton St","physical_c":"REGULAR","lat":43.660414000000003,"lon":-79.415645999999995,"address":"Harbord St / Clinton St","capacity":15}},{"type":"Feature","id":130,"geometry":{"type":"Point","coordinates":[-79.427500000155078,43.643055555887074]},"properties":{"OBJECTID":130,"station_id":7193,"name":"Queen St W / Gladstone Ave","physical_c":"REGULAR","lat":43.6430555556,"lon":-79.427499999999995,"address":"Queen St W / Gladstone Ave","capacity":23}},{"type":"Feature","id":131,"geometry":{"type":"Point","coordinates":[-79.40888888915164,43.660000000037535]},"properties":{"OBJECTID":131,"station_id":7195,"name":"Ulster St / Bathurst St","physical_c":"REGULAR","lat":43.659999999999997,"lon":-79.408888888899995,"address":"Ulster St / Bathurst St","capacity":11}},{"type":"Feature","id":132,"geometry":{"type":"Point","coordinates":[-79.422987999638181,43.659050000207827]},"properties":{"OBJECTID":132,"station_id":7196,"name":"Roxton Rd / Harbord St","physical_c":"REGULAR","lat":43.659050000000001,"lon":-79.422988000000004,"address":"Roxton Rd / Harbord St","capacity":11}},{"type":"Feature","id":133,"geometry":{"type":"Point","coordinates":[-79.422757299696812,43.643860199982683]},"properties":{"OBJECTID":133,"station_id":7197,"name":"Queen St W / Dovercourt Rd","physical_c":"REGULAR","lat":43.643860199999999,"lon":-79.422757300000001,"address":"Queen St W / Dovercourt Rd","capacity":11}},{"type":"Feature","id":134,"geometry":{"type":"Point","coordinates":[-79.432836999954176,43.640899999771484]},"properties":{"OBJECTID":134,"station_id":7198,"name":"Queen St W / Cowan Ave","physical_c":"REGULAR","lat":43.640900000000002,"lon":-79.432837000000006,"address":"Queen St W / Cowan Ave","capacity":19}},{"type":"Feature","id":135,"geometry":{"type":"Point","coordinates":[-79.409166667102113,43.656388888768092]},"properties":{"OBJECTID":135,"station_id":7199,"name":"College St / Markham St","physical_c":"REGULAR","lat":43.656388888899997,"lon":-79.409166666700003,"address":"College St / Markham St","capacity":19}},{"type":"Feature","id":136,"geometry":{"type":"Point","coordinates":[-79.382695099733269,43.651792499711753]},"properties":{"OBJECTID":136,"station_id":7202,"name":"Queen St W / Bay St (City Hall)","physical_c":"REGULAR","lat":43.651792499999999,"lon":-79.382695100000007,"address":"Queen St W / York St (City Hall)","capacity":23}},{"type":"Feature","id":137,"geometry":{"type":"Point","coordinates":[-79.398252999681048,43.635492000298406]},"properties":{"OBJECTID":137,"station_id":7203,"name":"Bathurst St/Queens Quay(Billy Bishop Airport)","physical_c":"REGULAR","lat":43.635491999999999,"lon":-79.398252999999997,"address":"Bathurst St/Queens Quay(Billy Bishop Airport)","capacity":35}},{"type":"Feature","id":138,"geometry":{"type":"Point","coordinates":[-79.418888999573156,43.654999999985336]},"properties":{"OBJECTID":138,"station_id":7204,"name":"College St / Crawford St","physical_c":"REGULAR","lat":43.655000000000001,"lon":-79.418888999999993,"address":"College St / Crawford St","capacity":19}},{"type":"Feature","id":139,"geometry":{"type":"Point","coordinates":[-79.429722220165573,43.652777780011867]},"properties":{"OBJECTID":139,"station_id":7205,"name":"Rusholme Park Cres / College St","physical_c":"REGULAR","lat":43.652777780000001,"lon":-79.429722220000002,"address":"Rusholme Park Cres / College St","capacity":15}},{"type":"Feature","id":140,"geometry":{"type":"Point","coordinates":[-79.411717000363396,43.651281000185222]},"properties":{"OBJECTID":140,"station_id":7206,"name":"Claremont St / Dundas St W","physical_c":"REGULAR","lat":43.651280999999997,"lon":-79.411716999999996,"address":"Claremont St / Dundas St W","capacity":13}},{"type":"Feature","id":141,"geometry":{"type":"Point","coordinates":[-79.416943999659338,43.649721999843287]},"properties":{"OBJECTID":141,"station_id":7207,"name":"Dundas St W / Crawford St","physical_c":"REGULAR","lat":43.649721999999997,"lon":-79.416944000000001,"address":"Dundas St W / Crawford St","capacity":23}},{"type":"Feature","id":142,"geometry":{"type":"Point","coordinates":[-79.414663000184845,43.656296000165959]},"properties":{"OBJECTID":142,"station_id":7208,"name":"80 Clinton St (North of College)","physical_c":"REGULAR","lat":43.656295999999998,"lon":-79.414663000000004,"address":"80 Clinton St (North of College)","capacity":15}},{"type":"Feature","id":143,"geometry":{"type":"Point","coordinates":[-79.421388888837996,43.651111110791135]},"properties":{"OBJECTID":143,"station_id":7209,"name":"Ossington Ave / Harrison St","physical_c":"REGULAR","lat":43.651111111100001,"lon":-79.421388888899997,"address":"Ossington Ave / Harrison St","capacity":19}},{"type":"Feature","id":144,"geometry":{"type":"Point","coordinates":[-79.433055555571229,43.647499999931163]},"properties":{"OBJECTID":144,"station_id":7210,"name":"Mary McCormick Rec Centre (Sheridan Ave)","physical_c":"REGULAR","lat":43.647500000000001,"lon":-79.433055555600006,"address":"Mary McCormick Rec Centre (Sheridan Ave)","capacity":15}},{"type":"Feature","id":145,"geometry":{"type":"Point","coordinates":[-79.406111999877382,43.637380999947915]},"properties":{"OBJECTID":145,"station_id":7211,"name":"Fort York Blvd / Garrison Rd","physical_c":"REGULAR","lat":43.637380999999998,"lon":-79.406111999999993,"address":"Fort York Blvd / Garrison Rd","capacity":15}},{"type":"Feature","id":146,"geometry":{"type":"Point","coordinates":[-79.409666300181669,43.640995699777612]},"properties":{"OBJECTID":146,"station_id":7216,"name":"Wellington St W / Stafford St","physical_c":"REGULAR","lat":43.640995699999998,"lon":-79.409666299999998,"address":"Wellington St W / Stafford St","capacity":23}},{"type":"Feature","id":147,"geometry":{"type":"Point","coordinates":[-79.393535000198142,43.649489600187692]},"properties":{"OBJECTID":147,"station_id":7217,"name":"Soho St / Queen St W","physical_c":"REGULAR","lat":43.649489600000003,"lon":-79.393535,"address":"Soho St. / Queen St W","capacity":7}},{"type":"Feature","id":148,"geometry":{"type":"Point","coordinates":[-79.465082999953111,43.635931999929653]},"properties":{"OBJECTID":148,"station_id":7220,"name":"Lake Shore Blvd W / Ellis Ave","physical_c":"REGULAR","lat":43.635931999999997,"lon":-79.465083000000007,"address":"Lake Shore Blvd W / Ellis Ave","capacity":19}},{"type":"Feature","id":149,"geometry":{"type":"Point","coordinates":[-79.454822999733366,43.637894000006717]},"properties":{"OBJECTID":149,"station_id":7222,"name":"Sunnyside - Gus Ryder Pool","physical_c":"REGULAR","lat":43.637894000000003,"lon":-79.454823000000005,"address":"Sunnyside - Gus Ryder Pool","capacity":27}},{"type":"Feature","id":150,"geometry":{"type":"Point","coordinates":[-79.467762999635767,43.634896000223151]},"properties":{"OBJECTID":150,"station_id":7225,"name":"Lake Shore Blvd W / Windermere Ave","physical_c":"REGULAR","lat":43.634895999999998,"lon":-79.467763000000005,"address":"Lake Shore Blvd W / Windermere Ave","capacity":19}},{"type":"Feature","id":151,"geometry":{"type":"Point","coordinates":[-79.444965999919759,43.636731000018514]},"properties":{"OBJECTID":151,"station_id":7226,"name":"Lake Shore Blvd W / The Boulevard Club","physical_c":"REGULAR","lat":43.636730999999997,"lon":-79.444965999999994,"address":"Lake Shore Blvd W / The Boulevard Club","capacity":19}},{"type":"Feature","id":152,"geometry":{"type":"Point","coordinates":[-79.430399999945777,43.631399999877402]},"properties":{"OBJECTID":152,"station_id":7227,"name":"Martin Goodman Trail (Marilyn Bell Park)","physical_c":"REGULAR","lat":43.631399999999999,"lon":-79.430400000000006,"address":"Martin Goodman Trail (Marilyn Bell Park)","capacity":31}},{"type":"Feature","id":153,"geometry":{"type":"Point","coordinates":[-79.442323699834645,43.637295800306397]},"properties":{"OBJECTID":153,"station_id":7228,"name":"Queen St W / Roncesvalles Ave","physical_c":"REGULAR","lat":43.637295799999997,"lon":-79.442323700000003,"address":"Queen St W / Roncesvalles Ave","capacity":19}},{"type":"Feature","id":154,"geometry":{"type":"Point","coordinates":[-79.431733999939325,43.637922000224791]},"properties":{"OBJECTID":154,"station_id":7233,"name":"King / Cowan Ave - SMART","physical_c":"SMARTMAPFRAME","lat":43.637922000000003,"lon":-79.431734000000006,"address":"King St W / Cowan Ave","capacity":16}},{"type":"Feature","id":155,"geometry":{"type":"Point","coordinates":[-79.385655000085407,43.660087000154441]},"properties":{"OBJECTID":155,"station_id":7235,"name":"Bay St / College St (West Side) - SMART","physical_c":"SMARTMAPFRAME","lat":43.660086999999997,"lon":-79.385655,"address":"Bay St / College St (West Side)","capacity":12}},{"type":"Feature","id":156,"geometry":{"type":"Point","coordinates":[-79.416124000400004,43.663911999739845]},"properties":{"OBJECTID":156,"station_id":7239,"name":"Bloor St W / Manning Ave - SMART","physical_c":"SMARTMAPFRAME","lat":43.663912000000003,"lon":-79.416123999999996,"address":"Bloor St W / Manning Ave","capacity":20}},{"type":"Feature","id":157,"geometry":{"type":"Point","coordinates":[-79.423098000141366,43.662402999990618]},"properties":{"OBJECTID":157,"station_id":7240,"name":"Bloor St W / Shaw Ave - SMART","physical_c":"SMARTMAPFRAME","lat":43.662402999999998,"lon":-79.423097999999996,"address":"Bloor St W / Shaw Ave","capacity":34}},{"type":"Feature","id":158,"geometry":{"type":"Point","coordinates":[-79.381155000162394,43.666873999765897]},"properties":{"OBJECTID":158,"station_id":7241,"name":"519 Church St","physical_c":"SMARTMAPFRAME","lat":43.666874,"lon":-79.381155000000007,"address":"519 Church St","capacity":12}},{"type":"Feature","id":159,"geometry":{"type":"Point","coordinates":[-79.42031700017634,43.630254000020983]},"properties":{"OBJECTID":159,"station_id":7242,"name":"Lake Shore Blvd W / Ontario Dr","physical_c":"REGULAR","lat":43.630254000000001,"lon":-79.420316999999997,"address":"Lake Shore Blvd W / Ontario Dr (Ontario Place)","capacity":35}},{"type":"Feature","id":160,"geometry":{"type":"Point","coordinates":[-79.41877110018369,43.635200700186118]},"properties":{"OBJECTID":160,"station_id":7243,"name":"Exhibition GO Station","physical_c":"REGULAR","lat":43.635200699999999,"lon":-79.418771100000001,"address":"Exhibition GO Station","capacity":14}},{"type":"Feature","id":161,"geometry":{"type":"Point","coordinates":[-79.425679000089815,43.633472999856636]},"properties":{"OBJECTID":161,"station_id":7244,"name":"Dufferin Gate - SMART","physical_c":"SMARTMAPFRAME","lat":43.633473000000002,"lon":-79.425679000000002,"address":"Dufferin Gate","capacity":16}},{"type":"Feature","id":162,"geometry":{"type":"Point","coordinates":[-79.40646800042785,43.64655200009777]},"properties":{"OBJECTID":162,"station_id":7245,"name":"Tecumseth St / Queen St W - SMART","physical_c":"SMARTMAPFRAME","lat":43.646552,"lon":-79.406468000000004,"address":"Tecumseth St / Queen St W","capacity":9}},{"type":"Feature","id":163,"geometry":{"type":"Point","coordinates":[-79.38653200014447,43.66996899972343]},"properties":{"OBJECTID":163,"station_id":7246,"name":"Yonge St / Bloor St","physical_c":"REGULAR","lat":43.669969000000002,"lon":-79.386532000000003,"address":"Yonge St / Bloor St","capacity":14}},{"type":"Feature","id":164,"geometry":{"type":"Point","coordinates":[-79.398447999674715,43.654905000177187]},"properties":{"OBJECTID":164,"station_id":7248,"name":"Baldwin Ave / Spadina Ave - SMART","physical_c":"SMARTMAPFRAME","lat":43.654904999999999,"lon":-79.398448000000002,"address":"Baldwin Ave / Spadina Ave","capacity":20}},{"type":"Feature","id":165,"geometry":{"type":"Point","coordinates":[-79.423741999673595,43.651145000180918]},"properties":{"OBJECTID":165,"station_id":7249,"name":"Dovercourt Rd / Harrison St (Green P) - SMART","physical_c":"SMARTMAPFRAME","lat":43.651145,"lon":-79.423742000000004,"address":"Dovercourt Rd / Harrison St (Green P) - SMART","capacity":12}},{"type":"Feature","id":166,"geometry":{"type":"Point","coordinates":[-79.397107000008475,43.66029600008455]},"properties":{"OBJECTID":166,"station_id":7250,"name":"Ursula Franklin St / St. George St - SMART","physical_c":"SMARTMAPFRAME","lat":43.660296000000002,"lon":-79.397107000000005,"address":"Ursula Franklin St / St. George St","capacity":16}},{"type":"Feature","id":167,"geometry":{"type":"Point","coordinates":[-79.394623600219006,43.66850004632029]},"properties":{"OBJECTID":167,"station_id":7251,"name":"The Royal Ontario Museum (Bloor St Entrance)","physical_c":"REGULAR","lat":43.668500046299997,"lon":-79.394623600000003,"address":"The Royal Ontario Museum (Bloor St Entrance)","capacity":19}},{"type":"Feature","id":168,"geometry":{"type":"Point","coordinates":[-79.404997999991863,43.665846000119863]},"properties":{"OBJECTID":168,"station_id":7252,"name":"Robert St / Bloor St W - SMART","physical_c":"SMARTMAPFRAME","lat":43.665846000000002,"lon":-79.404998000000006,"address":"Robert St / Bloor St W","capacity":18}},{"type":"Feature","id":169,"geometry":{"type":"Point","coordinates":[-79.389499999707212,43.646099999918107]},"properties":{"OBJECTID":169,"station_id":7253,"name":"John St  / Mercer St - SMART","physical_c":"SMARTMAPFRAME","lat":43.646099999999997,"lon":-79.389499999999998,"address":"John St / Mercer St - SMART","capacity":12}},{"type":"Feature","id":170,"geometry":{"type":"Point","coordinates":[-79.398379999902659,43.64843700027307]},"properties":{"OBJECTID":170,"station_id":7256,"name":"Vanauley St / Queen St W - SMART","physical_c":"SMARTMAPFRAME","lat":43.648437000000001,"lon":-79.398380000000003,"address":"Vanauley St / Queen St W","capacity":12}},{"type":"Feature","id":171,"geometry":{"type":"Point","coordinates":[-79.389531500030969,43.654517400286423]},"properties":{"OBJECTID":171,"station_id":7257,"name":"Dundas St W / St. Patrick St","physical_c":"REGULAR","lat":43.654517400000003,"lon":-79.389531500000004,"address":"Dundas St W / St. Patrick St","capacity":19}},{"type":"Feature","id":172,"geometry":{"type":"Point","coordinates":[-79.391919999997199,43.638497000076242]},"properties":{"OBJECTID":172,"station_id":7259,"name":"Lower Spadina Ave / Lake Shore Blvd","physical_c":"REGULAR","lat":43.638497000000001,"lon":-79.391919999999999,"address":"Lower Spadina Ave / Lake Shore Blvd W","capacity":19}},{"type":"Feature","id":173,"geometry":{"type":"Point","coordinates":[-79.395339400295271,43.647201900281274]},"properties":{"OBJECTID":173,"station_id":7260,"name":"Spadina Ave / Adelaide St W","physical_c":"REGULAR","lat":43.647201899999999,"lon":-79.395339399999997,"address":"Spadina Ave / Adelaide St W","capacity":15}},{"type":"Feature","id":174,"geometry":{"type":"Point","coordinates":[-79.364897999819476,43.645214999941224]},"properties":{"OBJECTID":174,"station_id":7261,"name":"Queens Quay E / Lower Sherbourne St","physical_c":"REGULAR","lat":43.645215,"lon":-79.364897999999997,"address":"Queens Quay E / Lower Sherbourne","capacity":27}},{"type":"Feature","id":175,"geometry":{"type":"Point","coordinates":[-79.386310000386629,43.657837999817026]},"properties":{"OBJECTID":175,"station_id":7263,"name":"Walton St / Elizabeth St - SMART","physical_c":"SMARTMAPFRAME","lat":43.657837999999998,"lon":-79.386309999999995,"address":"Walton St / Elizabeth St","capacity":20}},{"type":"Feature","id":176,"geometry":{"type":"Point","coordinates":[-79.379173000438655,43.671534999948051]},"properties":{"OBJECTID":176,"station_id":7264,"name":"Bloor St E / Huntley St - SMART","physical_c":"SMARTMAPFRAME","lat":43.671534999999999,"lon":-79.379172999999994,"address":"Bloor St E / Huntley St","capacity":16}},{"type":"Feature","id":177,"geometry":{"type":"Point","coordinates":[-79.37234600011206,43.658294999761793]},"properties":{"OBJECTID":177,"station_id":7267,"name":"Dundas St E / Pembroke St - SMART","physical_c":"SMARTMAPFRAME","lat":43.658295000000003,"lon":-79.372345999999993,"address":"Dundas St E / Pembroke St","capacity":16}},{"type":"Feature","id":178,"geometry":{"type":"Point","coordinates":[-79.378497000221046,43.656926999916863]},"properties":{"OBJECTID":178,"station_id":7268,"name":"111 Bond St (North of Dundas St E)  - SMART","physical_c":"SMARTMAPFRAME","lat":43.656927000000003,"lon":-79.378496999999996,"address":"111 Bond St (North of Dundas St E)","capacity":16}},{"type":"Feature","id":179,"geometry":{"type":"Point","coordinates":[-79.38065300002205,43.655431000086999]},"properties":{"OBJECTID":179,"station_id":7269,"name":"Toronto Eaton Centre (Yonge St) - SMART","physical_c":"SMARTMAPFRAME","lat":43.655431,"lon":-79.380652999999995,"address":"Toronto Eaton Centre (Yonge St)","capacity":20}},{"type":"Feature","id":180,"geometry":{"type":"Point","coordinates":[-79.377256999938822,43.657024000222684]},"properties":{"OBJECTID":180,"station_id":7270,"name":"Church St / Dundas St E - SMART","physical_c":"SMARTMAPFRAME","lat":43.657024,"lon":-79.377257,"address":"Church St / Dundas St E","capacity":15}},{"type":"Feature","id":181,"geometry":{"type":"Point","coordinates":[-79.383572000079326,43.662861999884505]},"properties":{"OBJECTID":181,"station_id":7271,"name":"Yonge St / Alexander St - SMART","physical_c":"SMARTMAPFRAME","lat":43.662861999999997,"lon":-79.383572000000001,"address":"Yonge St / Alexander St","capacity":18}},{"type":"Feature","id":182,"geometry":{"type":"Point","coordinates":[-79.38479599956969,43.665800999910189]},"properties":{"OBJECTID":182,"station_id":7272,"name":"Yonge St / Dundonald St - SMART","physical_c":"REGULAR","lat":43.665801000000002,"lon":-79.384795999999994,"address":"Yonge St / Dundonald St","capacity":12}},{"type":"Feature","id":183,"geometry":{"type":"Point","coordinates":[-79.388909999703344,43.66815299968026]},"properties":{"OBJECTID":183,"station_id":7273,"name":"Bay St / Charles St W - SMART","physical_c":"SMARTMAPFRAME","lat":43.668152999999997,"lon":-79.388909999999996,"address":"Bay St / Charles St W","capacity":20}},{"type":"Feature","id":184,"geometry":{"type":"Point","coordinates":[-79.389682000180414,43.661802999866431]},"properties":{"OBJECTID":184,"station_id":7274,"name":"Queen's Park Cres E / Grosvenor St - SMART","physical_c":"SMARTMAPFRAME","lat":43.661802999999999,"lon":-79.389681999999993,"address":"Queen's Park Cres E / Grosvenor St","capacity":12}},{"type":"Feature","id":185,"geometry":{"type":"Point","coordinates":[-79.38070099970264,43.652276000066792]},"properties":{"OBJECTID":185,"station_id":7275,"name":"Queen St W / James St","physical_c":"REGULAR","lat":43.652276000000001,"lon":-79.380701000000002,"address":"Queen St W / James St","capacity":11}},{"type":"Feature","id":186,"geometry":{"type":"Point","coordinates":[-79.387801999665598,43.669902999822398]},"properties":{"OBJECTID":186,"station_id":7276,"name":"Bloor St W / Balmuto St","physical_c":"REGULAR","lat":43.669902999999998,"lon":-79.387801999999994,"address":"Bloor St W / Balmuto St","capacity":11}},{"type":"Feature","id":187,"geometry":{"type":"Point","coordinates":[-79.381171000055915,43.669604000316646]},"properties":{"OBJECTID":187,"station_id":7280,"name":"Charles St E / Jarvis St - SMART","physical_c":"SMARTMAPFRAME","lat":43.669604,"lon":-79.381170999999995,"address":"Charles St E / Jarvis St","capacity":20}},{"type":"Feature","id":188,"geometry":{"type":"Point","coordinates":[-79.387250000194868,43.668426999734187]},"properties":{"OBJECTID":188,"station_id":7281,"name":"Charles St W / Balmuto St - SMART","physical_c":"SMARTMAPFRAME","lat":43.668427000000001,"lon":-79.387249999999995,"address":"Charles St W / Balmuto St","capacity":20}},{"type":"Feature","id":189,"geometry":{"type":"Point","coordinates":[-79.378760999811675,43.645950000024399]},"properties":{"OBJECTID":189,"station_id":7283,"name":"Front St W / Bay St (South Side)","physical_c":"REGULAR","lat":43.645949999999999,"lon":-79.378760999999997,"address":"Front St W / Bay St (South Side)","capacity":19}},{"type":"Feature","id":190,"geometry":{"type":"Point","coordinates":[-79.384792799770665,43.647778500067169]},"properties":{"OBJECTID":190,"station_id":7284,"name":"University Ave / King St W - SMART","physical_c":"SMARTMAPFRAME","lat":43.647778500000001,"lon":-79.3847928,"address":"University Ave / King St W","capacity":23}},{"type":"Feature","id":191,"geometry":{"type":"Point","coordinates":[-79.40184510019418,43.66292280024831]},"properties":{"OBJECTID":191,"station_id":7285,"name":"Spadina Ave / Harbord St - SMART","physical_c":"SMARTMAPFRAME","lat":43.662922799999997,"lon":-79.401845100000003,"address":"Spadina Ave / Harbord St","capacity":36}},{"type":"Feature","id":192,"geometry":{"type":"Point","coordinates":[-79.365364399725095,43.645130800129117]},"properties":{"OBJECTID":192,"station_id":7291,"name":"190 Queens Quay E","physical_c":"REGULAR","lat":43.645130799999997,"lon":-79.365364400000004,"address":"Lake Shore Blvd E / Parliament St","capacity":15}},{"type":"Feature","id":193,"geometry":{"type":"Point","coordinates":[-79.378945699722294,43.661460499988237]},"properties":{"OBJECTID":193,"station_id":7292,"name":"Granby St / Church St - SMART","physical_c":"SMARTMAPFRAME","lat":43.661460499999997,"lon":-79.378945700000003,"address":"Granby St / Church St -SMART","capacity":24}},{"type":"Feature","id":194,"geometry":{"type":"Point","coordinates":[-79.403449999738072,43.645324000134089]},"properties":{"OBJECTID":194,"station_id":7298,"name":"Bathurst St / Adelaide St W","physical_c":"REGULAR","lat":43.645324000000002,"lon":-79.403450000000007,"address":"Bathurst St / Adelaide St W","capacity":25}},{"type":"Feature","id":195,"geometry":{"type":"Point","coordinates":[-79.361629999782764,43.65025599974075]},"properties":{"OBJECTID":195,"station_id":7299,"name":"Mill St / Parliament St","physical_c":"REGULAR","lat":43.650255999999999,"lon":-79.361630000000005,"address":"Mill St / Parliament St","capacity":15}},{"type":"Feature","id":196,"geometry":{"type":"Point","coordinates":[-79.375960999580101,43.669575999921591]},"properties":{"OBJECTID":196,"station_id":7311,"name":"Sherbourne St / Isabella St","physical_c":"REGULAR","lat":43.669575999999999,"lon":-79.375961000000004,"address":"Sherbourne St / Isabella St","capacity":19}},{"type":"Feature","id":197,"geometry":{"type":"Point","coordinates":[-79.363525000366195,43.668520000177224]},"properties":{"OBJECTID":197,"station_id":7312,"name":"Amelia St. / Sumach St.","physical_c":"REGULAR","lat":43.668520000000001,"lon":-79.363524999999996,"address":"Amelia St. / Sumach St.","capacity":11}},{"type":"Feature","id":198,"geometry":{"type":"Point","coordinates":[-79.383175700206891,43.645163500058537]},"properties":{"OBJECTID":198,"station_id":7320,"name":"Front St W / University Ave (1)","physical_c":"REGULAR","lat":43.645163500000002,"lon":-79.383175699999995,"address":"Front St W / University Ave (1)","capacity":18}},{"type":"Feature","id":199,"geometry":{"type":"Point","coordinates":[-79.382791400030044,43.645297200097836]},"properties":{"OBJECTID":199,"station_id":7321,"name":"Front St W / University Ave (2)","physical_c":"REGULAR","lat":43.645297200000002,"lon":-79.382791400000002,"address":"Front St W / University Ave (2)","capacity":19}},{"type":"Feature","id":200,"geometry":{"type":"Point","coordinates":[-79.411573599599649,43.639277699925685]},"properties":{"OBJECTID":200,"station_id":7322,"name":"E Liberty St / Western Battery Rd","physical_c":"REGULAR","lat":43.639277700000001,"lon":-79.411573599999997,"address":"E Liberty St / Western Battery Rd","capacity":18}},{"type":"Feature","id":201,"geometry":{"type":"Point","coordinates":[-79.396074400064123,43.645209100127303]},"properties":{"OBJECTID":201,"station_id":7323,"name":"457 King St W","physical_c":"REGULAR","lat":43.645209100000002,"lon":-79.396074400000003,"address":"457 King St W.","capacity":19}},{"type":"Feature","id":202,"geometry":{"type":"Point","coordinates":[-79.393989999584491,43.645572000009061]},"properties":{"OBJECTID":202,"station_id":7324,"name":"King St W / Charlotte St","physical_c":"REGULAR","lat":43.645572000000001,"lon":-79.393990000000002,"address":"King St W / Charlotte St","capacity":23}},{"type":"Feature","id":203,"geometry":{"type":"Point","coordinates":[-79.390328000260794,43.678076999934888]},"properties":{"OBJECTID":203,"station_id":7328,"name":"Roxborough St W / Yonge St","physical_c":"REGULAR","lat":43.678077000000002,"lon":-79.390327999999997,"address":"Roxborough St W / Yonge St","capacity":17}},{"type":"Feature","id":204,"geometry":{"type":"Point","coordinates":[-79.415345000250227,43.645665000104493]},"properties":{"OBJECTID":204,"station_id":7329,"name":"Crawford St / Queen St W","physical_c":"REGULAR","lat":43.645665000000001,"lon":-79.415345000000002,"address":"Crawford St / Queen St W","capacity":19}},{"type":"Feature","id":205,"geometry":{"type":"Point","coordinates":[-79.376209600250149,43.649578900277241]},"properties":{"OBJECTID":205,"station_id":7333,"name":"King St E / Victoria St","physical_c":"REGULAR","lat":43.649578900000002,"lon":-79.376209599999996,"address":"King St E / Victoria St","capacity":19}},{"type":"Feature","id":206,"geometry":{"type":"Point","coordinates":[-79.385504799973276,43.646217599765272]},"properties":{"OBJECTID":206,"station_id":7334,"name":"Simcoe St / Wellington St W North","physical_c":"REGULAR","lat":43.6462176,"lon":-79.385504800000007,"address":"Simcoe St / Wellington St 2","capacity":15}},{"type":"Feature","id":207,"geometry":{"type":"Point","coordinates":[-79.3894000001481,43.6692440000894]},"properties":{"OBJECTID":207,"station_id":7335,"name":"Bay St / Bloor St W (West Side)","physical_c":"REGULAR","lat":43.669243999999999,"lon":-79.389399999999995,"address":"1188 Bay St","capacity":19}},{"type":"Feature","id":208,"geometry":{"type":"Point","coordinates":[-79.364900000367612,43.65188500009625]},"properties":{"OBJECTID":208,"station_id":7356,"name":"King St E / Berkeley St","physical_c":"REGULAR","lat":43.651885,"lon":-79.364900000000006,"address":"King St E / Ontario St.","capacity":17}},{"type":"Feature","id":209,"geometry":{"type":"Point","coordinates":[-79.424910999810706,43.656945000065846]},"properties":{"OBJECTID":209,"station_id":7360,"name":"Concord Av / Dewson St","physical_c":"REGULAR","lat":43.656945,"lon":-79.424910999999994,"address":"Concord Av / Dewson St","capacity":17}},{"type":"Feature","id":210,"geometry":{"type":"Point","coordinates":[-79.399791999714012,43.639052000225952]},"properties":{"OBJECTID":210,"station_id":7366,"name":"Fort York Blvd / Bathurst St SMART","physical_c":"SMARTMAPFRAME","lat":43.639052,"lon":-79.399792000000005,"address":"Fort York Blvd / Bathurst St SMART","capacity":20}},{"type":"Feature","id":211,"geometry":{"type":"Point","coordinates":[-79.428219999855315,43.644861699783149]},"properties":{"OBJECTID":211,"station_id":7367,"name":"Alma Ave / Gladstone Ave SMART","physical_c":"SMARTMAPFRAME","lat":43.6448617,"lon":-79.428219999999996,"address":"Alma Ave / Gladstone Ave SMART","capacity":16}},{"type":"Feature","id":212,"geometry":{"type":"Point","coordinates":[-79.426679999997432,43.649347200118861]},"properties":{"OBJECTID":212,"station_id":7368,"name":"Lisgar St / Dundas St W - SMART","physical_c":"SMARTMAPFRAME","lat":43.649347200000001,"lon":-79.426680000000005,"address":"Lisgar St / Dundas St SMART","capacity":8}},{"type":"Feature","id":213,"geometry":{"type":"Point","coordinates":[-79.370699999948982,43.650955200112321]},"properties":{"OBJECTID":213,"station_id":7373,"name":"George St / King St E","physical_c":"REGULAR","lat":43.650955199999999,"lon":-79.370699999999999,"address":"George St / King St E","capacity":15}},{"type":"Feature","id":214,"geometry":{"type":"Point","coordinates":[-79.368390000162179,43.648724499970562]},"properties":{"OBJECTID":214,"station_id":7374,"name":"Frederick St / The Esplanade","physical_c":"REGULAR","lat":43.6487245,"lon":-79.368390000000005,"address":"Frederick St / The Esplanade","capacity":19}},{"type":"Feature","id":215,"geometry":{"type":"Point","coordinates":[-79.375490000300232,43.647661600096377]},"properties":{"OBJECTID":215,"station_id":7375,"name":"Front St E / Scott St","physical_c":"REGULAR","lat":43.647661599999999,"lon":-79.375489999999999,"address":"Front St E / Scott St","capacity":10}},{"type":"Feature","id":216,"geometry":{"type":"Point","coordinates":[-79.376199999954721,43.642563599900328]},"properties":{"OBJECTID":216,"station_id":7383,"name":"12 Harbour St","physical_c":"REGULAR","lat":43.642563600000003,"lon":-79.376199999999997,"address":"12 Harbour St","capacity":13}},{"type":"Feature","id":217,"geometry":{"type":"Point","coordinates":[-79.390139999939805,43.670453700050238]},"properties":{"OBJECTID":217,"station_id":7384,"name":"Cumberland Ave / Bay St SMART","physical_c":"SMARTMAPFRAME","lat":43.670453700000003,"lon":-79.390140000000002,"address":"Cumberland Ave / Bay St SMART","capacity":9}},{"type":"Feature","id":218,"geometry":{"type":"Point","coordinates":[-79.385510000320451,43.669109899808547]},"properties":{"OBJECTID":218,"station_id":7385,"name":"20 Charles St E","physical_c":"ELECTRICBIKESTATION","lat":43.669109900000002,"lon":-79.385509999999996,"address":"20 Charles St E","capacity":22}},{"type":"Feature","id":219,"geometry":{"type":"Point","coordinates":[-79.392010000408888,43.655227000088175]},"properties":{"OBJECTID":219,"station_id":7386,"name":"D'Arcy St / McCaul St - SMART","physical_c":"SMARTMAPFRAME","lat":43.655226999999996,"lon":-79.392009999999999,"address":"D'Arcy St, /McCaul St. SMART","capacity":15}},{"type":"Feature","id":220,"geometry":{"type":"Point","coordinates":[-79.383517999652653,43.658938000303195]},"properties":{"OBJECTID":220,"station_id":7389,"name":"College Park - Gerrard Entrance","physical_c":"REGULAR","lat":43.658937999999999,"lon":-79.383517999999995,"address":"College Park- Gerrard Entrance","capacity":25}},{"type":"Feature","id":221,"geometry":{"type":"Point","coordinates":[-79.380200000285541,43.655765999706276]},"properties":{"OBJECTID":221,"station_id":7391,"name":"Yonge St / Dundas Sq","physical_c":"REGULAR","lat":43.655766,"lon":-79.380200000000002,"address":"Yonge St / Dundas Sq","capacity":27}},{"type":"Feature","id":222,"geometry":{"type":"Point","coordinates":[-79.380723000342257,43.641951999768793]},"properties":{"OBJECTID":222,"station_id":7398,"name":"York St / Lake Shore Blvd W","physical_c":"REGULAR","lat":43.641952000000003,"lon":-79.380723000000003,"address":"York St / Lakeshore St W - South","capacity":19}},{"type":"Feature","id":223,"geometry":{"type":"Point","coordinates":[-79.369269999695973,43.644220000093959]},"properties":{"OBJECTID":223,"station_id":7399,"name":"Lower Jarvis / Queens Quay E","physical_c":"REGULAR","lat":43.644219999999997,"lon":-79.36927,"address":"Lower Jarvis / Queens Quay E","capacity":17}},{"type":"Feature","id":224,"geometry":{"type":"Point","coordinates":[-79.378207999617715,43.652822000277901]},"properties":{"OBJECTID":224,"station_id":7406,"name":"Victoria St / Queen St E","physical_c":"REGULAR","lat":43.652822,"lon":-79.378208000000001,"address":"Victoria St / Queen St E","capacity":23}},{"type":"Feature","id":225,"geometry":{"type":"Point","coordinates":[-79.386549999687816,43.65157999995769]},"properties":{"OBJECTID":225,"station_id":7407,"name":"University Ave / Queen St W","physical_c":"REGULAR","lat":43.651580000000003,"lon":-79.38655,"address":"University Ave / Queen St W","capacity":16}},{"type":"Feature","id":226,"geometry":{"type":"Point","coordinates":[-79.387660000273684,43.65263000017675]},"properties":{"OBJECTID":226,"station_id":7408,"name":"University Ave / Armoury St","physical_c":"REGULAR","lat":43.652630000000002,"lon":-79.387659999999997,"address":"University Ave / Armoury St - SMART","capacity":23}},{"type":"Feature","id":227,"geometry":{"type":"Point","coordinates":[-79.382350000238759,43.668340000006729]},"properties":{"OBJECTID":227,"station_id":7409,"name":"Isabella St / Church St","physical_c":"REGULAR","lat":43.668340000000001,"lon":-79.382350000000002,"address":"Isabella St / Church St - SMART","capacity":19}},{"type":"Feature","id":228,"geometry":{"type":"Point","coordinates":[-79.372126999828964,43.671278000201447]},"properties":{"OBJECTID":228,"station_id":7410,"name":"Howard St / Rose Ave","physical_c":"REGULAR","lat":43.671278000000001,"lon":-79.372127000000006,"address":"Howard St / Ontario St","capacity":19}},{"type":"Feature","id":229,"geometry":{"type":"Point","coordinates":[-79.399504999658845,43.635022999851195]},"properties":{"OBJECTID":229,"station_id":7411,"name":"Little Norway Park","physical_c":"REGULAR","lat":43.635022999999997,"lon":-79.399505000000005,"address":"Little Norway Park","capacity":22}},{"type":"Feature","id":230,"geometry":{"type":"Point","coordinates":[-79.413114799606745,43.641785199834267]},"properties":{"OBJECTID":230,"station_id":7412,"name":"King St W / Crawford St","physical_c":"REGULAR","lat":43.641785200000001,"lon":-79.413114800000002,"address":"King St W / Crawford St - SMART","capacity":23}},{"type":"Feature","id":231,"geometry":{"type":"Point","coordinates":[-79.393294999998631,43.641704999729768]},"properties":{"OBJECTID":231,"station_id":7416,"name":"Spadina Ave / Blue Jays Way","physical_c":"REGULAR","lat":43.641705000000002,"lon":-79.393294999999995,"address":"Spadina Ave / Blue Jays Way","capacity":31}},{"type":"Feature","id":232,"geometry":{"type":"Point","coordinates":[-79.378622999719425,43.64892800010368]},"properties":{"OBJECTID":232,"station_id":7417,"name":"King St W / Jordan St","physical_c":"REGULAR","lat":43.648927999999998,"lon":-79.378623000000005,"address":"King St / Jordan St - SMART","capacity":11}},{"type":"Feature","id":233,"geometry":{"type":"Point","coordinates":[-79.382789999556522,43.659879999848656]},"properties":{"OBJECTID":233,"station_id":7418,"name":"College Park - Yonge St Entrance","physical_c":"REGULAR","lat":43.659880000000001,"lon":-79.38279,"address":"College Park - Yonge Entrance","capacity":25}},{"type":"Feature","id":234,"geometry":{"type":"Point","coordinates":[-79.401805000298211,43.667022999978187]},"properties":{"OBJECTID":234,"station_id":7419,"name":"Bloor St W / Huron St","physical_c":"REGULAR","lat":43.667023,"lon":-79.401804999999996,"address":"Bloor St W / Huron St","capacity":26}},{"type":"Feature","id":235,"geometry":{"type":"Point","coordinates":[-79.410585000036221,43.668420000149148]},"properties":{"OBJECTID":235,"station_id":7420,"name":"Barton St / Howland St - SMART","physical_c":"SMARTMAPFRAME","lat":43.668419999999998,"lon":-79.410584999999998,"address":"Barton St / Howland St - SMART","capacity":19}},{"type":"Feature","id":236,"geometry":{"type":"Point","coordinates":[-79.429142000120194,43.638425999968376]},"properties":{"OBJECTID":236,"station_id":7422,"name":"Tyndall Ave / King St W - SMART","physical_c":"SMARTMAPFRAME","lat":43.638426000000003,"lon":-79.429141999999999,"address":"Tyndall Ave / King St W - SMART","capacity":16}},{"type":"Feature","id":237,"geometry":{"type":"Point","coordinates":[-79.437460999725758,43.633537000214837]},"properties":{"OBJECTID":237,"station_id":7430,"name":"Marilyn Bell Park Tennis Court","physical_c":"REGULAR","lat":43.633536999999997,"lon":-79.437460999999999,"address":"Marilyn Bell Park Tennis Court","capacity":27}},{"type":"Feature","id":238,"geometry":{"type":"Point","coordinates":[-79.369411000161278,43.651117999947488]},"properties":{"OBJECTID":238,"station_id":7432,"name":"Frederick St / King St E","physical_c":"REGULAR","lat":43.651117999999997,"lon":-79.369410999999999,"address":"Frederick St / King St E","capacity":23}},{"type":"Feature","id":239,"geometry":{"type":"Point","coordinates":[-79.4141400001281,43.631210000229927]},"properties":{"OBJECTID":239,"station_id":7440,"name":"Martin Goodman Trail / Remembrance Dr","physical_c":"REGULAR","lat":43.631210000000003,"lon":-79.414140000000003,"address":"Martin Goodman Trail / Remembrance Dr","capacity":27}},{"type":"Feature","id":240,"geometry":{"type":"Point","coordinates":[-79.373445999753883,43.657476599953661]},"properties":{"OBJECTID":240,"station_id":7443,"name":"Dundas St E / George St","physical_c":"REGULAR","lat":43.657476600000003,"lon":-79.373446000000001,"address":"Dundas St E / George St - SMART","capacity":25}},{"type":"Feature","id":241,"geometry":{"type":"Point","coordinates":[-79.414156000021649,43.64007499971904]},"properties":{"OBJECTID":241,"station_id":7451,"name":"Western Battery Rd / Pirandello St","physical_c":"REGULAR","lat":43.640075000000003,"lon":-79.414156000000006,"address":"Western Battery Rd / Pirandello St","capacity":30}},{"type":"Feature","id":242,"geometry":{"type":"Point","coordinates":[-79.374495000240401,43.6692319998497]},"properties":{"OBJECTID":242,"station_id":7452,"name":"Bleecker St / St James Ave","physical_c":"REGULAR","lat":43.669232000000001,"lon":-79.374494999999996,"address":"Bleecker St / St James Ave","capacity":23}},{"type":"Feature","id":243,"geometry":{"type":"Point","coordinates":[-79.377260199737876,43.664768800207206]},"properties":{"OBJECTID":243,"station_id":7453,"name":"Jarvis St / Maitland Pl","physical_c":"REGULAR","lat":43.664768799999997,"lon":-79.377260199999995,"address":"Jarvis St / Maitland Pl","capacity":17}},{"type":"Feature","id":244,"geometry":{"type":"Point","coordinates":[-79.394008999851053,43.665220999747582]},"properties":{"OBJECTID":244,"station_id":7457,"name":"Queen's Park Cres W / Hoskin Ave","physical_c":"REGULAR","lat":43.665221000000003,"lon":-79.394008999999997,"address":"Queen's Park Cres W / Hoskin Ave","capacity":23}},{"type":"Feature","id":245,"geometry":{"type":"Point","coordinates":[-79.375233000382295,43.651678000113556]},"properties":{"OBJECTID":245,"station_id":7458,"name":"Church St / Lombard St","physical_c":"REGULAR","lat":43.651677999999997,"lon":-79.375232999999994,"address":"Church St / Lombard St","capacity":17}},{"type":"Feature","id":246,"geometry":{"type":"Point","coordinates":[-79.378743000268344,43.651837999851921]},"properties":{"OBJECTID":246,"station_id":7462,"name":"Richmond St E / Yonge St","physical_c":"REGULAR","lat":43.651837999999998,"lon":-79.378743,"address":"Richmond St E / Yonge St","capacity":17}},{"type":"Feature","id":247,"geometry":{"type":"Point","coordinates":[-79.39733809970015,43.64625740007817]},"properties":{"OBJECTID":247,"station_id":7463,"name":"Adelaide St W / Brant St","physical_c":"REGULAR","lat":43.646257400000003,"lon":-79.397338099999999,"address":"Adelaide St W / Brant St","capacity":17}},{"type":"Feature","id":248,"geometry":{"type":"Point","coordinates":[-79.38409000011319,43.642829999743135]},"properties":{"OBJECTID":248,"station_id":7467,"name":"Lower Simcoe St / Bremner Blvd","physical_c":"REGULAR","lat":43.642829999999996,"lon":-79.38409,"address":"Lower Simcoe St / Bremner Blvd","capacity":14}},{"type":"Feature","id":249,"geometry":{"type":"Point","coordinates":[-79.387020000041119,43.644199999807192]},"properties":{"OBJECTID":249,"station_id":7468,"name":"Front St W / Simcoe St","physical_c":"REGULAR","lat":43.644199999999998,"lon":-79.387020000000007,"address":"Front St / Simcoe St","capacity":19}},{"type":"Feature","id":250,"geometry":{"type":"Point","coordinates":[-79.383009999664537,43.646734000081146]},"properties":{"OBJECTID":250,"station_id":7469,"name":"Wellington St W / York St","physical_c":"REGULAR","lat":43.646734000000002,"lon":-79.383009999999999,"address":"Wellington St W / York St","capacity":23}},{"type":"Feature","id":251,"geometry":{"type":"Point","coordinates":[-79.412304698883517,43.643253095261656]},"properties":{"OBJECTID":251,"station_id":7473,"name":"Adelaide St W / Strachan Ave","physical_c":"REGULAR","lat":43.643253094800002,"lon":-79.412304699000003,"address":"Adelaide St W / Strachan Ave","capacity":15}},{"type":"Feature","id":252,"geometry":{"type":"Point","coordinates":[-79.39289999998843,43.644070000056182]},"properties":{"OBJECTID":252,"station_id":7474,"name":"Clarence Square","physical_c":"REGULAR","lat":43.644069999999999,"lon":-79.392899999999997,"address":"Clarence Square","capacity":23}},{"type":"Feature","id":253,"geometry":{"type":"Point","coordinates":[-79.372637000365202,43.652777000055409]},"properties":{"OBJECTID":253,"station_id":7475,"name":"Jarvis St / Richmond St E","physical_c":"REGULAR","lat":43.652777,"lon":-79.372636999999997,"address":"Jarvis St / Richmond St E","capacity":19}},{"type":"Feature","id":254,"geometry":{"type":"Point","coordinates":[-79.358749000258641,43.65663799981882]},"properties":{"OBJECTID":254,"station_id":7489,"name":"Sumach St  / Queen St E","physical_c":"REGULAR","lat":43.656638000000001,"lon":-79.358749000000003,"address":"Sumach St  / Queen St E","capacity":19}},{"type":"Feature","id":255,"geometry":{"type":"Point","coordinates":[-79.355253299755276,43.648299500100897]},"properties":{"OBJECTID":255,"station_id":7492,"name":"324 Cherry St","physical_c":"REGULAR","lat":43.6482995,"lon":-79.355253300000001,"address":"324 Cherry St","capacity":19}},{"type":"Feature","id":256,"geometry":{"type":"Point","coordinates":[-79.359499999920999,43.653808999711536]},"properties":{"OBJECTID":256,"station_id":7493,"name":"Sackville St / Eastern Ave - SMART","physical_c":"SMARTMAPFRAME","lat":43.653809000000003,"lon":-79.359499999999997,"address":"Sackville St / Eastern Ave - SMART","capacity":12}},{"type":"Feature","id":257,"geometry":{"type":"Point","coordinates":[-79.391253000000418,43.673768000068641]},"properties":{"OBJECTID":257,"station_id":7494,"name":"Davenport Rd / McAlpine St - SMART","physical_c":"SMARTMAPFRAME","lat":43.673768000000003,"lon":-79.391253000000006,"address":"Davenport Rd / McAlpine St - SMART","capacity":12}},{"type":"Feature","id":258,"geometry":{"type":"Point","coordinates":[-79.389640000347626,43.659949999771349]},"properties":{"OBJECTID":258,"station_id":7502,"name":"University Ave / College St (East)","physical_c":"REGULAR","lat":43.659950000000002,"lon":-79.38964,"address":"University Ave / College St (East)","capacity":14}},{"type":"Feature","id":259,"geometry":{"type":"Point","coordinates":[-79.366768900400473,43.653505200063258]},"properties":{"OBJECTID":259,"station_id":7505,"name":"Ontario St / Adelaide St E -SMART","physical_c":"SMARTMAPFRAME","lat":43.653505199999998,"lon":-79.366768899999997,"address":"Ontario St / Adelaide St E -SMART","capacity":17}},{"type":"Feature","id":260,"geometry":{"type":"Point","coordinates":[-79.365023000391261,43.653359000114783]},"properties":{"OBJECTID":260,"station_id":7506,"name":"Berkeley St / Adelaide St E - SMART","physical_c":"SMARTMAPFRAME","lat":43.653359000000002,"lon":-79.365022999999994,"address":"Berkeley St / Adelaide St E - SMART","capacity":12}},{"type":"Feature","id":261,"geometry":{"type":"Point","coordinates":[-79.367318000109449,43.658816000204219]},"properties":{"OBJECTID":261,"station_id":7508,"name":"Berkeley St / Dundas St E - SMART","physical_c":"SMARTMAPFRAME","lat":43.658816000000002,"lon":-79.367317999999997,"address":"Berkeley St / Dundas St E - SMART","capacity":18}},{"type":"Feature","id":262,"geometry":{"type":"Point","coordinates":[-79.458172999785859,43.637710000106658]},"properties":{"OBJECTID":262,"station_id":7518,"name":"Lake Shore Blvd W / Colborne Lodge Dr","physical_c":"REGULAR","lat":43.637709999999998,"lon":-79.458173000000002,"address":"Lake Shore Blvd W / Colborne Lodge Dr","capacity":27}},{"type":"Feature","id":263,"geometry":{"type":"Point","coordinates":[-79.437641299688124,43.648659900230946]},"properties":{"OBJECTID":263,"station_id":7520,"name":"St Clarens Ave / Shirley Ave","physical_c":"REGULAR","lat":43.648659899999998,"lon":-79.437641299999996,"address":"St Clarens Ave / Shirley Ave","capacity":15}},{"type":"Feature","id":264,"geometry":{"type":"Point","coordinates":[-79.416865900128528,43.63892500001144]},"properties":{"OBJECTID":264,"station_id":7523,"name":"Lynn Williams St / East Liberty St - SMART","physical_c":"REGULAR","lat":43.638925,"lon":-79.416865900000005,"address":"Lynn Williams St / East Liberty St","capacity":15}},{"type":"Feature","id":265,"geometry":{"type":"Point","coordinates":[-79.424027699866556,43.642384699846595]},"properties":{"OBJECTID":265,"station_id":7524,"name":"Lisgar Park","physical_c":"REGULAR","lat":43.642384700000001,"lon":-79.424027699999996,"address":"Lisgar Park","capacity":23}},{"type":"Feature","id":266,"geometry":{"type":"Point","coordinates":[-79.402642999999202,43.670205999803478]},"properties":{"OBJECTID":266,"station_id":7531,"name":"541 Huron St - SMART","physical_c":"SMARTMAPFRAME","lat":43.670206,"lon":-79.402642999999998,"address":"541 Huron St","capacity":19}},{"type":"Feature","id":267,"geometry":{"type":"Point","coordinates":[-79.397876999937424,43.638109999679251]},"properties":{"OBJECTID":267,"station_id":7533,"name":"Housey St / Dan Leckie Way","physical_c":"REGULAR","lat":43.638109999999998,"lon":-79.397876999999994,"address":"Housey St / Dan Leckie Way","capacity":27}},{"type":"Feature","id":268,"geometry":{"type":"Point","coordinates":[-79.411083999803495,43.645469000161725]},"properties":{"OBJECTID":268,"station_id":7534,"name":"Walnut Ave / Queen St W","physical_c":"REGULAR","lat":43.645468999999999,"lon":-79.411084000000002,"address":"Walnut Ave / Queen St W","capacity":16}},{"type":"Feature","id":269,"geometry":{"type":"Point","coordinates":[-79.408346000394516,43.651603000028565]},"properties":{"OBJECTID":269,"station_id":7536,"name":"Palmerston Ave / Dundas St W","physical_c":"REGULAR","lat":43.651603000000001,"lon":-79.408345999999995,"address":"Palmerston Ave / Dundas St W","capacity":23}},{"type":"Feature","id":270,"geometry":{"type":"Point","coordinates":[-79.413844999677011,43.661559000015785]},"properties":{"OBJECTID":270,"station_id":7537,"name":"Euclid Ave / Herrick St - SMART","physical_c":"SMARTMAPFRAME","lat":43.661558999999997,"lon":-79.413844999999995,"address":"Euclid Ave / Herrick St","capacity":16}},{"type":"Feature","id":271,"geometry":{"type":"Point","coordinates":[-79.413528000382925,43.652460000204421]},"properties":{"OBJECTID":271,"station_id":7541,"name":"Bellwoods Ave / Treford Pl - SMART","physical_c":"SMARTMAPFRAME","lat":43.652459999999998,"lon":-79.413527999999999,"address":"Bellwoods Ave / Treford Pl","capacity":20}},{"type":"Feature","id":272,"geometry":{"type":"Point","coordinates":[-79.39129099963526,43.650076999746631]},"properties":{"OBJECTID":272,"station_id":7542,"name":"Queen St W / John St","physical_c":"REGULAR","lat":43.650077000000003,"lon":-79.391290999999995,"address":"Queen St W / John St","capacity":23}},{"type":"Feature","id":273,"geometry":{"type":"Point","coordinates":[-79.402824500110796,43.653751300144535]},"properties":{"OBJECTID":273,"station_id":7543,"name":"Bellevue Square Park","physical_c":"REGULAR","lat":43.653751300000003,"lon":-79.402824499999994,"address":"Nassau St / Bellvue Ave","capacity":17}},{"type":"Feature","id":274,"geometry":{"type":"Point","coordinates":[-79.393259000013614,43.656075799752038]},"properties":{"OBJECTID":274,"station_id":7545,"name":"Baldwin St / Henry St","physical_c":"REGULAR","lat":43.656075800000004,"lon":-79.393259,"address":"Baldwin St / Henry St","capacity":15}},{"type":"Feature","id":275,"geometry":{"type":"Point","coordinates":[-79.396615900025807,43.656825399971197]},"properties":{"OBJECTID":275,"station_id":7546,"name":"Ross St / Cecil St - SMART","physical_c":"SMARTLITMAPFRAME","lat":43.656825400000002,"lon":-79.3966159,"address":"Ross St / Cecil St","capacity":18}},{"type":"Feature","id":276,"geometry":{"type":"Point","coordinates":[-79.392740399905151,43.658044199978704]},"properties":{"OBJECTID":276,"station_id":7547,"name":"Orde St / McCaul St","physical_c":"REGULAR","lat":43.658044199999999,"lon":-79.392740399999994,"address":"Orde St / McCaul St","capacity":15}},{"type":"Feature","id":277,"geometry":{"type":"Point","coordinates":[-79.387610099757964,43.665880399752012]},"properties":{"OBJECTID":277,"station_id":7548,"name":"St Joseph St / Bay St - SMART","physical_c":"SMARTMAPFRAME","lat":43.665880399999999,"lon":-79.387610100000003,"address":"St Joseph St / Bay St","capacity":19}},{"type":"Feature","id":278,"geometry":{"type":"Point","coordinates":[-79.374161000329551,43.666050999854058]},"properties":{"OBJECTID":278,"station_id":7549,"name":"439 Sherbourne St","physical_c":"REGULAR","lat":43.666051000000003,"lon":-79.374161000000001,"address":"439 Sherbourne St","capacity":47}},{"type":"Feature","id":279,"geometry":{"type":"Point","coordinates":[-79.36418399996704,43.649708999905876]},"properties":{"OBJECTID":279,"station_id":7551,"name":"The Esplanade / Hahn Pl","physical_c":"REGULAR","lat":43.649709000000001,"lon":-79.364183999999995,"address":"The Esplanade / Hahn Pl","capacity":19}},{"type":"Feature","id":280,"geometry":{"type":"Point","coordinates":[-79.437029999730527,43.639849999925318]},"properties":{"OBJECTID":280,"station_id":7568,"name":"Jameson Ave / Queen St W","physical_c":"REGULAR","lat":43.639850000000003,"lon":-79.437029999999993,"address":"Jameson Ave / Queen St W","capacity":27}},{"type":"Feature","id":281,"geometry":{"type":"Point","coordinates":[-79.409781800171004,43.632399399876363]},"properties":{"OBJECTID":281,"station_id":7569,"name":"Toronto Inukshuk Park","physical_c":"REGULAR","lat":43.632399399999997,"lon":-79.409781800000005,"address":"Toronto Inukshuk Park","capacity":47}},{"type":"Feature","id":282,"geometry":{"type":"Point","coordinates":[-79.353976800024753,43.654852100179873]},"properties":{"OBJECTID":282,"station_id":7575,"name":"Bayview Ave / Lawren Harris Square","physical_c":"REGULAR","lat":43.654852099999999,"lon":-79.353976799999998,"address":"207 Eastern Avenue","capacity":15}},{"type":"Feature","id":283,"geometry":{"type":"Point","coordinates":[-79.354067999687345,43.653499999766225]},"properties":{"OBJECTID":283,"station_id":7576,"name":"Front St E / Bayview Avenue","physical_c":"REGULAR","lat":43.653500000000001,"lon":-79.354067999999998,"address":"Front St E / Bayview Avenue","capacity":23}},{"type":"Feature","id":284,"geometry":{"type":"Point","coordinates":[-79.361515000155023,43.661790799929975]},"properties":{"OBJECTID":284,"station_id":7577,"name":"Oak St / Sumach St","physical_c":"REGULAR","lat":43.661790799999999,"lon":-79.361514999999997,"address":"Oak St / Sumach St","capacity":27}},{"type":"Feature","id":285,"geometry":{"type":"Point","coordinates":[-79.383633000178691,43.650745000295181]},"properties":{"OBJECTID":285,"station_id":7599,"name":"Richmond St W / York St","physical_c":"REGULAR","lat":43.650745000000001,"lon":-79.383633000000003,"address":"Richmond St W / York St","capacity":17}},{"type":"Feature","id":286,"geometry":{"type":"Point","coordinates":[-79.398049000364864,43.660274000262973]},"properties":{"OBJECTID":286,"station_id":7600,"name":"Ursula Franklin St / Huron St - SMART","physical_c":"SMARTMAPFRAME","lat":43.660274000000001,"lon":-79.398049,"address":"Ursula Franklin St / Huron St","capacity":20}},{"type":"Feature","id":287,"geometry":{"type":"Point","coordinates":[-79.389926500041184,43.657844899900077]},"properties":{"OBJECTID":287,"station_id":7634,"name":"University Ave / Gerrard St W (WEST) - SMART","physical_c":"SMARTMAPFRAME","lat":43.657844900000001,"lon":-79.389926500000001,"address":"600 University Ave","capacity":18}},{"type":"Feature","id":288,"geometry":{"type":"Point","coordinates":[-79.399404000274799,43.639971400153883]},"properties":{"OBJECTID":288,"station_id":7639,"name":"135 Queens Wharf  - SMART","physical_c":"SMARTMAPFRAME","lat":43.6399714,"lon":-79.399404000000004,"address":"135 Queens Warf","capacity":16}},{"type":"Feature","id":289,"geometry":{"type":"Point","coordinates":[-79.386021100394615,43.650393499983998]},"properties":{"OBJECTID":289,"station_id":7646,"name":"University Ave / Richmond St W","physical_c":"REGULAR","lat":43.6503935,"lon":-79.386021099999994,"address":"225 University Avenue","capacity":27}},{"type":"Feature","id":290,"geometry":{"type":"Point","coordinates":[-79.387810399811826,43.656373000058196]},"properties":{"OBJECTID":290,"station_id":7647,"name":"Elm St/ University Ave (East Side)","physical_c":"REGULAR","lat":43.656373000000002,"lon":-79.387810400000006,"address":"117 Elm Street","capacity":17}},{"type":"Feature","id":291,"geometry":{"type":"Point","coordinates":[-79.370666499975414,43.646992800173678]},"properties":{"OBJECTID":291,"station_id":7657,"name":"1 Market St - SMART","physical_c":"ELECTRICBIKESTATION","lat":43.6469928,"lon":-79.370666499999999,"address":"1 Market St","capacity":19}},{"type":"Feature","id":292,"geometry":{"type":"Point","coordinates":[-79.379625000350259,43.656632999969048]},"properties":{"OBJECTID":292,"station_id":7660,"name":"285 Victoria St","physical_c":"REGULAR","lat":43.656632999999999,"lon":-79.379625000000004,"address":"26 Dundas Street East","capacity":19}},{"type":"Feature","id":293,"geometry":{"type":"Point","coordinates":[-79.440814099864284,43.639310700141124]},"properties":{"OBJECTID":293,"station_id":7662,"name":"Beaty Ave / Queen St W","physical_c":"REGULAR","lat":43.639310700000003,"lon":-79.440814099999997,"address":"85 Beaty Avenue","capacity":19}},{"type":"Feature","id":294,"geometry":{"type":"Point","coordinates":[-79.402978700420888,43.664027999890877]},"properties":{"OBJECTID":294,"station_id":7667,"name":"Spadina Ave / Sussex Ave - SMART","physical_c":"REGULAR","lat":43.664028000000002,"lon":-79.402978700000006,"address":"698 Spadina Avenue","capacity":35}},{"type":"Feature","id":295,"geometry":{"type":"Point","coordinates":[-79.389409300406243,43.65585569991979]},"properties":{"OBJECTID":295,"station_id":7668,"name":"Simcoe St / Dundas St W - SMART","physical_c":"ELECTRICBIKESTATION","lat":43.655855699999996,"lon":-79.389409299999997,"address":"Simcoe St / Dundas St W","capacity":20}},{"type":"Feature","id":296,"geometry":{"type":"Point","coordinates":[-79.432446000141923,43.649569999849192]},"properties":{"OBJECTID":296,"station_id":7675,"name":"1525 Dundas St W","physical_c":"REGULAR","lat":43.649569999999997,"lon":-79.432445999999999,"address":"1529 Dundas Street West","capacity":15}},{"type":"Feature","id":297,"geometry":{"type":"Point","coordinates":[-79.414305699772157,43.633463600310314]},"properties":{"OBJECTID":297,"station_id":7680,"name":"Princes' Blvd / Nunavut Rd","physical_c":"REGULAR","lat":43.633463599999999,"lon":-79.4143057,"address":"PRINCES' BLVD / NOVA SCOTIA AVE","capacity":19}},{"type":"Feature","id":298,"geometry":{"type":"Point","coordinates":[-79.4013881999727,43.641347899970903]},"properties":{"OBJECTID":298,"station_id":7682,"name":"Bathurst St / Front St W","physical_c":"REGULAR","lat":43.6413479,"lon":-79.4013882,"address":"Bathurst St / Front St W","capacity":27}},{"type":"Feature","id":299,"geometry":{"type":"Point","coordinates":[-79.378324999793591,43.64190999997853]},"properties":{"OBJECTID":299,"station_id":7683,"name":"Bay St / Harbour St (West)","physical_c":"REGULAR","lat":43.641910000000003,"lon":-79.378325000000004,"address":"Bay St / Harbour St","capacity":15}},{"type":"Feature","id":300,"geometry":{"type":"Point","coordinates":[-79.377000000020871,43.642149999777395]},"properties":{"OBJECTID":300,"station_id":7684,"name":"Bay St / Harbour St (East)","physical_c":"REGULAR","lat":43.642150000000001,"lon":-79.376999999999995,"address":"Bay St / Harbour St (East)","capacity":23}},{"type":"Feature","id":301,"geometry":{"type":"Point","coordinates":[-79.397449799815845,43.645101999812717]},"properties":{"OBJECTID":301,"station_id":7685,"name":"King St W / Brant St","physical_c":"REGULAR","lat":43.645102000000001,"lon":-79.397449800000004,"address":"522 King Street West","capacity":22}},{"type":"Feature","id":302,"geometry":{"type":"Point","coordinates":[-79.370472100056347,43.647820599757388]},"properties":{"OBJECTID":302,"station_id":7686,"name":"Lower Jarvis / The Esplanade","physical_c":"REGULAR","lat":43.647820600000003,"lon":-79.370472100000001,"address":"The Esplanade & Lower Jarvis St","capacity":15}},{"type":"Feature","id":303,"geometry":{"type":"Point","coordinates":[-79.421191999687267,43.671679999718911]},"properties":{"OBJECTID":303,"station_id":7691,"name":"Christie St / Dupont St","physical_c":"REGULAR","lat":43.671680000000002,"lon":-79.421192000000005,"address":"Christie St / Dupont St","capacity":19}},{"type":"Feature","id":304,"geometry":{"type":"Point","coordinates":[-79.375588300246832,43.655947600010464]},"properties":{"OBJECTID":304,"station_id":7693,"name":"Mutual St / Shuter St (Arena Gardens)","physical_c":"REGULAR","lat":43.655947599999998,"lon":-79.375588300000004,"address":"78 Mutual Street - SMART Vault","capacity":19}},{"type":"Feature","id":305,"geometry":{"type":"Point","coordinates":[-79.364117099732894,43.661364200261602]},"properties":{"OBJECTID":305,"station_id":7703,"name":"Oak St / Sackville St","physical_c":"REGULAR","lat":43.661364200000001,"lon":-79.364117100000001,"address":"274 Oak St","capacity":19}},{"type":"Feature","id":306,"geometry":{"type":"Point","coordinates":[-79.403522100319393,43.635495000093997]},"properties":{"OBJECTID":306,"station_id":7707,"name":"Coronation Park (Martin Goodman Trail)","physical_c":"REGULAR","lat":43.635494999999999,"lon":-79.403522100000004,"address":"7972 Remembrance Drive","capacity":19}},{"type":"Feature","id":307,"geometry":{"type":"Point","coordinates":[-79.404136500363023,43.667724599784421]},"properties":{"OBJECTID":307,"station_id":7710,"name":"11 Spadina Rd","physical_c":"ELECTRICBIKESTATION","lat":43.6677246,"lon":-79.404136500000007,"address":"11 SPADINA RD","capacity":18}},{"type":"Feature","id":308,"geometry":{"type":"Point","coordinates":[-79.416104400058813,43.644245700065902]},"properties":{"OBJECTID":308,"station_id":7712,"name":"Queen St W / Shaw St","physical_c":"REGULAR","lat":43.644245699999999,"lon":-79.416104399999995,"address":"999 Queen Street West","capacity":19}},{"type":"Feature","id":309,"geometry":{"type":"Point","coordinates":[-79.381284999858735,43.650600000003735]},"properties":{"OBJECTID":309,"station_id":7713,"name":"Temperance St / Bay St","physical_c":"REGULAR","lat":43.650599999999997,"lon":-79.381285000000005,"address":"55 Temperance St","capacity":23}},{"type":"Feature","id":310,"geometry":{"type":"Point","coordinates":[-79.373319199856596,43.646925099892712]},"properties":{"OBJECTID":310,"station_id":7716,"name":"Church St / The Esplanade","physical_c":"REGULAR","lat":43.646925099999997,"lon":-79.373319199999997,"address":"75 The Esplanade","capacity":19}},{"type":"Feature","id":311,"geometry":{"type":"Point","coordinates":[-79.400117300339645,43.642579100269103]},"properties":{"OBJECTID":311,"station_id":7717,"name":"Niagara St / Portland St","physical_c":"REGULAR","lat":43.642579099999999,"lon":-79.400117300000005,"address":"18 Portland Street","capacity":11}},{"type":"Feature","id":312,"geometry":{"type":"Point","coordinates":[-79.399585999849677,43.64655200009777]},"properties":{"OBJECTID":312,"station_id":7718,"name":"St. Andrew's Playground Park","physical_c":"REGULAR","lat":43.646552,"lon":-79.399585999999999,"address":"8 Maud Street","capacity":11}},{"type":"Feature","id":313,"geometry":{"type":"Point","coordinates":[-79.400519200309546,43.648420099992322]},"properties":{"OBJECTID":313,"station_id":7719,"name":"Wolseley St / Augusta Ave","physical_c":"REGULAR","lat":43.648420100000003,"lon":-79.400519200000005,"address":"15 Denison Ave","capacity":28}},{"type":"Feature","id":314,"geometry":{"type":"Point","coordinates":[-79.40065429974176,43.644395000206373]},"properties":{"OBJECTID":314,"station_id":7720,"name":"King St W / Portland St","physical_c":"SMARTMAPFRAME","lat":43.644395000000003,"lon":-79.400654299999999,"address":"620 King Street West","capacity":16}},{"type":"Feature","id":315,"geometry":{"type":"Point","coordinates":[-79.391206000144749,43.646357399970555]},"properties":{"OBJECTID":315,"station_id":7721,"name":"Widmer St / King St W","physical_c":"REGULAR","lat":43.646357399999999,"lon":-79.391205999999997,"address":"360 King Street West","capacity":11}},{"type":"Feature","id":316,"geometry":{"type":"Point","coordinates":[-79.37026409964389,43.668234200245955]},"properties":{"OBJECTID":316,"station_id":7724,"name":"Wellesley St E / Parliament St","physical_c":"REGULAR","lat":43.668234200000001,"lon":-79.3702641,"address":"280 Wellesley Street East","capacity":15}},{"type":"Feature","id":317,"geometry":{"type":"Point","coordinates":[-79.390719000073034,43.679187600039242]},"properties":{"OBJECTID":317,"station_id":7725,"name":"Yonge St / Macpherson Ave","physical_c":"REGULAR","lat":43.679187599999999,"lon":-79.390719000000004,"address":"1126 Yonge Street","capacity":15}},{"type":"Feature","id":318,"geometry":{"type":"Point","coordinates":[-79.408831999743001,43.636803999998996]},"properties":{"OBJECTID":318,"station_id":7730,"name":"800 Fleet St","physical_c":"ELECTRICBIKESTATION","lat":43.636803999999998,"lon":-79.408832000000004,"address":"800 Fleet Street","capacity":43}},{"type":"Feature","id":319,"geometry":{"type":"Point","coordinates":[-79.467491700335117,43.63576429973142]},"properties":{"OBJECTID":319,"station_id":7752,"name":"1926 Lake Shore Blvd W","physical_c":"VAULT","lat":43.635764299999998,"lon":-79.467491699999997,"address":"1926 Lake Shore Blvd W","capacity":22}},{"type":"Feature","id":320,"geometry":{"type":"Point","coordinates":[-79.394301378119849,43.6430250552947]},"properties":{"OBJECTID":320,"station_id":7757,"name":"The Well","physical_c":"ELECTRICBIKESTATION","lat":43.643025055199999,"lon":-79.394301377600002,"address":"The Well","capacity":18}},{"type":"Feature","id":321,"geometry":{"type":"Point","coordinates":[-79.370638000024726,43.655972000305802]},"properties":{"OBJECTID":321,"station_id":7761,"name":"Moss Park","physical_c":"REGULAR","lat":43.655971999999998,"lon":-79.370638,"address":"152 Shuter Street","capacity":15}},{"type":"Feature","id":322,"geometry":{"type":"Point","coordinates":[-79.394795299710836,43.659152900078212]},"properties":{"OBJECTID":322,"station_id":7762,"name":"College St / Henry St","physical_c":"REGULAR","lat":43.659152900000002,"lon":-79.394795299999998,"address":"184 College St","capacity":14}},{"type":"Feature","id":323,"geometry":{"type":"Point","coordinates":[-79.410103176057163,43.665541443890575]},"properties":{"OBJECTID":323,"station_id":7766,"name":"Albany Ave / Bloor St W","physical_c":"REGULAR","lat":43.665541444200002,"lon":-79.410103176099994,"address":"496 Bloor St W","capacity":15}},{"type":"Feature","id":324,"geometry":{"type":"Point","coordinates":[-79.385910638157384,43.653517997042769]},"properties":{"OBJECTID":324,"station_id":7768,"name":"Armoury St / Chestnut St","physical_c":"REGULAR","lat":43.6535179969,"lon":-79.385910637999999,"address":"361 University Ave","capacity":14}},{"type":"Feature","id":325,"geometry":{"type":"Point","coordinates":[-79.396980997815149,43.650827855868883]},"properties":{"OBJECTID":325,"station_id":7770,"name":"Spadina Ave / Sullivan St","physical_c":"REGULAR","lat":43.650827855499998,"lon":-79.396980998199993,"address":"215 Spadina Ave","capacity":23}},{"type":"Feature","id":326,"geometry":{"type":"Point","coordinates":[-79.386044365862162,43.647508350748382]},"properties":{"OBJECTID":326,"station_id":7772,"name":"Simcoe St / King St W","physical_c":"REGULAR","lat":43.647508351299997,"lon":-79.3860443656,"address":"Simcoe St / King St W","capacity":15}}]
}