{
  "type": "FeatureCollection",
  "features": [
    {
      "type": "Feature",
      "id": 1,
      "geometry": {
        "type": "Polygon",
        "coordinates": [
          [
            [
              -79.387155754334572,
              43.671122385989349
            ],
            [
              -79.387220145793037,
              43.671297975920879
            ],
            [
              -79.387503489794199,
              43.671923847407697
            ],
            [
              -79.38758403487526,
              43.672162461828179
            ],
            [
              -79.387808264639659,
              43.672698260816162
            ],
            [
              -79.387866470561107,
              43.672873843553077
            ],
            [
              -79.388696564594738,
              43.674881949642327
            ],
            [
              -79.388872539436136,
              43.675300682980208
            ],
            [
              -79.388931587123011,
              43.675440251466512
            ],
            [
              -79.388987121158664,
              43.675588827562422
            ],
            [
              -79.389095279923197,
              43.675869980815037
            ],
            [
              -79.389238246048194,
              43.676241666120063
            ],
            [
              -79.389276926788682,
              43.676336532904713
            ],
            [
              -79.389493023983846,
              43.676866685948823
            ],
            [
              -79.38953189088403,
              43.676962047360632
            ],
            [
              -79.389572825325615,
              43.677038597653222
            ],
            [
              -79.389594770582164,
              43.677096201028917
            ],
            [
              -79.38970321443179,
              43.677380764510701
            ],
            [
              -79.389901589586657,
              43.677853516526625
            ],
            [
              -79.390042002536347,
              43.678209221778218
            ],
            [
              -79.390432495363314,
              43.679145769461741
            ],
            [
              -79.3907280053931,
              43.679899552422455
            ],
            [
              -79.390987507467457,
              43.680556383070666
            ],
            [
              -79.391194825480795,
              43.681081123095396
            ],
            [
              -79.391405429616839,
              43.680969545108496
            ],
            [
              -79.393223772459066,
              43.68016564023219
            ],
            [
              -79.39580883141241,
              43.678979942570322
            ],
            [
              -79.397349386265148,
              43.678274813831649
            ],
            [
              -79.397456055752343,
              43.678225411373717
            ],
            [
              -79.3975638943582,
              43.678167008500679
            ],
            [
              -79.397671319275901,
              43.678117597049493
            ],
            [
              -79.397779539194346,
              43.67806819549088
            ],
            [
              -79.397888534328331,
              43.678014294624063
            ],
            [
              -79.397931367238755,
              43.677994952904783
            ],
            [
              -79.397997906278306,
              43.677964884971516
            ],
            [
              -79.398107663138092,
              43.677915484312223
            ],
            [
              -79.398217816598901,
              43.677866084552193
            ],
            [
              -79.398328365761415,
              43.677816684792219
            ],
            [
              -79.398439659562598,
              43.677767285032246
            ],
            [
              -79.398550970450913,
              43.677722377385862
            ],
            [
              -79.398663058353407,
              43.677672969531955
            ],
            [
              -79.398775149853236,
              43.677628061885628
            ],
            [
              -79.398887997682891,
              43.677583156037883
            ],
            [
              -79.39900124301289,
              43.677538249290819
            ],
            [
              -79.399114879547994,
              43.677488851329485
            ],
            [
              -79.399202528373962,
              43.677457423621263
            ],
            [
              -79.399290179897832,
              43.677416995497993
            ],
            [
              -79.399378604838716,
              43.677381067582246
            ],
            [
              -79.399467427279887,
              43.677345140565819
            ],
            [
              -79.399556613047196,
              43.67731372364949
            ],
            [
              -79.399646203509462,
              43.677277796633064
            ],
            [
              -79.399735782280516,
              43.677241870515957
            ],
            [
              -79.39982613356915,
              43.677210444606374
            ],
            [
              -79.399916894948717,
              43.67717901959611
            ],
            [
              -79.400007618556685,
              43.677147594585847
            ],
            [
              -79.400099135366759,
              43.67711616957564
            ],
            [
              -79.400190660270709,
              43.677080244357853
            ],
            [
              -79.400282561990593,
              43.67704882024691
            ],
            [
              -79.400375237127435,
              43.67702189724281
            ],
            [
              -79.400467912264276,
              43.67699497423871
            ],
            [
              -79.400560979505542,
              43.676963550127766
            ],
            [
              -79.400654014371241,
              43.676936627123723
            ],
            [
              -79.400747862224023,
              43.676905203912099
            ],
            [
              -79.400841695687689,
              43.676882782014843
            ],
            [
              -79.400935915859804,
              43.676851359702539
            ],
            [
              -79.401030518243772,
              43.676828937805283
            ],
            [
              -79.401139491794083,
              43.676793026976668
            ],
            [
              -79.401248444659927,
              43.676761616355577
            ],
            [
              -79.401357795026172,
              43.676730206633806
            ],
            [
              -79.401467516812431,
              43.676698796012658
            ],
            [
              -79.401577636098978,
              43.676667386290887
            ],
            [
              -79.401687747291646,
              43.676640486669157
            ],
            [
              -79.401798242494863,
              43.67661357715491
            ],
            [
              -79.401909142392981,
              43.676582168332459
            ],
            [
              -79.402020022506008,
              43.676555258818212
            ],
            [
              -79.402131306414617,
              43.67652384999576
            ],
            [
              -79.402242959944601,
              43.67650144248762
            ],
            [
              -79.402354633259677,
              43.676474533872693
            ],
            [
              -79.402466678894086,
              43.676447625257765
            ],
            [
              -79.402578723629176,
              43.676420716642838
            ],
            [
              -79.402691555271019,
              43.67639830104082
            ],
            [
              -79.402803972325444,
              43.676371392425892
            ],
            [
              -79.402883149537672,
              43.676354185697164
            ],
            [
              -79.402916791376811,
              43.676348975924554
            ],
            [
              -79.403029982747455,
              43.676326568416471
            ],
            [
              -79.403143577913738,
              43.676299651707609
            ],
            [
              -79.404967017214062,
              43.6759208051011
            ],
            [
              -79.407333815203344,
              43.67542900724294
            ],
            [
              -79.407847991791357,
              43.675322181273714
            ],
            [
              -79.411360894789425,
              43.674595914869656
            ],
            [
              -79.412186097410427,
              43.674431512504327
            ],
            [
              -79.41371618145655,
              43.674111502244102
            ],
            [
              -79.414674868650252,
              43.673914309697693
            ],
            [
              -79.414693177947754,
              43.673910416532522
            ],
            [
              -79.416749338411194,
              43.673473207522534
            ],
            [
              -79.417105195648219,
              43.673399601610356
            ],
            [
              -79.419625596943717,
              43.67287832577415
            ],
            [
              -79.421818962475072,
              43.672424982926657
            ],
            [
              -79.421853086350836,
              43.672418479928979
            ],
            [
              -79.421544145845644,
              43.671622164431369
            ],
            [
              -79.421226847041339,
              43.670775343907053
            ],
            [
              -79.421090777817085,
              43.670422047039892
            ],
            [
              -79.420932836181407,
              43.670011900428904
            ],
            [
              -79.420641143773707,
              43.669253930224727
            ],
            [
              -79.42029219063204,
              43.668338935693384
            ],
            [
              -79.420201874416932,
              43.668118628771765
            ],
            [
              -79.419934438523455,
              43.667391223825973
            ],
            [
              -79.419759888208262,
              43.666930926521104
            ],
            [
              -79.419750349099274,
              43.666905787771952
            ],
            [
              -79.419624115760314,
              43.666572874938254
            ],
            [
              -79.419467890031058,
              43.666173465333202
            ],
            [
              -79.418791062057835,
              43.664442776712804
            ],
            [
              -79.418574927091186,
              43.663947602799681
            ],
            [
              -79.418416545687023,
              43.663584754233057
            ],
            [
              -79.418870472194499,
              43.66347294781832
            ],
            [
              -79.418935041718782,
              43.663458815871707
            ],
            [
              -79.420248972811805,
              43.663171247754917
            ],
            [
              -79.420914937874045,
              43.663025483839078
            ],
            [
              -79.422059972689567,
              43.662778300678099
            ],
            [
              -79.423268594070294,
              43.662509942080192
            ],
            [
              -79.424433029060992,
              43.662250083874312
            ],
            [
              -79.42464535180153,
              43.662198565311598
            ],
            [
              -79.425659480400668,
              43.661984916970368
            ],
            [
              -79.426858374714186,
              43.661736560194129
            ],
            [
              -79.428054069239863,
              43.66148052860359
            ],
            [
              -79.42820528844328,
              43.661436489702282
            ],
            [
              -79.42943800446028,
              43.661150762497755
            ],
            [
              -79.429281209460214,
              43.660760088907011
            ],
            [
              -79.428561076432516,
              43.658965519643061
            ],
            [
              -79.427437223349159,
              43.656171648003181
            ],
            [
              -79.426404048907671,
              43.653600354073149
            ],
            [
              -79.427241357302762,
              43.653425165239241
            ],
            [
              -79.428186319043334,
              43.653227453784041
            ],
            [
              -79.42945101135507,
              43.652964123295703
            ],
            [
              -79.429677153078103,
              43.652915835997078
            ],
            [
              -79.429876639795054,
              43.65286888149376
            ],
            [
              -79.43003390424127,
              43.652862460334347
            ],
            [
              -79.430155015941182,
              43.652879682351511
            ],
            [
              -79.430305986032408,
              43.652912953669954
            ],
            [
              -79.430382020114109,
              43.652921091635108
            ],
            [
              -79.430483075133793,
              43.652926031611116
            ],
            [
              -79.430588785044336,
              43.652926348172457
            ],
            [
              -79.430720344168492,
              43.652913718093657
            ],
            [
              -79.430813079559925,
              43.652898976406675
            ],
            [
              -79.431080516352722,
              43.652848802330425
            ],
            [
              -79.431680851589988,
              43.652743414377142
            ],
            [
              -79.43256217820192,
              43.652569194113084
            ],
            [
              -79.433119701213229,
              43.652452936054203
            ],
            [
              -79.434584537646231,
              43.652147431858566
            ],
            [
              -79.436357437745528,
              43.651813402066921
            ],
            [
              -79.436123064527749,
              43.651191907580539
            ],
            [
              -79.436094300611444,
              43.651125263320296
            ],
            [
              -79.43585172737528,
              43.65050330478374
            ],
            [
              -79.435602665530553,
              43.649889919484224
            ],
            [
              -79.436960478143533,
              43.649980518985842
            ],
            [
              -79.437012353737089,
              43.649983985872325
            ],
            [
              -79.438320608309368,
              43.650087746952011
            ],
            [
              -79.439731222817613,
              43.650168413441577
            ],
            [
              -79.441020311937791,
              43.650281261271232
            ],
            [
              -79.441446305502552,
              43.650320519376521
            ],
            [
              -79.442058568448147,
              43.650451881549145
            ],
            [
              -79.442149797475111,
              43.650474098400991
            ],
            [
              -79.443023728062542,
              43.650686878896408
            ],
            [
              -79.44404590559401,
              43.650912067338083
            ],
            [
              -79.443966894756329,
              43.650839036092691
            ],
            [
              -79.443882904372515,
              43.650762492994716
            ],
            [
              -79.44379851738762,
              43.650685940004166
            ],
            [
              -79.443713374972219,
              43.650609395107551
            ],
            [
              -79.443627835056532,
              43.650532850210936
            ],
            [
              -79.443541502838059,
              43.650456296321067
            ],
            [
              -79.443454414289761,
              43.650379750525133
            ],
            [
              -79.443367322144184,
              43.650307705835985
            ],
            [
              -79.44327905638329,
              43.650231150147533
            ],
            [
              -79.443190035191947,
              43.650154603452222
            ],
            [
              -79.443100612902924,
              43.650082556964492
            ],
            [
              -79.443010397411854,
              43.650010501483507
            ],
            [
              -79.442919826688637,
              43.649933953888933
            ],
            [
              -79.442828470857194,
              43.649861896609309
            ],
            [
              -79.442747586731684,
              43.649794346731767
            ],
            [
              -79.442665144081104,
              43.649722293948741
            ],
            [
              -79.442581917221673,
              43.649654751265814
            ],
            [
              -79.442498305452375,
              43.649587198690313
            ],
            [
              -79.442413926561414,
              43.649519646114811
            ],
            [
              -79.442329546771134,
              43.649452093539367
            ],
            [
              -79.442243989768258,
              43.649384540064545
            ],
            [
              -79.442157672838277,
              43.649321486797248
            ],
            [
              -79.442071359505576,
              43.649253933322427
            ],
            [
              -79.441983869859655,
              43.649186378048967
            ],
            [
              -79.441896387408292,
              43.649123324781669
            ],
            [
              -79.44180772864371,
              43.64906027870893
            ],
            [
              -79.441719098657416,
              43.64899272343547
            ],
            [
              -79.441629670972475,
              43.648929668369533
            ],
            [
              -79.441539462676019,
              43.648866612404277
            ],
            [
              -79.441448882060229,
              43.64880355643902
            ],
            [
              -79.441357521732186,
              43.648740500473764
            ],
            [
              -79.441266160504881,
              43.648677443609188
            ],
            [
              -79.441173631058177,
              43.648618886952136
            ],
            [
              -79.441159706854933,
              43.648609392809306
            ],
            [
              -79.441081105208809,
              43.648555839080757
            ],
            [
              -79.440987427327855,
              43.648492781316861
            ],
            [
              -79.440893732359825,
              43.648434223760489
            ],
            [
              -79.440799286457889,
              43.648371165996593
            ],
            [
              -79.44070442686774,
              43.648312616534099
            ],
            [
              -79.440608810947822,
              43.648254058078351
            ],
            [
              -79.44051279842688,
              43.648195499622659
            ],
            [
              -79.440416390204234,
              43.648136949260845
            ],
            [
              -79.440319225651706,
              43.648078389905834
            ],
            [
              -79.440222049408021,
              43.648019829651446
            ],
            [
              -79.440123703146355,
              43.647965779497156
            ],
            [
              -79.440025361381288,
              43.647907219242825
            ],
            [
              -79.439926250695862,
              43.647848658089174
            ],
            [
              -79.439826739812133,
              43.64779459714299
            ],
            [
              -79.439726870098923,
              43.647740546089381
            ],
            [
              -79.439626194593188,
              43.647686484243877
            ],
            [
              -79.439525159358595,
              43.647632422398431
            ],
            [
              -79.439423714932445,
              43.647578369546181
            ],
            [
              -79.439321887395124,
              43.647524307700678
            ],
            [
              -79.439219670451394,
              43.647474746062755
            ],
            [
              -79.43911466920656,
              43.647420654539644
            ],
            [
              -79.438884384306846,
              43.647303550218737
            ],
            [
              -79.438651679331485,
              43.647190917327009
            ],
            [
              -79.43841860293611,
              43.647078284435338
            ],
            [
              -79.43818474592922,
              43.646965649744971
            ],
            [
              -79.437950505811159,
              43.646853006061406
            ],
            [
              -79.437716250404605,
              43.646744870679299
            ],
            [
              -79.437617331274794,
              43.646697461119004
            ],
            [
              -79.437481255755301,
              43.646632234190292
            ],
            [
              -79.437245852813817,
              43.646519597701342
            ],
            [
              -79.437009678254014,
              43.64641146052054
            ],
            [
              -79.436930147608166,
              43.646375104527522
            ],
            [
              -79.436773095401975,
              43.646303322440417
            ],
            [
              -79.436536170807585,
              43.646190683253508
            ],
            [
              -79.436298828028441,
              43.64608704448159
            ],
            [
              -79.436061112030643,
              43.645974403495984
            ],
            [
              -79.436045252486394,
              43.645967508393824
            ],
            [
              -79.435822606428133,
              43.645870762925426
            ],
            [
              -79.435584106221484,
              43.645762621248025
            ],
            [
              -79.434432052197394,
              43.645244207953908
            ],
            [
              -79.433658587573746,
              43.644882806396424
            ],
            [
              -79.430941680813874,
              43.643609520163295
            ],
            [
              -79.430469036716659,
              43.643387997358218
            ],
            [
              -79.43031651079832,
              43.643315903206428
            ],
            [
              -79.430163974088089,
              43.643243799162065
            ],
            [
              -79.430011436478594,
              43.643171703211578
            ],
            [
              -79.429859681279254,
              43.643099599167215
            ],
            [
              -79.429707926079914,
              43.643027504116048
            ],
            [
              -79.429653703255781,
              43.643001609936391
            ],
            [
              -79.429556938901555,
              43.642955409064939
            ],
            [
              -79.429406337532441,
              43.642883305919895
            ],
            [
              -79.429256522170704,
              43.642806709761885
            ],
            [
              -79.429106706809023,
              43.642730105509997
            ],
            [
              -79.428957655871102,
              43.642658011358208
            ],
            [
              -79.428808622020256,
              43.64258140710632
            ],
            [
              -79.428751590613388,
              43.642551946215406
            ],
            [
              -79.428660357989088,
              43.64250481184763
            ],
            [
              -79.428512490558944,
              43.642428207595742
            ],
            [
              -79.428364995448135,
              43.642351612337109
            ],
            [
              -79.428210081829775,
              43.642311369474157
            ],
            [
              -79.428644198970574,
              43.64220842228093
            ],
            [
              -79.429724593215383,
              43.641999440521829
            ],
            [
              -79.430121895708908,
              43.641925377754035
            ],
            [
              -79.431589198982294,
              43.641625493421827
            ],
            [
              -79.432369419313204,
              43.641474599773005
            ],
            [
              -79.433152785472657,
              43.641300253603902
            ],
            [
              -79.434177259872627,
              43.641091844712889
            ],
            [
              -79.434516994063983,
              43.641025961279126
            ],
            [
              -79.435413744049015,
              43.640842113772578
            ],
            [
              -79.43597337776913,
              43.640720091059393
            ],
            [
              -79.436668943117184,
              43.640583486738592
            ],
            [
              -79.437277194187118,
              43.640451006708645
            ],
            [
              -79.437922908315556,
              43.640332829496515
            ],
            [
              -79.439114944399137,
              43.640103305423281
            ],
            [
              -79.439863273870969,
              43.639951172508631
            ],
            [
              -79.440964079128889,
              43.639739845317649
            ],
            [
              -79.44118131576505,
              43.639688414888496
            ],
            [
              -79.442221912311368,
              43.639490672856311
            ],
            [
              -79.442496013080529,
              43.639437198268126
            ],
            [
              -79.44382528031241,
              43.639181491332806
            ],
            [
              -79.446219421289243,
              43.638715335844154
            ],
            [
              -79.446502374085242,
              43.638470954970671
            ],
            [
              -79.446597490881459,
              43.638465995209572
            ],
            [
              -79.446631633642937,
              43.638455073842636
            ],
            [
              -79.446679833707321,
              43.638441972519047
            ],
            [
              -79.446763174780642,
              43.638437636887488
            ],
            [
              -79.446895319363477,
              43.638171680378775
            ],
            [
              -79.446981715433765,
              43.638189084059036
            ],
            [
              -79.447085872215212,
              43.638220637672362
            ],
            [
              -79.447192743150538,
              43.63825219128563
            ],
            [
              -79.447407646045974,
              43.638306298996554
            ],
            [
              -79.447731755416157,
              43.638387460113222
            ],
            [
              -79.447840567987782,
              43.6384100133115
            ],
            [
              -79.447949376962129,
              43.638437066717302
            ],
            [
              -79.448167797106123,
              43.638482182107055
            ],
            [
              -79.448277759011319,
              43.638509236412176
            ],
            [
              -79.448497343777376,
              43.638554341909412
            ],
            [
              -79.448607710377473,
              43.638572394900166
            ],
            [
              -79.448718457390839,
              43.638594957091641
            ],
            [
              -79.448828823990993,
              43.638613009183075
            ],
            [
              -79.448939968504703,
              43.638635562381353
            ],
            [
              -79.449162251236885,
              43.638671675557418
            ],
            [
              -79.449273792351619,
              43.638694228755696
            ],
            [
              -79.449385340660911,
              43.638707788733541
            ],
            [
              -79.449497256792938,
              43.638725841724295
            ],
            [
              -79.449609177421564,
              43.638739392708885
            ],
            [
              -79.449721093553592,
              43.638757453793517
            ],
            [
              -79.449833410783242,
              43.638771005677427
            ],
            [
              -79.449946108426104,
              43.638789057768861
            ],
            [
              -79.450058413065278,
              43.638802608753451
            ],
            [
              -79.45020481909711,
              43.638825185334099
            ],
            [
              -79.450351588455021,
              43.638843251814649
            ],
            [
              -79.450498747219399,
              43.638870319609623
            ],
            [
              -79.450645529167787,
              43.638888386090173
            ],
            [
              -79.450792704119976,
              43.638910961771501
            ],
            [
              -79.451224040557008,
              43.638963777156619
            ],
            [
              -79.451235355826952,
              43.638965159414624
            ],
            [
              -79.451382915688953,
              43.638987726102755
            ],
            [
              -79.45153086315878,
              43.639005782690788
            ],
            [
              -79.451678801635353,
              43.639019347165174
            ],
            [
              -79.451975441213619,
              43.639055468435174
            ],
            [
              -79.453016481125644,
              43.639150398172376
            ],
            [
              -79.453314709805966,
              43.639168514115681
            ],
            [
              -79.453464211304265,
              43.639182076791485
            ],
            [
              -79.453613319798819,
              43.639191138360388
            ],
            [
              -79.45375391261291,
              43.639200197231389
            ],
            [
              -79.453791328906675,
              43.639202984230394
            ],
            [
              -79.45387513403017,
              43.639209247109136
            ],
            [
              -79.453996359044709,
              43.639213796779359
            ],
            [
              -79.454117195552101,
              43.639222846657105
            ],
            [
              -79.454238801879171,
              43.639231897434172
            ],
            [
              -79.454360038584866,
              43.639236446205075
            ],
            [
              -79.454481247411593,
              43.639245496082822
            ],
            [
              -79.454602856436622,
              43.639250044853725
            ],
            [
              -79.454724478052185,
              43.639254593624628
            ],
            [
              -79.4548457156572,
              43.639259142395531
            ],
            [
              -79.454967324682229,
              43.639263691166491
            ],
            [
              -79.455088924714062,
              43.63926373883055
            ],
            [
              -79.455210533739091,
              43.639268287601453
            ],
            [
              -79.455332155354654,
              43.639272835473037
            ],
            [
              -79.455454164577986,
              43.639272892130293
            ],
            [
              -79.455575393189804,
              43.639272939794409
            ],
            [
              -79.45569741410435,
              43.639272995552346
            ],
            [
              -79.455819039317191,
              43.639273043216406
            ],
            [
              -79.4559406519395,
              43.6392730989744
            ],
            [
              -79.456062264561808,
              43.639273145739139
            ],
            [
              -79.456183905063142,
              43.639268700390289
            ],
            [
              -79.456305532973943,
              43.639264246048185
            ],
            [
              -79.456427145596251,
              43.639264301806122
            ],
            [
              -79.456548764513855,
              43.639255347256551
            ],
            [
              -79.456670389726639,
              43.639255402115168
            ],
            [
              -79.456791623734432,
              43.63924644666622
            ],
            [
              -79.456913251645233,
              43.639241982431599
            ],
            [
              -79.457034471263796,
              43.639237527190176
            ],
            [
              -79.457155705271532,
              43.639228562748031
            ],
            [
              -79.457276924890152,
              43.639224107506607
            ],
            [
              -79.457398158897888,
              43.639215151158339
            ],
            [
              -79.457519393804944,
              43.639206185816874
            ],
            [
              -79.457640231211656,
              43.63919722047541
            ],
            [
              -79.457761457125514,
              43.639183763020299
            ],
            [
              -79.457881923112211,
              43.639174806672031
            ],
            [
              -79.458921846965609,
              43.639051524008664
            ],
            [
              -79.459045895851375,
              43.639040181759015
            ],
            [
              -79.459169057106237,
              43.639022214203862
            ],
            [
              -79.459236883075675,
              43.63901480289087
            ],
            [
              -79.459292227354354,
              43.639008755849432
            ],
            [
              -79.459415412890962,
              43.638990796388214
            ],
            [
              -79.45953820182649,
              43.638972837826259
            ],
            [
              -79.459660606751584,
              43.638954869371787
            ],
            [
              -79.459783395687111,
              43.638936909910512
            ],
            [
              -79.459905788021672,
              43.638918949549918
            ],
            [
              -79.460027799043644,
              43.638896479988603
            ],
            [
              -79.46014981905887,
              43.638878519628008
            ],
            [
              -79.460271817490366,
              43.638856059059947
            ],
            [
              -79.460393453495044,
              43.638838098699352
            ],
            [
              -79.460515079607205,
              43.638815628238717
            ],
            [
              -79.460636321708819,
              43.638793166771279
            ],
            [
              -79.460757563810489,
              43.638770704404521
            ],
            [
              -79.460878409311078,
              43.638748233943886
            ],
            [
              -79.460998885190349,
              43.638721270470285
            ],
            [
              -79.461119743281472,
              43.638698808103584
            ],
            [
              -79.461239809969243,
              43.638671844629982
            ],
            [
              -79.461359899140007,
              43.638649382263225
            ],
            [
              -79.461479594407706,
              43.638622418789623
            ],
            [
              -79.461599288776142,
              43.638595454416759
            ],
            [
              -79.461718599134031,
              43.638568490043838
            ],
            [
              -79.461837897800706,
              43.638541517577039
            ],
            [
              -79.461956824148103,
              43.638514552304798
            ],
            [
              -79.462079235368378,
              43.638483088623673
            ],
            [
              -79.462201643890694,
              43.638456125150128
            ],
            [
              -79.46232445171205,
              43.638424660569683
            ],
            [
              -79.462446835952676,
              43.638397688102884
            ],
            [
              -79.462568859565181,
              43.638370723729963
            ],
            [
              -79.462690861593956,
              43.638339258250198
            ],
            [
              -79.46281212258134,
              43.638303292562966
            ],
            [
              -79.462933368280289,
              43.638271818090004
            ],
            [
              -79.463054217378215,
              43.638240352610239
            ],
            [
              -79.463175079066616,
              43.638208886231155
            ],
            [
              -79.463295555845207,
              43.638177420751447
            ],
            [
              -79.463416022731224,
              43.638141444272264
            ],
            [
              -79.463535721596259,
              43.638105477685713
            ],
            [
              -79.463655429454491,
              43.638074010407308
            ],
            [
              -79.463774733517084,
              43.638033542713856
            ],
            [
              -79.463893648173269,
              43.638002075435509
            ],
            [
              -79.46401218421488,
              43.63796159695022
            ],
            [
              -79.464130716659213,
              43.637925628564972
            ],
            [
              -79.464248865092998,
              43.637889660179724
            ],
            [
              -79.464366619623775,
              43.637849181694435
            ],
            [
              -79.464483999137201,
              43.637813213309187
            ],
            [
              -79.464600984747619,
              43.637772742917832
            ],
            [
              -79.464717970357981,
              43.63773227342574
            ],
            [
              -79.464834571058589,
              43.637691794041132
            ],
            [
              -79.464950391147568,
              43.637651322750401
            ],
            [
              -79.465066199545447,
              43.637610843365792
            ],
            [
              -79.465181647315148,
              43.637570381068258
            ],
            [
              -79.465296698483826,
              43.63752990078433
            ],
            [
              -79.465411752350462,
              43.637484929286131
            ],
            [
              -79.465526024706264,
              43.637439956888556
            ],
            [
              -79.465639913051518,
              43.637394984490982
            ],
            [
              -79.465753402097789,
              43.637354503307733
            ],
            [
              -79.465866908231192,
              43.637305028903995
            ],
            [
              -79.465979640947637,
              43.637264556714001
            ],
            [
              -79.465993971644423,
              43.637258439525397
            ],
            [
              -79.468856454361855,
              43.636036535158041
            ],
            [
              -79.468874466883108,
              43.636028564466756
            ],
            [
              -79.471856634975666,
              43.634709428097665
            ],
            [
              -79.47191919631382,
              43.634684753398687
            ],
            [
              -79.471950000791878,
              43.63466893612258
            ],
            [
              -79.472042956517214,
              43.634628452241316
            ],
            [
              -79.472135541721855,
              43.634587960266231
            ],
            [
              -79.472227344516284,
              43.634547476384967
            ],
            [
              -79.47223432325535,
              43.63454439890495
            ],
            [
              -79.47231914821009,
              43.634506983510505
            ],
            [
              -79.472333986124511,
              43.634499686411459
            ],
            [
              -79.472410581383201,
              43.634461989529257
            ],
            [
              -79.472501221354264,
              43.634417004541206
            ],
            [
              -79.47259147551614,
              43.634376510767424
            ],
            [
              -79.472681346566844,
              43.634331524879997
            ],
            [
              -79.472770831808418,
              43.634291031106272
            ],
            [
              -79.472859540035699,
              43.634241545011321
            ],
            [
              -79.47294786245385,
              43.634196550130753
            ],
            [
              -79.473035799962133,
              43.634151563344005
            ],
            [
              -79.473123353459982,
              43.634106568463437
            ],
            [
              -79.473210115554366,
              43.634057081469166
            ],
            [
              -79.4732969001318,
              43.634012085689278
            ],
            [
              -79.473382509295334,
              43.633962597795687
            ],
            [
              -79.473468118458868,
              43.633913109902153
            ],
            [
              -79.473553340913895,
              43.633868114122208
            ],
            [
              -79.473637413136089,
              43.633818625329354
            ],
            [
              -79.473721088757202,
              43.63376913743582
            ],
            [
              -79.473804752687158,
              43.633715139442188
            ],
            [
              -79.473887647696756,
              43.633665650649334
            ],
            [
              -79.473969760296143,
              43.633616161856423
            ],
            [
              -79.474051516764064,
              43.633562162963528
            ],
            [
              -79.474132861342412,
              43.633512673271298
            ],
            [
              -79.474213438799097,
              43.6334586833716
            ],
            [
              -79.474244816145301,
              43.633436186830636
            ],
            [
              -79.4740454418436,
              43.633335443875694
            ],
            [
              -79.473961063851959,
              43.633292802520884
            ],
            [
              -79.474008131669905,
              43.633209361622789
            ],
            [
              -79.473906196213932,
              43.633271960732429
            ],
            [
              -79.473818493428666,
              43.633238644447943
            ],
            [
              -79.473625479132522,
              43.633164717477769
            ],
            [
              -79.473546982707035,
              43.633134661235658
            ],
            [
              -79.473473133078585,
              43.633106380255299
            ],
            [
              -79.47336772713885,
              43.633058773743471
            ],
            [
              -79.473325549834215,
              43.633039726102538
            ],
            [
              -79.473256769684156,
              43.633008997167565
            ],
            [
              -79.473159948672674,
              43.632968999819525
            ],
            [
              -79.473057105800763,
              43.632926488866417
            ],
            [
              -79.472797781792167,
              43.632819320255464
            ],
            [
              -79.472429465347489,
              43.632625620675924
            ],
            [
              -79.472022974480637,
              43.63236658804766
            ],
            [
              -79.471329661934305,
              43.631783369606865
            ],
            [
              -79.471228527774315,
              43.631699261411825
            ],
            [
              -79.470915192282234,
              43.632003438208187
            ],
            [
              -79.470902470472595,
              43.631992057287675
            ],
            [
              -79.470891708285649,
              43.631977841704099
            ],
            [
              -79.470878019704799,
              43.631965749419862
            ],
            [
              -79.470864316734776,
              43.631958643876374
            ],
            [
              -79.470847689169489,
              43.631951537433565
            ],
            [
              -79.470830066953965,
              43.631950110209459
            ],
            [
              -79.470813435791399,
              43.631951528440311
            ],
            [
              -79.47079679023966,
              43.63195436849935
            ],
            [
              -79.470786118884234,
              43.631957426194333
            ],
            [
              -79.470767137793132,
              43.631972976371799
            ],
            [
              -79.470749507483731,
              43.631989075135778
            ],
            [
              -79.470727898573614,
              43.632007234246544
            ],
            [
              -79.470707999274737,
              43.632024574974196
            ],
            [
              -79.470695487007106,
              43.632042322195446
            ],
            [
              -79.470685241030992,
              43.632062140555377
            ],
            [
              -79.470675000450854,
              43.632070401727731
            ],
            [
              -79.470646576478259,
              43.632085255829963
            ],
            [
              -79.470622687786772,
              43.632100524519672
            ],
            [
              -79.470603922532973,
              43.632106712754648
            ],
            [
              -79.470585723852025,
              43.6321182753382
            ],
            [
              -79.470567527869093,
              43.632124877261333
            ],
            [
              -79.470549346275277,
              43.632128599555301
            ],
            [
              -79.47052054278879,
              43.632132624021438
            ],
            [
              -79.470491633182291,
              43.632153455017999
            ],
            [
              -79.470463853124272,
              43.632169020483957
            ],
            [
              -79.470435578439151,
              43.632183172215662
            ],
            [
              -79.470397564096288,
              43.632193775222618
            ],
            [
              -79.470346389074564,
              43.632205094089898
            ],
            [
              -79.470313258050396,
              43.632214285161183
            ],
            [
              -79.470297169178991,
              43.632219942796155
            ],
            [
              -79.470273604243403,
              43.632234087333302
            ],
            [
              -79.470267453779911,
              43.632240017462891
            ],
            [
              -79.470233638371667,
              43.632257119870246
            ],
            [
              -79.470181362579808,
              43.632286891926583
            ],
            [
              -79.470113720072106,
              43.632318127179872
            ],
            [
              -79.470060419053084,
              43.632341931335134
            ],
            [
              -79.470031721686553,
              43.632357558854324
            ],
            [
              -79.4699989171163,
              43.63238359152956
            ],
            [
              -79.469949728696974,
              43.632411122475389
            ],
            [
              -79.469889251088034,
              43.632436409612694
            ],
            [
              -79.469807264393694,
              43.63247657963052
            ],
            [
              -79.469762166990392,
              43.632501132021673
            ],
            [
              -79.469737559740565,
              43.632515266666303
            ],
            [
              -79.46971398491246,
              43.632522704958944
            ],
            [
              -79.469672998310159,
              43.632529390518982
            ],
            [
              -79.469641227060947,
              43.632546502818911
            ],
            [
              -79.469618673862669,
              43.632566597270682
            ],
            [
              -79.469587920646006,
              43.632580730116672
            ],
            [
              -79.469553993721775,
              43.632594277503983
            ],
            [
              -79.469480326655685,
              43.632627355468117
            ],
            [
              -79.469428282888884,
              43.632662294129602
            ],
            [
              -79.469371032946754,
              43.632701956929793
            ],
            [
              -79.469332009564539,
              43.632722740262295
            ],
            [
              -79.469286479587311,
              43.632743502910387
            ],
            [
              -79.469237039357836,
              43.632777496384392
            ],
            [
              -79.469129044269948,
              43.632879489396998
            ],
            [
              -79.469041854997556,
              43.632962593948605
            ],
            [
              -79.468985914468362,
              43.633006991679395
            ],
            [
              -79.468897443662058,
              43.633074982224684
            ],
            [
              -79.468855800554707,
              43.633104251560042
            ],
            [
              -79.468824041895971,
              43.633118366419524
            ],
            [
              -79.468767145387403,
              43.633167120466283
            ],
            [
              -79.468725413247171,
              43.633223908156879
            ],
            [
              -79.468695845336981,
              43.633268078359208
            ],
            [
              -79.468628025662838,
              43.633348856364705
            ],
            [
              -79.468591501496576,
              43.633400595261321
            ],
            [
              -79.468539330026033,
              43.633466218791
            ],
            [
              -79.468518468452544,
              43.633496503460947
            ],
            [
              -79.468504552343177,
              43.63354193811
            ],
            [
              -79.468481920903912,
              43.633616409169974
            ],
            [
              -79.468468000297946,
              43.633645443782257
            ],
            [
              -79.468447126133924,
              43.633676997395582
            ],
            [
              -79.468419308304419,
              43.633716118803875
            ],
            [
              -79.468389743092132,
              43.633753970369469
            ],
            [
              -79.468346282454945,
              43.633798136974519
            ],
            [
              -79.468307856222566,
              43.63383507752684
            ],
            [
              -79.468256748649992,
              43.633879530116246
            ],
            [
              -79.468202852279774,
              43.633922442167034
            ],
            [
              -79.468148956808875,
              43.633965337130633
            ],
            [
              -79.468093328344366,
              43.634004450445104
            ],
            [
              -79.46804639092818,
              43.634034736014314
            ],
            [
              -79.46798208040866,
              43.63406374724417
            ],
            [
              -79.467905593967942,
              43.634101604205739
            ],
            [
              -79.467832580709,
              43.634134402480754
            ],
            [
              -79.467787398769417,
              43.634150798920302
            ],
            [
              -79.467750908777361,
              43.634158368513965
            ],
            [
              -79.467724833833984,
              43.634158360420031
            ],
            [
              -79.467698773279722,
              43.634153303532173
            ],
            [
              -79.467674450215668,
              43.634144457800517
            ],
            [
              -79.467662280589764,
              43.634143194253056
            ],
            [
              -79.467608399507981,
              43.63415707708748
            ],
            [
              -79.467500637344472,
              43.634187335677041
            ],
            [
              -79.467432982246294,
              43.634210827767561
            ],
            [
              -79.467420685815966,
              43.63421509145337
            ],
            [
              -79.467309585369037,
              43.634251110200637
            ],
            [
              -79.467278681066261,
              43.634267132522211
            ],
            [
              -79.467256065814752,
              43.634285597402425
            ],
            [
              -79.467252293158765,
              43.634294489898821
            ],
            [
              -79.467246632825834,
              43.634310213645506
            ],
            [
              -79.46724475414203,
              43.634323895031798
            ],
            [
              -79.467241920378285,
              43.634339637664198
            ],
            [
              -79.467241912284408,
              43.634353994441369
            ],
            [
              -79.467231557490322,
              43.634366296267615
            ],
            [
              -79.467209888325669,
              43.6343772446142
            ],
            [
              -79.467162796226035,
              43.634395702299855
            ],
            [
              -79.467121346472936,
              43.634407320641401
            ],
            [
              -79.467066721651861,
              43.634421671123278
            ],
            [
              -79.467000792352621,
              43.634438754644862
            ],
            [
              -79.466939575500987,
              43.634450375684366
            ],
            [
              -79.466889649637608,
              43.634460613566489
            ],
            [
              -79.466861403730775,
              43.634464034587552
            ],
            [
              -79.466825610713329,
              43.634466076947945
            ],
            [
              -79.466797364806496,
              43.634468805491053
            ],
            [
              -79.466769106309187,
              43.634472901902939
            ],
            [
              -79.466739905322356,
              43.634476313930804
            ],
            [
              -79.466709775335801,
              43.634479734052547
            ],
            [
              -79.46668622838672,
              43.634479727757309
            ],
            [
              -79.466656101098124,
              43.634478350895222
            ],
            [
              -79.466636322308375,
              43.634476292347074
            ],
            [
              -79.46661576470575,
              43.63447197470191
            ],
            [
              -79.466541411456944,
              43.634459629708203
            ],
            [
              -79.466480345691366,
              43.63444597530156
            ],
            [
              -79.466427506923878,
              43.634434014318344
            ],
            [
              -79.466409885607675,
              43.63443059779388
            ],
            [
              -79.466398140461763,
              43.634423771939566
            ],
            [
              -79.466380532635412,
              43.634418644904599
            ],
            [
              -79.466361746697203,
              43.634415227480815
            ],
            [
              -79.46634060273658,
              43.6344160764408
            ],
            [
              -79.466313582605721,
              43.634422036248054
            ],
            [
              -79.466284216143606,
              43.6344331176943
            ],
            [
              -79.466244290741372,
              43.634445059791744
            ],
            [
              -79.466196132945129,
              43.63446381335433
            ],
            [
              -79.466145615327832,
              43.63449023543609
            ],
            [
              -79.466046942612252,
              43.634529461165755
            ],
            [
              -79.465970578479357,
              43.634566964693704
            ],
            [
              -79.465929460576092,
              43.634584019437
            ],
            [
              -79.465888343572146,
              43.634599363669736
            ],
            [
              -79.465857797199533,
              43.634614710600488
            ],
            [
              -79.465806114960174,
              43.634641141675388
            ],
            [
              -79.465769688820046,
              43.634666721092344
            ],
            [
              -79.465730917247981,
              43.634697423047669
            ],
            [
              -79.465672774279085,
              43.634752124311149
            ],
            [
              -79.465658580279239,
              43.634758214520048
            ],
            [
              -79.465610049264342,
              43.634799300047689
            ],
            [
              -79.465540504690523,
              43.634852117231503
            ],
            [
              -79.465483897763647,
              43.634884991049546
            ],
            [
              -79.465422446188882,
              43.634915505046592
            ],
            [
              -79.465375551940156,
              43.634934276595629
            ],
            [
              -79.465336735401991,
              43.634956588775594
            ],
            [
              -79.465309238630425,
              43.634970676655485
            ],
            [
              -79.465267193526131,
              43.634982402016306
            ],
            [
              -79.465221897372601,
              43.635022317525966
            ],
            [
              -79.465137763097232,
              43.635120938080888
            ],
            [
              -79.465079527498176,
              43.635184335788495
            ],
            [
              -79.465035839332472,
              43.635228960148424
            ],
            [
              -79.465009975729743,
              43.635247737992756
            ],
            [
              -79.464988951378984,
              43.635255949702355
            ],
            [
              -79.464945299186184,
              43.635260635170255
            ],
            [
              -79.464916182735578,
              43.635267674163856
            ],
            [
              -79.464857966022294,
              43.635297010049044
            ],
            [
              -79.464793279586161,
              43.635327532139968
            ],
            [
              -79.464685280900937,
              43.635373171834487
            ],
            [
              -79.464637081735873,
              43.635396632448703
            ],
            [
              -79.464603088261867,
              43.635414813143143
            ],
            [
              -79.464571783760789,
              43.635432986643082
            ],
            [
              -79.464533181261288,
              43.635448402821567
            ],
            [
              -79.464518119415629,
              43.635455068596571
            ],
            [
              -79.464489493095584,
              43.635471946173425
            ],
            [
              -79.464451025494384,
              43.635490116975348
            ],
            [
              -79.464404499068337,
              43.635512191734335
            ],
            [
              -79.464370508292291,
              43.635525818261954
            ],
            [
              -79.464326739187641,
              43.635539388132315
            ],
            [
              -79.464161397930127,
              43.635600122048061
            ],
            [
              -79.464084195629084,
              43.635627336432492
            ],
            [
              -79.464020203469602,
              43.635654563407456
            ],
            [
              -79.463976068340855,
              43.635678583399965
            ],
            [
              -79.463940773547847,
              43.635696196622234
            ],
            [
              -79.463912088771849,
              43.635705792388478
            ],
            [
              -79.463839285054917,
              43.635713780166896
            ],
            [
              -79.463702525151405,
              43.635729768314206
            ],
            [
              -79.463587821120996,
              43.6357329366258
            ],
            [
              -79.463552522730708,
              43.635734527526495
            ],
            [
              -79.463499587735726,
              43.635739317315711
            ],
            [
              -79.463409132125719,
              43.635750503982649
            ],
            [
              -79.463287798293209,
              43.635772906094815
            ],
            [
              -79.463206168629767,
              43.635782492867804
            ],
            [
              -79.463148835050674,
              43.635784076573941
            ],
            [
              -79.463084859078947,
              43.635785658481382
            ],
            [
              -79.463038546691564,
              43.635780836316599
            ],
            [
              -79.463004260937851,
              43.635769412228626
            ],
            [
              -79.462912083126071,
              43.635740820982164
            ],
            [
              -79.462821816373662,
              43.635708592877336
            ],
            [
              -79.462744671629252,
              43.635679953067438
            ],
            [
              -79.462715130698712,
              43.635671599264924
            ],
            [
              -79.462674086539835,
              43.635665626867251
            ],
            [
              -79.462644541112638,
              43.635665616974677
            ],
            [
              -79.462613340932876,
              43.635673959985297
            ],
            [
              -79.462569009751974,
              43.635693019317443
            ],
            [
              -79.462493462203497,
              43.635727577565717
            ],
            [
              -79.462434366852506,
              43.635752591309085
            ],
            [
              -79.462329254991062,
              43.635815755192993
            ],
            [
              -79.462265189087191,
              43.635880130463704
            ],
            [
              -79.462199484618509,
              43.635950454749718
            ],
            [
              -79.46214033620754,
              43.636018394933046
            ],
            [
              -79.462101591615124,
              43.63606251657194
            ],
            [
              -79.462028410182938,
              43.636136429152941
            ],
            [
              -79.461968237444182,
              43.636197906807979
            ],
            [
              -79.461920357538418,
              43.636242456524201
            ],
            [
              -79.461858966218301,
              43.636290566656385
            ],
            [
              -79.461828267860255,
              43.636308379528145
            ],
            [
              -79.461742341236004,
              43.636349351741217
            ],
            [
              -79.461687094084084,
              43.636383214813577
            ],
            [
              -79.461656422705687,
              43.636398353101583
            ],
            [
              -79.461629410668706,
              43.636407255490496
            ],
            [
              -79.461603642394152,
              43.636409920181734
            ],
            [
              -79.461571740743182,
              43.636410800618023
            ],
            [
              -79.46153983099839,
              43.63640544335658
            ],
            [
              -79.461501801366978,
              43.636393845699445
            ],
            [
              -79.461487083961742,
              43.636384929820736
            ],
            [
              -79.461483412029793,
              43.636370661177125
            ],
            [
              -79.461482195247072,
              43.636354619969779
            ],
            [
              -79.461473587835769,
              43.636344814661527
            ],
            [
              -79.461466242173287,
              43.636339465494018
            ],
            [
              -79.461446602778437,
              43.636332329373545
            ],
            [
              -79.461422065675777,
              43.636327866038243
            ],
            [
              -79.461397513284567,
              43.636329639501298
            ],
            [
              -79.461358258776556,
              43.636334973380372
            ],
            [
              -79.46132634183715,
              43.636339417829902
            ],
            [
              -79.461256378179257,
              43.63636167335261
            ],
            [
              -79.46119131852447,
              43.636389285237385
            ],
            [
              -79.461154017343972,
              43.636402963925718
            ],
            [
              -79.461057208023703,
              43.636444795890668
            ],
            [
              -79.460994028851303,
              43.636477368435862
            ],
            [
              -79.460939154918037,
              43.636506325706421
            ],
            [
              -79.460887606677659,
              43.636530449120983
            ],
            [
              -79.460819429972673,
              43.63656664773265
            ],
            [
              -79.460747922178825,
              43.636599216680565
            ],
            [
              -79.460661468551905,
              43.636629369150114
            ],
            [
              -79.460560049306764,
              43.636669183036418
            ],
            [
              -79.460475245036491,
              43.636698129515139
            ],
            [
              -79.460367177103478,
              43.636727058007352
            ],
            [
              -79.460290710447907,
              43.636742730492699
            ],
            [
              -79.460189292102086,
              43.636760805966503
            ],
            [
              -79.460092876684882,
              43.636768027522521
            ],
            [
              -79.460021400367282,
              43.636770414323223
            ],
            [
              -79.459967005772683,
              43.636768594994692
            ],
            [
              -79.459817750688615,
              43.636764267457011
            ],
            [
              -79.459768398592701,
              43.636763619945157
            ],
            [
              -79.459738960184836,
              43.636768640860168
            ],
            [
              -79.459695663224238,
              43.636777429035192
            ],
            [
              -79.459640287469256,
              43.63677761699347
            ],
            [
              -79.459576460785001,
              43.636776901133146
            ],
            [
              -79.45948770849094,
              43.636776869656842
            ],
            [
              -79.459428542093519,
              43.636775777879905
            ],
            [
              -79.459364933045208,
              43.636782199938636
            ],
            [
              -79.459286520256683,
              43.636796142128333
            ],
            [
              -79.459177047582614,
              43.636812224704443
            ],
            [
              -79.459100109682254,
              43.636827238886042
            ],
            [
              -79.459033535569176,
              43.636837953408872
            ],
            [
              -79.458989158522797,
              43.636830421586751
            ],
            [
              -79.458921132004605,
              43.636807830616931
            ],
            [
              -79.45881752830627,
              43.636777440726348
            ],
            [
              -79.458797443747017,
              43.636769385498781
            ],
            [
              -79.458774767341595,
              43.636762905883472
            ],
            [
              -79.458748841685633,
              43.636760537968485
            ],
            [
              -79.458727781361972,
              43.636764662259395
            ],
            [
              -79.458700236027028,
              43.636774067369345
            ],
            [
              -79.458664579706522,
              43.636792291231302
            ],
            [
              -79.458536544126162,
              43.636876372446693
            ],
            [
              -79.458445666734121,
              43.636938691867215
            ],
            [
              -79.458307406761378,
              43.637021336865246
            ],
            [
              -79.458170571314781,
              43.637085475614242
            ],
            [
              -79.458072495749036,
              43.637126756294833
            ],
            [
              -79.457978045350501,
              43.637157505914217
            ],
            [
              -79.45789935647008,
              43.637175939318183
            ],
            [
              -79.457817386862871,
              43.637188825703788
            ],
            [
              -79.457676590802009,
              43.637209278985097
            ],
            [
              -79.457562794187538,
              43.637222423476089
            ],
            [
              -79.457417519502883,
              43.637231172980307
            ],
            [
              -79.457289206031987,
              43.637231125316248
            ],
            [
              -79.457145150828012,
              43.637232835826751
            ],
            [
              -79.457057997528523,
              43.637233684786793
            ],
            [
              -79.456993836296476,
              43.637231023692834
            ],
            [
              -79.456938166463146,
              43.637226609820232
            ],
            [
              -79.456869002302597,
              43.637218212850314
            ],
            [
              -79.456722382232101,
              43.637201712089393
            ],
            [
              -79.456615849441846,
              43.637195217185592
            ],
            [
              -79.456544820087345,
              43.637195190205944
            ],
            [
              -79.456456028223101,
              43.637199027613065
            ],
            [
              -79.456374361687381,
              43.637204144755515
            ],
            [
              -79.456280232346785,
              43.63721829468858
            ],
            [
              -79.4561363812889,
              43.637246612541162
            ],
            [
              -79.455944592768731,
              43.637289097413941
            ],
            [
              -79.45577363344637,
              43.637336990809558
            ],
            [
              -79.455447069826391,
              43.637401673648355
            ],
            [
              -79.455231371030891,
              43.637478308477228
            ],
            [
              -79.45488810430254,
              43.637436596122086
            ],
            [
              -79.454461206019801,
              43.637407639750847
            ],
            [
              -79.454364385008319,
              43.637391614731314
            ],
            [
              -79.454254359251252,
              43.637381975797609
            ],
            [
              -79.454161964702848,
              43.637346779030679
            ],
            [
              -79.454043151670078,
              43.637321149251704
            ],
            [
              -79.453906727213678,
              43.637295521271369
            ],
            [
              -79.453831918008575,
              43.637295491593704
            ],
            [
              -79.453752713816641,
              43.637273082286981
            ],
            [
              -79.453655895503118,
              43.637237883721411
            ],
            [
              -79.453488709736121,
              43.637164292198406
            ],
            [
              -79.4533875090263,
              43.637122700352393
            ],
            [
              -79.453309003607615,
              43.637094592941139
            ],
            [
              -79.453065114663275,
              43.637019061580474
            ],
            [
              -79.452939080973749,
              43.636956305988804
            ],
            [
              -79.45276030924083,
              43.636802894238258
            ],
            [
              -79.452592533518555,
              43.636726816989039
            ],
            [
              -79.452435449836116,
              43.636686119069168
            ],
            [
              -79.452284828681854,
              43.636654794782999
            ],
            [
              -79.452116979215191,
              43.6366250290219
            ],
            [
              -79.451977075281775,
              43.636614024917378
            ],
            [
              -79.451882390160165,
              43.636610861102383
            ],
            [
              -79.451753278091246,
              43.636587358220083
            ],
            [
              -79.451520844711183,
              43.636559131199022
            ],
            [
              -79.451254012262837,
              43.636523065686958
            ],
            [
              -79.451086159198837,
              43.636499545717527
            ],
            [
              -79.451043120343684,
              43.636493271147572
            ],
            [
              -79.450985004354436,
              43.636496379204573
            ],
            [
              -79.450920427635594,
              43.636502660969086
            ],
            [
              -79.450738544248395,
              43.636540821002143
            ],
            [
              -79.450620161091535,
              43.636568898735732
            ],
            [
              -79.450568495039988,
              43.636579821901307
            ],
            [
              -79.45051468860197,
              43.636586055102441
            ],
            [
              -79.450486704397861,
              43.636586042511908
            ],
            [
              -79.45046519621178,
              43.63657665448909
            ],
            [
              -79.450450136164818,
              43.636564135926164
            ],
            [
              -79.450437225497524,
              43.636559440565804
            ],
            [
              -79.450422162752545,
              43.636564123335688
            ],
            [
              -79.450394174051837,
              43.636568800709654
            ],
            [
              -79.450385581029707,
              43.636559418082754
            ],
            [
              -79.450359761493758,
              43.636548469736169
            ],
            [
              -79.450338236220603,
              43.636545337397479
            ],
            [
              -79.450308105334727,
              43.636546881533434
            ],
            [
              -79.450288732139256,
              43.63655000577819
            ],
            [
              -79.450249994741398,
              43.636557802000993
            ],
            [
              -79.450172517247836,
              43.636548388797166
            ],
            [
              -79.450092893072508,
              43.636542098039456
            ],
            [
              -79.449993890305734,
              43.636543620591681
            ],
            [
              -79.449879829290637,
              43.636546694474418
            ],
            [
              -79.449810964604296,
              43.63653728486787
            ],
            [
              -79.449755021377086,
              43.636520067347305
            ],
            [
              -79.449721630448835,
              43.636493633574389
            ],
            [
              -79.449604794125889,
              43.636435001374252
            ],
            [
              -79.449518124661665,
              43.636376742392827
            ],
            [
              -79.449422261428197,
              43.636300359374161
            ],
            [
              -79.449356613616771,
              43.636240201024521
            ],
            [
              -79.449326417080442,
              43.636217288097441
            ],
            [
              -79.449285696677521,
              43.636196269142545
            ],
            [
              -79.449237091018915,
              43.63617907320571
            ],
            [
              -79.449180607299127,
              43.636171415478486
            ],
            [
              -79.449109657084989,
              43.636167567279472
            ],
            [
              -79.449029501410337,
              43.636174210571426
            ],
            [
              -79.448939698708102,
              43.636187123037359
            ],
            [
              -79.448736612904327,
              43.636278855684679
            ],
            [
              -79.448575948121459,
              43.636359381880027
            ],
            [
              -79.448473688909587,
              43.636401758834154
            ],
            [
              -79.448377287881499,
              43.636433526486087
            ],
            [
              -79.44830136081913,
              43.636452593012791
            ],
            [
              -79.448190361995557,
              43.636482238264762
            ],
            [
              -79.448041389298623,
              43.636511866429544
            ],
            [
              -79.447942102346133,
              43.636526664773839
            ],
            [
              -79.447831108019159,
              43.63653721741872
            ],
            [
              -79.447723058072654,
              43.63653929215468
            ],
            [
              -79.447641302504053,
              43.636532890780359
            ],
            [
              -79.447492399954228,
              43.636494648009659
            ],
            [
              -79.447314300014909,
              43.636441538546194
            ],
            [
              -79.447188764549821,
              43.636399057270751
            ],
            [
              -79.447107025169032,
              43.636373572282594
            ],
            [
              -79.447036959887726,
              43.636350208795136
            ],
            [
              -79.446998991410283,
              43.636343827205906
            ],
            [
              -79.446958099236838,
              43.63635017192297
            ],
            [
              -79.446896767271937,
              43.636358622852242
            ],
            [
              -79.446835453293488,
              43.636347991066998
            ],
            [
              -79.446747870118088,
              43.636316129885529
            ],
            [
              -79.446704083026987,
              43.636288538685164
            ],
            [
              -79.446651553626282,
              43.636252454287387
            ],
            [
              -79.446584406645002,
              43.636222727197151
            ],
            [
              -79.446523112451644,
              43.636188763400753
            ],
            [
              -79.446520213936708,
              43.636159066887501
            ],
            [
              -79.446473501350965,
              43.636146326192033
            ],
            [
              -79.446426779772025,
              43.636144179510325
            ],
            [
              -79.446391743983781,
              43.636129311018919
            ],
            [
              -79.44635871728093,
              43.63611241815363
            ],
            [
              -79.446156293378181,
              43.636042210779465
            ],
            [
              -79.446016953319713,
              43.636026581461635
            ],
            [
              -79.4459874879322,
              43.636033319182388
            ],
            [
              -79.445736943105373,
              43.635931592369161
            ],
            [
              -79.44534364889023,
              43.635764177275007
            ],
            [
              -79.444761009612876,
              43.635514118082142
            ],
            [
              -79.444219131207888,
              43.635283131711219
            ],
            [
              -79.443913245699719,
              43.635153865858285
            ],
            [
              -79.443917416755369,
              43.635079327349104
            ],
            [
              -79.443918245930263,
              43.63501391516013
            ],
            [
              -79.443597270697467,
              43.634880329863392
            ],
            [
              -79.44322486953206,
              43.634715077638759
            ],
            [
              -79.443033442539331,
              43.634740807242508
            ],
            [
              -79.443022789170357,
              43.634722196672101
            ],
            [
              -79.442969426997422,
              43.63471906433341
            ],
            [
              -79.442924593994803,
              43.63472524357519
            ],
            [
              -79.442832766918627,
              43.634756207233238
            ],
            [
              -79.442824212567302,
              43.634773261077214
            ],
            [
              -79.442779394853176,
              43.634776343953149
            ],
            [
              -79.442679035908725,
              43.634813505738748
            ],
            [
              -79.442527425500259,
              43.634867689892019
            ],
            [
              -79.442446299457117,
              43.634892456321836
            ],
            [
              -79.442177318528366,
              43.634926445299243
            ],
            [
              -79.442004386093515,
              43.634948059605335
            ],
            [
              -79.441906203508438,
              43.634949567768388
            ],
            [
              -79.441791600202123,
              43.634938500711314
            ],
            [
              -79.441621240727613,
              43.634939349671299
            ],
            [
              -79.441437683702077,
              43.634925304059607
            ],
            [
              -79.441273346987316,
              43.634900420717884
            ],
            [
              -79.441141011748243,
              43.634873996837541
            ],
            [
              -79.441036453869231,
              43.63483052900574
            ],
            [
              -79.441002321000269,
              43.63480725185326
            ],
            [
              -79.440966052241492,
              43.634787079160446
            ],
            [
              -79.440882834375259,
              43.634759131828503
            ],
            [
              -79.440724927813108,
              43.634698578676534
            ],
            [
              -79.440535018876005,
              43.634603911541319
            ],
            [
              -79.440466757634738,
              43.634565115687565
            ],
            [
              -79.440317427007585,
              43.634468912510329
            ],
            [
              -79.440202239141968,
              43.634386678502437
            ],
            [
              -79.440057174898641,
              43.634274976409074
            ],
            [
              -79.439995317729711,
              43.634228424802018
            ],
            [
              -79.44000614736575,
              43.634217601461216
            ],
            [
              -79.440005957608832,
              43.634209175712954
            ],
            [
              -79.440041741633024,
              43.634179229188135
            ],
            [
              -79.440066539539146,
              43.634143290480552
            ],
            [
              -79.440006246291205,
              43.633906540354587
            ],
            [
              -79.439960906970271,
              43.633874553268072
            ],
            [
              -79.439930659172546,
              43.633857560578008
            ],
            [
              -79.439914931828582,
              43.633857993151935
            ],
            [
              -79.439803503129156,
              43.633823036503998
            ],
            [
              -79.439775964089449,
              43.633848990938247
            ],
            [
              -79.439718237506611,
              43.633823999677873
            ],
            [
              -79.439745776546317,
              43.633785047342087
            ],
            [
              -79.439409028104137,
              43.633614085321824
            ],
            [
              -79.439392521047978,
              43.63362606698945
            ],
            [
              -79.439290805026587,
              43.63357007789682
            ],
            [
              -79.439305946012553,
              43.633561093669584
            ],
            [
              -79.439286709514022,
              43.633551101302317
            ],
            [
              -79.439288203287902,
              43.633545269198862
            ],
            [
              -79.439320524922266,
              43.633421768899552
            ],
            [
              -79.439357834196642,
              43.633230023546787
            ],
            [
              -79.439355097559655,
              43.633216033693031
            ],
            [
              -79.439264812820795,
              43.633143731797816
            ],
            [
              -79.439174927380975,
              43.633105995345488
            ],
            [
              -79.439052097076569,
              43.63307219252772
            ],
            [
              -79.439008652627194,
              43.6330667327436
            ],
            [
              -79.438875360509428,
              43.632999186463337
            ],
            [
              -79.43868814953845,
              43.632904400617633
            ],
            [
              -79.438616255036095,
              43.632882596554623
            ],
            [
              -79.438472474125319,
              43.632807430318735
            ],
            [
              -79.438202887053535,
              43.632689699170328
            ],
            [
              -79.438022918322986,
              43.632628788987461
            ],
            [
              -79.437829922912556,
              43.63256964417377
            ],
            [
              -79.437726674446424,
              43.632536372855384
            ],
            [
              -79.437611569318449,
              43.632488340964244
            ],
            [
              -79.437596342896882,
              43.632472346521638
            ],
            [
              -79.437525264079625,
              43.632441559130712
            ],
            [
              -79.437286597498428,
              43.632339334093047
            ],
            [
              -79.437181655608867,
              43.632291308497145
            ],
            [
              -79.437132571510915,
              43.632275295168768
            ],
            [
              -79.437076693034896,
              43.632262959168258
            ],
            [
              -79.437052994100384,
              43.632254340965119
            ],
            [
              -79.43694257983617,
              43.632166075204282
            ],
            [
              -79.436800828695254,
              43.632121377099907
            ],
            [
              -79.436645076908746,
              43.632073322725716
            ],
            [
              -79.436377605042424,
              43.63200061433696
            ],
            [
              -79.436357302847227,
              43.631991997033083
            ],
            [
              -79.436369165804308,
              43.631977241856305
            ],
            [
              -79.436335297336086,
              43.631964926540206
            ],
            [
              -79.436350568723753,
              43.631937877631003
            ],
            [
              -79.435969712132476,
              43.631799925226403
            ],
            [
              -79.435932396562805,
              43.631847872581318
            ],
            [
              -79.435886679526618,
              43.631847847400309
            ],
            [
              -79.435842227836531,
              43.631811447340453
            ],
            [
              -79.435665459793086,
              43.63171696906295
            ],
            [
              -79.435516537458227,
              43.631635251265891
            ],
            [
              -79.435354547074667,
              43.631547828169801
            ],
            [
              -79.43525527900789,
              43.63149271951346
            ],
            [
              -79.435189960348339,
              43.63145470606986
            ],
            [
              -79.435132491870945,
              43.631424311682679
            ],
            [
              -79.435080233166161,
              43.631399591118281
            ],
            [
              -79.434858124003199,
              43.631315940678178
            ],
            [
              -79.434471397536925,
              43.63118093265399
            ],
            [
              -79.433826736514618,
              43.630952367257976
            ],
            [
              -79.43364982997565,
              43.6308874182198
            ],
            [
              -79.433655548764534,
              43.630860166063883
            ],
            [
              -79.43362371636141,
              43.630845276888067
            ],
            [
              -79.433591878562311,
              43.630835338480153
            ],
            [
              -79.433561151425977,
              43.630829542349545
            ],
            [
              -79.433517932706366,
              43.630823729131862
            ],
            [
              -79.433484941976474,
              43.630825365897977
            ],
            [
              -79.433200740921393,
              43.630760867420122
            ],
            [
              -79.433161291260546,
              43.63075320249834
            ],
            [
              -79.431720280566481,
              43.630433007877059
            ],
            [
              -79.4304176242739,
              43.630195674990489
            ],
            [
              -79.429481357178872,
              43.630023606804059
            ],
            [
              -79.427775476357112,
              43.629793474789096
            ],
            [
              -79.427212293912191,
              43.629722843834202
            ],
            [
              -79.425964035811546,
              43.629657339914331
            ],
            [
              -79.425821334986608,
              43.629679921890954
            ],
            [
              -79.424574420473107,
              43.629770784893878
            ],
            [
              -79.424451291593812,
              43.629780127950596
            ],
            [
              -79.424402224582934,
              43.629784191087595
            ],
            [
              -79.42429112953198,
              43.629792731949067
            ],
            [
              -79.424194706920161,
              43.629800985926806
            ],
            [
              -79.424182412288474,
              43.629802021945807
            ],
            [
              -79.42385927328678,
              43.629829180572301
            ],
            [
              -79.423773929423248,
              43.629836873373051
            ],
            [
              -79.423769173808296,
              43.629844620133156
            ],
            [
              -79.423702681533484,
              43.629850588933607
            ],
            [
              -79.420812313537397,
              43.630072316784037
            ],
            [
              -79.42051327996387,
              43.630094946424663
            ],
            [
              -79.420356064081034,
              43.630108869728588
            ],
            [
              -79.420226960106106,
              43.63011835757618
            ],
            [
              -79.420144548032454,
              43.630129758281782
            ],
            [
              -79.420139503735072,
              43.630130196251628
            ],
            [
              -79.418697683651146,
              43.629498245347804
            ],
            [
              -79.418684497791276,
              43.629453049019048
            ],
            [
              -79.418427584865128,
              43.629496189497615
            ],
            [
              -79.418032372396056,
              43.628227772194009
            ],
            [
              -79.418404181807489,
              43.628163345661903
            ],
            [
              -79.418416537593089,
              43.62821757837861
            ],
            [
              -79.418469369166019,
              43.628251506202105
            ],
            [
              -79.418534684228234,
              43.628253803070606
            ],
            [
              -79.418568916022593,
              43.628231234583836
            ],
            [
              -79.418592366744292,
              43.62818166215402
            ],
            [
              -79.418622638823706,
              43.628127674952282
            ],
            [
              -79.418629694904439,
              43.628069171355207
            ],
            [
              -79.418641006577161,
              43.628006160356051
            ],
            [
              -79.418667399880576,
              43.627961172670041
            ],
            [
              -79.418716626071387,
              43.627929702693677
            ],
            [
              -79.418774737564036,
              43.62790724032692
            ],
            [
              -79.418929300446848,
              43.627871335793543
            ],
            [
              -79.419033479711288,
              43.627871400544734
            ],
            [
              -79.419127546998652,
              43.6278894697233
            ],
            [
              -79.419236709406562,
              43.627925552322438
            ],
            [
              -79.419324916711503,
              43.627979614167884
            ],
            [
              -79.419352311859654,
              43.628056145574703
            ],
            [
              -79.419350655308449,
              43.628146166812201
            ],
            [
              -79.419312986305215,
              43.628218151246756
            ],
            [
              -79.419260218584157,
              43.628294625996261
            ],
            [
              -79.419197393744696,
              43.628366602336882
            ],
            [
              -79.419170969864354,
              43.628434093758472
            ],
            [
              -79.419146881523318,
              43.628488085456809
            ],
            [
              -79.419185930985861,
              43.628533119907615
            ],
            [
              -79.419246647814532,
              43.628591672068069
            ],
            [
              -79.419292655331731,
              43.628650213436629
            ],
            [
              -79.419347603009442,
              43.628686257364961
            ],
            [
              -79.419416893974415,
              43.628699808349552
            ],
            [
              -79.419512566551646,
              43.628686365283556
            ],
            [
              -79.419595492138228,
              43.628641416268408
            ],
            [
              -79.419610316562796,
              43.628564905546
            ],
            [
              -79.419596465204677,
              43.628497385346122
            ],
            [
              -79.419619772034821,
              43.628443393647728
            ],
            [
              -79.419702703916641,
              43.628393944425056
            ],
            [
              -79.419768224024267,
              43.628344473618597
            ],
            [
              -79.419822084421639,
              43.62831300634025
            ],
            [
              -79.419873562514852,
              43.628340047155518
            ],
            [
              -79.419815037334047,
              43.628385012358478
            ],
            [
              -79.419758804525145,
              43.628438981573765
            ],
            [
              -79.419719605775128,
              43.628506473894731
            ],
            [
              -79.41968737677098,
              43.628569460612198
            ],
            [
              -79.419676827723379,
              43.628636963724944
            ],
            [
              -79.41970500977834,
              43.628699993609871
            ],
            [
              -79.419713860006595,
              43.628745006476947
            ],
            [
              -79.41965727376413,
              43.62878548226422
            ],
            [
              -79.419643290205613,
              43.62881697742165
            ],
            [
              -79.419573914704358,
              43.628857434323209
            ],
            [
              -79.419487133724203,
              43.628884387004916
            ],
            [
              -79.4193340340384,
              43.628992304751137
            ],
            [
              -79.419419001085998,
              43.629163390877864
            ],
            [
              -79.419399601810142,
              43.62918588112359
            ],
            [
              -79.41939534531889,
              43.629190378633098
            ],
            [
              -79.419626365864076,
              43.629316551717523
            ],
            [
              -79.420050486141008,
              43.629253821306861
            ],
            [
              -79.42006211617371,
              43.629249319300698
            ],
            [
              -79.420303385392856,
              43.629235976958796
            ],
            [
              -79.420972231882956,
              43.629186906350697
            ],
            [
              -79.421510582247549,
              43.629142243319905
            ],
            [
              -79.422466407798424,
              43.629061838533062
            ],
            [
              -79.422484238656637,
              43.62904384759554
            ],
            [
              -79.422489705635371,
              43.629003344828561
            ],
            [
              -79.422423925623605,
              43.62896729460499
            ],
            [
              -79.42238061607253,
              43.628917767141274
            ],
            [
              -79.422331124581717,
              43.628868225288443
            ],
            [
              -79.422273116511064,
              43.628800675410901
            ],
            [
              -79.422214329627593,
              43.628742126847726
            ],
            [
              -79.422170264645956,
              43.628683596271003
            ],
            [
              -79.422130479537941,
              43.62861155787715
            ],
            [
              -79.422088353494701,
              43.628539518583977
            ],
            [
              -79.422061722770252,
              43.628471989390846
            ],
            [
              -79.422053302417908,
              43.628390971266356
            ],
            [
              -79.422073592022628,
              43.628291970298221
            ],
            [
              -79.422087625043844,
              43.628210966562904
            ],
            [
              -79.422118716405578,
              43.628134476524906
            ],
            [
              -79.422179970129491,
              43.628067007586367
            ],
            [
              -79.422264903002826,
              43.627981543213707
            ],
            [
              -79.422357172545446,
              43.627896092330843
            ],
            [
              -79.422454862302004,
              43.627815137158905
            ],
            [
              -79.422544027384902,
              43.627734184684925
            ],
            [
              -79.422530237180638,
              43.627626159020053
            ],
            [
              -79.422479218641001,
              43.627540611010431
            ],
            [
              -79.422385999414303,
              43.627459544322562
            ],
            [
              -79.422207559531216,
              43.627409924228687
            ],
            [
              -79.422013523605187,
              43.627423294449557
            ],
            [
              -79.421824117389065,
              43.627459179197842
            ],
            [
              -79.421630850383394,
              43.627490561040588
            ],
            [
              -79.421478234532856,
              43.627517460662318
            ],
            [
              -79.421377143540326,
              43.627535403036461
            ],
            [
              -79.421261774011612,
              43.627517320368099
            ],
            [
              -79.421125900839627,
              43.62747672946756
            ],
            [
              -79.420964481525573,
              43.627431611379791
            ],
            [
              -79.420829383569185,
              43.627386519372408
            ],
            [
              -79.420694700200215,
              43.627336919063623
            ],
            [
              -79.420572023679938,
              43.627278333628226
            ],
            [
              -79.420459410573301,
              43.627228747708614
            ],
            [
              -79.42036188988925,
              43.627170170367094
            ],
            [
              -79.420290732831006,
              43.627098118483445
            ],
            [
              -79.420258317667162,
              43.6270125830643
            ],
            [
              -79.420235196097394,
              43.626927053041129
            ],
            [
              -79.420013920605925,
              43.6267558814788
            ],
            [
              -79.419852090301674,
              43.626733264428651
            ],
            [
              -79.419696384380586,
              43.626764668754504
            ],
            [
              -79.41958672015096,
              43.626818600198305
            ],
            [
              -79.419511523338087,
              43.62686806381015
            ],
            [
              -79.419458828462098,
              43.626890530673506
            ],
            [
              -79.41843001663193,
              43.626543283545743
            ],
            [
              -79.418273182061682,
              43.626556673551704
            ],
            [
              -79.418221761525047,
              43.626489126372121
            ],
            [
              -79.417911654599152,
              43.626448406868519
            ],
            [
              -79.416680876621115,
              43.626281034941883
            ],
            [
              -79.416677400741435,
              43.6262765320364
            ],
            [
              -79.416589897605661,
              43.626262965763317
            ],
            [
              -79.416502778480378,
              43.626267403018289
            ],
            [
              -79.41640362103027,
              43.626285342694473
            ],
            [
              -79.416389680639213,
              43.626285331902579
            ],
            [
              -79.415018362007743,
              43.626401384016731
            ],
            [
              -79.414982338763878,
              43.626410359250713
            ],
            [
              -79.414890535070072,
              43.626432793738502
            ],
            [
              -79.41483511255035,
              43.62645525610526
            ],
            [
              -79.414840080405327,
              43.626509268488007
            ],
            [
              -79.414917061473147,
              43.626549832408898
            ],
            [
              -79.415011547844642,
              43.626549902556008
            ],
            [
              -79.415082415321194,
              43.626549954716666
            ],
            [
              -79.415261741935808,
              43.62652757598687
            ],
            [
              -79.41652040429318,
              43.626397936015962
            ],
            [
              -79.416803032433961,
              43.626434139124285
            ],
            [
              -79.418180927807555,
              43.62661062478054
            ],
            [
              -79.418332365546178,
              43.626601722391626
            ],
            [
              -79.418634980220133,
              43.626750452271608
            ],
            [
              -79.418375914316982,
              43.627029320346935
            ],
            [
              -79.418121078824697,
              43.627065152035186
            ],
            [
              -79.417754169819034,
              43.626911883276819
            ],
            [
              -79.417833346131999,
              43.62734400751998
            ],
            [
              -79.417334177430291,
              43.627924264493288
            ],
            [
              -79.416195060153882,
              43.628103508370259
            ],
            [
              -79.416234627625954,
              43.628058529677446
            ],
            [
              -79.416150257728191,
              43.628017962159277
            ],
            [
              -79.416097817360367,
              43.627855898031328
            ],
            [
              -79.415770438954553,
              43.627702642762813
            ],
            [
              -79.415632661018435,
              43.627644032146407
            ],
            [
              -79.415523161364774,
              43.62731990119255
            ],
            [
              -79.415566596820952,
              43.627256914475083
            ],
            [
              -79.415544268453175,
              43.6271758855587
            ],
            [
              -79.415547813580702,
              43.627130880785558
            ],
            [
              -79.415671617850819,
              43.626937433016167
            ],
            [
              -79.415647696783765,
              43.626878906936042
            ],
            [
              -79.415588068134809,
              43.626869869648829
            ],
            [
              -79.415538815863613,
              43.626919341354551
            ],
            [
              -79.415455360576402,
              43.627058810016138
            ],
            [
              -79.415391436765333,
              43.62708126698692
            ],
            [
              -79.415280307540115,
              43.627081184249334
            ],
            [
              -79.415155237923841,
              43.627081100612372
            ],
            [
              -79.415010761837152,
              43.627107997536086
            ],
            [
              -79.414856972371354,
              43.627139396466021
            ],
            [
              -79.414699733106147,
              43.627157291176104
            ],
            [
              -79.414540554003338,
              43.62717067488677
            ],
            [
              -79.414366282477943,
              43.627175053685846
            ],
            [
              -79.414183176012727,
              43.627152422246525
            ],
            [
              -79.414001998593335,
              43.627107278977803
            ],
            [
              -79.413822017272253,
              43.627048643180387
            ],
            [
              -79.413657539363896,
              43.626990010080931
            ],
            [
              -79.413486782389043,
              43.626971886943068
            ],
            [
              -79.413313623324996,
              43.627021273213245
            ],
            [
              -79.413184122749044,
              43.62713820216635
            ],
            [
              -79.413086369140558,
              43.62724614419426
            ],
            [
              -79.412967769247132,
              43.627313573562617
            ],
            [
              -79.412808563164617,
              43.627353967511624
            ],
            [
              -79.412635825882603,
              43.627367346725748
            ],
            [
              -79.412446447545506,
              43.627380703456765
            ],
            [
              -79.412255909982207,
              43.627389568074136
            ],
            [
              -79.412045672769523,
              43.627371412560706
            ],
            [
              -79.411853254723894,
              43.627344260229506
            ],
            [
              -79.411659288045655,
              43.627317115092865
            ],
            [
              -79.411460277969411,
              43.627298958680058
            ],
            [
              -79.411237589643008,
              43.627312297424623
            ],
            [
              -79.411046998120412,
              43.627375168129561
            ],
            [
              -79.410867931409882,
              43.627478553292633
            ],
            [
              -79.410702805090352,
              43.627590951461286
            ],
            [
              -79.410534203790462,
              43.627689843611449
            ],
            [
              -79.410376839519472,
              43.627797746069177
            ],
            [
              -79.410248840811335,
              43.627932675852378
            ],
            [
              -79.410131711309418,
              43.628058612415089
            ],
            [
              -79.410059468769418,
              43.628198085573217
            ],
            [
              -79.4100302390043,
              43.628328592490618
            ],
            [
              -79.410040902265791,
              43.628441118362957
            ],
            [
              -79.410060076711147,
              43.628571662152524
            ],
            [
              -79.410119937385161,
              43.628666233060244
            ],
            [
              -79.41015691930636,
              43.628796773252532
            ],
            [
              -79.410145133690946,
              43.628913800231771
            ],
            [
              -79.410192178126465,
              43.629044357511134
            ],
            [
              -79.410238892510847,
              43.629138917627017
            ],
            [
              -79.410194603598029,
              43.629237906903938
            ],
            [
              -79.410038038824382,
              43.629314296217842
            ],
            [
              -79.409876076319847,
              43.629386188921558
            ],
            [
              -79.409704087273781,
              43.629417558173827
            ],
            [
              -79.40954180191261,
              43.629439942299541
            ],
            [
              -79.409357856379927,
              43.629453298131239
            ],
            [
              -79.409152137361218,
              43.629516153547684
            ],
            [
              -79.409054728193098,
              43.629651106713254
            ],
            [
              -79.409048732413055,
              43.62978163071773
            ],
            [
              -79.409138762643749,
              43.629921223485724
            ],
            [
              -79.409210585200299,
              43.630047309335907
            ],
            [
              -79.409281994068749,
              43.630209391450308
            ],
            [
              -79.40933597407593,
              43.630366967061946
            ],
            [
              -79.40938725251965,
              43.63052453278101
            ],
            [
              -79.409445795686906,
              43.630696982279972
            ],
            [
              -79.40947345973234,
              43.630818334098876
            ],
            [
              -79.409473376095377,
              43.630890228601231
            ],
            [
              -79.409461791928095,
              43.63092967196684
            ],
            [
              -79.409460864727066,
              43.63097783785696
            ],
            [
              -79.409460819760966,
              43.631016040158158
            ],
            [
              -79.409696389077055,
              43.630983866012684
            ],
            [
              -79.409872626520439,
              43.630956991571963
            ],
            [
              -79.409912202086446,
              43.630952585793239
            ],
            [
              -79.409990652646457,
              43.630940558260193
            ],
            [
              -79.409996460468221,
              43.631026733097315
            ],
            [
              -79.409996393918391,
              43.63107089430639
            ],
            [
              -79.40999488035942,
              43.631105359025128
            ],
            [
              -79.409997392165906,
              43.631116613141216
            ],
            [
              -79.409992108648851,
              43.631152191220679
            ],
            [
              -79.409632082154815,
              43.63122495356879
            ],
            [
              -79.408792531749896,
              43.631700163431844
            ],
            [
              -79.408624412486631,
              43.633066403591727
            ],
            [
              -79.407931545104702,
              43.632993009020197
            ],
            [
              -79.406648410395803,
              43.632851294751504
            ],
            [
              -79.40506344342316,
              43.633116268301194
            ],
            [
              -79.402943324974444,
              43.631467377517538
            ],
            [
              -79.403026193903713,
              43.631283099235702
            ],
            [
              -79.402853701237291,
              43.631236686124225
            ],
            [
              -79.402876369548778,
              43.631188952807975
            ],
            [
              -79.402334267212609,
              43.631036277602163
            ],
            [
              -79.402315805929675,
              43.631018357711071
            ],
            [
              -79.402237674628964,
              43.631054107561056
            ],
            [
              -79.402243790918192,
              43.631080973008523
            ],
            [
              -79.402194466701246,
              43.631097340669783
            ],
            [
              -79.402163590277439,
              43.631139107883598
            ],
            [
              -79.402034065419741,
              43.631198684371839
            ],
            [
              -79.402009448277397,
              43.631179265310891
            ],
            [
              -79.401672036135494,
              43.631360912176433
            ],
            [
              -79.398863044194115,
              43.632876959604062
            ],
            [
              -79.398250524042396,
              43.633192203457497
            ],
            [
              -79.397922936993893,
              43.633362018842149
            ],
            [
              -79.398277990237034,
              43.632955058529205
            ],
            [
              -79.398088071407358,
              43.632850158907786
            ],
            [
              -79.397854075005512,
              43.632677879380708
            ],
            [
              -79.398765530704623,
              43.63155141916269
            ],
            [
              -79.400796655840963,
              43.630449961896261
            ],
            [
              -79.401414063807977,
              43.630121917992199
            ],
            [
              -79.402598171468412,
              43.62945230258174
            ],
            [
              -79.40265633242376,
              43.629411845680181
            ],
            [
              -79.40268733475267,
              43.629398370238675
            ],
            [
              -79.402798170798917,
              43.629344455882006
            ],
            [
              -79.402877272468118,
              43.629281513231319
            ],
            [
              -79.402965648845566,
              43.629223079781354
            ],
            [
              -79.403088526814031,
              43.629155663902793
            ],
            [
              -79.40320831471189,
              43.629074752797635
            ],
            [
              -79.403307975782411,
              43.62898032308351
            ],
            [
              -79.403417708360507,
              43.628894902777574
            ],
            [
              -79.403520430723233,
              43.628822968705094
            ],
            [
              -79.403630525728147,
              43.62875105082037
            ],
            [
              -79.403751093338258,
              43.628670139715211
            ],
            [
              -79.403851910037588,
              43.628580201215357
            ],
            [
              -79.403981389029866,
              43.628490296889765
            ],
            [
              -79.404105049408486,
              43.628404887375723
            ],
            [
              -79.404232592160383,
              43.628323972673229
            ],
            [
              -79.404371721777522,
              43.628243075957243
            ],
            [
              -79.404472947668353,
              43.628144136143021
            ],
            [
              -79.404592727472334,
              43.6280587230317
            ],
            [
              -79.40470090062604,
              43.627977801134648
            ],
            [
              -79.404822980895801,
              43.627910383457504
            ],
            [
              -79.404899379202959,
              43.627838435895171
            ],
            [
              -79.404884422577993,
              43.627743899161658
            ],
            [
              -79.404838513086872,
              43.627640344926021
            ],
            [
              -79.404799568844965,
              43.627527795671313
            ],
            [
              -79.404762542857043,
              43.627433240951348
            ],
            [
              -79.40469462965342,
              43.627280151158118
            ],
            [
              -79.404633674504453,
              43.627154791960152
            ],
            [
              -79.404286647710592,
              43.626441087286423
            ],
            [
              -79.403924313556161,
              43.626528502288579
            ],
            [
              -79.403747824302627,
              43.62656381057144
            ],
            [
              -79.403349755586703,
              43.626656188932031
            ],
            [
              -79.403291494806581,
              43.626637974962648
            ],
            [
              -79.402871242513811,
              43.62637690177263
            ],
            [
              -79.402331512589171,
              43.626033011814116
            ],
            [
              -79.401953754162378,
              43.62576775947457
            ],
            [
              -79.401670384980264,
              43.625600710404512
            ],
            [
              -79.401360068512304,
              43.625394383444075
            ],
            [
              -79.40073950662287,
              43.624942516384067
            ],
            [
              -79.400375251516607,
              43.624687099929758
            ],
            [
              -79.400091940790389,
              43.624490639431542
            ],
            [
              -79.399889592430725,
              43.62433347840738
            ],
            [
              -79.399768230719246,
              43.624215633944402
            ],
            [
              -79.399606465166187,
              43.624029072283918
            ],
            [
              -79.399417605737881,
              43.623891554251884
            ],
            [
              -79.399309686193021,
              43.623812966994876
            ],
            [
              -79.399093831814866,
              43.623665604084408
            ],
            [
              -79.398797106800998,
              43.623420062186199
            ],
            [
              -79.398513872517185,
              43.623184334589439
            ],
            [
              -79.398432984794397,
              43.623095959111254
            ],
            [
              -79.398257789665195,
              43.62286032594335
            ],
            [
              -79.398136500798842,
              43.62270322517378
            ],
            [
              -79.398015162469733,
              43.622575566409296
            ],
            [
              -79.397610465750347,
              43.622290670178359
            ],
            [
              -79.397128828432642,
              43.621946267606234
            ],
            [
              -79.396731611374719,
              43.621668647789932
            ],
            [
              -79.396393595787799,
              43.621422469171648
            ],
            [
              -79.396183832517806,
              43.621244230736693
            ],
            [
              -79.395892440483692,
              43.621023529912009
            ],
            [
              -79.395496146130199,
              43.62073489879657
            ],
            [
              -79.39529807674478,
              43.620539719832266
            ],
            [
              -79.395204877303229,
              43.620446362109988
            ],
            [
              -79.395111648183956,
              43.620369970997444
            ],
            [
              -79.394855249670002,
              43.620166250272291
            ],
            [
              -79.39447065549632,
              43.61986066693629
            ],
            [
              -79.394424159647201,
              43.619758889760988
            ],
            [
              -79.394144556825779,
              43.619478831882645
            ],
            [
              -79.39386496839353,
              43.619198781198861
            ],
            [
              -79.393690372212859,
              43.618935769070561
            ],
            [
              -79.393434016866365,
              43.618706615517965
            ],
            [
              -79.393422615261443,
              43.618553986177574
            ],
            [
              -79.393364420131832,
              43.61846913873984
            ],
            [
              -79.393201379340155,
              43.61827397956057
            ],
            [
              -79.392840300639307,
              43.617875140125648
            ],
            [
              -79.392584131452452,
              43.617552712487736
            ],
            [
              -79.392339624673923,
              43.617230294742342
            ],
            [
              -79.392118443611253,
              43.616924848103338
            ],
            [
              -79.391919373280416,
              43.616650981157932
            ],
            [
              -79.391865295247158,
              43.616518159385578
            ],
            [
              -79.39179092311258,
              43.61639255557202
            ],
            [
              -79.391665606182755,
              43.61620415389865
            ],
            [
              -79.391614736031215,
              43.616107106258028
            ],
            [
              -79.391591360852601,
              43.616001524950491
            ],
            [
              -79.391560207437578,
              43.615853152101351
            ],
            [
              -79.391548777054368,
              43.615650582508408
            ],
            [
              -79.391560866640646,
              43.615479413644096
            ],
            [
              -79.391616158758666,
              43.615294037290028
            ],
            [
              -79.391651631617492,
              43.615217036437116
            ],
            [
              -79.391652817823228,
              43.615205237331907
            ],
            [
              -79.391655630902619,
              43.615177101142365
            ],
            [
              -79.391651780005589,
              43.615134305104164
            ],
            [
              -79.39164006993326,
              43.61509435452092
            ],
            [
              -79.391614153270496,
              43.615058638845142
            ],
            [
              -79.391543884742475,
              43.614994518082597
            ],
            [
              -79.391440444720729,
              43.614913380348298
            ],
            [
              -79.391297214195049,
              43.614809034709253
            ],
            [
              -79.391122138675712,
              43.614687295282522
            ],
            [
              -79.390986854559628,
              43.614594541904637
            ],
            [
              -79.390851561450347,
              43.614507566670909
            ],
            [
              -79.390795952770986,
              43.614414889735428
            ],
            [
              -79.390748237441187,
              43.614362743445895
            ],
            [
              -79.39069961469545,
              43.614305159855292
            ],
            [
              -79.390621025639803,
              43.614212108801837
            ],
            [
              -79.390461938267777,
              43.614061435486917
            ],
            [
              -79.390382348266712,
              43.61401504665713
            ],
            [
              -79.390318648386881,
              43.613991834255785
            ],
            [
              -79.390215212861733,
              43.613916464773069
            ],
            [
              -79.39007205068458,
              43.613777390014604
            ],
            [
              -79.389936811534596,
              43.613655686560719
            ],
            [
              -79.389905092446043,
              43.613568820144963
            ],
            [
              -79.38990537573244,
              43.613406722742127
            ],
            [
              -79.38989761098594,
              43.613296726662668
            ],
            [
              -79.38984189888447,
              43.613261927396081
            ],
            [
              -79.389810077273182,
              43.613238736578467
            ],
            [
              -79.389714556681383,
              43.613192340554122
            ],
            [
              -79.389658898539324,
              43.613128602003428
            ],
            [
              -79.389611236269502,
              43.61304171939986
            ],
            [
              -79.389611373865762,
              43.612966458735116
            ],
            [
              -79.389643408616394,
              43.612879652573952
            ],
            [
              -79.389667380944843,
              43.612839151605613
            ],
            [
              -79.389707370198948,
              43.612752353538326
            ],
            [
              -79.38967559894968,
              43.612694425507357
            ],
            [
              -79.389675705069692,
              43.612636537945946
            ],
            [
              -79.389803248720909,
              43.612601932932932
            ],
            [
              -79.389859118203731,
              43.612549877474919
            ],
            [
              -79.389859254001351,
              43.612468828773501
            ],
            [
              -79.38985141461103,
              43.612399348950873
            ],
            [
              -79.38976394385088,
              43.612300851603095
            ],
            [
              -79.389677736638191,
              43.612243780626045
            ],
            [
              -79.389579565744327,
              43.612197688572508
            ],
            [
              -79.389543672002844,
              43.612179228188893
            ],
            [
              -79.389514135568845,
              43.612166930859246
            ],
            [
              -79.389478255317215,
              43.612154618241107
            ],
            [
              -79.389450795417815,
              43.612151521875262
            ],
            [
              -79.389433929532174,
              43.612140766882931
            ],
            [
              -79.389408601925425,
              43.612129994803468
            ],
            [
              -79.389385401215236,
              43.612114624490403
            ],
            [
              -79.389357963798943,
              43.612099259573199
            ],
            [
              -79.389336862106461,
              43.61209463076267
            ],
            [
              -79.389324194256119,
              43.612091548785997
            ],
            [
              -79.389296763135064,
              43.612079244261793
            ],
            [
              -79.389271432830299,
              43.612070020814883
            ],
            [
              -79.389248217731051,
              43.612062319920199
            ],
            [
              -79.389210206086091,
              43.612057683015735
            ],
            [
              -79.389178541856211,
              43.612049974027116
            ],
            [
              -79.389130017136551,
              43.612022310881002
            ],
            [
              -79.38905402981959,
              43.611999220787482
            ],
            [
              -79.388959027237263,
              43.611976102814936
            ],
            [
              -79.388857676340649,
              43.611962195698823
            ],
            [
              -79.388802780823653,
              43.61195600386651
            ],
            [
              -79.388771105801879,
              43.61195444264348
            ],
            [
              -79.388733085163722,
              43.611954405771257
            ],
            [
              -79.388709848480687,
              43.611958982421129
            ],
            [
              -79.388697166241172,
              43.611963578856148
            ],
            [
              -79.388688680238374,
              43.611983517725207
            ],
            [
              -79.388675984509064,
              43.611995783578607
            ],
            [
              -79.388667520989259,
              43.61200344490311
            ],
            [
              -79.388652735235496,
              43.612006499900076
            ],
            [
              -79.388635837873608,
              43.612006482813001
            ],
            [
              -79.388621057515763,
              43.612006468423829
            ],
            [
              -79.38859783791986,
              43.612001846807857
            ],
            [
              -79.388564041397331,
              43.612001813532913
            ],
            [
              -79.388534450104771,
              43.612012523559144
            ],
            [
              -79.388521760670699,
              43.612027858798683
            ],
            [
              -79.38849427469097,
              43.612038570623611
            ],
            [
              -79.388454154135843,
              43.61203546166729
            ],
            [
              -79.388414035379412,
              43.612030822964186
            ],
            [
              -79.388384498046094,
              43.612012376969687
            ],
            [
              -79.388369746466594,
              43.6119970147505
            ],
            [
              -79.388348643874792,
              43.611986256160833
            ],
            [
              -79.388308505333214,
              43.611992355362986
            ],
            [
              -79.388251940674479,
              43.61199805256814
            ],
            [
              -79.388218440928256,
              43.612051848214264
            ],
            [
              -79.388177681854472,
              43.612078920505837
            ],
            [
              -79.388113177980756,
              43.612103512467172
            ],
            [
              -79.38806906353642,
              43.612115791810425
            ],
            [
              -79.388014776860416,
              43.61211573875039
            ],
            [
              -79.387885859944447,
              43.612115621838541
            ],
            [
              -79.387658548203376,
              43.612117855754491
            ],
            [
              -79.38754658260865,
              43.612122687811848
            ],
            [
              -79.387278581940961,
              43.612107625066869
            ],
            [
              -79.386996999711755,
              43.612107347176391
            ],
            [
              -79.386807026023405,
              43.612097293655211
            ],
            [
              -79.386634038729881,
              43.612079866592637
            ],
            [
              -79.386484787243091,
              43.612062462912377
            ],
            [
              -79.386226990283319,
              43.61203016106316
            ],
            [
              -79.386053998493196,
              43.612015199941595
            ],
            [
              -79.385925091469744,
              43.612010138557082
            ],
            [
              -79.385748669665361,
              43.612007504442829
            ],
            [
              -79.385570844918504,
              43.61201300649509
            ],
            [
              -79.385324586260595,
              43.611998412296941
            ],
            [
              -79.385039535346266,
              43.611978952766492
            ],
            [
              -79.38489702068091,
              43.611963461944242
            ],
            [
              -79.384807262944776,
              43.611971040531159
            ],
            [
              -79.384701637570458,
              43.611990116051061
            ],
            [
              -79.384495714405659,
              43.612009089947605
            ],
            [
              -79.38431620073203,
              43.612016577702946
            ],
            [
              -79.384168401650356,
              43.612004924287874
            ],
            [
              -79.384015287575437,
              43.6120124381236
            ],
            [
              -79.3838990627915,
              43.61205451920074
            ],
            [
              -79.383814511230696,
              43.612092788051768
            ],
            [
              -79.383772270973509,
              43.612096579593526
            ],
            [
              -79.383671972283651,
              43.612096477970113
            ],
            [
              -79.383566383781556,
              43.612096370051518
            ],
            [
              -79.383460765601797,
              43.612111609962881
            ],
            [
              -79.383339299569002,
              43.612134503104869
            ],
            [
              -79.383032952708561,
              43.612210900512707
            ],
            [
              -79.382911501964202,
              43.612226123336995
            ],
            [
              -79.382795327542283,
              43.612241351557202
            ],
            [
              -79.382673906475588,
              43.612241227450738
            ],
            [
              -79.382404640461743,
              43.612252445593924
            ],
            [
              -79.382288424671003,
              43.612283011751629
            ],
            [
              -79.382230276306188,
              43.612325159378656
            ],
            [
              -79.382182960275372,
              43.612225366107793
            ],
            [
              -79.382124903641341,
              43.612239627556846
            ],
            [
              -79.382063658011361,
              43.612256640031944
            ],
            [
              -79.381999877192527,
              43.612296684144724
            ],
            [
              -79.381880819544165,
              43.612379869635333
            ],
            [
              -79.38177029646198,
              43.612444547078212
            ],
            [
              -79.381698065613193,
              43.612466066955506
            ],
            [
              -79.381642836447725,
              43.6124783507953
            ],
            [
              -79.381587523645237,
              43.612533832670294
            ],
            [
              -79.381532204547568,
              43.612598566770487
            ],
            [
              -79.381447103500989,
              43.612687953086606
            ],
            [
              -79.381366324596172,
              43.612740320609362
            ],
            [
              -79.381281326971646,
              43.612777263859698
            ],
            [
              -79.381087590519826,
              43.612909474092987
            ],
            [
              -79.380937722098167,
              43.613047949003715
            ],
            [
              -79.380873669684092,
              43.613105049658373
            ],
            [
              -79.380819524201627,
              43.613133581549619
            ],
            [
              -79.380750643327474,
              43.613151378233567
            ],
            [
              -79.38068174356755,
              43.613172747024691
            ],
            [
              -79.380617796374167,
              43.613183401292986
            ],
            [
              -79.380539085910073,
              43.613197604286086
            ],
            [
              -79.380489852524647,
              43.613222567667435
            ],
            [
              -79.38044551414913,
              43.613265404175138
            ],
            [
              -79.380302735982468,
              43.613351011539976
            ],
            [
              -79.380209184905937,
              43.613408081617706
            ],
            [
              -79.380120573805414,
              43.613454436273287
            ],
            [
              -79.379987631523932,
              43.613540052631379
            ],
            [
              -79.379894051669112,
              43.613611416533672
            ],
            [
              -79.379761101293752,
              43.613700606797636
            ],
            [
              -79.379697124422705,
              43.613725545897296
            ],
            [
              -79.379628244447872,
              43.613736193870295
            ],
            [
              -79.37952003711996,
              43.613743227468035
            ],
            [
              -79.379357713087927,
              43.613757350421452
            ],
            [
              -79.379175748761782,
              43.613760731872333
            ],
            [
              -79.378993762851849,
              43.613774824248765
            ],
            [
              -79.378841265711799,
              43.613799668919626
            ],
            [
              -79.378737940803262,
              43.613824573845079
            ],
            [
              -79.378610008644955,
              43.613856600501776
            ],
            [
              -79.378486981389017,
              43.613895769574185
            ],
            [
              -79.378368871626094,
              43.613934944941832
            ],
            [
              -79.378231086495418,
              43.613981254631256
            ],
            [
              -79.377963903311468,
              43.614055141131928
            ],
            [
              -79.377891161647767,
              43.614118847306997
            ],
            [
              -79.377574662340749,
              43.614250865984729
            ],
            [
              -79.377364796548079,
              43.614345543012462
            ],
            [
              -79.377189357702662,
              43.614410290602507
            ],
            [
              -79.377168694879344,
              43.614427749141385
            ],
            [
              -79.37709988595094,
              43.614457649800727
            ],
            [
              -79.377075795811265,
              43.614472602828414
            ],
            [
              -79.377007058828667,
              43.614467532450703
            ],
            [
              -79.376869569574922,
              43.614464891141893
            ],
            [
              -79.376704578153692,
              43.614467197902911
            ],
            [
              -79.376477682798793,
              43.614479446669179
            ],
            [
              -79.376402069599806,
              43.614474369096911
            ],
            [
              -79.376312742638902,
              43.614456791847545
            ],
            [
              -79.376164963342319,
              43.614439133659118
            ],
            [
              -79.376082482020877,
              43.614436550806204
            ],
            [
              -79.376044649341054,
              43.614446500905331
            ],
            [
              -79.376023980222499,
              43.614466452364923
            ],
            [
              -79.375996445679391,
              43.614481409889208
            ],
            [
              -79.375934543544304,
              43.614496330541272
            ],
            [
              -79.375841659764774,
              43.614533684781804
            ],
            [
              -79.375652397440149,
              43.614638372163199
            ],
            [
              -79.375556001807979,
              43.614708199124152
            ],
            [
              -79.375490621994572,
              43.614793092427306
            ],
            [
              -79.375398517027918,
              43.614872762468053
            ],
            [
              -79.375330869124298,
              43.614927903500018
            ],
            [
              -79.375231520118518,
              43.614993749162238
            ],
            [
              -79.37510259960527,
              43.615070291360894
            ],
            [
              -79.374996928365533,
              43.615131519903798
            ],
            [
              -79.374918750300026,
              43.615162102249258
            ],
            [
              -79.374825826050994,
              43.615188078267238
            ],
            [
              -79.37479413034481,
              43.615201842391173
            ],
            [
              -79.374777183520166,
              43.615230970532934
            ],
            [
              -79.374741227725451,
              43.615261598743814
            ],
            [
              -79.374673614895357,
              43.615293731520524
            ],
            [
              -79.374584876990468,
              43.615331980586461
            ],
            [
              -79.374468649508515,
              43.615393197438152
            ],
            [
              -79.374331140469735,
              43.615470035513795
            ],
            [
              -79.37419775482249,
              43.615572000647376
            ],
            [
              -79.374093508108899,
              43.615632411706486
            ],
            [
              -79.373951049201537,
              43.615700350091117
            ],
            [
              -79.373878050331712,
              43.615748184131462
            ],
            [
              -79.373714700173252,
              43.615846362219884
            ],
            [
              -79.373488868716265,
              43.61593943036047
            ],
            [
              -79.373402023884239,
              43.615972118018874
            ],
            [
              -79.373332516182643,
              43.616014914057075
            ],
            [
              -79.37323867372578,
              43.616070295208033
            ],
            [
              -79.373162214264767,
              43.616113084051619
            ],
            [
              -79.372998947743213,
              43.616170907761216
            ],
            [
              -79.37286693086412,
              43.616221187058215
            ],
            [
              -79.372780026676878,
              43.616281616103777
            ],
            [
              -79.372696639738081,
              43.61631935615344
            ],
            [
              -79.372627140130362,
              43.616352061798239
            ],
            [
              -79.372508989897938,
              43.616412455770273
            ],
            [
              -79.372335313723738,
              43.616470266889337
            ],
            [
              -79.372276308304947,
              43.616467680439143
            ],
            [
              -79.372227741317147,
              43.616449974586715
            ],
            [
              -79.372037022990185,
              43.616358964094957
            ],
            [
              -79.3719448514737,
              43.616338148386887
            ],
            [
              -79.371762003113929,
              43.616409828850578
            ],
            [
              -79.371720685561172,
              43.616432267834966
            ],
            [
              -79.371702582208343,
              43.61645661428139
            ],
            [
              -79.371674194208651,
              43.616464071459802
            ],
            [
              -79.371620015451299,
              43.61646401120521
            ],
            [
              -79.371581323019598,
              43.616469593297154
            ],
            [
              -79.371568397063811,
              43.616477077455215
            ],
            [
              -79.371565792627166,
              43.616495814830046
            ],
            [
              -79.371565708990261,
              43.616535169162773
            ],
            [
              -79.371557813842003,
              43.616606370287798
            ],
            [
              -79.371552595975459,
              43.616636357282118
            ],
            [
              -79.371534316355564,
              43.616737531012291
            ],
            [
              -79.371508425773186,
              43.616782481826135
            ],
            [
              -79.371485139627453,
              43.616819937690025
            ],
            [
              -79.371448900546284,
              43.616877991626041
            ],
            [
              -79.371417875734323,
              43.616919183273751
            ],
            [
              -79.371384249183734,
              43.6169603812167
            ],
            [
              -79.371335139904772,
              43.617005296956961
            ],
            [
              -79.371275690220898,
              43.617065206194354
            ],
            [
              -79.371229173687368,
              43.617102635977915
            ],
            [
              -79.371169755479798,
              43.61714754002702
            ],
            [
              -79.371120677677084,
              43.617177477558585
            ],
            [
              -79.371035439933564,
              43.617227978088749
            ],
            [
              -79.370973473047286,
              43.617259763727191
            ],
            [
              -79.370808189346405,
              43.617319599220195
            ],
            [
              -79.370758956860357,
              43.617352299469076
            ],
            [
              -79.370718797634368,
              43.617394794234428
            ],
            [
              -79.370641616917055,
              43.617466340699139
            ],
            [
              -79.370561324545463,
              43.61754460689815
            ],
            [
              -79.370493437422169,
              43.617598259552096
            ],
            [
              -79.370249761617174,
              43.617709924773237
            ],
            [
              -79.370104867345731,
              43.617736620248877
            ],
            [
              -79.369916828998441,
              43.617769990492718
            ],
            [
              -79.369855148995896,
              43.617794548279846
            ],
            [
              -79.369855081546746,
              43.617825891451787
            ],
            [
              -79.369626701411107,
              43.61799130195709
            ],
            [
              -79.369204128867409,
              43.618181118264033
            ],
            [
              -79.369099316480231,
              43.61820114346807
            ],
            [
              -79.369009884298691,
              43.61823014300677
            ],
            [
              -79.368900935929389,
              43.618277680270808
            ],
            [
              -79.36889109554761,
              43.618307247281678
            ],
            [
              -79.368860219123803,
              43.618336322363461
            ],
            [
              -79.368635052265802,
              43.618434567001714
            ],
            [
              -79.368360549499698,
              43.618555140007743
            ],
            [
              -79.367965730034371,
              43.618736035939378
            ],
            [
              -79.367879358245773,
              43.618776235634812
            ],
            [
              -79.367586351029217,
              43.618903509489428
            ],
            [
              -79.367176198122991,
              43.619046318233075
            ],
            [
              -79.367139776479462,
              43.619021387227292
            ],
            [
              -79.367066818079138,
              43.619040592249576
            ],
            [
              -79.366983589421068,
              43.619053925598223
            ],
            [
              -79.366810862031627,
              43.619125375835495
            ],
            [
              -79.366715175964544,
              43.619196906112393
            ],
            [
              -79.366622592558542,
              43.619266198876005
            ],
            [
              -79.366453122513576,
              43.619338102371557
            ],
            [
              -79.365643796523955,
              43.619922254308619
            ],
            [
              -79.364522314053488,
              43.6206950525347
            ],
            [
              -79.363320781129119,
              43.621589261934957
            ],
            [
              -79.362085235844916,
              43.622397391826212
            ],
            [
              -79.361362669251719,
              43.622903134572084
            ],
            [
              -79.360182375616091,
              43.623757667682298
            ],
            [
              -79.359984720818147,
              43.623925518048281
            ],
            [
              -79.359532065052747,
              43.624211062690449
            ],
            [
              -79.358929904191712,
              43.624629561305255
            ],
            [
              -79.357821792841435,
              43.625449207015322
            ],
            [
              -79.356940001280009,
              43.6262664776159
            ],
            [
              -79.356776251822509,
              43.626410286405644
            ],
            [
              -79.356623719608933,
              43.626563109999552
            ],
            [
              -79.356466144896615,
              43.626720427505802
            ],
            [
              -79.356322902679779,
              43.626868761684079
            ],
            [
              -79.356192448822412,
              43.627017111150792
            ],
            [
              -79.356067453849903,
              43.627151966290285
            ],
            [
              -79.355940832003739,
              43.627313822674807
            ],
            [
              -79.355830897977512,
              43.62746669932875
            ],
            [
              -79.355384486205025,
              43.628100697089565
            ],
            [
              -79.355284601203323,
              43.628258086541507
            ],
            [
              -79.355175771544566,
              43.628424474609858
            ],
            [
              -79.355090968173613,
              43.628586383155096
            ],
            [
              -79.355006958004651,
              43.628748292599653
            ],
            [
              -79.354917551004121,
              43.628896702321015
            ],
            [
              -79.354828877850366,
              43.62905410526281
            ],
            [
              -79.354761144511144,
              43.629202532970567
            ],
            [
              -79.354682193928056,
              43.629346455074881
            ],
            [
              -79.354605580682971,
              43.629476877456
            ],
            [
              -79.354552699647343,
              43.629575826263419
            ],
            [
              -79.354505401602978,
              43.629595037580998
            ],
            [
              -79.35441213561154,
              43.629770580747731
            ],
            [
              -79.354221294976753,
              43.629806100371297
            ],
            [
              -79.353821234262512,
              43.629841369983296
            ],
            [
              -79.353267336418412,
              43.629876431851926
            ],
            [
              -79.352596582466276,
              43.629889007971371
            ],
            [
              -79.352116627780106,
              43.629883932197743
            ],
            [
              -79.351396818508306,
              43.62983387863062
            ],
            [
              -79.350990730537774,
              43.629815491092074
            ],
            [
              -79.35047398098942,
              43.629761204416127
            ],
            [
              -79.350209435517002,
              43.629734061078125
            ],
            [
              -79.349938822318734,
              43.629680084668223
            ],
            [
              -79.349828149949133,
              43.629644185530765
            ],
            [
              -79.349834587296357,
              43.629532451061834
            ],
            [
              -79.349865600417104,
              43.629429695424164
            ],
            [
              -79.349865989823513,
              43.629273270045417
            ],
            [
              -79.349884686728899,
              43.629174954360735
            ],
            [
              -79.349884997894321,
              43.629049808302057
            ],
            [
              -79.349823493259578,
              43.629040789001237
            ],
            [
              -79.349779739443363,
              43.629313375312051
            ],
            [
              -79.349767077888316,
              43.629456390000428
            ],
            [
              -79.349760474166487,
              43.629639632263263
            ],
            [
              -79.349717153823576,
              43.629737915572377
            ],
            [
              -79.349692141878791,
              43.629898773709499
            ],
            [
              -79.349679268083719,
              43.630126707781415
            ],
            [
              -79.349611247860764,
              43.630479004602421
            ],
            [
              -79.349585068596014,
              43.630595763583699
            ],
            [
              -79.349545544291402,
              43.630766737295119
            ],
            [
              -79.349533968217997,
              43.630906243728191
            ],
            [
              -79.349475681357546,
              43.630982678907571
            ],
            [
              -79.349387283396368,
              43.631023078252497
            ],
            [
              -79.350284704275623,
              43.631766817584605
            ],
            [
              -79.351179714971806,
              43.632542051174767
            ],
            [
              -79.351196710359829,
              43.632560076286552
            ],
            [
              -79.352037998254957,
              43.633303746370871
            ],
            [
              -79.352515258572282,
              43.633712639326916
            ],
            [
              -79.349647799905995,
              43.633394296409676
            ],
            [
              -79.353684370037627,
              43.638066885978049
            ],
            [
              -79.359853898238782,
              43.645298579166138
            ],
            [
              -79.360751572726883,
              43.647212456989337
            ],
            [
              -79.360079006640831,
              43.646401522112626
            ],
            [
              -79.35942811331671,
              43.64558548807986
            ],
            [
              -79.359357862775084,
              43.64549693543529
            ],
            [
              -79.354405817874181,
              43.647621917417609
            ],
            [
              -79.354345511136387,
              43.647647791812176
            ],
            [
              -79.354266904094288,
              43.647680357162812
            ],
            [
              -79.34765410815055,
              43.65041892499346
            ],
            [
              -79.34746519386357,
              43.650513195527594
            ],
            [
              -79.34729693340671,
              43.65074879811857
            ],
            [
              -79.347322046075533,
              43.650803811446792
            ],
            [
              -79.347420749368041,
              43.65098928133034
            ],
            [
              -79.347723611355548,
              43.651411822397733
            ],
            [
              -79.347858086081771,
              43.651575852443671
            ],
            [
              -79.347997515173176,
              43.651747046489049
            ],
            [
              -79.348140824839163,
              43.651918253124961
            ],
            [
              -79.348176547709443,
              43.651954711640656
            ],
            [
              -79.348650729647431,
              43.652531508022719
            ],
            [
              -79.34951819590799,
              43.653594200911698
            ],
            [
              -79.349523687168414,
              43.653599437663956
            ],
            [
              -79.349660042377025,
              43.65372939869286
            ],
            [
              -79.350838752306515,
              43.654769104910315
            ],
            [
              -79.351741793948577,
              43.655565675815353
            ],
            [
              -79.35197810070872,
              43.65574413638285
            ],
            [
              -79.352065861949939,
              43.655820761319148
            ],
            [
              -79.352151313732122,
              43.655888373249866
            ],
            [
              -79.352249108709373,
              43.655978513197851
            ],
            [
              -79.352334167487811,
              43.656055134536871
            ],
            [
              -79.352420774898803,
              43.656127248473808
            ],
            [
              -79.352515495093996,
              43.656212882818352
            ],
            [
              -79.352607136010477,
              43.656285012043725
            ],
            [
              -79.352689094825848,
              43.656357128678621
            ],
            [
              -79.352794232767565,
              43.656451778726648
            ],
            [
              -79.352897122404215,
              43.656532913762987
            ],
            [
              -79.352939789839411,
              43.656565832547187
            ],
            [
              -79.353002293620932,
              43.65661406138986
            ],
            [
              -79.353101630036178,
              43.656708703344009
            ],
            [
              -79.353202187730744,
              43.656785343568799
            ],
            [
              -79.353308131465042,
              43.656875484416105
            ],
            [
              -79.353376711066346,
              43.656928599275489
            ],
            [
              -79.35341873548623,
              43.656961139445059
            ],
            [
              -79.353533976411825,
              43.657046799869988
            ],
            [
              -79.35364686830826,
              43.657150450333063
            ],
            [
              -79.353755120602273,
              43.657245103079106
            ],
            [
              -79.353874189941848,
              43.657357763849802
            ],
            [
              -79.353985542198984,
              43.657452420193067
            ],
            [
              -79.354109645943367,
              43.657565095352936
            ],
            [
              -79.354205094589418,
              43.657664232118691
            ],
            [
              -79.354282673706393,
              43.657790349445122
            ],
            [
              -79.354324877990678,
              43.657871991699096
            ],
            [
              -79.354345535418076,
              43.657911947678315
            ],
            [
              -79.354395626756741,
              43.658029029516172
            ],
            [
              -79.354425174881897,
              43.658150585481167
            ],
            [
              -79.35445083253984,
              43.658276636257824
            ],
            [
              -79.354481500320958,
              43.658407195335826
            ],
            [
              -79.354518787112283,
              43.658533261400919
            ],
            [
              -79.354560305213852,
              43.658668335075674
            ],
            [
              -79.354603021212426,
              43.658789916221735
            ],
            [
              -79.354645679654368,
              43.658924990795754
            ],
            [
              -79.354676768318143,
              43.659051048766912
            ],
            [
              -79.354708964946724,
              43.659190619951175
            ],
            [
              -79.354730368811431,
              43.659302065737791
            ],
            [
              -79.354732315843648,
              43.65931216782235
            ],
            [
              -79.354769185349596,
              43.65944723430249
            ],
            [
              -79.354804528705984,
              43.659577798776468
            ],
            [
              -79.354848333783536,
              43.659726385664214
            ],
            [
              -79.354897229023834,
              43.659856967225323
            ],
            [
              -79.354941849786485,
              43.659996544704825
            ],
            [
              -79.354986073948112,
              43.660136113191129
            ],
            [
              -79.355025364428968,
              43.660254872264602
            ],
            [
              -79.355032245141956,
              43.66027569246927
            ],
            [
              -79.355076075400518,
              43.660419769256976
            ],
            [
              -79.355170295572634,
              43.660712432033165
            ],
            [
              -79.355209881930477,
              43.660847503009904
            ],
            [
              -79.355219533454658,
              43.660881422739521
            ],
            [
              -79.355255987473811,
              43.661009585124305
            ],
            [
              -79.355294025199044,
              43.661144653403085
            ],
            [
              -79.355339780906149,
              43.66129772520992
            ],
            [
              -79.355378190950717,
              43.66143279438802
            ],
            [
              -79.355414656661026,
              43.661576861283152
            ],
            [
              -79.355444549226547,
              43.661711919669415
            ],
            [
              -79.355450235639807,
              43.661734394626649
            ],
            [
              -79.355479861106687,
              43.66185148545776
            ],
            [
              -79.355522153524532,
              43.661991059339982
            ],
            [
              -79.355569456964815,
              43.662135131631089
            ],
            [
              -79.355611284433166,
              43.662272626280753
            ],
            [
              -79.355613289921337,
              43.662279208418795
            ],
            [
              -79.355664111509498,
              43.662414292885387
            ],
            [
              -79.35571759419156,
              43.66256737368542
            ],
            [
              -79.355759861428396,
              43.662702438366864
            ],
            [
              -79.355805185460895,
              43.66285550927438
            ],
            [
              -79.355837396478648,
              43.662986051265307
            ],
            [
              -79.35585516168635,
              43.663049317671948
            ],
            [
              -79.355880390367702,
              43.663139110481609
            ],
            [
              -79.355914150917272,
              43.663269663264373
            ],
            [
              -79.355959474050451,
              43.663418215977913
            ],
            [
              -79.355997499185207,
              43.663544264056611
            ],
            [
              -79.356046736167912,
              43.663679328738056
            ],
            [
              -79.356086345008805,
              43.663796368307828
            ],
            [
              -79.356127446724258,
              43.663926921989912
            ],
            [
              -79.356156233123613,
              43.664048485149522
            ],
            [
              -79.35619971624385,
              43.66417906850927
            ],
            [
              -79.356230086349342,
              43.664291641146349
            ],
            [
              -79.356267008015948,
              43.664417724298573
            ],
            [
              -79.356303595134762,
              43.66453368018523
            ],
            [
              -79.356303952165604,
              43.664534797143233
            ],
            [
              -79.356347844477398,
              43.664665389496179
            ],
            [
              -79.356374697334388,
              43.664786959850346
            ],
            [
              -79.35639925422214,
              43.664904025500448
            ],
            [
              -79.356429988553089,
              43.665025609344468
            ],
            [
              -79.356463053926745,
              43.665147186893194
            ],
            [
              -79.356497670630972,
              43.665273267347459
            ],
            [
              -79.356531515716824,
              43.665390344688717
            ],
            [
              -79.35657734157104,
              43.665516421545647
            ],
            [
              -79.357183512509039,
              43.667697023898597
            ],
            [
              -79.357320728368904,
              43.668190748104621
            ],
            [
              -79.357346105438353,
              43.66827179141012
            ],
            [
              -79.357384609911776,
              43.66837085443143
            ],
            [
              -79.357427426634388,
              43.668465412748674
            ],
            [
              -79.3574651936637,
              43.668550972449452
            ],
            [
              -79.35750223853745,
              43.668632840433304
            ],
            [
              -79.357507987003942,
              43.668645539759893
            ],
            [
              -79.357557022538515,
              43.668722111636214
            ],
            [
              -79.357608783018861,
              43.668789686694765
            ],
            [
              -79.357686114822286,
              43.668861793437088
            ],
            [
              -79.357745723686151,
              43.668930016906813
            ],
            [
              -79.357752948839504,
              43.66894738911077
            ],
            [
              -79.357805875740553,
              43.669014965068641
            ],
            [
              -79.357885165368032,
              43.669082564408882
            ],
            [
              -79.357971052422101,
              43.669150181735574
            ],
            [
              -79.358058881112413,
              43.669204298439695
            ],
            [
              -79.358142071998998,
              43.66925840974784
            ],
            [
              -79.358188031852137,
              43.66929365327951
            ],
            [
              -79.358230253223553,
              43.669326028873172
            ],
            [
              -79.358313446808097,
              43.669384640388898
            ],
            [
              -79.358389261455216,
              43.66944324381069
            ],
            [
              -79.358462745059626,
              43.669501842735883
            ],
            [
              -79.358541649777294,
              43.669564949962535
            ],
            [
              -79.358643056431845,
              43.669614582646943
            ],
            [
              -79.358745630406474,
              43.669668717337515
            ],
            [
              -79.358849303352656,
              43.669740856455405
            ],
            [
              -79.358942942562692,
              43.669808481875975
            ],
            [
              -79.35902648598352,
              43.669871594498545
            ],
            [
              -79.359125135316731,
              43.669939225315034
            ],
            [
              -79.359233503623273,
              43.669997868307007
            ],
            [
              -79.359329471178114,
              43.670056494211906
            ],
            [
              -79.359420371053261,
              43.670124116035197
            ],
            [
              -79.359512814164987,
              43.670205242078339
            ],
            [
              -79.359593634438625,
              43.670277352417941
            ],
            [
              -79.35965849534324,
              43.670376437022981
            ],
            [
              -79.359710850275462,
              43.670461878912647
            ],
            [
              -79.359713691233821,
              43.67046651851507
            ],
            [
              -79.359753013190982,
              43.670552079115225
            ],
            [
              -79.359795042107464,
              43.670646644627027
            ],
            [
              -79.359837454135175,
              43.670736709931248
            ],
            [
              -79.359876777890975,
              43.670826771638247
            ],
            [
              -79.359923049808856,
              43.670925842753491
            ],
            [
              -79.359963504911775,
              43.67102041545985
            ],
            [
              -79.360005906147592,
              43.671114971978454
            ],
            [
              -79.360051410943811,
              43.671214042194322
            ],
            [
              -79.360090348890424,
              43.67129959380128
            ],
            [
              -79.360130058455411,
              43.671389655508221
            ],
            [
              -79.360178286398764,
              43.671479728007114
            ],
            [
              -79.36022497560208,
              43.671565297600466
            ],
            [
              -79.360278647141797,
              43.671650876187016
            ],
            [
              -79.360344719433215,
              43.671736478155992
            ],
            [
              -79.360402303023818,
              43.671808558817986
            ],
            [
              -79.360456754275731,
              43.671889637197069
            ],
            [
              -79.360525552412298,
              43.671970733562546
            ],
            [
              -79.360613742630107,
              43.672042851096762
            ],
            [
              -79.36070156952178,
              43.672105968215931
            ],
            [
              -79.360774907435996,
              43.672165673307234
            ],
            [
              -79.360790157239933,
              43.672178095642664
            ],
            [
              -79.360876831200756,
              43.672241210063873
            ],
            [
              -79.360972419241705,
              43.672299835069396
            ],
            [
              -79.361071076668793,
              43.672371966093408
            ],
            [
              -79.361169381561695,
              43.672430593796946
            ],
            [
              -79.361259549388649,
              43.672484711400386
            ],
            [
              -79.361365583954523,
              43.672552349411433
            ],
            [
              -79.3614650318857,
              43.67261547012788
            ],
            [
              -79.361566416956521,
              43.672683103642385
            ],
            [
              -79.361666303756863,
              43.672728230723294
            ],
            [
              -79.361758816116435,
              43.67278235102475
            ],
            [
              -79.361852490400054,
              43.672827470911102
            ],
            [
              -79.361955882757741,
              43.672863601174299
            ],
            [
              -79.362047611807782,
              43.672913218570216
            ],
            [
              -79.362096650040314,
              43.672922342192408
            ],
            [
              -79.362169265798912,
              43.672935868895308
            ],
            [
              -79.362238565757139,
              43.672967456682841
            ],
            [
              -79.362327684974616,
              43.67297656591586
            ],
            [
              -79.362446200331817,
              43.672999202751043
            ],
            [
              -79.362575570506124,
              43.673026362276858
            ],
            [
              -79.362691333937846,
              43.673075999457865
            ],
            [
              -79.362789651421224,
              43.673130126054502
            ],
            [
              -79.362856509720132,
              43.673183142887808
            ],
            [
              -79.362863540619855,
              43.673188723181056
            ],
            [
              -79.362950982601717,
              43.673242826395381
            ],
            [
              -79.363010485345569,
              43.673323910170382
            ],
            [
              -79.363042490418536,
              43.673395959356071
            ],
            [
              -79.363056672727225,
              43.673463485851244
            ],
            [
              -79.36305533363668,
              43.673539995674332
            ],
            [
              -79.363045111942313,
              43.673611984605486
            ],
            [
              -79.363044410471105,
              43.673636953382754
            ],
            [
              -79.363042991340933,
              43.673688493529198
            ],
            [
              -79.36302730536579,
              43.673769486472679
            ],
            [
              -79.363008478058759,
              43.673868487440814
            ],
            [
              -79.362988899817822,
              43.673953976994483
            ],
            [
              -79.362964704457511,
              43.674030458938603
            ],
            [
              -79.362942425552433,
              43.674120445102517
            ],
            [
              -79.362929017560077,
              43.674219444272012
            ],
            [
              -79.36290247137191,
              43.674309425040008
            ],
            [
              -79.362879770684856,
              43.674399420197119
            ],
            [
              -79.36288034894892,
              43.674493935346902
            ],
            [
              -79.362886352822898,
              43.674574954370712
            ],
            [
              -79.362910992448292,
              43.674646994563204
            ],
            [
              -79.362949167769841,
              43.6747325524654
            ],
            [
              -79.36298542933406,
              43.674809107254532
            ],
            [
              -79.363026744188858,
              43.674872165917748
            ],
            [
              -79.363102207201052,
              43.674921754535376
            ],
            [
              -79.363390787954472,
              43.675322640827289
            ],
            [
              -79.364252273723423,
              43.675161625308817
            ],
            [
              -79.364322410950479,
              43.675148098605916
            ],
            [
              -79.364455328050894,
              43.675122485014697
            ],
            [
              -79.364739634326611,
              43.675067680329221
            ],
            [
              -79.366312900220123,
              43.67476797766011
            ],
            [
              -79.366735888250616,
              43.674669456929962
            ],
            [
              -79.366781277933569,
              43.674647006254361
            ],
            [
              -79.366877821054572,
              43.674620105733368
            ],
            [
              -79.366998810446717,
              43.674575240355125
            ],
            [
              -79.36709152425442,
              43.674530341701939
            ],
            [
              -79.367186182396381,
              43.674480943740605
            ],
            [
              -79.367272307770747,
              43.674431536786074
            ],
            [
              -79.367370108143916,
              43.674368640900127
            ],
            [
              -79.368204104335916,
              43.673775491245976
            ],
            [
              -79.368833574010182,
              43.673330640696577
            ],
            [
              -79.369916694999461,
              43.672575749771113
            ],
            [
              -79.369984809651214,
              43.672526337420607
            ],
            [
              -79.370697147355429,
              43.672009542006833
            ],
            [
              -79.370725847419862,
              43.671996072860509
            ],
            [
              -79.370760340916945,
              43.671987110217003
            ],
            [
              -79.370795254397422,
              43.671973648265293
            ],
            [
              -79.370830157086061,
              43.671964686521108
            ],
            [
              -79.370865829594322,
              43.671955724776922
            ],
            [
              -79.370901501203264,
              43.671946763932056
            ],
            [
              -79.370937161121049,
              43.671937812080444
            ],
            [
              -79.370973591757831,
              43.671933352342364
            ],
            [
              -79.371010045776927,
              43.671924392396818
            ],
            [
              -79.37104647641371,
              43.671919932658795
            ],
            [
              -79.371083304550837,
              43.671915473820093
            ],
            [
              -79.371120514899815,
              43.671906513874546
            ],
            [
              -79.371157739637908,
              43.671902055935163
            ],
            [
              -79.371194941893009,
              43.671902097303985
            ],
            [
              -79.371232152241987,
              43.671893138257758
            ],
            [
              -79.371269739406898,
              43.671893180525899
            ],
            [
              -79.371306941661999,
              43.67189322189472
            ],
            [
              -79.371344923629294,
              43.671888763955337
            ],
            [
              -79.371382138474871,
              43.671888806223478
            ],
            [
              -79.37142011054965,
              43.671888849390939
            ],
            [
              -79.371458466634863,
              43.671888901551597
            ],
            [
              -79.373177778831405,
              43.672151895693503
            ],
            [
              -79.373605115983253,
              43.672206395508795
            ],
            [
              -79.374854938004944,
              43.67233353716307
            ],
            [
              -79.375892598264784,
              43.672465502780767
            ],
            [
              -79.375952459838118,
              43.672470689171007
            ],
            [
              -79.376050683791959,
              43.672479185066379
            ],
            [
              -79.376162690755564,
              43.672479315468081
            ],
            [
              -79.376316950566775,
              43.672465980320794
            ],
            [
              -79.376455730347629,
              43.672448127878852
            ],
            [
              -79.376854286496098,
              43.6723585446112
            ],
            [
              -79.379068346327074,
              43.671915315539422
            ],
            [
              -79.379415258007725,
              43.671837550262808
            ],
            [
              -79.379468072493523,
              43.671825715184639
            ],
            [
              -79.38056638033413,
              43.67161081858444
            ],
            [
              -79.382375753338295,
              43.67122112795272
            ],
            [
              -79.38316044509844,
              43.671046406766322
            ],
            [
              -79.384209560023123,
              43.670804429780674
            ],
            [
              -79.385719249243891,
              43.670459379696695
            ],
            [
              -79.386050757336534,
              43.670387114673645
            ],
            [
              -79.386788068314672,
              43.670226390535561
            ],
            [
              -79.387155754334572,
              43.671122385989349
            ]
          ]
        ]
      },
      "properties": {
        "OBJECTID": 1,
        "Shape_Length": 0.45274692571119146,
        "Shape_Area": 0.0040326427335235573
      }
    }
  ]
}