{
  "type" : "FeatureCollection",
  "features" : [{"type":"Feature","id":1,"geometry":{"type":"Point","coordinates":[-79.472226211163786,43.63454657760709]},"properties":{"OBJECTID":1}},{"type":"Feature","id":2,"geometry":{"type":"Point","coordinates":[-79.472195010066002,43.633869877822264]},"properties":{"OBJECTID":2}},{"type":"Feature","id":3,"geometry":{"type":"Point","coordinates":[-79.471439910415214,43.633954977395099]},"properties":{"OBJECTID":3}},{"type":"Feature","id":4,"geometry":{"type":"Point","coordinates":[-79.469762210086813,43.635323477892108]},"properties":{"OBJECTID":4}},{"type":"Feature","id":5,"geometry":{"type":"Point","coordinates":[-79.469092909390611,43.635518778017733]},"properties":{"OBJECTID":5}},{"type":"Feature","id":6,"geometry":{"type":"Point","coordinates":[-79.468725809496789,43.635850278420811]},"properties":{"OBJECTID":6}},{"type":"Feature","id":7,"geometry":{"type":"Point","coordinates":[-79.468167509978898,43.635222477894189]},"properties":{"OBJECTID":7}},{"type":"Feature","id":8,"geometry":{"type":"Point","coordinates":[-79.467979709374788,43.634994978109688]},"properties":{"OBJECTID":8}},{"type":"Feature","id":9,"geometry":{"type":"Point","coordinates":[-79.46589060899295,43.636181478237475]},"properties":{"OBJECTID":9}},{"type":"Feature","id":10,"geometry":{"type":"Point","coordinates":[-79.465561809356274,43.636675578098924]},"properties":{"OBJECTID":10}},{"type":"Feature","id":11,"geometry":{"type":"Point","coordinates":[-79.465334208253822,43.636370578533452]},"properties":{"OBJECTID":11}},{"type":"Feature","id":12,"geometry":{"type":"Point","coordinates":[-79.465171308789451,43.636140678096041]},"properties":{"OBJECTID":12}},{"type":"Feature","id":13,"geometry":{"type":"Point","coordinates":[-79.464168908803785,43.636753178108854]},"properties":{"OBJECTID":13}},{"type":"Feature","id":14,"geometry":{"type":"Point","coordinates":[-79.464113808340542,43.636481778808331]},"properties":{"OBJECTID":14}},{"type":"Feature","id":15,"geometry":{"type":"Point","coordinates":[-79.459006406943388,43.638011079247946]},"properties":{"OBJECTID":15}},{"type":"Feature","id":16,"geometry":{"type":"Point","coordinates":[-79.458933407243734,43.637744779072641]},"properties":{"OBJECTID":16}},{"type":"Feature","id":17,"geometry":{"type":"Point","coordinates":[-79.45527000499321,43.63812467932312]},"properties":{"OBJECTID":17}},{"type":"Feature","id":18,"geometry":{"type":"Point","coordinates":[-79.455134205664592,43.638373579553992]},"properties":{"OBJECTID":18}},{"type":"Feature","id":19,"geometry":{"type":"Point","coordinates":[-79.453728105118472,43.638939279258032]},"properties":{"OBJECTID":19}},{"type":"Feature","id":20,"geometry":{"type":"Point","coordinates":[-79.453524204552451,43.638397278902069]},"properties":{"OBJECTID":20}},{"type":"Feature","id":21,"geometry":{"type":"Point","coordinates":[-79.451037804475106,43.638295079755245]},"properties":{"OBJECTID":21}},{"type":"Feature","id":22,"geometry":{"type":"Point","coordinates":[-79.450813004007784,43.637629779204488]},"properties":{"OBJECTID":22}},{"type":"Feature","id":23,"geometry":{"type":"Point","coordinates":[-79.448156102925878,43.636579179269603]},"properties":{"OBJECTID":23}},{"type":"Feature","id":24,"geometry":{"type":"Point","coordinates":[-79.447980102999821,43.637117978904151]},"properties":{"OBJECTID":24}},{"type":"Feature","id":25,"geometry":{"type":"Point","coordinates":[-79.446754902370259,43.637053979453377]},"properties":{"OBJECTID":25}},{"type":"Feature","id":26,"geometry":{"type":"Point","coordinates":[-79.446366502366118,43.637390679756273]},"properties":{"OBJECTID":26}},{"type":"Feature","id":27,"geometry":{"type":"Point","coordinates":[-79.446212702557062,43.638715679309719]},"properties":{"OBJECTID":27}},{"type":"Feature","id":28,"geometry":{"type":"Point","coordinates":[-79.443065602599589,43.650694581698851]},"properties":{"OBJECTID":28}},{"type":"Feature","id":29,"geometry":{"type":"Point","coordinates":[-79.443604302332858,43.638762679934864]},"properties":{"OBJECTID":29}},{"type":"Feature","id":30,"geometry":{"type":"Point","coordinates":[-79.443648802242606,43.637663379892246]},"properties":{"OBJECTID":30}},{"type":"Feature","id":31,"geometry":{"type":"Point","coordinates":[-79.442960101371554,43.638881580054438]},"properties":{"OBJECTID":31}},{"type":"Feature","id":32,"geometry":{"type":"Point","coordinates":[-79.442314601159254,43.639010379555039]},"properties":{"OBJECTID":32}},{"type":"Feature","id":33,"geometry":{"type":"Point","coordinates":[-79.44221310098871,43.639489579588847]},"properties":{"OBJECTID":33}},{"type":"Feature","id":34,"geometry":{"type":"Point","coordinates":[-79.44099380216322,43.650263681563089]},"properties":{"OBJECTID":34}},{"type":"Feature","id":35,"geometry":{"type":"Point","coordinates":[-79.441732600947901,43.637505279326398]},"properties":{"OBJECTID":35}},{"type":"Feature","id":36,"geometry":{"type":"Point","coordinates":[-79.441556200795546,43.636640579021666]},"properties":{"OBJECTID":36}},{"type":"Feature","id":37,"geometry":{"type":"Point","coordinates":[-79.44145070049683,43.635556279397669]},"properties":{"OBJECTID":37}},{"type":"Feature","id":38,"geometry":{"type":"Point","coordinates":[-79.44102510170427,43.639315080249148]},"properties":{"OBJECTID":38}},{"type":"Feature","id":39,"geometry":{"type":"Point","coordinates":[-79.439620701421774,43.649808081490221]},"properties":{"OBJECTID":39}},{"type":"Feature","id":40,"geometry":{"type":"Point","coordinates":[-79.439561701823294,43.649526381513546]},"properties":{"OBJECTID":40}},{"type":"Feature","id":41,"geometry":{"type":"Point","coordinates":[-79.43948800165775,43.64941388202562]},"properties":{"OBJECTID":41}},{"type":"Feature","id":42,"geometry":{"type":"Point","coordinates":[-79.440408000746316,43.639439680269426]},"properties":{"OBJECTID":42}},{"type":"Feature","id":43,"geometry":{"type":"Point","coordinates":[-79.439413701018154,43.649229681637287]},"properties":{"OBJECTID":43}},{"type":"Feature","id":44,"geometry":{"type":"Point","coordinates":[-79.440306500360578,43.639203880046594]},"properties":{"OBJECTID":44}},{"type":"Feature","id":45,"geometry":{"type":"Point","coordinates":[-79.439287801223401,43.648934781454571]},"properties":{"OBJECTID":45}},{"type":"Feature","id":46,"geometry":{"type":"Point","coordinates":[-79.439023901936068,43.649629181438286]},"properties":{"OBJECTID":46}},{"type":"Feature","id":47,"geometry":{"type":"Point","coordinates":[-79.438902100875211,43.649657781622473]},"properties":{"OBJECTID":47}},{"type":"Feature","id":48,"geometry":{"type":"Point","coordinates":[-79.438876401713642,43.649657781762009]},"properties":{"OBJECTID":48}},{"type":"Feature","id":49,"geometry":{"type":"Point","coordinates":[-79.438858301799272,43.649653881457432]},"properties":{"OBJECTID":49}},{"type":"Feature","id":50,"geometry":{"type":"Point","coordinates":[-79.438841201858253,43.649641581540109]},"properties":{"OBJECTID":50}},{"type":"Feature","id":51,"geometry":{"type":"Point","coordinates":[-79.438829701675473,43.649617182121744]},"properties":{"OBJECTID":51}},{"type":"Feature","id":52,"geometry":{"type":"Point","coordinates":[-79.438795700819426,43.649527781538538]},"properties":{"OBJECTID":52}},{"type":"Feature","id":53,"geometry":{"type":"Point","coordinates":[-79.438908700668648,43.647924181463175]},"properties":{"OBJECTID":53}},{"type":"Feature","id":54,"geometry":{"type":"Point","coordinates":[-79.438904701182608,43.647912181971243]},"properties":{"OBJECTID":54}},{"type":"Feature","id":55,"geometry":{"type":"Point","coordinates":[-79.438899001756823,43.647901881895272]},"properties":{"OBJECTID":55}},{"type":"Feature","id":56,"geometry":{"type":"Point","coordinates":[-79.438888100953946,43.647890481423119]},"properties":{"OBJECTID":56}},{"type":"Feature","id":57,"geometry":{"type":"Point","coordinates":[-79.43887730106016,43.647884181705415]},"properties":{"OBJECTID":57}},{"type":"Feature","id":58,"geometry":{"type":"Point","coordinates":[-79.438860700832805,43.647882481370061]},"properties":{"OBJECTID":58}},{"type":"Feature","id":59,"geometry":{"type":"Point","coordinates":[-79.439694801109567,43.639583079638655]},"properties":{"OBJECTID":59}},{"type":"Feature","id":60,"geometry":{"type":"Point","coordinates":[-79.438839000898469,43.647883681774104]},"properties":{"OBJECTID":60}},{"type":"Feature","id":61,"geometry":{"type":"Point","coordinates":[-79.438803601032163,43.647890181449334]},"properties":{"OBJECTID":61}},{"type":"Feature","id":62,"geometry":{"type":"Point","coordinates":[-79.439959900793326,43.636421079931957]},"properties":{"OBJECTID":62}},{"type":"Feature","id":63,"geometry":{"type":"Point","coordinates":[-79.439495400336355,43.639110379563228]},"properties":{"OBJECTID":63}},{"type":"Feature","id":64,"geometry":{"type":"Point","coordinates":[-79.438141800653824,43.649648981993877]},"properties":{"OBJECTID":64}},{"type":"Feature","id":65,"geometry":{"type":"Point","coordinates":[-79.438216201374601,43.648005381232736]},"properties":{"OBJECTID":65}},{"type":"Feature","id":66,"geometry":{"type":"Point","coordinates":[-79.439423600072104,43.635658979386733]},"properties":{"OBJECTID":66}},{"type":"Feature","id":67,"geometry":{"type":"Point","coordinates":[-79.439159100443518,43.638214379915254]},"properties":{"OBJECTID":67}},{"type":"Feature","id":68,"geometry":{"type":"Point","coordinates":[-79.437934001282017,43.649128381508902]},"properties":{"OBJECTID":68}},{"type":"Feature","id":69,"geometry":{"type":"Point","coordinates":[-79.437666400565362,43.649647481607317]},"properties":{"OBJECTID":69}},{"type":"Feature","id":70,"geometry":{"type":"Point","coordinates":[-79.438597800759979,43.638329279828874]},"properties":{"OBJECTID":70}},{"type":"Feature","id":71,"geometry":{"type":"Point","coordinates":[-79.437550401312237,43.648141681507774]},"properties":{"OBJECTID":71}},{"type":"Feature","id":72,"geometry":{"type":"Point","coordinates":[-79.438587299900519,43.636664279682634]},"properties":{"OBJECTID":72}},{"type":"Feature","id":73,"geometry":{"type":"Point","coordinates":[-79.438769600192401,43.633338079417847]},"properties":{"OBJECTID":73}},{"type":"Feature","id":74,"geometry":{"type":"Point","coordinates":[-79.438769599452939,43.633308578550064]},"properties":{"OBJECTID":74}},{"type":"Feature","id":75,"geometry":{"type":"Point","coordinates":[-79.43876280008287,43.633363878852997]},"properties":{"OBJECTID":75}},{"type":"Feature","id":76,"geometry":{"type":"Point","coordinates":[-79.43830440058008,43.637771379443443]},"properties":{"OBJECTID":76}},{"type":"Feature","id":77,"geometry":{"type":"Point","coordinates":[-79.438758200292412,43.633283779283772]},"properties":{"OBJECTID":77}},{"type":"Feature","id":78,"geometry":{"type":"Point","coordinates":[-79.438739999351981,43.633402779072988]},"properties":{"OBJECTID":78}},{"type":"Feature","id":79,"geometry":{"type":"Point","coordinates":[-79.43873909966436,43.633259079243928]},"properties":{"OBJECTID":79}},{"type":"Feature","id":80,"geometry":{"type":"Point","coordinates":[-79.437273500658307,43.647345581426961]},"properties":{"OBJECTID":80}},{"type":"Feature","id":81,"geometry":{"type":"Point","coordinates":[-79.436952000316026,43.649979082249764]},"properties":{"OBJECTID":81}},{"type":"Feature","id":82,"geometry":{"type":"Point","coordinates":[-79.438609700307936,43.633173378775879]},"properties":{"OBJECTID":82}},{"type":"Feature","id":83,"geometry":{"type":"Point","coordinates":[-79.438307800439247,43.63590047995082]},"properties":{"OBJECTID":83}},{"type":"Feature","id":84,"geometry":{"type":"Point","coordinates":[-79.437059300693505,43.648231082102178]},"properties":{"OBJECTID":84}},{"type":"Feature","id":85,"geometry":{"type":"Point","coordinates":[-79.436815600790496,43.649619082232988]},"properties":{"OBJECTID":85}},{"type":"Feature","id":86,"geometry":{"type":"Point","coordinates":[-79.437074700436597,43.646848281662734]},"properties":{"OBJECTID":86}},{"type":"Feature","id":87,"geometry":{"type":"Point","coordinates":[-79.438411699405023,43.633078178652283]},"properties":{"OBJECTID":87}},{"type":"Feature","id":88,"geometry":{"type":"Point","coordinates":[-79.437862899746605,43.638475779566903]},"properties":{"OBJECTID":88}},{"type":"Feature","id":89,"geometry":{"type":"Point","coordinates":[-79.436902701166602,43.647824281759149]},"properties":{"OBJECTID":89}},{"type":"Feature","id":90,"geometry":{"type":"Point","coordinates":[-79.436716600717105,43.649354881599287]},"properties":{"OBJECTID":90}},{"type":"Feature","id":91,"geometry":{"type":"Point","coordinates":[-79.438233300289781,43.633918779217616]},"properties":{"OBJECTID":91}},{"type":"Feature","id":92,"geometry":{"type":"Point","coordinates":[-79.436766500892219,43.647472881234421]},"properties":{"OBJECTID":92}},{"type":"Feature","id":93,"geometry":{"type":"Point","coordinates":[-79.438108899255312,43.634100578740913]},"properties":{"OBJECTID":93}},{"type":"Feature","id":94,"geometry":{"type":"Point","coordinates":[-79.436665600995468,43.646657681423711]},"properties":{"OBJECTID":94}},{"type":"Feature","id":95,"geometry":{"type":"Point","coordinates":[-79.437855499143083,43.63484807950654]},"properties":{"OBJECTID":95}},{"type":"Feature","id":96,"geometry":{"type":"Point","coordinates":[-79.436575099926898,43.64749808157115]},"properties":{"OBJECTID":96}},{"type":"Feature","id":97,"geometry":{"type":"Point","coordinates":[-79.437266299539161,43.640448480314809]},"properties":{"OBJECTID":97}},{"type":"Feature","id":98,"geometry":{"type":"Point","coordinates":[-79.436084101157974,43.651128981997168]},"properties":{"OBJECTID":98}},{"type":"Feature","id":99,"geometry":{"type":"Point","coordinates":[-79.437753499513761,43.633942679429886]},"properties":{"OBJECTID":99}},{"type":"Feature","id":100,"geometry":{"type":"Point","coordinates":[-79.436311500406902,43.647952281989539]},"properties":{"OBJECTID":100}},{"type":"Feature","id":101,"geometry":{"type":"Point","coordinates":[-79.437678400197882,43.634189279568886]},"properties":{"OBJECTID":101}},{"type":"Feature","id":102,"geometry":{"type":"Point","coordinates":[-79.437663699413648,43.634311179290727]},"properties":{"OBJECTID":102}},{"type":"Feature","id":103,"geometry":{"type":"Point","coordinates":[-79.436117800830473,43.649355681855404]},"properties":{"OBJECTID":103}},{"type":"Feature","id":104,"geometry":{"type":"Point","coordinates":[-79.437344799629727,43.636913879879259]},"properties":{"OBJECTID":104}},{"type":"Feature","id":105,"geometry":{"type":"Point","coordinates":[-79.437256299137829,43.636931979735074]},"properties":{"OBJECTID":105}},{"type":"Feature","id":106,"geometry":{"type":"Point","coordinates":[-79.435839900728467,43.650504382340515]},"properties":{"OBJECTID":106}},{"type":"Feature","id":107,"geometry":{"type":"Point","coordinates":[-79.436928600167249,43.63960648014617]},"properties":{"OBJECTID":107}},{"type":"Feature","id":108,"geometry":{"type":"Point","coordinates":[-79.436655300050134,43.640584180562037]},"properties":{"OBJECTID":108}},{"type":"Feature","id":109,"geometry":{"type":"Point","coordinates":[-79.435794300586238,43.648485882139454]},"properties":{"OBJECTID":109}},{"type":"Feature","id":110,"geometry":{"type":"Point","coordinates":[-79.435595499966297,43.649888781689555]},"properties":{"OBJECTID":110}},{"type":"Feature","id":111,"geometry":{"type":"Point","coordinates":[-79.436603999679804,43.638737680133737]},"properties":{"OBJECTID":111}},{"type":"Feature","id":112,"geometry":{"type":"Point","coordinates":[-79.437226699037041,43.632515679116537]},"properties":{"OBJECTID":112}},{"type":"Feature","id":113,"geometry":{"type":"Point","coordinates":[-79.435690400585628,43.647666082048218]},"properties":{"OBJECTID":113}},{"type":"Feature","id":114,"geometry":{"type":"Point","coordinates":[-79.437172399526318,43.632497178804876]},"properties":{"OBJECTID":114}},{"type":"Feature","id":115,"geometry":{"type":"Point","coordinates":[-79.435445400371677,43.649463481839945]},"properties":{"OBJECTID":115}},{"type":"Feature","id":116,"geometry":{"type":"Point","coordinates":[-79.437118199547726,43.632490978947644]},"properties":{"OBJECTID":116}},{"type":"Feature","id":117,"geometry":{"type":"Point","coordinates":[-79.437087799861459,43.632493779270355]},"properties":{"OBJECTID":117}},{"type":"Feature","id":118,"geometry":{"type":"Point","coordinates":[-79.437056399126448,43.632504278575524]},"properties":{"OBJECTID":118}},{"type":"Feature","id":119,"geometry":{"type":"Point","coordinates":[-79.436950299542204,43.632592079043114]},"properties":{"OBJECTID":119}},{"type":"Feature","id":120,"geometry":{"type":"Point","coordinates":[-79.43687199887853,43.632656579085975]},"properties":{"OBJECTID":120}},{"type":"Feature","id":121,"geometry":{"type":"Point","coordinates":[-79.435352100380243,43.646764581870841]},"properties":{"OBJECTID":121}},{"type":"Feature","id":122,"geometry":{"type":"Point","coordinates":[-79.435126200636432,43.648635082224502]},"properties":{"OBJECTID":122}},{"type":"Feature","id":123,"geometry":{"type":"Point","coordinates":[-79.43671539865629,43.632801678840259]},"properties":{"OBJECTID":123}},{"type":"Feature","id":124,"geometry":{"type":"Point","coordinates":[-79.43497800022854,43.649536281726888]},"properties":{"OBJECTID":124}},{"type":"Feature","id":125,"geometry":{"type":"Point","coordinates":[-79.435158100108211,43.647345981476825]},"properties":{"OBJECTID":125}},{"type":"Feature","id":126,"geometry":{"type":"Point","coordinates":[-79.435234200060393,43.646456881320191]},"properties":{"OBJECTID":126}},{"type":"Feature","id":127,"geometry":{"type":"Point","coordinates":[-79.43654269918413,43.632980379127083]},"properties":{"OBJECTID":127}},{"type":"Feature","id":128,"geometry":{"type":"Point","coordinates":[-79.434970100297718,43.648241881903154]},"properties":{"OBJECTID":128}},{"type":"Feature","id":129,"geometry":{"type":"Point","coordinates":[-79.434814400572577,43.649304782388974]},"properties":{"OBJECTID":129}},{"type":"Feature","id":130,"geometry":{"type":"Point","coordinates":[-79.436018698995511,43.637180679888729]},"properties":{"OBJECTID":130}},{"type":"Feature","id":131,"geometry":{"type":"Point","coordinates":[-79.434817900569882,43.647843181350076]},"properties":{"OBJECTID":131}},{"type":"Feature","id":132,"geometry":{"type":"Point","coordinates":[-79.434388199631073,43.651747882645097]},"properties":{"OBJECTID":132}},{"type":"Feature","id":133,"geometry":{"type":"Point","coordinates":[-79.434599400199161,43.648757282113067]},"properties":{"OBJECTID":133}},{"type":"Feature","id":134,"geometry":{"type":"Point","coordinates":[-79.434283900511019,43.651464982524395]},"properties":{"OBJECTID":134}},{"type":"Feature","id":135,"geometry":{"type":"Point","coordinates":[-79.434678899988612,43.647463181863834]},"properties":{"OBJECTID":135}},{"type":"Feature","id":136,"geometry":{"type":"Point","coordinates":[-79.434381400606327,43.650125581763973]},"properties":{"OBJECTID":136}},{"type":"Feature","id":137,"geometry":{"type":"Point","coordinates":[-79.434228099981183,43.651332082589256]},"properties":{"OBJECTID":137}},{"type":"Feature","id":138,"geometry":{"type":"Point","coordinates":[-79.434446599802442,43.648343781589674]},"properties":{"OBJECTID":138}},{"type":"Feature","id":139,"geometry":{"type":"Point","coordinates":[-79.434393300260879,43.648352381655805]},"properties":{"OBJECTID":139}},{"type":"Feature","id":140,"geometry":{"type":"Point","coordinates":[-79.434069500056935,43.650916182191885]},"properties":{"OBJECTID":140}},{"type":"Feature","id":141,"geometry":{"type":"Point","coordinates":[-79.434032400510702,43.650811882184534]},"properties":{"OBJECTID":141}},{"type":"Feature","id":142,"geometry":{"type":"Point","coordinates":[-79.434233400041592,43.647972581453494]},"properties":{"OBJECTID":142}},{"type":"Feature","id":143,"geometry":{"type":"Point","coordinates":[-79.43435339910836,43.646630381246823]},"properties":{"OBJECTID":143}},{"type":"Feature","id":144,"geometry":{"type":"Point","coordinates":[-79.433906599592078,43.650507482018142]},"properties":{"OBJECTID":144}},{"type":"Feature","id":145,"geometry":{"type":"Point","coordinates":[-79.43571229906749,43.632249979068639]},"properties":{"OBJECTID":145}},{"type":"Feature","id":146,"geometry":{"type":"Point","coordinates":[-79.434227099847206,43.646308681665921]},"properties":{"OBJECTID":146}},{"type":"Feature","id":147,"geometry":{"type":"Point","coordinates":[-79.433810900133182,43.650231682036583]},"properties":{"OBJECTID":147}},{"type":"Feature","id":148,"geometry":{"type":"Point","coordinates":[-79.434078999729309,43.647581281318175]},"properties":{"OBJECTID":148}},{"type":"Feature","id":149,"geometry":{"type":"Point","coordinates":[-79.433810599614873,43.648909881707112]},"properties":{"OBJECTID":149}},{"type":"Feature","id":150,"geometry":{"type":"Point","coordinates":[-79.433663699999784,43.64977298205843]},"properties":{"OBJECTID":150}},{"type":"Feature","id":151,"geometry":{"type":"Point","coordinates":[-79.433914999990165,43.645506081016848]},"properties":{"OBJECTID":151}},{"type":"Feature","id":152,"geometry":{"type":"Point","coordinates":[-79.434716198637418,43.637462180143615]},"properties":{"OBJECTID":152}},{"type":"Feature","id":153,"geometry":{"type":"Point","coordinates":[-79.433803299204214,43.646397081198984]},"properties":{"OBJECTID":153}},{"type":"Feature","id":154,"geometry":{"type":"Point","coordinates":[-79.433484999776596,43.6493441821194]},"properties":{"OBJECTID":154}},{"type":"Feature","id":155,"geometry":{"type":"Point","coordinates":[-79.433567199843139,43.648114381553874]},"properties":{"OBJECTID":155}},{"type":"Feature","id":156,"geometry":{"type":"Point","coordinates":[-79.43369539899885,43.646112181495695]},"properties":{"OBJECTID":156}},{"type":"Feature","id":157,"geometry":{"type":"Point","coordinates":[-79.433655399983991,43.64642798151354]},"properties":{"OBJECTID":157}},{"type":"Feature","id":158,"geometry":{"type":"Point","coordinates":[-79.434343199473929,43.638614680163144]},"properties":{"OBJECTID":158}},{"type":"Feature","id":159,"geometry":{"type":"Point","coordinates":[-79.432971299721785,43.65202578267926]},"properties":{"OBJECTID":159}},{"type":"Feature","id":160,"geometry":{"type":"Point","coordinates":[-79.434795799173713,43.633983979670916]},"properties":{"OBJECTID":160}},{"type":"Feature","id":161,"geometry":{"type":"Point","coordinates":[-79.433519599524132,43.646032881550965]},"properties":{"OBJECTID":161}},{"type":"Feature","id":162,"geometry":{"type":"Point","coordinates":[-79.433135899615436,43.649738281954448]},"properties":{"OBJECTID":162}},{"type":"Feature","id":163,"geometry":{"type":"Point","coordinates":[-79.434581798436483,43.635426779401378]},"properties":{"OBJECTID":163}},{"type":"Feature","id":164,"geometry":{"type":"Point","coordinates":[-79.433080599454684,43.650118282099413]},"properties":{"OBJECTID":164}},{"type":"Feature","id":165,"geometry":{"type":"Point","coordinates":[-79.432971999109199,43.65069608221517]},"properties":{"OBJECTID":165}},{"type":"Feature","id":166,"geometry":{"type":"Point","coordinates":[-79.433015499851521,43.650119482246879]},"properties":{"OBJECTID":166}},{"type":"Feature","id":167,"geometry":{"type":"Point","coordinates":[-79.433162099842278,43.648593981628821]},"properties":{"OBJECTID":167}},{"type":"Feature","id":168,"geometry":{"type":"Point","coordinates":[-79.434807298053812,43.63231627930179]},"properties":{"OBJECTID":168}},{"type":"Feature","id":169,"geometry":{"type":"Point","coordinates":[-79.43281279918736,43.651610982744231]},"properties":{"OBJECTID":169}},{"type":"Feature","id":170,"geometry":{"type":"Point","coordinates":[-79.433378899117429,43.645619581025791]},"properties":{"OBJECTID":170}},{"type":"Feature","id":171,"geometry":{"type":"Point","coordinates":[-79.434568398522401,43.633389678760594]},"properties":{"OBJECTID":171}},{"type":"Feature","id":172,"geometry":{"type":"Point","coordinates":[-79.432549900075458,43.652566182510711]},"properties":{"OBJECTID":172}},{"type":"Feature","id":173,"geometry":{"type":"Point","coordinates":[-79.432671499990107,43.651205082834544]},"properties":{"OBJECTID":173}},{"type":"Feature","id":174,"geometry":{"type":"Point","coordinates":[-79.432910499037149,43.647980881385266]},"properties":{"OBJECTID":174}},{"type":"Feature","id":175,"geometry":{"type":"Point","coordinates":[-79.432857699297386,43.647826581551342]},"properties":{"OBJECTID":175}},{"type":"Feature","id":176,"geometry":{"type":"Point","coordinates":[-79.432506099802353,43.650788982205164]},"properties":{"OBJECTID":176}},{"type":"Feature","id":177,"geometry":{"type":"Point","coordinates":[-79.432456099455933,43.650797582772277]},"properties":{"OBJECTID":177}},{"type":"Feature","id":178,"geometry":{"type":"Point","coordinates":[-79.434303298226823,43.632518978734232]},"properties":{"OBJECTID":178}},{"type":"Feature","id":179,"geometry":{"type":"Point","coordinates":[-79.43250719921069,43.650092182179961]},"properties":{"OBJECTID":179}},{"type":"Feature","id":180,"geometry":{"type":"Point","coordinates":[-79.432870498645656,43.646159681498212]},"properties":{"OBJECTID":180}},{"type":"Feature","id":181,"geometry":{"type":"Point","coordinates":[-79.432233199160706,43.651745082844712]},"properties":{"OBJECTID":181}},{"type":"Feature","id":182,"geometry":{"type":"Point","coordinates":[-79.432651899489329,43.647309181718434]},"properties":{"OBJECTID":182}},{"type":"Feature","id":183,"geometry":{"type":"Point","coordinates":[-79.433992797958652,43.633831278914791]},"properties":{"OBJECTID":183}},{"type":"Feature","id":184,"geometry":{"type":"Point","coordinates":[-79.43254469956878,43.647020581494914]},"properties":{"OBJECTID":184}},{"type":"Feature","id":185,"geometry":{"type":"Point","coordinates":[-79.433432199096544,43.638171279787883]},"properties":{"OBJECTID":185}},{"type":"Feature","id":186,"geometry":{"type":"Point","coordinates":[-79.432351699780739,43.648252081575862]},"properties":{"OBJECTID":186}},{"type":"Feature","id":187,"geometry":{"type":"Point","coordinates":[-79.432031699281893,43.651206282558377]},"properties":{"OBJECTID":187}},{"type":"Feature","id":188,"geometry":{"type":"Point","coordinates":[-79.432446099147725,43.646763281467663]},"properties":{"OBJECTID":188}},{"type":"Feature","id":189,"geometry":{"type":"Point","coordinates":[-79.431855699519872,43.652283082221452]},"properties":{"OBJECTID":189}},{"type":"Feature","id":190,"geometry":{"type":"Point","coordinates":[-79.431851398937525,43.652324482268192]},"properties":{"OBJECTID":190}},{"type":"Feature","id":191,"geometry":{"type":"Point","coordinates":[-79.432416099117688,43.646680381884167]},"properties":{"OBJECTID":191}},{"type":"Feature","id":192,"geometry":{"type":"Point","coordinates":[-79.431827199098095,43.65234448287233]},"properties":{"OBJECTID":192}},{"type":"Feature","id":193,"geometry":{"type":"Point","coordinates":[-79.431838599762344,43.652201683042627]},"properties":{"OBJECTID":193}},{"type":"Feature","id":194,"geometry":{"type":"Point","coordinates":[-79.433269998406388,43.637746679722447]},"properties":{"OBJECTID":194}},{"type":"Feature","id":195,"geometry":{"type":"Point","coordinates":[-79.431780099316811,43.652364482705586]},"properties":{"OBJECTID":195}},{"type":"Feature","id":196,"geometry":{"type":"Point","coordinates":[-79.43191729927814,43.650910482391545]},"properties":{"OBJECTID":196}},{"type":"Feature","id":197,"geometry":{"type":"Point","coordinates":[-79.433808198086453,43.632009578969011]},"properties":{"OBJECTID":197}},{"type":"Feature","id":198,"geometry":{"type":"Point","coordinates":[-79.432891999230336,43.640917580592003]},"properties":{"OBJECTID":198}},{"type":"Feature","id":199,"geometry":{"type":"Point","coordinates":[-79.432320299549474,43.646450381280644]},"properties":{"OBJECTID":199}},{"type":"Feature","id":200,"geometry":{"type":"Point","coordinates":[-79.431677199250018,43.652743282293301]},"properties":{"OBJECTID":200}},{"type":"Feature","id":201,"geometry":{"type":"Point","coordinates":[-79.431687298776723,43.652384482640386]},"properties":{"OBJECTID":201}},{"type":"Feature","id":202,"geometry":{"type":"Point","coordinates":[-79.431615899784958,43.652390182372137]},"properties":{"OBJECTID":202}},{"type":"Feature","id":203,"geometry":{"type":"Point","coordinates":[-79.431537599809303,43.652371583021491]},"properties":{"OBJECTID":203}},{"type":"Feature","id":204,"geometry":{"type":"Point","coordinates":[-79.431611598964892,43.651590682808276]},"properties":{"OBJECTID":204}},{"type":"Feature","id":205,"geometry":{"type":"Point","coordinates":[-79.433055598789807,43.637206179573042]},"properties":{"OBJECTID":205}},{"type":"Feature","id":206,"geometry":{"type":"Point","coordinates":[-79.431514198744026,43.652335882838415]},"properties":{"OBJECTID":206}},{"type":"Feature","id":207,"geometry":{"type":"Point","coordinates":[-79.431565899509152,43.651510682868171]},"properties":{"OBJECTID":207}},{"type":"Feature","id":208,"geometry":{"type":"Point","coordinates":[-79.433621097572626,43.630993978954223]},"properties":{"OBJECTID":208}},{"type":"Feature","id":209,"geometry":{"type":"Point","coordinates":[-79.431778298976823,43.64894948200309]},"properties":{"OBJECTID":209}},{"type":"Feature","id":210,"geometry":{"type":"Point","coordinates":[-79.433305498084792,43.633738279520252]},"properties":{"OBJECTID":210}},{"type":"Feature","id":211,"geometry":{"type":"Point","coordinates":[-79.431430699533195,43.652208682753958]},"properties":{"OBJECTID":211}},{"type":"Feature","id":212,"geometry":{"type":"Point","coordinates":[-79.431504499753117,43.651346482212873]},"properties":{"OBJECTID":212}},{"type":"Feature","id":213,"geometry":{"type":"Point","coordinates":[-79.431481599014134,43.651308482340973]},"properties":{"OBJECTID":213}},{"type":"Feature","id":214,"geometry":{"type":"Point","coordinates":[-79.431478998567798,43.651308982517961]},"properties":{"OBJECTID":214}},{"type":"Feature","id":215,"geometry":{"type":"Point","coordinates":[-79.431577199510699,43.650015882000268]},"properties":{"OBJECTID":215}},{"type":"Feature","id":216,"geometry":{"type":"Point","coordinates":[-79.431879399464876,43.647001782025214]},"properties":{"OBJECTID":216}},{"type":"Feature","id":217,"geometry":{"type":"Point","coordinates":[-79.431990199098522,43.645568581922937]},"properties":{"OBJECTID":217}},{"type":"Feature","id":218,"geometry":{"type":"Point","coordinates":[-79.431832099534901,43.646878881439811]},"properties":{"OBJECTID":218}},{"type":"Feature","id":219,"geometry":{"type":"Point","coordinates":[-79.431314999186441,43.65189198226539]},"properties":{"OBJECTID":219}},{"type":"Feature","id":220,"geometry":{"type":"Point","coordinates":[-79.431447699573184,43.649651782544915]},"properties":{"OBJECTID":220}},{"type":"Feature","id":221,"geometry":{"type":"Point","coordinates":[-79.432440498635771,43.639680480854125]},"properties":{"OBJECTID":221}},{"type":"Feature","id":222,"geometry":{"type":"Point","coordinates":[-79.431739598899355,43.646558382024295]},"properties":{"OBJECTID":222}},{"type":"Feature","id":223,"geometry":{"type":"Point","coordinates":[-79.43122239961771,43.651638582957034]},"properties":{"OBJECTID":223}},{"type":"Feature","id":224,"geometry":{"type":"Point","coordinates":[-79.431204899035208,43.651359182095511]},"properties":{"OBJECTID":224}},{"type":"Feature","id":225,"geometry":{"type":"Point","coordinates":[-79.431174899194161,43.651556882180266]},"properties":{"OBJECTID":225}},{"type":"Feature","id":226,"geometry":{"type":"Point","coordinates":[-79.431151498667944,43.651502582212927]},"properties":{"OBJECTID":226}},{"type":"Feature","id":227,"geometry":{"type":"Point","coordinates":[-79.43115459912427,43.651385582532576]},"properties":{"OBJECTID":227}},{"type":"Feature","id":228,"geometry":{"type":"Point","coordinates":[-79.431140099512291,43.651466382796983]},"properties":{"OBJECTID":228}},{"type":"Feature","id":229,"geometry":{"type":"Point","coordinates":[-79.431141198889463,43.651421382106498]},"properties":{"OBJECTID":229}},{"type":"Feature","id":230,"geometry":{"type":"Point","coordinates":[-79.433059898571557,43.631881179124576]},"properties":{"OBJECTID":230}},{"type":"Feature","id":231,"geometry":{"type":"Point","coordinates":[-79.431577098298092,43.646128581544794]},"properties":{"OBJECTID":231}},{"type":"Feature","id":232,"geometry":{"type":"Point","coordinates":[-79.43092669870704,43.652478382479622]},"properties":{"OBJECTID":232}},{"type":"Feature","id":233,"geometry":{"type":"Point","coordinates":[-79.432741798321899,43.634249379342812]},"properties":{"OBJECTID":233}},{"type":"Feature","id":234,"geometry":{"type":"Point","coordinates":[-79.43148389832966,43.645881281235447]},"properties":{"OBJECTID":234}},{"type":"Feature","id":235,"geometry":{"type":"Point","coordinates":[-79.43269519803836,43.633677678998779]},"properties":{"OBJECTID":235}},{"type":"Feature","id":236,"geometry":{"type":"Point","coordinates":[-79.432654298395107,43.633063279515923]},"properties":{"OBJECTID":236}},{"type":"Feature","id":237,"geometry":{"type":"Point","coordinates":[-79.4309041985058,43.649625982490456]},"properties":{"OBJECTID":237}},{"type":"Feature","id":238,"geometry":{"type":"Point","coordinates":[-79.43214829822206,43.63682468005684]},"properties":{"OBJECTID":238}},{"type":"Feature","id":239,"geometry":{"type":"Point","coordinates":[-79.432340397708018,43.633938879167083]},"properties":{"OBJECTID":239}},{"type":"Feature","id":240,"geometry":{"type":"Point","coordinates":[-79.430762798833598,43.649251181775135]},"properties":{"OBJECTID":240}},{"type":"Feature","id":241,"geometry":{"type":"Point","coordinates":[-79.431861897820582,43.638024480287442]},"properties":{"OBJECTID":241}},{"type":"Feature","id":242,"geometry":{"type":"Point","coordinates":[-79.432235898185297,43.633643179068478]},"properties":{"OBJECTID":242}},{"type":"Feature","id":243,"geometry":{"type":"Point","coordinates":[-79.43141949836199,43.641205780834454]},"properties":{"OBJECTID":243}},{"type":"Feature","id":244,"geometry":{"type":"Point","coordinates":[-79.430862898757709,43.646435481563692]},"properties":{"OBJECTID":244}},{"type":"Feature","id":245,"geometry":{"type":"Point","coordinates":[-79.430604198454446,43.648830882322272]},"properties":{"OBJECTID":245}},{"type":"Feature","id":246,"geometry":{"type":"Point","coordinates":[-79.431729897828035,43.637667980492857]},"properties":{"OBJECTID":246}},{"type":"Feature","id":247,"geometry":{"type":"Point","coordinates":[-79.430704598719373,43.647714782008627]},"properties":{"OBJECTID":247}},{"type":"Feature","id":248,"geometry":{"type":"Point","coordinates":[-79.430810298600292,43.646281781695798]},"properties":{"OBJECTID":248}},{"type":"Feature","id":249,"geometry":{"type":"Point","coordinates":[-79.430608298429888,43.647466581870631]},"properties":{"OBJECTID":249}},{"type":"Feature","id":250,"geometry":{"type":"Point","coordinates":[-79.429214599158456,43.660792184627816]},"properties":{"OBJECTID":250}},{"type":"Feature","id":251,"geometry":{"type":"Point","coordinates":[-79.429194598643932,43.660748784508513]},"properties":{"OBJECTID":251}},{"type":"Feature","id":252,"geometry":{"type":"Point","coordinates":[-79.431839897267679,43.634036779201885]},"properties":{"OBJECTID":252}},{"type":"Feature","id":253,"geometry":{"type":"Point","coordinates":[-79.430641198076415,43.645841181927587]},"properties":{"OBJECTID":253}},{"type":"Feature","id":254,"geometry":{"type":"Point","coordinates":[-79.430067998721697,43.650254182554065]},"properties":{"OBJECTID":254}},{"type":"Feature","id":255,"geometry":{"type":"Point","coordinates":[-79.430484097897676,43.645873982008759]},"properties":{"OBJECTID":255}},{"type":"Feature","id":256,"geometry":{"type":"Point","coordinates":[-79.43051179786822,43.645518181880092]},"properties":{"OBJECTID":256}},{"type":"Feature","id":257,"geometry":{"type":"Point","coordinates":[-79.43036759864502,43.646845781623867]},"properties":{"OBJECTID":257}},{"type":"Feature","id":258,"geometry":{"type":"Point","coordinates":[-79.431700597204625,43.633684978938241]},"properties":{"OBJECTID":258}},{"type":"Feature","id":259,"geometry":{"type":"Point","coordinates":[-79.431708997496656,43.632950179671859]},"properties":{"OBJECTID":259}},{"type":"Feature","id":260,"geometry":{"type":"Point","coordinates":[-79.429952598754099,43.649957481952626]},"properties":{"OBJECTID":260}},{"type":"Feature","id":261,"geometry":{"type":"Point","coordinates":[-79.430187598573681,43.647549381706618]},"properties":{"OBJECTID":261}},{"type":"Feature","id":262,"geometry":{"type":"Point","coordinates":[-79.430952997648291,43.639977480528209]},"properties":{"OBJECTID":262}},{"type":"Feature","id":263,"geometry":{"type":"Point","coordinates":[-79.429929498638415,43.649885082094819]},"properties":{"OBJECTID":263}},{"type":"Feature","id":264,"geometry":{"type":"Point","coordinates":[-79.430357097949525,43.645548481574806]},"properties":{"OBJECTID":264}},{"type":"Feature","id":265,"geometry":{"type":"Point","coordinates":[-79.431569597939202,43.633297378951838]},"properties":{"OBJECTID":265}},{"type":"Feature","id":266,"geometry":{"type":"Point","coordinates":[-79.430316998281839,43.64544268164849]},"properties":{"OBJECTID":266}},{"type":"Feature","id":267,"geometry":{"type":"Point","coordinates":[-79.430007497788807,43.647969082104616]},"properties":{"OBJECTID":267}},{"type":"Feature","id":268,"geometry":{"type":"Point","coordinates":[-79.429825098798759,43.649584482127949]},"properties":{"OBJECTID":268}},{"type":"Feature","id":269,"geometry":{"type":"Point","coordinates":[-79.430056298669598,43.647216081769436]},"properties":{"OBJECTID":269}},{"type":"Feature","id":270,"geometry":{"type":"Point","coordinates":[-79.430279798186362,43.644980781654006]},"properties":{"OBJECTID":270}},{"type":"Feature","id":271,"geometry":{"type":"Point","coordinates":[-79.430879397497549,43.638233280338007]},"properties":{"OBJECTID":271}},{"type":"Feature","id":272,"geometry":{"type":"Point","coordinates":[-79.428575599276542,43.660888884574199]},"properties":{"OBJECTID":272}},{"type":"Feature","id":273,"geometry":{"type":"Point","coordinates":[-79.431237897075093,43.634496179683168]},"properties":{"OBJECTID":273}},{"type":"Feature","id":274,"geometry":{"type":"Point","coordinates":[-79.430030897999501,43.645967781205222]},"properties":{"OBJECTID":274}},{"type":"Feature","id":275,"geometry":{"type":"Point","coordinates":[-79.429673497867356,43.649203482045074]},"properties":{"OBJECTID":275}},{"type":"Feature","id":276,"geometry":{"type":"Point","coordinates":[-79.430116298189077,43.644509181773849]},"properties":{"OBJECTID":276}},{"type":"Feature","id":277,"geometry":{"type":"Point","coordinates":[-79.430750897275558,43.637869180001196]},"properties":{"OBJECTID":277}},{"type":"Feature","id":278,"geometry":{"type":"Point","coordinates":[-79.429669898744805,43.648050281822229]},"properties":{"OBJECTID":278}},{"type":"Feature","id":279,"geometry":{"type":"Point","coordinates":[-79.429247898129688,43.651746482501288]},"properties":{"OBJECTID":279}},{"type":"Feature","id":280,"geometry":{"type":"Point","coordinates":[-79.428501898777085,43.658979083703827]},"properties":{"OBJECTID":280}},{"type":"Feature","id":281,"geometry":{"type":"Point","coordinates":[-79.429847297733474,43.645470381966376]},"properties":{"OBJECTID":281}},{"type":"Feature","id":282,"geometry":{"type":"Point","coordinates":[-79.429288198260963,43.650932882429686]},"properties":{"OBJECTID":282}},{"type":"Feature","id":283,"geometry":{"type":"Point","coordinates":[-79.429499298569411,43.648760681777894]},"properties":{"OBJECTID":283}},{"type":"Feature","id":284,"geometry":{"type":"Point","coordinates":[-79.429332698870624,43.650397082437763]},"properties":{"OBJECTID":284}},{"type":"Feature","id":285,"geometry":{"type":"Point","coordinates":[-79.429205198575772,43.651397682632727]},"properties":{"OBJECTID":285}},{"type":"Feature","id":286,"geometry":{"type":"Point","coordinates":[-79.431070598043803,43.632901979294523]},"properties":{"OBJECTID":286}},{"type":"Feature","id":287,"geometry":{"type":"Point","coordinates":[-79.429538997787446,43.647680981857498]},"properties":{"OBJECTID":287}},{"type":"Feature","id":288,"geometry":{"type":"Point","coordinates":[-79.430111398216653,43.641926080868352]},"properties":{"OBJECTID":288}},{"type":"Feature","id":289,"geometry":{"type":"Point","coordinates":[-79.429707798021695,43.645099081593585]},"properties":{"OBJECTID":289}},{"type":"Feature","id":290,"geometry":{"type":"Point","coordinates":[-79.429685197933011,43.645037781091979]},"properties":{"OBJECTID":290}},{"type":"Feature","id":291,"geometry":{"type":"Point","coordinates":[-79.430353397900291,43.638345880282749]},"properties":{"OBJECTID":291}},{"type":"Feature","id":292,"geometry":{"type":"Point","coordinates":[-79.429152998681332,43.650056282388242]},"properties":{"OBJECTID":292}},{"type":"Feature","id":293,"geometry":{"type":"Point","coordinates":[-79.429425197531643,43.647337182124332]},"properties":{"OBJECTID":293}},{"type":"Feature","id":294,"geometry":{"type":"Point","coordinates":[-79.42799279947198,43.66101298431812]},"properties":{"OBJECTID":294}},{"type":"Feature","id":295,"geometry":{"type":"Point","coordinates":[-79.429948597729592,43.641509680799579]},"properties":{"OBJECTID":295}},{"type":"Feature","id":296,"geometry":{"type":"Point","coordinates":[-79.429271998072224,43.648129282243886]},"properties":{"OBJECTID":296}},{"type":"Feature","id":297,"geometry":{"type":"Point","coordinates":[-79.428976498125024,43.650995882850552]},"properties":{"OBJECTID":297}},{"type":"Feature","id":298,"geometry":{"type":"Point","coordinates":[-79.430834696921636,43.632405479177073]},"properties":{"OBJECTID":298}},{"type":"Feature","id":299,"geometry":{"type":"Point","coordinates":[-79.430581997456656,43.634631879722711]},"properties":{"OBJECTID":299}},{"type":"Feature","id":300,"geometry":{"type":"Point","coordinates":[-79.429531098122808,43.644632481667628]},"properties":{"OBJECTID":300}},{"type":"Feature","id":301,"geometry":{"type":"Point","coordinates":[-79.429070498005018,43.649172282059524]},"properties":{"OBJECTID":301}},{"type":"Feature","id":302,"geometry":{"type":"Point","coordinates":[-79.429140898654666,43.647765381900278]},"properties":{"OBJECTID":302}},{"type":"Feature","id":303,"geometry":{"type":"Point","coordinates":[-79.429949698228896,43.639478680285791]},"properties":{"OBJECTID":303}},{"type":"Feature","id":304,"geometry":{"type":"Point","coordinates":[-79.427914899306529,43.659547884399338]},"properties":{"OBJECTID":304}},{"type":"Feature","id":305,"geometry":{"type":"Point","coordinates":[-79.430463497739467,43.634312079617985]},"properties":{"OBJECTID":305}},{"type":"Feature","id":306,"geometry":{"type":"Point","coordinates":[-79.42894429876371,43.648865182008642]},"properties":{"OBJECTID":306}},{"type":"Feature","id":307,"geometry":{"type":"Point","coordinates":[-79.428862698087428,43.649161682554251]},"properties":{"OBJECTID":307}},{"type":"Feature","id":308,"geometry":{"type":"Point","coordinates":[-79.429364498369438,43.644197081111308]},"properties":{"OBJECTID":308}},{"type":"Feature","id":309,"geometry":{"type":"Point","coordinates":[-79.428559998111609,43.651941382856016]},"properties":{"OBJECTID":309}},{"type":"Feature","id":310,"geometry":{"type":"Point","coordinates":[-79.429842998015388,43.639228680832318]},"properties":{"OBJECTID":310}},{"type":"Feature","id":311,"geometry":{"type":"Point","coordinates":[-79.430333597330147,43.63396517962471]},"properties":{"OBJECTID":311}},{"type":"Feature","id":312,"geometry":{"type":"Point","coordinates":[-79.429801297397631,43.639107280780472]},"properties":{"OBJECTID":312}},{"type":"Feature","id":313,"geometry":{"type":"Point","coordinates":[-79.428817898024477,43.648484881904238]},"properties":{"OBJECTID":313}},{"type":"Feature","id":314,"geometry":{"type":"Point","coordinates":[-79.428943997642804,43.647231382006865]},"properties":{"OBJECTID":314}},{"type":"Feature","id":315,"geometry":{"type":"Point","coordinates":[-79.430395796710556,43.6324792792511]},"properties":{"OBJECTID":315}},{"type":"Feature","id":316,"geometry":{"type":"Point","coordinates":[-79.42771489861498,43.658628383543977]},"properties":{"OBJECTID":316}},{"type":"Feature","id":317,"geometry":{"type":"Point","coordinates":[-79.429209998409732,43.643796181226861]},"properties":{"OBJECTID":317}},{"type":"Feature","id":318,"geometry":{"type":"Point","coordinates":[-79.430190797240101,43.63358827929833]},"properties":{"OBJECTID":318}},{"type":"Feature","id":319,"geometry":{"type":"Point","coordinates":[-79.429472197138963,43.64028768041981]},"properties":{"OBJECTID":319}},{"type":"Feature","id":320,"geometry":{"type":"Point","coordinates":[-79.428565398461032,43.649199082001623]},"properties":{"OBJECTID":320}},{"type":"Feature","id":321,"geometry":{"type":"Point","coordinates":[-79.428915097845064,43.645654481943438]},"properties":{"OBJECTID":321}},{"type":"Feature","id":322,"geometry":{"type":"Point","coordinates":[-79.428201298356257,43.651967582510466]},"properties":{"OBJECTID":322}},{"type":"Feature","id":323,"geometry":{"type":"Point","coordinates":[-79.427539698273989,43.658186284022925]},"properties":{"OBJECTID":323}},{"type":"Feature","id":324,"geometry":{"type":"Point","coordinates":[-79.428873198100845,43.644295781606814]},"properties":{"OBJECTID":324}},{"type":"Feature","id":325,"geometry":{"type":"Point","coordinates":[-79.42875669803864,43.645228181817437]},"properties":{"OBJECTID":325}},{"type":"Feature","id":326,"geometry":{"type":"Point","coordinates":[-79.427286798075599,43.659235683671874]},"properties":{"OBJECTID":326}},{"type":"Feature","id":327,"geometry":{"type":"Point","coordinates":[-79.427941998619161,43.652535683071754]},"properties":{"OBJECTID":327}},{"type":"Feature","id":328,"geometry":{"type":"Point","coordinates":[-79.429031596939808,43.640884580723295]},"properties":{"OBJECTID":328}},{"type":"Feature","id":329,"geometry":{"type":"Point","coordinates":[-79.42830689843781,43.647931882431891]},"properties":{"OBJECTID":329}},{"type":"Feature","id":330,"geometry":{"type":"Point","coordinates":[-79.428365297791814,43.647350682107486]},"properties":{"OBJECTID":330}},{"type":"Feature","id":331,"geometry":{"type":"Point","coordinates":[-79.428105597994445,43.64990298235319]},"properties":{"OBJECTID":331}},{"type":"Feature","id":332,"geometry":{"type":"Point","coordinates":[-79.428713797146244,43.643893781468499]},"properties":{"OBJECTID":332}},{"type":"Feature","id":333,"geometry":{"type":"Point","coordinates":[-79.428603097918199,43.644817081779117]},"properties":{"OBJECTID":333}},{"type":"Feature","id":334,"geometry":{"type":"Point","coordinates":[-79.428114498015503,43.649560981948945]},"properties":{"OBJECTID":334}},{"type":"Feature","id":335,"geometry":{"type":"Point","coordinates":[-79.429122997236121,43.639370880590036]},"properties":{"OBJECTID":335}},{"type":"Feature","id":336,"geometry":{"type":"Point","coordinates":[-79.42685429865486,43.661734984621695]},"properties":{"OBJECTID":336}},{"type":"Feature","id":337,"geometry":{"type":"Point","coordinates":[-79.429921996729121,43.631415079489948]},"properties":{"OBJECTID":337}},{"type":"Feature","id":338,"geometry":{"type":"Point","coordinates":[-79.427401197944164,43.656188683190997]},"properties":{"OBJECTID":338}},{"type":"Feature","id":339,"geometry":{"type":"Point","coordinates":[-79.427764098146056,43.652063282511705]},"properties":{"OBJECTID":339}},{"type":"Feature","id":340,"geometry":{"type":"Point","coordinates":[-79.429126796995035,43.638584280392664]},"properties":{"OBJECTID":340}},{"type":"Feature","id":341,"geometry":{"type":"Point","coordinates":[-79.428362497805693,43.645755781933687]},"properties":{"OBJECTID":341}},{"type":"Feature","id":342,"geometry":{"type":"Point","coordinates":[-79.428116498054735,43.647962682484]},"properties":{"OBJECTID":342}},{"type":"Feature","id":343,"geometry":{"type":"Point","coordinates":[-79.427968797605587,43.64918718238237]},"properties":{"OBJECTID":343}},{"type":"Feature","id":344,"geometry":{"type":"Point","coordinates":[-79.428194997850341,43.64692218208387]},"properties":{"OBJECTID":344}},{"type":"Feature","id":345,"geometry":{"type":"Point","coordinates":[-79.428847397295172,43.640408480436534]},"properties":{"OBJECTID":345}},{"type":"Feature","id":346,"geometry":{"type":"Point","coordinates":[-79.428443497169297,43.64438258153978]},"properties":{"OBJECTID":346}},{"type":"Feature","id":347,"geometry":{"type":"Point","coordinates":[-79.428086797662161,43.647887782427603]},"properties":{"OBJECTID":347}},{"type":"Feature","id":348,"geometry":{"type":"Point","coordinates":[-79.427652398651077,43.651956982579328]},"properties":{"OBJECTID":348}},{"type":"Feature","id":349,"geometry":{"type":"Point","coordinates":[-79.427924797499301,43.649069682688051]},"properties":{"OBJECTID":349}},{"type":"Feature","id":350,"geometry":{"type":"Point","coordinates":[-79.426680999062995,43.661294384251448]},"properties":{"OBJECTID":350}},{"type":"Feature","id":351,"geometry":{"type":"Point","coordinates":[-79.426910098647497,43.658277984038101]},"properties":{"OBJECTID":351}},{"type":"Feature","id":352,"geometry":{"type":"Point","coordinates":[-79.429343297137081,43.634174379221712]},"properties":{"OBJECTID":352}},{"type":"Feature","id":353,"geometry":{"type":"Point","coordinates":[-79.428845097654232,43.638658280133569]},"properties":{"OBJECTID":353}},{"type":"Feature","id":354,"geometry":{"type":"Point","coordinates":[-79.428283497271309,43.643978680908717]},"properties":{"OBJECTID":354}},{"type":"Feature","id":355,"geometry":{"type":"Point","coordinates":[-79.428153097771997,43.645230681197226]},"properties":{"OBJECTID":355}},{"type":"Feature","id":356,"geometry":{"type":"Point","coordinates":[-79.428458696909829,43.641804280948733]},"properties":{"OBJECTID":356}},{"type":"Feature","id":357,"geometry":{"type":"Point","coordinates":[-79.429228997041875,43.634195779303354]},"properties":{"OBJECTID":357}},{"type":"Feature","id":358,"geometry":{"type":"Point","coordinates":[-79.427473498416731,43.651316983070551]},"properties":{"OBJECTID":358}},{"type":"Feature","id":359,"geometry":{"type":"Point","coordinates":[-79.426687998100235,43.658914384451165]},"properties":{"OBJECTID":359}},{"type":"Feature","id":360,"geometry":{"type":"Point","coordinates":[-79.426908198380758,43.65663818341681]},"properties":{"OBJECTID":360}},{"type":"Feature","id":361,"geometry":{"type":"Point","coordinates":[-79.428545197495268,43.640472580846456]},"properties":{"OBJECTID":361}},{"type":"Feature","id":362,"geometry":{"type":"Point","coordinates":[-79.427697497787179,43.648483182040678]},"properties":{"OBJECTID":362}},{"type":"Feature","id":363,"geometry":{"type":"Point","coordinates":[-79.428040397841983,43.644923981622782]},"properties":{"OBJECTID":363}},{"type":"Feature","id":364,"geometry":{"type":"Point","coordinates":[-79.428360197661604,43.641553180565126]},"properties":{"OBJECTID":364}},{"type":"Feature","id":365,"geometry":{"type":"Point","coordinates":[-79.427784797959703,43.647006581626322]},"properties":{"OBJECTID":365}},{"type":"Feature","id":366,"geometry":{"type":"Point","coordinates":[-79.429034896632601,43.633671779553403]},"properties":{"OBJECTID":366}},{"type":"Feature","id":367,"geometry":{"type":"Point","coordinates":[-79.42764899803899,43.647177382413837]},"properties":{"OBJECTID":367}},{"type":"Feature","id":368,"geometry":{"type":"Point","coordinates":[-79.42645239822825,43.658962584056361]},"properties":{"OBJECTID":368}},{"type":"Feature","id":369,"geometry":{"type":"Point","coordinates":[-79.428370397708321,43.640002980639885]},"properties":{"OBJECTID":369}},{"type":"Feature","id":370,"geometry":{"type":"Point","coordinates":[-79.427413498170566,43.649151282406663]},"properties":{"OBJECTID":370}},{"type":"Feature","id":371,"geometry":{"type":"Point","coordinates":[-79.429180096364419,43.63147217886857]},"properties":{"OBJECTID":371}},{"type":"Feature","id":372,"geometry":{"type":"Point","coordinates":[-79.427385997736337,43.649017582532217]},"properties":{"OBJECTID":372}},{"type":"Feature","id":373,"geometry":{"type":"Point","coordinates":[-79.426319097834579,43.658992984140703]},"properties":{"OBJECTID":373}},{"type":"Feature","id":374,"geometry":{"type":"Point","coordinates":[-79.426029198632818,43.661439784599771]},"properties":{"OBJECTID":374}},{"type":"Feature","id":375,"geometry":{"type":"Point","coordinates":[-79.427505997480694,43.646743381707481]},"properties":{"OBJECTID":375}},{"type":"Feature","id":376,"geometry":{"type":"Point","coordinates":[-79.427507397584876,43.646689381812429]},"properties":{"OBJECTID":376}},{"type":"Feature","id":377,"geometry":{"type":"Point","coordinates":[-79.42749689782913,43.646617281870277]},"properties":{"OBJECTID":377}},{"type":"Feature","id":378,"geometry":{"type":"Point","coordinates":[-79.427455297704327,43.646787781499604]},"properties":{"OBJECTID":378}},{"type":"Feature","id":379,"geometry":{"type":"Point","coordinates":[-79.426250597514709,43.658416184220094]},"properties":{"OBJECTID":379}},{"type":"Feature","id":380,"geometry":{"type":"Point","coordinates":[-79.42769999702864,43.644097681502032]},"properties":{"OBJECTID":380}},{"type":"Feature","id":381,"geometry":{"type":"Point","coordinates":[-79.427348297004258,43.64756058197802]},"properties":{"OBJECTID":381}},{"type":"Feature","id":382,"geometry":{"type":"Point","coordinates":[-79.427567496976934,43.645339681747323]},"properties":{"OBJECTID":382}},{"type":"Feature","id":383,"geometry":{"type":"Point","coordinates":[-79.426745998093608,43.653181083344144]},"properties":{"OBJECTID":383}},{"type":"Feature","id":384,"geometry":{"type":"Point","coordinates":[-79.427380696884484,43.646795681876149]},"properties":{"OBJECTID":384}},{"type":"Feature","id":385,"geometry":{"type":"Point","coordinates":[-79.428642296299259,43.63430717971027]},"properties":{"OBJECTID":385}},{"type":"Feature","id":386,"geometry":{"type":"Point","coordinates":[-79.427131097938542,43.649142082036803]},"properties":{"OBJECTID":386}},{"type":"Feature","id":387,"geometry":{"type":"Point","coordinates":[-79.426825997533697,43.652132983207359]},"properties":{"OBJECTID":387}},{"type":"Feature","id":388,"geometry":{"type":"Point","coordinates":[-79.42740429787689,43.646382782139824]},"properties":{"OBJECTID":388}},{"type":"Feature","id":389,"geometry":{"type":"Point","coordinates":[-79.427984497250506,43.640585080742774]},"properties":{"OBJECTID":389}},{"type":"Feature","id":390,"geometry":{"type":"Point","coordinates":[-79.425994398568022,43.659517184263919]},"properties":{"OBJECTID":390}},{"type":"Feature","id":391,"geometry":{"type":"Point","coordinates":[-79.427232096974123,43.647261882370529]},"properties":{"OBJECTID":391}},{"type":"Feature","id":392,"geometry":{"type":"Point","coordinates":[-79.425839597576925,43.660850184806506]},"properties":{"OBJECTID":392}},{"type":"Feature","id":393,"geometry":{"type":"Point","coordinates":[-79.427987997157004,43.639193380980103]},"properties":{"OBJECTID":393}},{"type":"Feature","id":394,"geometry":{"type":"Point","coordinates":[-79.426897998148945,43.649889482486543]},"properties":{"OBJECTID":394}},{"type":"Feature","id":395,"geometry":{"type":"Point","coordinates":[-79.427028597728906,43.648232282186918]},"properties":{"OBJECTID":395}},{"type":"Feature","id":396,"geometry":{"type":"Point","coordinates":[-79.42619039734349,43.656453983601295]},"properties":{"OBJECTID":396}},{"type":"Feature","id":397,"geometry":{"type":"Point","coordinates":[-79.428438096071076,43.633754579629105]},"properties":{"OBJECTID":397}},{"type":"Feature","id":398,"geometry":{"type":"Point","coordinates":[-79.42639969769813,43.653615383343265]},"properties":{"OBJECTID":398}},{"type":"Feature","id":399,"geometry":{"type":"Point","coordinates":[-79.427183597701216,43.645822381950218]},"properties":{"OBJECTID":399}},{"type":"Feature","id":400,"geometry":{"type":"Point","coordinates":[-79.426918197238365,43.648244781901006]},"properties":{"OBJECTID":400}},{"type":"Feature","id":401,"geometry":{"type":"Point","coordinates":[-79.42705649705897,43.646863281697122]},"properties":{"OBJECTID":401}},{"type":"Feature","id":402,"geometry":{"type":"Point","coordinates":[-79.426575597248757,43.651511682898523]},"properties":{"OBJECTID":402}},{"type":"Feature","id":403,"geometry":{"type":"Point","coordinates":[-79.425953598004327,43.657644684177306]},"properties":{"OBJECTID":403}},{"type":"Feature","id":404,"geometry":{"type":"Point","coordinates":[-79.426770697381357,43.649507582066001]},"properties":{"OBJECTID":404}},{"type":"Feature","id":405,"geometry":{"type":"Point","coordinates":[-79.428120297223984,43.635982679624711]},"properties":{"OBJECTID":405}},{"type":"Feature","id":406,"geometry":{"type":"Point","coordinates":[-79.426808497580296,43.648275981798442]},"properties":{"OBJECTID":406}},{"type":"Feature","id":407,"geometry":{"type":"Point","coordinates":[-79.425448098752952,43.661572384281477]},"properties":{"OBJECTID":407}},{"type":"Feature","id":408,"geometry":{"type":"Point","coordinates":[-79.426263297848934,43.653286482674787]},"properties":{"OBJECTID":408}},{"type":"Feature","id":409,"geometry":{"type":"Point","coordinates":[-79.427031396856336,43.645449282042975]},"properties":{"OBJECTID":409}},{"type":"Feature","id":410,"geometry":{"type":"Point","coordinates":[-79.427280796932706,43.642949681649455]},"properties":{"OBJECTID":410}},{"type":"Feature","id":411,"geometry":{"type":"Point","coordinates":[-79.42725739690917,43.642885581488279]},"properties":{"OBJECTID":411}},{"type":"Feature","id":412,"geometry":{"type":"Point","coordinates":[-79.426648896916731,43.648703482225436]},"properties":{"OBJECTID":412}},{"type":"Feature","id":413,"geometry":{"type":"Point","coordinates":[-79.428239796107007,43.632973679575421]},"properties":{"OBJECTID":413}},{"type":"Feature","id":414,"geometry":{"type":"Point","coordinates":[-79.42808259710344,43.63441848003837]},"properties":{"OBJECTID":414}},{"type":"Feature","id":415,"geometry":{"type":"Point","coordinates":[-79.426802896997259,43.646508881821113]},"properties":{"OBJECTID":415}},{"type":"Feature","id":416,"geometry":{"type":"Point","coordinates":[-79.427491596698829,43.639292580875043]},"properties":{"OBJECTID":416}},{"type":"Feature","id":417,"geometry":{"type":"Point","coordinates":[-79.42689139726248,43.645085582029232]},"properties":{"OBJECTID":417}},{"type":"Feature","id":418,"geometry":{"type":"Point","coordinates":[-79.427108896913694,43.642522981412739]},"properties":{"OBJECTID":418}},{"type":"Feature","id":419,"geometry":{"type":"Point","coordinates":[-79.427827496438567,43.635218079486457]},"properties":{"OBJECTID":419}},{"type":"Feature","id":420,"geometry":{"type":"Point","coordinates":[-79.426048597892049,43.652732583364475]},"properties":{"OBJECTID":420}},{"type":"Feature","id":421,"geometry":{"type":"Point","coordinates":[-79.426952197362752,43.64378458123938]},"properties":{"OBJECTID":421}},{"type":"Feature","id":422,"geometry":{"type":"Point","coordinates":[-79.425384198340353,43.65918248436278]},"properties":{"OBJECTID":422}},{"type":"Feature","id":423,"geometry":{"type":"Point","coordinates":[-79.426578596926149,43.647394981686041]},"properties":{"OBJECTID":423}},{"type":"Feature","id":424,"geometry":{"type":"Point","coordinates":[-79.427361897040043,43.638962080800226]},"properties":{"OBJECTID":424}},{"type":"Feature","id":425,"geometry":{"type":"Point","coordinates":[-79.427865596478853,43.633853179183241]},"properties":{"OBJECTID":425}},{"type":"Feature","id":426,"geometry":{"type":"Point","coordinates":[-79.428158396545442,43.630949179447278]},"properties":{"OBJECTID":426}},{"type":"Feature","id":427,"geometry":{"type":"Point","coordinates":[-79.426329296887928,43.648537881803882]},"properties":{"OBJECTID":427}},{"type":"Feature","id":428,"geometry":{"type":"Point","coordinates":[-79.426582696658286,43.645938781851221]},"properties":{"OBJECTID":428}},{"type":"Feature","id":429,"geometry":{"type":"Point","coordinates":[-79.425220998221533,43.659216084454386]},"properties":{"OBJECTID":429}},{"type":"Feature","id":430,"geometry":{"type":"Point","coordinates":[-79.425864097129349,43.65225728295875]},"properties":{"OBJECTID":430}},{"type":"Feature","id":431,"geometry":{"type":"Point","coordinates":[-79.426358696938735,43.646997781562334]},"properties":{"OBJECTID":431}},{"type":"Feature","id":432,"geometry":{"type":"Point","coordinates":[-79.424850298295254,43.661736184583319]},"properties":{"OBJECTID":432}},{"type":"Feature","id":433,"geometry":{"type":"Point","coordinates":[-79.426005997455945,43.650054182703542]},"properties":{"OBJECTID":433}},{"type":"Feature","id":434,"geometry":{"type":"Point","coordinates":[-79.425070898038214,43.659254184034459]},"properties":{"OBJECTID":434}},{"type":"Feature","id":435,"geometry":{"type":"Point","coordinates":[-79.427575896788554,43.634523379410254]},"properties":{"OBJECTID":435}},{"type":"Feature","id":436,"geometry":{"type":"Point","coordinates":[-79.427462195960175,43.634543479289455]},"properties":{"OBJECTID":436}},{"type":"Feature","id":437,"geometry":{"type":"Point","coordinates":[-79.426217396873312,43.646631081762976]},"properties":{"OBJECTID":437}},{"type":"Feature","id":438,"geometry":{"type":"Point","coordinates":[-79.425889197604164,43.649763582358815]},"properties":{"OBJECTID":438}},{"type":"Feature","id":439,"geometry":{"type":"Point","coordinates":[-79.425643497067327,43.651710083122417]},"properties":{"OBJECTID":439}},{"type":"Feature","id":440,"geometry":{"type":"Point","coordinates":[-79.42630009652693,43.64520398208321]},"properties":{"OBJECTID":440}},{"type":"Feature","id":441,"geometry":{"type":"Point","coordinates":[-79.426715396280358,43.641092880476968]},"properties":{"OBJECTID":441}},{"type":"Feature","id":442,"geometry":{"type":"Point","coordinates":[-79.424934998028903,43.658462483758314]},"properties":{"OBJECTID":442}},{"type":"Feature","id":443,"geometry":{"type":"Point","coordinates":[-79.42670139733579,43.64101068066649]},"properties":{"OBJECTID":443}},{"type":"Feature","id":444,"geometry":{"type":"Point","coordinates":[-79.426669496159903,43.641229280795272]},"properties":{"OBJECTID":444}},{"type":"Feature","id":445,"geometry":{"type":"Point","coordinates":[-79.425810096937269,43.64948428264055]},"properties":{"OBJECTID":445}},{"type":"Feature","id":446,"geometry":{"type":"Point","coordinates":[-79.424763797519319,43.659782084004057]},"properties":{"OBJECTID":446}},{"type":"Feature","id":447,"geometry":{"type":"Point","coordinates":[-79.425694697472579,43.650536082833554]},"properties":{"OBJECTID":447}},{"type":"Feature","id":448,"geometry":{"type":"Point","coordinates":[-79.427429596048199,43.633332979418874]},"properties":{"OBJECTID":448}},{"type":"Feature","id":449,"geometry":{"type":"Point","coordinates":[-79.42554469697464,43.651449482850829]},"properties":{"OBJECTID":449}},{"type":"Feature","id":450,"geometry":{"type":"Point","coordinates":[-79.42593639712743,43.647524781989191]},"properties":{"OBJECTID":450}},{"type":"Feature","id":451,"geometry":{"type":"Point","coordinates":[-79.425913797109843,43.647444182005863]},"properties":{"OBJECTID":451}},{"type":"Feature","id":452,"geometry":{"type":"Point","coordinates":[-79.425799897236345,43.648520681882012]},"properties":{"OBJECTID":452}},{"type":"Feature","id":453,"geometry":{"type":"Point","coordinates":[-79.427261996647545,43.633972679976999]},"properties":{"OBJECTID":453}},{"type":"Feature","id":454,"geometry":{"type":"Point","coordinates":[-79.424655897586362,43.659513084314554]},"properties":{"OBJECTID":454}},{"type":"Feature","id":455,"geometry":{"type":"Point","coordinates":[-79.424921697845008,43.656710883785493]},"properties":{"OBJECTID":455}},{"type":"Feature","id":456,"geometry":{"type":"Point","coordinates":[-79.425985396754172,43.646053681837678]},"properties":{"OBJECTID":456}},{"type":"Feature","id":457,"geometry":{"type":"Point","coordinates":[-79.425174697470837,43.653869382901789]},"properties":{"OBJECTID":457}},{"type":"Feature","id":458,"geometry":{"type":"Point","coordinates":[-79.425784997071702,43.647124881967571]},"properties":{"OBJECTID":458}},{"type":"Feature","id":459,"geometry":{"type":"Point","coordinates":[-79.425488197154777,43.650010482528572]},"properties":{"OBJECTID":459}},{"type":"Feature","id":460,"geometry":{"type":"Point","coordinates":[-79.424248097578783,43.661867184676616]},"properties":{"OBJECTID":460}},{"type":"Feature","id":461,"geometry":{"type":"Point","coordinates":[-79.427297495731253,43.631703879228318]},"properties":{"OBJECTID":461}},{"type":"Feature","id":462,"geometry":{"type":"Point","coordinates":[-79.425426897041547,43.649865382075028]},"properties":{"OBJECTID":462}},{"type":"Feature","id":463,"geometry":{"type":"Point","coordinates":[-79.42506479680462,43.653384982795032]},"properties":{"OBJECTID":463}},{"type":"Feature","id":464,"geometry":{"type":"Point","coordinates":[-79.425834696833789,43.645693982108128]},"properties":{"OBJECTID":464}},{"type":"Feature","id":465,"geometry":{"type":"Point","coordinates":[-79.426093796186791,43.643124081128221]},"properties":{"OBJECTID":465}},{"type":"Feature","id":466,"geometry":{"type":"Point","coordinates":[-79.426915496766,43.634639979878685]},"properties":{"OBJECTID":466}},{"type":"Feature","id":467,"geometry":{"type":"Point","coordinates":[-79.426641396343541,43.637076580415929]},"properties":{"OBJECTID":467}},{"type":"Feature","id":468,"geometry":{"type":"Point","coordinates":[-79.425614796334003,43.646751581807365]},"properties":{"OBJECTID":468}},{"type":"Feature","id":469,"geometry":{"type":"Point","coordinates":[-79.425961296264575,43.642762381330137]},"properties":{"OBJECTID":469}},{"type":"Feature","id":470,"geometry":{"type":"Point","coordinates":[-79.425696296277579,43.645324681469411]},"properties":{"OBJECTID":470}},{"type":"Feature","id":471,"geometry":{"type":"Point","coordinates":[-79.425040497678282,43.651552783233761]},"properties":{"OBJECTID":471}},{"type":"Feature","id":472,"geometry":{"type":"Point","coordinates":[-79.424319797145131,43.658584684117642]},"properties":{"OBJECTID":472}},{"type":"Feature","id":473,"geometry":{"type":"Point","coordinates":[-79.426225296059073,43.639770980980202]},"properties":{"OBJECTID":473}},{"type":"Feature","id":474,"geometry":{"type":"Point","coordinates":[-79.424308297886171,43.658548484394551]},"properties":{"OBJECTID":474}},{"type":"Feature","id":475,"geometry":{"type":"Point","coordinates":[-79.426708596167174,43.634085979832996]},"properties":{"OBJECTID":475}},{"type":"Feature","id":476,"geometry":{"type":"Point","coordinates":[-79.425058796690848,43.65023928293536]},"properties":{"OBJECTID":476}},{"type":"Feature","id":477,"geometry":{"type":"Point","coordinates":[-79.425348996971067,43.647199882251662]},"properties":{"OBJECTID":477}},{"type":"Feature","id":478,"geometry":{"type":"Point","coordinates":[-79.424041896992762,43.659640083932246]},"properties":{"OBJECTID":478}},{"type":"Feature","id":479,"geometry":{"type":"Point","coordinates":[-79.425398296807828,43.646174081514559]},"properties":{"OBJECTID":479}},{"type":"Feature","id":480,"geometry":{"type":"Point","coordinates":[-79.425261997192166,43.647207782452284]},"properties":{"OBJECTID":480}},{"type":"Feature","id":481,"geometry":{"type":"Point","coordinates":[-79.426358495635114,43.636333479876164]},"properties":{"OBJECTID":481}},{"type":"Feature","id":482,"geometry":{"type":"Point","coordinates":[-79.424855796951192,43.651077583129911]},"properties":{"OBJECTID":482}},{"type":"Feature","id":483,"geometry":{"type":"Point","coordinates":[-79.426040696076214,43.639231980275028]},"properties":{"OBJECTID":483}},{"type":"Feature","id":484,"geometry":{"type":"Point","coordinates":[-79.42522509669547,43.647198181821913]},"properties":{"OBJECTID":484}},{"type":"Feature","id":485,"geometry":{"type":"Point","coordinates":[-79.424936797088449,43.649968282913065]},"properties":{"OBJECTID":485}},{"type":"Feature","id":486,"geometry":{"type":"Point","coordinates":[-79.424820997638562,43.650997182842822]},"properties":{"OBJECTID":486}},{"type":"Feature","id":487,"geometry":{"type":"Point","coordinates":[-79.425176197378974,43.647170581883508]},"properties":{"OBJECTID":487}},{"type":"Feature","id":488,"geometry":{"type":"Point","coordinates":[-79.423660097954738,43.661985885198618]},"properties":{"OBJECTID":488}},{"type":"Feature","id":489,"geometry":{"type":"Point","coordinates":[-79.42488199695687,43.649821382589749]},"properties":{"OBJECTID":489}},{"type":"Feature","id":490,"geometry":{"type":"Point","coordinates":[-79.425152097280247,43.647143182273929]},"properties":{"OBJECTID":490}},{"type":"Feature","id":491,"geometry":{"type":"Point","coordinates":[-79.425523196932616,43.643243381333924]},"properties":{"OBJECTID":491}},{"type":"Feature","id":492,"geometry":{"type":"Point","coordinates":[-79.425128496814068,43.647097882061885]},"properties":{"OBJECTID":492}},{"type":"Feature","id":493,"geometry":{"type":"Point","coordinates":[-79.425048296331227,43.646863982275278]},"properties":{"OBJECTID":493}},{"type":"Feature","id":494,"geometry":{"type":"Point","coordinates":[-79.424711197031357,43.649443182927733]},"properties":{"OBJECTID":494}},{"type":"Feature","id":495,"geometry":{"type":"Point","coordinates":[-79.425110997169099,43.645446082096242]},"properties":{"OBJECTID":495}},{"type":"Feature","id":496,"geometry":{"type":"Point","coordinates":[-79.423866397620102,43.657415983633506]},"properties":{"OBJECTID":496}},{"type":"Feature","id":497,"geometry":{"type":"Point","coordinates":[-79.426075796256782,43.635598580294577]},"properties":{"OBJECTID":497}},{"type":"Feature","id":498,"geometry":{"type":"Point","coordinates":[-79.424100197611352,43.654598283830381]},"properties":{"OBJECTID":498}},{"type":"Feature","id":499,"geometry":{"type":"Point","coordinates":[-79.423669196771669,43.658675483764014]},"properties":{"OBJECTID":499}},{"type":"Feature","id":500,"geometry":{"type":"Point","coordinates":[-79.424848896986845,43.646362082255131]},"properties":{"OBJECTID":500}},{"type":"Feature","id":501,"geometry":{"type":"Point","coordinates":[-79.424674397063072,43.648023081962691]},"properties":{"OBJECTID":501}},{"type":"Feature","id":502,"geometry":{"type":"Point","coordinates":[-79.423750697585234,43.657109184147821]},"properties":{"OBJECTID":502}},{"type":"Feature","id":503,"geometry":{"type":"Point","coordinates":[-79.424297097428465,43.651697383301993]},"properties":{"OBJECTID":503}},{"type":"Feature","id":504,"geometry":{"type":"Point","coordinates":[-79.423449797271033,43.659773284733745]},"properties":{"OBJECTID":504}},{"type":"Feature","id":505,"geometry":{"type":"Point","coordinates":[-79.424815396421508,43.646293482188717]},"properties":{"OBJECTID":505}},{"type":"Feature","id":506,"geometry":{"type":"Point","coordinates":[-79.424669096954872,43.647682681986389]},"properties":{"OBJECTID":506}},{"type":"Feature","id":507,"geometry":{"type":"Point","coordinates":[-79.423691996902846,43.656982284134287]},"properties":{"OBJECTID":507}},{"type":"Feature","id":508,"geometry":{"type":"Point","coordinates":[-79.425275295968149,43.640837280853361]},"properties":{"OBJECTID":508}},{"type":"Feature","id":509,"geometry":{"type":"Point","coordinates":[-79.423924597350108,43.654138483776009]},"properties":{"OBJECTID":509}},{"type":"Feature","id":510,"geometry":{"type":"Point","coordinates":[-79.423093697588641,43.662155384447118]},"properties":{"OBJECTID":510}},{"type":"Feature","id":511,"geometry":{"type":"Point","coordinates":[-79.424559496978731,43.647705882476984]},"properties":{"OBJECTID":511}},{"type":"Feature","id":512,"geometry":{"type":"Point","coordinates":[-79.42307769698219,43.662117084999359]},"properties":{"OBJECTID":512}},{"type":"Feature","id":513,"geometry":{"type":"Point","coordinates":[-79.423059297324343,43.662066785048943]},"properties":{"OBJECTID":513}},{"type":"Feature","id":514,"geometry":{"type":"Point","coordinates":[-79.424141097012466,43.65123268239379]},"properties":{"OBJECTID":514}},{"type":"Feature","id":515,"geometry":{"type":"Point","coordinates":[-79.425795996481654,43.634894180300776]},"properties":{"OBJECTID":515}},{"type":"Feature","id":516,"geometry":{"type":"Point","coordinates":[-79.424675496504008,43.645930081792045]},"properties":{"OBJECTID":516}},{"type":"Feature","id":517,"geometry":{"type":"Point","coordinates":[-79.424928396286091,43.64336748107737]},"properties":{"OBJECTID":517}},{"type":"Feature","id":518,"geometry":{"type":"Point","coordinates":[-79.423696396855931,43.655381783989085]},"properties":{"OBJECTID":518}},{"type":"Feature","id":519,"geometry":{"type":"Point","coordinates":[-79.424194596856353,43.650399482475784]},"properties":{"OBJECTID":519}},{"type":"Feature","id":520,"geometry":{"type":"Point","coordinates":[-79.424544196516479,43.645617581739621]},"properties":{"OBJECTID":520}},{"type":"Feature","id":521,"geometry":{"type":"Point","coordinates":[-79.424524396395327,43.645568881916219]},"properties":{"OBJECTID":521}},{"type":"Feature","id":522,"geometry":{"type":"Point","coordinates":[-79.424782296465892,43.643001481634897]},"properties":{"OBJECTID":522}},{"type":"Feature","id":523,"geometry":{"type":"Point","coordinates":[-79.423278996828202,43.657680084073149]},"properties":{"OBJECTID":523}},{"type":"Feature","id":524,"geometry":{"type":"Point","coordinates":[-79.425324995599823,43.637359380503014]},"properties":{"OBJECTID":524}},{"type":"Feature","id":525,"geometry":{"type":"Point","coordinates":[-79.424024197311851,43.64998268241721]},"properties":{"OBJECTID":525}},{"type":"Feature","id":526,"geometry":{"type":"Point","coordinates":[-79.423086297427844,43.658801784300302]},"properties":{"OBJECTID":526}},{"type":"Feature","id":527,"geometry":{"type":"Point","coordinates":[-79.424978196142305,43.640016181239325]},"properties":{"OBJECTID":527}},{"type":"Feature","id":528,"geometry":{"type":"Point","coordinates":[-79.423904996473155,43.650465183040417]},"properties":{"OBJECTID":528}},{"type":"Feature","id":529,"geometry":{"type":"Point","coordinates":[-79.423960896299803,43.649829382260592]},"properties":{"OBJECTID":529}},{"type":"Feature","id":530,"geometry":{"type":"Point","coordinates":[-79.423988696355963,43.649432182161583]},"properties":{"OBJECTID":530}},{"type":"Feature","id":531,"geometry":{"type":"Point","coordinates":[-79.423690797170295,43.651814082837376]},"properties":{"OBJECTID":531}},{"type":"Feature","id":532,"geometry":{"type":"Point","coordinates":[-79.424226195824659,43.646487182401131]},"properties":{"OBJECTID":532}},{"type":"Feature","id":533,"geometry":{"type":"Point","coordinates":[-79.422843196989049,43.659891284589463]},"properties":{"OBJECTID":533}},{"type":"Feature","id":534,"geometry":{"type":"Point","coordinates":[-79.423105597521754,43.657225784309787]},"properties":{"OBJECTID":534}},{"type":"Feature","id":535,"geometry":{"type":"Point","coordinates":[-79.424054897053892,43.647812382209736]},"properties":{"OBJECTID":535}},{"type":"Feature","id":536,"geometry":{"type":"Point","coordinates":[-79.424831995602531,43.639467480351371]},"properties":{"OBJECTID":536}},{"type":"Feature","id":537,"geometry":{"type":"Point","coordinates":[-79.423796596103969,43.64942088263971]},"properties":{"OBJECTID":537}},{"type":"Feature","id":538,"geometry":{"type":"Point","coordinates":[-79.421536897452143,43.6716271866974]},"properties":{"OBJECTID":538}},{"type":"Feature","id":539,"geometry":{"type":"Point","coordinates":[-79.423818897049173,43.648973582423153]},"properties":{"OBJECTID":539}},{"type":"Feature","id":540,"geometry":{"type":"Point","coordinates":[-79.422464397266722,43.662191984970121]},"properties":{"OBJECTID":540}},{"type":"Feature","id":541,"geometry":{"type":"Point","coordinates":[-79.425536696117845,43.631865679153982]},"properties":{"OBJECTID":541}},{"type":"Feature","id":542,"geometry":{"type":"Point","coordinates":[-79.425738995198287,43.629734979015637]},"properties":{"OBJECTID":542}},{"type":"Feature","id":543,"geometry":{"type":"Point","coordinates":[-79.423683896153079,43.649887382179656]},"properties":{"OBJECTID":543}},{"type":"Feature","id":544,"geometry":{"type":"Point","coordinates":[-79.42437159633424,43.643085981688905]},"properties":{"OBJECTID":544}},{"type":"Feature","id":545,"geometry":{"type":"Point","coordinates":[-79.424313196591541,43.643485981491878]},"properties":{"OBJECTID":545}},{"type":"Feature","id":546,"geometry":{"type":"Point","coordinates":[-79.424035896001996,43.64607508206128]},"properties":{"OBJECTID":546}},{"type":"Feature","id":547,"geometry":{"type":"Point","coordinates":[-79.423083696444564,43.655426983751532]},"properties":{"OBJECTID":547}},{"type":"Feature","id":548,"geometry":{"type":"Point","coordinates":[-79.423910296367183,43.645744081539306]},"properties":{"OBJECTID":548}},{"type":"Feature","id":549,"geometry":{"type":"Point","coordinates":[-79.42377039592354,43.647081781960928]},"properties":{"OBJECTID":549}},{"type":"Feature","id":550,"geometry":{"type":"Point","coordinates":[-79.424200296206465,43.642627281139013]},"properties":{"OBJECTID":550}},{"type":"Feature","id":551,"geometry":{"type":"Point","coordinates":[-79.422464297335864,43.658918884590065]},"properties":{"OBJECTID":551}},{"type":"Feature","id":552,"geometry":{"type":"Point","coordinates":[-79.422870796595404,43.65485948382463]},"properties":{"OBJECTID":552}},{"type":"Feature","id":553,"geometry":{"type":"Point","coordinates":[-79.421227497977327,43.670788386112825]},"properties":{"OBJECTID":553}},{"type":"Feature","id":554,"geometry":{"type":"Point","coordinates":[-79.422040197106014,43.662778784774773]},"properties":{"OBJECTID":554}},{"type":"Feature","id":555,"geometry":{"type":"Point","coordinates":[-79.422845296830616,43.654793783816153]},"properties":{"OBJECTID":555}},{"type":"Feature","id":556,"geometry":{"type":"Point","coordinates":[-79.422261896433682,43.660007884288753]},"properties":{"OBJECTID":556}},{"type":"Feature","id":557,"geometry":{"type":"Point","coordinates":[-79.42321389668173,43.65060998307267]},"properties":{"OBJECTID":557}},{"type":"Feature","id":558,"geometry":{"type":"Point","coordinates":[-79.422517296229614,43.657326284383956]},"properties":{"OBJECTID":558}},{"type":"Feature","id":559,"geometry":{"type":"Point","coordinates":[-79.423593296307672,43.646620682276435]},"properties":{"OBJECTID":559}},{"type":"Feature","id":560,"geometry":{"type":"Point","coordinates":[-79.42326979614046,43.649706082982156]},"properties":{"OBJECTID":560}},{"type":"Feature","id":561,"geometry":{"type":"Point","coordinates":[-79.4234824966547,43.647576581844582]},"properties":{"OBJECTID":561}},{"type":"Feature","id":562,"geometry":{"type":"Point","coordinates":[-79.4232396967613,43.649403682913636]},"properties":{"OBJECTID":562}},{"type":"Feature","id":563,"geometry":{"type":"Point","coordinates":[-79.421089997989768,43.670427186623847]},"properties":{"OBJECTID":563}},{"type":"Feature","id":564,"geometry":{"type":"Point","coordinates":[-79.420948897236457,43.671737786629222]},"properties":{"OBJECTID":564}},{"type":"Feature","id":565,"geometry":{"type":"Point","coordinates":[-79.425097195721165,43.630737279275301]},"properties":{"OBJECTID":565}},{"type":"Feature","id":566,"geometry":{"type":"Point","coordinates":[-79.421880997465138,43.662411284560015]},"properties":{"OBJECTID":566}},{"type":"Feature","id":567,"geometry":{"type":"Point","coordinates":[-79.422692997163679,43.654402483861581]},"properties":{"OBJECTID":567}},{"type":"Feature","id":568,"geometry":{"type":"Point","coordinates":[-79.422272696674909,43.658394184212945]},"properties":{"OBJECTID":568}},{"type":"Feature","id":569,"geometry":{"type":"Point","coordinates":[-79.424883395349994,43.632632479126386]},"properties":{"OBJECTID":569}},{"type":"Feature","id":570,"geometry":{"type":"Point","coordinates":[-79.421847697442118,43.662326884478638]},"properties":{"OBJECTID":570}},{"type":"Feature","id":571,"geometry":{"type":"Point","coordinates":[-79.423744595699091,43.643594281725441]},"properties":{"OBJECTID":571}},{"type":"Feature","id":572,"geometry":{"type":"Point","coordinates":[-79.423297696483857,43.647664382470971]},"properties":{"OBJECTID":572}},{"type":"Feature","id":573,"geometry":{"type":"Point","coordinates":[-79.423336096400931,43.647181882452365]},"properties":{"OBJECTID":573}},{"type":"Feature","id":574,"geometry":{"type":"Point","coordinates":[-79.423430595836223,43.646196682352418]},"properties":{"OBJECTID":574}},{"type":"Feature","id":575,"geometry":{"type":"Point","coordinates":[-79.423128596426622,43.649103382141277]},"properties":{"OBJECTID":575}},{"type":"Feature","id":576,"geometry":{"type":"Point","coordinates":[-79.423009996649782,43.650023582780626]},"properties":{"OBJECTID":576}},{"type":"Feature","id":577,"geometry":{"type":"Point","coordinates":[-79.423283096031952,43.64718878207055]},"properties":{"OBJECTID":577}},{"type":"Feature","id":578,"geometry":{"type":"Point","coordinates":[-79.423096095857602,43.649025382035504]},"properties":{"OBJECTID":578}},{"type":"Feature","id":579,"geometry":{"type":"Point","coordinates":[-79.420928997750082,43.670020386363483]},"properties":{"OBJECTID":579}},{"type":"Feature","id":580,"geometry":{"type":"Point","coordinates":[-79.422549297049841,43.654013883740973]},"properties":{"OBJECTID":580}},{"type":"Feature","id":581,"geometry":{"type":"Point","coordinates":[-79.423047095895569,43.648904482722052]},"properties":{"OBJECTID":581}},{"type":"Feature","id":582,"geometry":{"type":"Point","coordinates":[-79.423599695396078,43.643240681270143]},"properties":{"OBJECTID":582}},{"type":"Feature","id":583,"geometry":{"type":"Point","coordinates":[-79.422927496247482,43.649812982926555]},"properties":{"OBJECTID":583}},{"type":"Feature","id":584,"geometry":{"type":"Point","coordinates":[-79.422507596958539,43.65392358373655]},"properties":{"OBJECTID":584}},{"type":"Feature","id":585,"geometry":{"type":"Point","coordinates":[-79.424432595308019,43.634928880063761]},"properties":{"OBJECTID":585}},{"type":"Feature","id":586,"geometry":{"type":"Point","coordinates":[-79.422908795818984,43.649777582523065]},"properties":{"OBJECTID":586}},{"type":"Feature","id":587,"geometry":{"type":"Point","coordinates":[-79.422770795816163,43.65104768311631]},"properties":{"OBJECTID":587}},{"type":"Feature","id":588,"geometry":{"type":"Point","coordinates":[-79.424117695713846,43.63761608049591]},"properties":{"OBJECTID":588}},{"type":"Feature","id":589,"geometry":{"type":"Point","coordinates":[-79.423126395686936,43.64721888255346]},"properties":{"OBJECTID":589}},{"type":"Feature","id":590,"geometry":{"type":"Point","coordinates":[-79.423708096231877,43.641159781337308]},"properties":{"OBJECTID":590}},{"type":"Feature","id":591,"geometry":{"type":"Point","coordinates":[-79.421877196833663,43.659037184034361]},"properties":{"OBJECTID":591}},{"type":"Feature","id":592,"geometry":{"type":"Point","coordinates":[-79.42214479711032,43.656393784098555]},"properties":{"OBJECTID":592}},{"type":"Feature","id":593,"geometry":{"type":"Point","coordinates":[-79.423101596344438,43.646742581704373]},"properties":{"OBJECTID":593}},{"type":"Feature","id":594,"geometry":{"type":"Point","coordinates":[-79.423000195952142,43.647604182522926]},"properties":{"OBJECTID":594}},{"type":"Feature","id":595,"geometry":{"type":"Point","coordinates":[-79.422227896788016,43.654907783393227]},"properties":{"OBJECTID":595}},{"type":"Feature","id":596,"geometry":{"type":"Point","coordinates":[-79.422639196589117,43.650719383035479]},"properties":{"OBJECTID":596}},{"type":"Feature","id":597,"geometry":{"type":"Point","coordinates":[-79.422344497050958,43.653506283236013]},"properties":{"OBJECTID":597}},{"type":"Feature","id":598,"geometry":{"type":"Point","coordinates":[-79.423430395354345,43.642777480963552]},"properties":{"OBJECTID":598}},{"type":"Feature","id":599,"geometry":{"type":"Point","coordinates":[-79.42285139591246,43.648419382556902]},"properties":{"OBJECTID":599}},{"type":"Feature","id":600,"geometry":{"type":"Point","coordinates":[-79.422539496283378,43.651266982807485]},"properties":{"OBJECTID":600}},{"type":"Feature","id":601,"geometry":{"type":"Point","coordinates":[-79.423107895798182,43.645361481789841]},"properties":{"OBJECTID":601}},{"type":"Feature","id":602,"geometry":{"type":"Point","coordinates":[-79.422688896820716,43.649391982188988]},"properties":{"OBJECTID":602}},{"type":"Feature","id":603,"geometry":{"type":"Point","coordinates":[-79.420631897112685,43.669270886529773]},"properties":{"OBJECTID":603}},{"type":"Feature","id":604,"geometry":{"type":"Point","coordinates":[-79.4204851979446,43.670547886041582]},"properties":{"OBJECTID":604}},{"type":"Feature","id":605,"geometry":{"type":"Point","coordinates":[-79.420340197797699,43.671864186319262]},"properties":{"OBJECTID":605}},{"type":"Feature","id":606,"geometry":{"type":"Point","coordinates":[-79.42128429704259,43.662454585127719]},"properties":{"OBJECTID":606}},{"type":"Feature","id":607,"geometry":{"type":"Point","coordinates":[-79.422922196035145,43.64630098227456]},"properties":{"OBJECTID":607}},{"type":"Feature","id":608,"geometry":{"type":"Point","coordinates":[-79.423544595736956,43.639726480881066]},"properties":{"OBJECTID":608}},{"type":"Feature","id":609,"geometry":{"type":"Point","coordinates":[-79.423136695274792,43.643719481844968]},"properties":{"OBJECTID":609}},{"type":"Feature","id":610,"geometry":{"type":"Point","coordinates":[-79.424383794873535,43.630797279374562]},"properties":{"OBJECTID":610}},{"type":"Feature","id":611,"geometry":{"type":"Point","coordinates":[-79.422520795997755,43.649007782537524]},"properties":{"OBJECTID":611}},{"type":"Feature","id":612,"geometry":{"type":"Point","coordinates":[-79.422522695999831,43.648863082231614]},"properties":{"OBJECTID":612}},{"type":"Feature","id":613,"geometry":{"type":"Point","coordinates":[-79.422616496592994,43.647805282737259]},"properties":{"OBJECTID":613}},{"type":"Feature","id":614,"geometry":{"type":"Point","coordinates":[-79.420325797469062,43.670131986673418]},"properties":{"OBJECTID":614}},{"type":"Feature","id":615,"geometry":{"type":"Point","coordinates":[-79.42192349602503,43.654140183374338]},"properties":{"OBJECTID":615}},{"type":"Feature","id":616,"geometry":{"type":"Point","coordinates":[-79.422569596135062,43.647690981881894]},"properties":{"OBJECTID":616}},{"type":"Feature","id":617,"geometry":{"type":"Point","coordinates":[-79.422296396444395,43.650307182486891]},"properties":{"OBJECTID":617}},{"type":"Feature","id":618,"geometry":{"type":"Point","coordinates":[-79.422019796768836,43.652656183511027]},"properties":{"OBJECTID":618}},{"type":"Feature","id":619,"geometry":{"type":"Point","coordinates":[-79.422394196488341,43.648885982528626]},"properties":{"OBJECTID":619}},{"type":"Feature","id":620,"geometry":{"type":"Point","coordinates":[-79.42239319614211,43.648514782472276]},"properties":{"OBJECTID":620}},{"type":"Feature","id":621,"geometry":{"type":"Point","coordinates":[-79.420892696298878,43.663025985324566]},"properties":{"OBJECTID":621}},{"type":"Feature","id":622,"geometry":{"type":"Point","coordinates":[-79.421276296456213,43.659167184751873]},"properties":{"OBJECTID":622}},{"type":"Feature","id":623,"geometry":{"type":"Point","coordinates":[-79.422448995840298,43.647353282057658]},"properties":{"OBJECTID":623}},{"type":"Feature","id":624,"geometry":{"type":"Point","coordinates":[-79.422170696644059,43.649960682397968]},"properties":{"OBJECTID":624}},{"type":"Feature","id":625,"geometry":{"type":"Point","coordinates":[-79.422598995868668,43.645470681565023]},"properties":{"OBJECTID":625}},{"type":"Feature","id":626,"geometry":{"type":"Point","coordinates":[-79.422104096491083,43.650327083014403]},"properties":{"OBJECTID":626}},{"type":"Feature","id":627,"geometry":{"type":"Point","coordinates":[-79.420270196509279,43.668361985993748]},"properties":{"OBJECTID":627}},{"type":"Feature","id":628,"geometry":{"type":"Point","coordinates":[-79.421621995820402,43.655034983400888]},"properties":{"OBJECTID":628}},{"type":"Feature","id":629,"geometry":{"type":"Point","coordinates":[-79.421587095963346,43.654953783781153]},"properties":{"OBJECTID":629}},{"type":"Feature","id":630,"geometry":{"type":"Point","coordinates":[-79.422806095881072,43.642912381506335]},"properties":{"OBJECTID":630}},{"type":"Feature","id":631,"geometry":{"type":"Point","coordinates":[-79.420199697380127,43.668116385732432]},"properties":{"OBJECTID":631}},{"type":"Feature","id":632,"geometry":{"type":"Point","coordinates":[-79.422488695705681,43.645495481750309]},"properties":{"OBJECTID":632}},{"type":"Feature","id":633,"geometry":{"type":"Point","coordinates":[-79.422008896516772,43.650000682742522]},"properties":{"OBJECTID":633}},{"type":"Feature","id":634,"geometry":{"type":"Point","coordinates":[-79.420714697041035,43.662578784604257]},"properties":{"OBJECTID":634}},{"type":"Feature","id":635,"geometry":{"type":"Point","coordinates":[-79.419890196992938,43.670672886005846]},"properties":{"OBJECTID":635}},{"type":"Feature","id":636,"geometry":{"type":"Point","coordinates":[-79.419748497287813,43.671983286690896]},"properties":{"OBJECTID":636}},{"type":"Feature","id":637,"geometry":{"type":"Point","coordinates":[-79.421772796131378,43.652005882676185]},"properties":{"OBJECTID":637}},{"type":"Feature","id":638,"geometry":{"type":"Point","coordinates":[-79.421483496123741,43.654655883226219]},"properties":{"OBJECTID":638}},{"type":"Feature","id":639,"geometry":{"type":"Point","coordinates":[-79.422833295296584,43.641251880976476]},"properties":{"OBJECTID":639}},{"type":"Feature","id":640,"geometry":{"type":"Point","coordinates":[-79.422508295616609,43.643850982020474]},"properties":{"OBJECTID":640}},{"type":"Feature","id":641,"geometry":{"type":"Point","coordinates":[-79.421868196102025,43.649698882895152]},"properties":{"OBJECTID":641}},{"type":"Feature","id":642,"geometry":{"type":"Point","coordinates":[-79.422005495980059,43.648215982088509]},"properties":{"OBJECTID":642}},{"type":"Feature","id":643,"geometry":{"type":"Point","coordinates":[-79.419722397686513,43.670253985970994]},"properties":{"OBJECTID":643}},{"type":"Feature","id":644,"geometry":{"type":"Point","coordinates":[-79.421326895792234,43.654264083901758]},"properties":{"OBJECTID":644}},{"type":"Feature","id":645,"geometry":{"type":"Point","coordinates":[-79.422382696093422,43.643492582003205]},"properties":{"OBJECTID":645}},{"type":"Feature","id":646,"geometry":{"type":"Point","coordinates":[-79.423212495658078,43.63521367968012]},"properties":{"OBJECTID":646}},{"type":"Feature","id":647,"geometry":{"type":"Point","coordinates":[-79.42155769651923,43.651450682818229]},"properties":{"OBJECTID":647}},{"type":"Feature","id":648,"geometry":{"type":"Point","coordinates":[-79.421902895373805,43.647947582777391]},"properties":{"OBJECTID":648}},{"type":"Feature","id":649,"geometry":{"type":"Point","coordinates":[-79.419921696393374,43.667392786205824]},"properties":{"OBJECTID":649}},{"type":"Feature","id":650,"geometry":{"type":"Point","coordinates":[-79.421637095681774,43.650074082629303]},"properties":{"OBJECTID":650}},{"type":"Feature","id":651,"geometry":{"type":"Point","coordinates":[-79.420948095661501,43.656629284042047]},"properties":{"OBJECTID":651}},{"type":"Feature","id":652,"geometry":{"type":"Point","coordinates":[-79.420668096634756,43.659299884269466]},"properties":{"OBJECTID":652}},{"type":"Feature","id":653,"geometry":{"type":"Point","coordinates":[-79.421581796275461,43.650085282506865]},"properties":{"OBJECTID":653}},{"type":"Feature","id":654,"geometry":{"type":"Point","coordinates":[-79.422821795086662,43.637854280816043]},"properties":{"OBJECTID":654}},{"type":"Feature","id":655,"geometry":{"type":"Point","coordinates":[-79.422204195505458,43.64303288160621]},"properties":{"OBJECTID":655}},{"type":"Feature","id":656,"geometry":{"type":"Point","coordinates":[-79.41975649734475,43.666940685838732]},"properties":{"OBJECTID":656}},{"type":"Feature","id":657,"geometry":{"type":"Point","coordinates":[-79.421369495666042,43.650962682860524]},"properties":{"OBJECTID":657}},{"type":"Feature","id":658,"geometry":{"type":"Point","coordinates":[-79.419603197533561,43.668234385631571]},"properties":{"OBJECTID":658}},{"type":"Feature","id":659,"geometry":{"type":"Point","coordinates":[-79.421869195628716,43.645612282074367]},"properties":{"OBJECTID":659}},{"type":"Feature","id":660,"geometry":{"type":"Point","coordinates":[-79.419133997500111,43.672136387149052]},"properties":{"OBJECTID":660}},{"type":"Feature","id":661,"geometry":{"type":"Point","coordinates":[-79.419270796690839,43.670789186506632]},"properties":{"OBJECTID":661}},{"type":"Feature","id":662,"geometry":{"type":"Point","coordinates":[-79.422239395368422,43.641364181125105]},"properties":{"OBJECTID":662}},{"type":"Feature","id":663,"geometry":{"type":"Point","coordinates":[-79.420703395897092,43.656031683577012]},"properties":{"OBJECTID":663}},{"type":"Feature","id":664,"geometry":{"type":"Point","coordinates":[-79.42191619577774,43.643965881682277]},"properties":{"OBJECTID":664}},{"type":"Feature","id":665,"geometry":{"type":"Point","coordinates":[-79.419612896732019,43.666578685622937]},"properties":{"OBJECTID":665}},{"type":"Feature","id":666,"geometry":{"type":"Point","coordinates":[-79.42227699553672,43.639981480839005]},"properties":{"OBJECTID":666}},{"type":"Feature","id":667,"geometry":{"type":"Point","coordinates":[-79.421618895665787,43.646085282095271]},"properties":{"OBJECTID":667}},{"type":"Feature","id":668,"geometry":{"type":"Point","coordinates":[-79.419119197266369,43.670380986387308]},"properties":{"OBJECTID":668}},{"type":"Feature","id":669,"geometry":{"type":"Point","coordinates":[-79.420428096593511,43.657053984466337]},"properties":{"OBJECTID":669}},{"type":"Feature","id":670,"geometry":{"type":"Point","coordinates":[-79.418911896740951,43.671572886432941]},"properties":{"OBJECTID":670}},{"type":"Feature","id":671,"geometry":{"type":"Point","coordinates":[-79.419455996475207,43.666195985997085]},"properties":{"OBJECTID":671}},{"type":"Feature","id":672,"geometry":{"type":"Point","coordinates":[-79.421079795788017,43.65018188277984]},"properties":{"OBJECTID":672}},{"type":"Feature","id":673,"geometry":{"type":"Point","coordinates":[-79.420113696843032,43.659422984247364]},"properties":{"OBJECTID":673}},{"type":"Feature","id":674,"geometry":{"type":"Point","coordinates":[-79.421103096075129,43.648780282986891]},"properties":{"OBJECTID":674}},{"type":"Feature","id":675,"geometry":{"type":"Point","coordinates":[-79.419778496446256,43.661760784442492]},"properties":{"OBJECTID":675}},{"type":"Feature","id":676,"geometry":{"type":"Point","coordinates":[-79.420422995880557,43.655312784138637]},"properties":{"OBJECTID":676}},{"type":"Feature","id":677,"geometry":{"type":"Point","coordinates":[-79.422281494348383,43.636479980666984]},"properties":{"OBJECTID":677}},{"type":"Feature","id":678,"geometry":{"type":"Point","coordinates":[-79.421593694983585,43.643155381607492]},"properties":{"OBJECTID":678}},{"type":"Feature","id":679,"geometry":{"type":"Point","coordinates":[-79.419159996450858,43.667059286264987]},"properties":{"OBJECTID":679}},{"type":"Feature","id":680,"geometry":{"type":"Point","coordinates":[-79.420916495856588,43.649737182958603]},"properties":{"OBJECTID":680}},{"type":"Feature","id":681,"geometry":{"type":"Point","coordinates":[-79.419002896163988,43.668355185910393]},"properties":{"OBJECTID":681}},{"type":"Feature","id":682,"geometry":{"type":"Point","coordinates":[-79.418720596542457,43.671094786827858]},"properties":{"OBJECTID":682}},{"type":"Feature","id":683,"geometry":{"type":"Point","coordinates":[-79.421287495684453,43.645729381925001]},"properties":{"OBJECTID":683}},{"type":"Feature","id":684,"geometry":{"type":"Point","coordinates":[-79.418553197229329,43.6722519864188]},"properties":{"OBJECTID":684}},{"type":"Feature","id":685,"geometry":{"type":"Point","coordinates":[-79.420962895744253,43.648432882126954]},"properties":{"OBJECTID":685}},{"type":"Feature","id":686,"geometry":{"type":"Point","coordinates":[-79.418658997181353,43.670922786179986]},"properties":{"OBJECTID":686}},{"type":"Feature","id":687,"geometry":{"type":"Point","coordinates":[-79.421635895145286,43.641494581065018]},"properties":{"OBJECTID":687}},{"type":"Feature","id":688,"geometry":{"type":"Point","coordinates":[-79.420261595549661,43.654909083430603]},"properties":{"OBJECTID":688}},{"type":"Feature","id":689,"geometry":{"type":"Point","coordinates":[-79.420929495862609,43.648157482795121]},"properties":{"OBJECTID":689}},{"type":"Feature","id":690,"geometry":{"type":"Point","coordinates":[-79.419024596419277,43.66670048573387]},"properties":{"OBJECTID":690}},{"type":"Feature","id":691,"geometry":{"type":"Point","coordinates":[-79.42131599533802,43.6440881820238]},"properties":{"OBJECTID":691}},{"type":"Feature","id":692,"geometry":{"type":"Point","coordinates":[-79.420767295673954,43.64933368227485]},"properties":{"OBJECTID":692}},{"type":"Feature","id":693,"geometry":{"type":"Point","coordinates":[-79.418589697190626,43.670746486542669]},"properties":{"OBJECTID":693}},{"type":"Feature","id":694,"geometry":{"type":"Point","coordinates":[-79.420898496068261,43.647665282175929]},"properties":{"OBJECTID":694}},{"type":"Feature","id":695,"geometry":{"type":"Point","coordinates":[-79.421770194432924,43.638705780300135]},"properties":{"OBJECTID":695}},{"type":"Feature","id":696,"geometry":{"type":"Point","coordinates":[-79.418484596835356,43.670487386144409]},"properties":{"OBJECTID":696}},{"type":"Feature","id":697,"geometry":{"type":"Point","coordinates":[-79.421186894854429,43.643729981196074]},"properties":{"OBJECTID":697}},{"type":"Feature","id":698,"geometry":{"type":"Point","coordinates":[-79.418346196543993,43.671690086369495]},"properties":{"OBJECTID":698}},{"type":"Feature","id":699,"geometry":{"type":"Point","coordinates":[-79.422294694357774,43.632618579904097]},"properties":{"OBJECTID":699}},{"type":"Feature","id":700,"geometry":{"type":"Point","coordinates":[-79.419555296517444,43.659534784758051]},"properties":{"OBJECTID":700}},{"type":"Feature","id":701,"geometry":{"type":"Point","coordinates":[-79.420748095226784,43.647703682712695]},"properties":{"OBJECTID":701}},{"type":"Feature","id":702,"geometry":{"type":"Point","coordinates":[-79.418841896272383,43.666312986067304]},"properties":{"OBJECTID":702}},{"type":"Feature","id":703,"geometry":{"type":"Point","coordinates":[-79.420592995205666,43.648890082668416]},"properties":{"OBJECTID":703}},{"type":"Feature","id":704,"geometry":{"type":"Point","coordinates":[-79.420733094868396,43.647230282134068]},"properties":{"OBJECTID":704}},{"type":"Feature","id":705,"geometry":{"type":"Point","coordinates":[-79.422255894964152,43.632011880005365]},"properties":{"OBJECTID":705}},{"type":"Feature","id":706,"geometry":{"type":"Point","coordinates":[-79.422255895107185,43.631993479816089]},"properties":{"OBJECTID":706}},{"type":"Feature","id":707,"geometry":{"type":"Point","coordinates":[-79.422252394223264,43.632027379783288]},"properties":{"OBJECTID":707}},{"type":"Feature","id":708,"geometry":{"type":"Point","coordinates":[-79.419729695413977,43.656853184174665]},"properties":{"OBJECTID":708}},{"type":"Feature","id":709,"geometry":{"type":"Point","coordinates":[-79.422247594826061,43.632036279766304]},"properties":{"OBJECTID":709}},{"type":"Feature","id":710,"geometry":{"type":"Point","coordinates":[-79.422251794448115,43.631971979442689]},"properties":{"OBJECTID":710}},{"type":"Feature","id":711,"geometry":{"type":"Point","coordinates":[-79.422236894578276,43.632046979423883]},"properties":{"OBJECTID":711}},{"type":"Feature","id":712,"geometry":{"type":"Point","coordinates":[-79.420643995911149,43.647730282403998]},"properties":{"OBJECTID":712}},{"type":"Feature","id":713,"geometry":{"type":"Point","coordinates":[-79.422218494345501,43.632056479214476]},"properties":{"OBJECTID":713}},{"type":"Feature","id":714,"geometry":{"type":"Point","coordinates":[-79.421569694466015,43.638107880474379]},"properties":{"OBJECTID":714}},{"type":"Feature","id":715,"geometry":{"type":"Point","coordinates":[-79.419635595440894,43.656997984369234]},"properties":{"OBJECTID":715}},{"type":"Feature","id":716,"geometry":{"type":"Point","coordinates":[-79.421422195371036,43.639186380579233]},"properties":{"OBJECTID":716}},{"type":"Feature","id":717,"geometry":{"type":"Point","coordinates":[-79.419520495635638,43.657920883854025]},"properties":{"OBJECTID":717}},{"type":"Feature","id":718,"geometry":{"type":"Point","coordinates":[-79.418555296508345,43.667179885607716]},"properties":{"OBJECTID":718}},{"type":"Feature","id":719,"geometry":{"type":"Point","coordinates":[-79.420172596099832,43.651207282751699]},"properties":{"OBJECTID":719}},{"type":"Feature","id":720,"geometry":{"type":"Point","coordinates":[-79.420016495877789,43.652705283712876]},"properties":{"OBJECTID":720}},{"type":"Feature","id":721,"geometry":{"type":"Point","coordinates":[-79.418267697036526,43.669917986575967]},"properties":{"OBJECTID":721}},{"type":"Feature","id":722,"geometry":{"type":"Point","coordinates":[-79.420709894860579,43.645848381831541]},"properties":{"OBJECTID":722}},{"type":"Feature","id":723,"geometry":{"type":"Point","coordinates":[-79.420545095216809,43.647471682778502]},"properties":{"OBJECTID":723}},{"type":"Feature","id":724,"geometry":{"type":"Point","coordinates":[-79.421279794844665,43.640183781123852]},"properties":{"OBJECTID":724}},{"type":"Feature","id":725,"geometry":{"type":"Point","coordinates":[-79.422134594524664,43.631756679155586]},"properties":{"OBJECTID":725}},{"type":"Feature","id":726,"geometry":{"type":"Point","coordinates":[-79.418392396167008,43.668479085924368]},"properties":{"OBJECTID":726}},{"type":"Feature","id":727,"geometry":{"type":"Point","coordinates":[-79.419014196431689,43.662307684800332]},"properties":{"OBJECTID":727}},{"type":"Feature","id":728,"geometry":{"type":"Point","coordinates":[-79.419855996000024,43.653870983542113]},"properties":{"OBJECTID":728}},{"type":"Feature","id":729,"geometry":{"type":"Point","coordinates":[-79.418757896400137,43.664441685854641]},"properties":{"OBJECTID":729}},{"type":"Feature","id":730,"geometry":{"type":"Point","coordinates":[-79.420549195427029,43.646773581998943]},"properties":{"OBJECTID":730}},{"type":"Feature","id":731,"geometry":{"type":"Point","coordinates":[-79.418836996318248,43.663473585526233]},"properties":{"OBJECTID":731}},{"type":"Feature","id":732,"geometry":{"type":"Point","coordinates":[-79.420372095183424,43.648328782435378]},"properties":{"OBJECTID":732}},{"type":"Feature","id":733,"geometry":{"type":"Point","coordinates":[-79.42034869552036,43.648274382346635]},"properties":{"OBJECTID":733}},{"type":"Feature","id":734,"geometry":{"type":"Point","coordinates":[-79.420206895337387,43.649441982947941]},"properties":{"OBJECTID":734}},{"type":"Feature","id":735,"geometry":{"type":"Point","coordinates":[-79.421789994287508,43.633711480208973]},"properties":{"OBJECTID":735}},{"type":"Feature","id":736,"geometry":{"type":"Point","coordinates":[-79.42127089488794,43.638807781081262]},"properties":{"OBJECTID":736}},{"type":"Feature","id":737,"geometry":{"type":"Point","coordinates":[-79.420720694783256,43.644207081770567]},"properties":{"OBJECTID":737}},{"type":"Feature","id":738,"geometry":{"type":"Point","coordinates":[-79.421994993856742,43.631500279735619]},"properties":{"OBJECTID":738}},{"type":"Feature","id":739,"geometry":{"type":"Point","coordinates":[-79.418401096876579,43.666833085913417]},"properties":{"OBJECTID":739}},{"type":"Feature","id":740,"geometry":{"type":"Point","coordinates":[-79.419343395737897,43.657437183913324]},"properties":{"OBJECTID":740}},{"type":"Feature","id":741,"geometry":{"type":"Point","coordinates":[-79.420832595061981,43.642765981903089]},"properties":{"OBJECTID":741}},{"type":"Feature","id":742,"geometry":{"type":"Point","coordinates":[-79.421362094608511,43.637539180454731]},"properties":{"OBJECTID":742}},{"type":"Feature","id":743,"geometry":{"type":"Point","coordinates":[-79.421882394894908,43.632153479639868]},"properties":{"OBJECTID":743}},{"type":"Feature","id":744,"geometry":{"type":"Point","coordinates":[-79.420912594914071,43.641306580929921]},"properties":{"OBJECTID":744}},{"type":"Feature","id":745,"geometry":{"type":"Point","coordinates":[-79.420400494841417,43.646342482485871]},"properties":{"OBJECTID":745}},{"type":"Feature","id":746,"geometry":{"type":"Point","coordinates":[-79.419673295899869,43.653390383020046]},"properties":{"OBJECTID":746}},{"type":"Feature","id":747,"geometry":{"type":"Point","coordinates":[-79.418681095639428,43.663100085569525]},"properties":{"OBJECTID":747}},{"type":"Feature","id":748,"geometry":{"type":"Point","coordinates":[-79.418560696141512,43.663951985332744]},"properties":{"OBJECTID":748}},{"type":"Feature","id":749,"geometry":{"type":"Point","coordinates":[-79.418016696981937,43.6692831865588]},"properties":{"OBJECTID":749}},{"type":"Feature","id":750,"geometry":{"type":"Point","coordinates":[-79.420174095221981,43.64783978272866]},"properties":{"OBJECTID":750}},{"type":"Feature","id":751,"geometry":{"type":"Point","coordinates":[-79.421856794243809,43.631228479838846]},"properties":{"OBJECTID":751}},{"type":"Feature","id":752,"geometry":{"type":"Point","coordinates":[-79.418531096204561,43.663866085409815]},"properties":{"OBJECTID":752}},{"type":"Feature","id":753,"geometry":{"type":"Point","coordinates":[-79.418958395402171,43.659645284278753]},"properties":{"OBJECTID":753}},{"type":"Feature","id":754,"geometry":{"type":"Point","coordinates":[-79.421000794857179,43.639477581085124]},"properties":{"OBJECTID":754}},{"type":"Feature","id":755,"geometry":{"type":"Point","coordinates":[-79.421817493905024,43.631172579255804]},"properties":{"OBJECTID":755}},{"type":"Feature","id":756,"geometry":{"type":"Point","coordinates":[-79.418232696407557,43.666442886192137]},"properties":{"OBJECTID":756}},{"type":"Feature","id":757,"geometry":{"type":"Point","coordinates":[-79.41755359688625,43.673096386641234]},"properties":{"OBJECTID":757}},{"type":"Feature","id":758,"geometry":{"type":"Point","coordinates":[-79.419997595622618,43.648941082367656]},"properties":{"OBJECTID":758}},{"type":"Feature","id":759,"geometry":{"type":"Point","coordinates":[-79.421771094105225,43.631119579593687]},"properties":{"OBJECTID":759}},{"type":"Feature","id":760,"geometry":{"type":"Point","coordinates":[-79.420261095173004,43.645941182491221]},"properties":{"OBJECTID":760}},{"type":"Feature","id":761,"geometry":{"type":"Point","coordinates":[-79.421653393706862,43.632220680001133]},"properties":{"OBJECTID":761}},{"type":"Feature","id":762,"geometry":{"type":"Point","coordinates":[-79.418428096238756,43.663566585039689]},"properties":{"OBJECTID":762}},{"type":"Feature","id":763,"geometry":{"type":"Point","coordinates":[-79.421716394106014,43.63107617941197]},"properties":{"OBJECTID":763}},{"type":"Feature","id":764,"geometry":{"type":"Point","coordinates":[-79.418115796159043,43.666484085864951]},"properties":{"OBJECTID":764}},{"type":"Feature","id":765,"geometry":{"type":"Point","coordinates":[-79.41896949594414,43.658035583992913]},"properties":{"OBJECTID":765}},{"type":"Feature","id":766,"geometry":{"type":"Point","coordinates":[-79.419191196000895,43.655587884203364]},"properties":{"OBJECTID":766}},{"type":"Feature","id":767,"geometry":{"type":"Point","coordinates":[-79.420859794136049,43.639102281153711]},"properties":{"OBJECTID":767}},{"type":"Feature","id":768,"geometry":{"type":"Point","coordinates":[-79.421645594522417,43.63103157947895]},"properties":{"OBJECTID":768}},{"type":"Feature","id":769,"geometry":{"type":"Point","coordinates":[-79.419147996027846,43.655553283403499]},"properties":{"OBJECTID":769}},{"type":"Feature","id":770,"geometry":{"type":"Point","coordinates":[-79.420114095324138,43.645965781757262]},"properties":{"OBJECTID":770}},{"type":"Feature","id":771,"geometry":{"type":"Point","coordinates":[-79.417939195820964,43.667304186364682]},"properties":{"OBJECTID":771}},{"type":"Feature","id":772,"geometry":{"type":"Point","coordinates":[-79.419696295249139,43.64998518252618]},"properties":{"OBJECTID":772}},{"type":"Feature","id":773,"geometry":{"type":"Point","coordinates":[-79.419964595132782,43.64727618253432]},"properties":{"OBJECTID":773}},{"type":"Feature","id":774,"geometry":{"type":"Point","coordinates":[-79.418751495408998,43.65908818431614]},"properties":{"OBJECTID":774}},{"type":"Feature","id":775,"geometry":{"type":"Point","coordinates":[-79.420786295293254,43.638906480535134]},"properties":{"OBJECTID":775}},{"type":"Feature","id":776,"geometry":{"type":"Point","coordinates":[-79.421583794581835,43.631010179754796]},"properties":{"OBJECTID":776}},{"type":"Feature","id":777,"geometry":{"type":"Point","coordinates":[-79.419242395001461,43.653994883527517]},"properties":{"OBJECTID":777}},{"type":"Feature","id":778,"geometry":{"type":"Point","coordinates":[-79.419510094796806,43.651333583038834]},"properties":{"OBJECTID":778}},{"type":"Feature","id":779,"geometry":{"type":"Point","coordinates":[-79.41775689629678,43.668587385981809]},"properties":{"OBJECTID":779}},{"type":"Feature","id":780,"geometry":{"type":"Point","coordinates":[-79.418825095459709,43.658065584149995]},"properties":{"OBJECTID":780}},{"type":"Feature","id":781,"geometry":{"type":"Point","coordinates":[-79.419794695708276,43.648447682789126]},"properties":{"OBJECTID":781}},{"type":"Feature","id":782,"geometry":{"type":"Point","coordinates":[-79.421413094019542,43.632318779232179]},"properties":{"OBJECTID":782}},{"type":"Feature","id":783,"geometry":{"type":"Point","coordinates":[-79.417325096159615,43.672508587291183]},"properties":{"OBJECTID":783}},{"type":"Feature","id":784,"geometry":{"type":"Point","coordinates":[-79.421528994210462,43.630995879627477]},"properties":{"OBJECTID":784}},{"type":"Feature","id":785,"geometry":{"type":"Point","coordinates":[-79.420836594241521,43.637641280543022]},"properties":{"OBJECTID":785}},{"type":"Feature","id":786,"geometry":{"type":"Point","coordinates":[-79.420129095345274,43.644325881642196]},"properties":{"OBJECTID":786}},{"type":"Feature","id":787,"geometry":{"type":"Point","coordinates":[-79.419707695669558,43.648464382238437]},"properties":{"OBJECTID":787}},{"type":"Feature","id":788,"geometry":{"type":"Point","coordinates":[-79.419027195730109,43.655162184172596]},"properties":{"OBJECTID":788}},{"type":"Feature","id":789,"geometry":{"type":"Point","coordinates":[-79.421333793964749,43.63232867958817]},"properties":{"OBJECTID":789}},{"type":"Feature","id":790,"geometry":{"type":"Point","coordinates":[-79.42146419407311,43.630985779022751]},"properties":{"OBJECTID":790}},{"type":"Feature","id":791,"geometry":{"type":"Point","coordinates":[-79.417808096395518,43.666944486291079]},"properties":{"OBJECTID":791}},{"type":"Feature","id":792,"geometry":{"type":"Point","coordinates":[-79.419826094688688,43.646925582165927]},"properties":{"OBJECTID":792}},{"type":"Feature","id":793,"geometry":{"type":"Point","coordinates":[-79.419533395069834,43.649577682304418]},"properties":{"OBJECTID":793}},{"type":"Feature","id":794,"geometry":{"type":"Point","coordinates":[-79.420761594870172,43.637443580935638]},"properties":{"OBJECTID":794}},{"type":"Feature","id":795,"geometry":{"type":"Point","coordinates":[-79.421276693986613,43.632340579397003]},"properties":{"OBJECTID":795}},{"type":"Feature","id":796,"geometry":{"type":"Point","coordinates":[-79.420498994978203,43.639588381023763]},"properties":{"OBJECTID":796}},{"type":"Feature","id":797,"geometry":{"type":"Point","coordinates":[-79.418102895808801,43.66300608484115]},"properties":{"OBJECTID":797}},{"type":"Feature","id":798,"geometry":{"type":"Point","coordinates":[-79.419057495742308,43.653522283512736]},"properties":{"OBJECTID":798}},{"type":"Feature","id":799,"geometry":{"type":"Point","coordinates":[-79.420819293898418,43.636115980249613]},"properties":{"OBJECTID":799}},{"type":"Feature","id":800,"geometry":{"type":"Point","coordinates":[-79.417956395551911,43.664094985573371]},"properties":{"OBJECTID":800}},{"type":"Feature","id":801,"geometry":{"type":"Point","coordinates":[-79.419996495327766,43.643967681709768]},"properties":{"OBJECTID":801}},{"type":"Feature","id":802,"geometry":{"type":"Point","coordinates":[-79.418885095210925,43.654729683546954]},"properties":{"OBJECTID":802}},{"type":"Feature","id":803,"geometry":{"type":"Point","coordinates":[-79.421293494685727,43.630976179658013]},"properties":{"OBJECTID":803}},{"type":"Feature","id":804,"geometry":{"type":"Point","coordinates":[-79.417669496295503,43.66657478562567]},"properties":{"OBJECTID":804}},{"type":"Feature","id":805,"geometry":{"type":"Point","coordinates":[-79.417118196458205,43.671975786797297]},"properties":{"OBJECTID":805}},{"type":"Feature","id":806,"geometry":{"type":"Point","coordinates":[-79.420536094205985,43.638312080326649]},"properties":{"OBJECTID":806}},{"type":"Feature","id":807,"geometry":{"type":"Point","coordinates":[-79.41698489697896,43.673214086928205]},"properties":{"OBJECTID":807}},{"type":"Feature","id":808,"geometry":{"type":"Point","coordinates":[-79.417650495622524,43.666576286117703]},"properties":{"OBJECTID":808}},{"type":"Feature","id":809,"geometry":{"type":"Point","coordinates":[-79.417634296234368,43.666570086274689]},"properties":{"OBJECTID":809}},{"type":"Feature","id":810,"geometry":{"type":"Point","coordinates":[-79.417619096336821,43.666556785526332]},"properties":{"OBJECTID":810}},{"type":"Feature","id":811,"geometry":{"type":"Point","coordinates":[-79.417613395816446,43.666543385744248]},"properties":{"OBJECTID":811}},{"type":"Feature","id":812,"geometry":{"type":"Point","coordinates":[-79.420351295040405,43.639200781235154]},"properties":{"OBJECTID":812}},{"type":"Feature","id":813,"geometry":{"type":"Point","coordinates":[-79.421168493738875,43.630975079676944]},"properties":{"OBJECTID":813}},{"type":"Feature","id":814,"geometry":{"type":"Point","coordinates":[-79.418772895672674,43.654456283959263]},"properties":{"OBJECTID":814}},{"type":"Feature","id":815,"geometry":{"type":"Point","coordinates":[-79.417874495434305,43.662414385416398]},"properties":{"OBJECTID":815}},{"type":"Feature","id":816,"geometry":{"type":"Point","coordinates":[-79.420179694526595,43.639654880725175]},"properties":{"OBJECTID":816}},{"type":"Feature","id":817,"geometry":{"type":"Point","coordinates":[-79.421052493706313,43.630972079091364]},"properties":{"OBJECTID":817}},{"type":"Feature","id":818,"geometry":{"type":"Point","coordinates":[-79.419513194644068,43.646092881754655]},"properties":{"OBJECTID":818}},{"type":"Feature","id":819,"geometry":{"type":"Point","coordinates":[-79.417765896339688,43.663283585231092]},"properties":{"OBJECTID":819}},{"type":"Feature","id":820,"geometry":{"type":"Point","coordinates":[-79.416927596639937,43.671492286699703]},"properties":{"OBJECTID":820}},{"type":"Feature","id":821,"geometry":{"type":"Point","coordinates":[-79.420339594984767,43.6377396804059]},"properties":{"OBJECTID":821}},{"type":"Feature","id":822,"geometry":{"type":"Point","coordinates":[-79.419073395456962,43.650123183139144]},"properties":{"OBJECTID":822}},{"type":"Feature","id":823,"geometry":{"type":"Point","coordinates":[-79.417299296025718,43.66744188622404]},"properties":{"OBJECTID":823}},{"type":"Feature","id":824,"geometry":{"type":"Point","coordinates":[-79.418646595059712,43.654115183729985]},"properties":{"OBJECTID":824}},{"type":"Feature","id":825,"geometry":{"type":"Point","coordinates":[-79.418236395075695,43.658141083932449]},"properties":{"OBJECTID":825}},{"type":"Feature","id":826,"geometry":{"type":"Point","coordinates":[-79.418482295021832,43.655683383798646]},"properties":{"OBJECTID":826}},{"type":"Feature","id":827,"geometry":{"type":"Point","coordinates":[-79.418907795183159,43.651442482998227]},"properties":{"OBJECTID":827}},{"type":"Feature","id":828,"geometry":{"type":"Point","coordinates":[-79.417151296754156,43.668702886115398]},"properties":{"OBJECTID":828}},{"type":"Feature","id":829,"geometry":{"type":"Point","coordinates":[-79.418049995194451,43.659830384850899]},"properties":{"OBJECTID":829}},{"type":"Feature","id":830,"geometry":{"type":"Point","coordinates":[-79.419310395491792,43.647402882146558]},"properties":{"OBJECTID":830}},{"type":"Feature","id":831,"geometry":{"type":"Point","coordinates":[-79.416745696516173,43.672634686654874]},"properties":{"OBJECTID":831}},{"type":"Feature","id":832,"geometry":{"type":"Point","coordinates":[-79.418464195078911,43.655636784054934]},"properties":{"OBJECTID":832}},{"type":"Feature","id":833,"geometry":{"type":"Point","coordinates":[-79.419562494896695,43.644460481753939]},"properties":{"OBJECTID":833}},{"type":"Feature","id":834,"geometry":{"type":"Point","coordinates":[-79.417600695782156,43.663318085095014]},"properties":{"OBJECTID":834}},{"type":"Feature","id":835,"geometry":{"type":"Point","coordinates":[-79.419991594417596,43.63968668070693]},"properties":{"OBJECTID":835}},{"type":"Feature","id":836,"geometry":{"type":"Point","coordinates":[-79.416788696080189,43.671144086905954]},"properties":{"OBJECTID":836}},{"type":"Feature","id":837,"geometry":{"type":"Point","coordinates":[-79.419376194451488,43.645640882245523]},"properties":{"OBJECTID":837}},{"type":"Feature","id":838,"geometry":{"type":"Point","coordinates":[-79.419075894563591,43.648580982462192]},"properties":{"OBJECTID":838}},{"type":"Feature","id":839,"geometry":{"type":"Point","coordinates":[-79.420854993881889,43.630952979081336]},"properties":{"OBJECTID":839}},{"type":"Feature","id":840,"geometry":{"type":"Point","coordinates":[-79.419628595136047,43.64299738120922]},"properties":{"OBJECTID":840}},{"type":"Feature","id":841,"geometry":{"type":"Point","coordinates":[-79.41715369568864,43.667085986078909]},"properties":{"OBJECTID":841}},{"type":"Feature","id":842,"geometry":{"type":"Point","coordinates":[-79.419177594907836,43.647069682127409]},"properties":{"OBJECTID":842}},{"type":"Feature","id":843,"geometry":{"type":"Point","coordinates":[-79.418904794678369,43.649702583223927]},"properties":{"OBJECTID":843}},{"type":"Feature","id":844,"geometry":{"type":"Point","coordinates":[-79.41993379493961,43.639527081014251]},"properties":{"OBJECTID":844}},{"type":"Feature","id":845,"geometry":{"type":"Point","coordinates":[-79.419933294968388,43.639525880674199]},"properties":{"OBJECTID":845}},{"type":"Feature","id":846,"geometry":{"type":"Point","coordinates":[-79.4175269957273,43.66313308536435]},"properties":{"OBJECTID":846}},{"type":"Feature","id":847,"geometry":{"type":"Point","coordinates":[-79.41832589517351,43.6552376836608]},"properties":{"OBJECTID":847}},{"type":"Feature","id":848,"geometry":{"type":"Point","coordinates":[-79.418459395810885,43.653640583423858]},"properties":{"OBJECTID":848}},{"type":"Feature","id":849,"geometry":{"type":"Point","coordinates":[-79.420751493500006,43.630937579486492]},"properties":{"OBJECTID":849}},{"type":"Feature","id":850,"geometry":{"type":"Point","coordinates":[-79.418843094936548,43.649714182657704]},"properties":{"OBJECTID":850}},{"type":"Feature","id":851,"geometry":{"type":"Point","coordinates":[-79.419413494098038,43.644077082106044]},"properties":{"OBJECTID":851}},{"type":"Feature","id":852,"geometry":{"type":"Point","coordinates":[-79.418437795229991,43.653585883130489]},"properties":{"OBJECTID":852}},{"type":"Feature","id":853,"geometry":{"type":"Point","coordinates":[-79.417587595684921,43.661939984614932]},"properties":{"OBJECTID":853}},{"type":"Feature","id":854,"geometry":{"type":"Point","coordinates":[-79.416675195575138,43.670860486731904]},"properties":{"OBJECTID":854}},{"type":"Feature","id":855,"geometry":{"type":"Point","coordinates":[-79.417312296320517,43.664249285377821]},"properties":{"OBJECTID":855}},{"type":"Feature","id":856,"geometry":{"type":"Point","coordinates":[-79.416382096314209,43.673332687195099]},"properties":{"OBJECTID":856}},{"type":"Feature","id":857,"geometry":{"type":"Point","coordinates":[-79.419482894880943,43.642604281756988]},"properties":{"OBJECTID":857}},{"type":"Feature","id":858,"geometry":{"type":"Point","coordinates":[-79.420624194210632,43.630916779349164]},"properties":{"OBJECTID":858}},{"type":"Feature","id":859,"geometry":{"type":"Point","coordinates":[-79.419152394647384,43.645032982236522]},"properties":{"OBJECTID":859}},{"type":"Feature","id":860,"geometry":{"type":"Point","coordinates":[-79.417191695961137,43.663834285294662]},"properties":{"OBJECTID":860}},{"type":"Feature","id":861,"geometry":{"type":"Point","coordinates":[-79.418645695170056,43.649210782444435]},"properties":{"OBJECTID":861}},{"type":"Feature","id":862,"geometry":{"type":"Point","coordinates":[-79.42048629333064,43.630894479494742]},"properties":{"OBJECTID":862}},{"type":"Feature","id":863,"geometry":{"type":"Point","coordinates":[-79.416350196072841,43.671611186987775]},"properties":{"OBJECTID":863}},{"type":"Feature","id":864,"geometry":{"type":"Point","coordinates":[-79.418497895484251,43.650388883267794]},"properties":{"OBJECTID":864}},{"type":"Feature","id":865,"geometry":{"type":"Point","coordinates":[-79.417930995530696,43.655753383796934]},"properties":{"OBJECTID":865}},{"type":"Feature","id":866,"geometry":{"type":"Point","coordinates":[-79.417485995431207,43.65994348493971]},"properties":{"OBJECTID":866}},{"type":"Feature","id":867,"geometry":{"type":"Point","coordinates":[-79.416172895613329,43.672758587079052]},"properties":{"OBJECTID":867}},{"type":"Feature","id":868,"geometry":{"type":"Point","coordinates":[-79.418060195239519,43.654160484078417]},"properties":{"OBJECTID":868}},{"type":"Feature","id":869,"geometry":{"type":"Point","coordinates":[-79.417635495422218,43.658337784330371]},"properties":{"OBJECTID":869}},{"type":"Feature","id":870,"geometry":{"type":"Point","coordinates":[-79.417632595747435,43.658355783963202]},"properties":{"OBJECTID":870}},{"type":"Feature","id":871,"geometry":{"type":"Point","coordinates":[-79.416565995367094,43.668831386187613]},"properties":{"OBJECTID":871}},{"type":"Feature","id":872,"geometry":{"type":"Point","coordinates":[-79.417619294825599,43.658375783972829]},"properties":{"OBJECTID":872}},{"type":"Feature","id":873,"geometry":{"type":"Point","coordinates":[-79.417620195007572,43.658280684247998]},"properties":{"OBJECTID":873}},{"type":"Feature","id":874,"geometry":{"type":"Point","coordinates":[-79.418297395027466,43.651578683205869]},"properties":{"OBJECTID":874}},{"type":"Feature","id":875,"geometry":{"type":"Point","coordinates":[-79.41758499503274,43.658408184176118]},"properties":{"OBJECTID":875}},{"type":"Feature","id":876,"geometry":{"type":"Point","coordinates":[-79.417066095777045,43.663438085656587]},"properties":{"OBJECTID":876}},{"type":"Feature","id":877,"geometry":{"type":"Point","coordinates":[-79.417564595648756,43.658494684515851]},"properties":{"OBJECTID":877}},{"type":"Feature","id":878,"geometry":{"type":"Point","coordinates":[-79.417894295325425,43.655241383645837]},"properties":{"OBJECTID":878}},{"type":"Feature","id":879,"geometry":{"type":"Point","coordinates":[-79.418671394505395,43.647526282183129]},"properties":{"OBJECTID":879}},{"type":"Feature","id":880,"geometry":{"type":"Point","coordinates":[-79.417560295459594,43.658445284407883]},"properties":{"OBJECTID":880}},{"type":"Feature","id":881,"geometry":{"type":"Point","coordinates":[-79.417557395149288,43.658466284733692]},"properties":{"OBJECTID":881}},{"type":"Feature","id":882,"geometry":{"type":"Point","coordinates":[-79.420336293739538,43.630870979198292]},"properties":{"OBJECTID":882}},{"type":"Feature","id":883,"geometry":{"type":"Point","coordinates":[-79.419557094807701,43.638518480644684]},"properties":{"OBJECTID":883}},{"type":"Feature","id":884,"geometry":{"type":"Point","coordinates":[-79.418487194875354,43.648698982545405]},"properties":{"OBJECTID":884}},{"type":"Feature","id":885,"geometry":{"type":"Point","coordinates":[-79.419755793667861,43.636196480356048]},"properties":{"OBJECTID":885}},{"type":"Feature","id":886,"geometry":{"type":"Point","coordinates":[-79.416991895709984,43.663246485682144]},"properties":{"OBJECTID":886}},{"type":"Feature","id":887,"geometry":{"type":"Point","coordinates":[-79.420096793758844,43.632662079677694]},"properties":{"OBJECTID":887}},{"type":"Feature","id":888,"geometry":{"type":"Point","coordinates":[-79.416575495182173,43.6672124863425]},"properties":{"OBJECTID":888}},{"type":"Feature","id":889,"geometry":{"type":"Point","coordinates":[-79.420247694043454,43.630863179329225]},"properties":{"OBJECTID":889}},{"type":"Feature","id":890,"geometry":{"type":"Point","coordinates":[-79.420046794123039,43.63267498002002]},"properties":{"OBJECTID":890}},{"type":"Feature","id":891,"geometry":{"type":"Point","coordinates":[-79.418703095156076,43.645775582374029]},"properties":{"OBJECTID":891}},{"type":"Feature","id":892,"geometry":{"type":"Point","coordinates":[-79.417895195355698,43.653690283510862]},"properties":{"OBJECTID":892}},{"type":"Feature","id":893,"geometry":{"type":"Point","coordinates":[-79.418849494720121,43.644175881677754]},"properties":{"OBJECTID":893}},{"type":"Feature","id":894,"geometry":{"type":"Point","coordinates":[-79.418541895201557,43.647195982706151]},"properties":{"OBJECTID":894}},{"type":"Feature","id":895,"geometry":{"type":"Point","coordinates":[-79.418274295331031,43.649830383157152]},"properties":{"OBJECTID":895}},{"type":"Feature","id":896,"geometry":{"type":"Point","coordinates":[-79.42018149396506,43.630860579726701]},"properties":{"OBJECTID":896}},{"type":"Feature","id":897,"geometry":{"type":"Point","coordinates":[-79.416106096438028,43.670986486551577]},"properties":{"OBJECTID":897}},{"type":"Feature","id":898,"geometry":{"type":"Point","coordinates":[-79.419988993609991,43.632683479606186]},"properties":{"OBJECTID":898}},{"type":"Feature","id":899,"geometry":{"type":"Point","coordinates":[-79.417035194979263,43.661765785101032]},"properties":{"OBJECTID":899}},{"type":"Feature","id":900,"geometry":{"type":"Point","coordinates":[-79.415971396103771,43.672218986740774]},"properties":{"OBJECTID":900}},{"type":"Feature","id":901,"geometry":{"type":"Point","coordinates":[-79.417728694925103,43.654840383594696]},"properties":{"OBJECTID":901}},{"type":"Feature","id":902,"geometry":{"type":"Point","coordinates":[-79.420143594102129,43.630863779369378]},"properties":{"OBJECTID":902}},{"type":"Feature","id":903,"geometry":{"type":"Point","coordinates":[-79.416733896046225,43.664378085794787]},"properties":{"OBJECTID":903}},{"type":"Feature","id":904,"geometry":{"type":"Point","coordinates":[-79.419946894262594,43.632684979802704]},"properties":{"OBJECTID":904}},{"type":"Feature","id":905,"geometry":{"type":"Point","coordinates":[-79.416582895332127,43.665590785265238]},"properties":{"OBJECTID":905}},{"type":"Feature","id":906,"geometry":{"type":"Point","coordinates":[-79.4199175934463,43.632683479566843]},"properties":{"OBJECTID":906}},{"type":"Feature","id":907,"geometry":{"type":"Point","coordinates":[-79.417678195653849,43.654701683445452]},"properties":{"OBJECTID":907}},{"type":"Feature","id":908,"geometry":{"type":"Point","coordinates":[-79.419884793621733,43.632677780057243]},"properties":{"OBJECTID":908}},{"type":"Feature","id":909,"geometry":{"type":"Point","coordinates":[-79.419851894155656,43.6326649797372]},"properties":{"OBJECTID":909}},{"type":"Feature","id":910,"geometry":{"type":"Point","coordinates":[-79.417619194924086,43.654546483462575]},"properties":{"OBJECTID":910}},{"type":"Feature","id":911,"geometry":{"type":"Point","coordinates":[-79.420020993337332,43.630882879620231]},"properties":{"OBJECTID":911}},{"type":"Feature","id":912,"geometry":{"type":"Point","coordinates":[-79.418122894716518,43.649564783236563]},"properties":{"OBJECTID":912}},{"type":"Feature","id":913,"geometry":{"type":"Point","coordinates":[-79.419832593833036,43.632656379524931]},"properties":{"OBJECTID":913}},{"type":"Feature","id":914,"geometry":{"type":"Point","coordinates":[-79.416760195609314,43.662621984877958]},"properties":{"OBJECTID":914}},{"type":"Feature","id":915,"geometry":{"type":"Point","coordinates":[-79.419804094196977,43.632634280224799]},"properties":{"OBJECTID":915}},{"type":"Feature","id":916,"geometry":{"type":"Point","coordinates":[-79.419786993428431,43.632608580088998]},"properties":{"OBJECTID":916}},{"type":"Feature","id":917,"geometry":{"type":"Point","coordinates":[-79.419250693749092,43.637661680439336]},"properties":{"OBJECTID":917}},{"type":"Feature","id":918,"geometry":{"type":"Point","coordinates":[-79.415770595564709,43.671739487109292]},"properties":{"OBJECTID":918}},{"type":"Feature","id":919,"geometry":{"type":"Point","coordinates":[-79.419751993756421,43.63253427962146]},"properties":{"OBJECTID":919}},{"type":"Feature","id":920,"geometry":{"type":"Point","coordinates":[-79.415885595630911,43.670428886237318]},"properties":{"OBJECTID":920}},{"type":"Feature","id":921,"geometry":{"type":"Point","coordinates":[-79.417902194702876,43.650524082622752]},"properties":{"OBJECTID":921}},{"type":"Feature","id":922,"geometry":{"type":"Point","coordinates":[-79.416905394742699,43.660058584917266]},"properties":{"OBJECTID":922}},{"type":"Feature","id":923,"geometry":{"type":"Point","coordinates":[-79.419702693989578,43.632402979784054]},"properties":{"OBJECTID":923}},{"type":"Feature","id":924,"geometry":{"type":"Point","coordinates":[-79.417293994805092,43.655763083874419]},"properties":{"OBJECTID":924}},{"type":"Feature","id":925,"geometry":{"type":"Point","coordinates":[-79.417704594819213,43.65169538359148]},"properties":{"OBJECTID":925}},{"type":"Feature","id":926,"geometry":{"type":"Point","coordinates":[-79.41807509467597,43.647655282826207]},"properties":{"OBJECTID":926}},{"type":"Feature","id":927,"geometry":{"type":"Point","coordinates":[-79.417795694184576,43.650265583131869]},"properties":{"OBJECTID":927}},{"type":"Feature","id":928,"geometry":{"type":"Point","coordinates":[-79.418501494661001,43.643238282135876]},"properties":{"OBJECTID":928}},{"type":"Feature","id":929,"geometry":{"type":"Point","coordinates":[-79.416574095338035,43.662151184902228]},"properties":{"OBJECTID":929}},{"type":"Feature","id":930,"geometry":{"type":"Point","coordinates":[-79.419788993546476,43.630489378969344]},"properties":{"OBJECTID":930}},{"type":"Feature","id":931,"geometry":{"type":"Point","coordinates":[-79.419609193960142,43.632178080053187]},"properties":{"OBJECTID":931}},{"type":"Feature","id":932,"geometry":{"type":"Point","coordinates":[-79.419735093248335,43.630918679776549]},"properties":{"OBJECTID":932}},{"type":"Feature","id":933,"geometry":{"type":"Point","coordinates":[-79.417223295485499,43.655576483737384]},"properties":{"OBJECTID":933}},{"type":"Feature","id":934,"geometry":{"type":"Point","coordinates":[-79.417908394025957,43.648821582811451]},"properties":{"OBJECTID":934}},{"type":"Feature","id":935,"geometry":{"type":"Point","coordinates":[-79.415978795221676,43.667338185899851]},"properties":{"OBJECTID":935}},{"type":"Feature","id":936,"geometry":{"type":"Point","coordinates":[-79.419724194103949,43.630314279377835]},"properties":{"OBJECTID":936}},{"type":"Feature","id":937,"geometry":{"type":"Point","coordinates":[-79.417332494459885,43.653809983928269]},"properties":{"OBJECTID":937}},{"type":"Feature","id":938,"geometry":{"type":"Point","coordinates":[-79.419541393774963,43.632012480057284]},"properties":{"OBJECTID":938}},{"type":"Feature","id":939,"geometry":{"type":"Point","coordinates":[-79.417793595073562,43.648848982488218]},"properties":{"OBJECTID":939}},{"type":"Feature","id":940,"geometry":{"type":"Point","coordinates":[-79.415637196271817,43.669803586264614]},"properties":{"OBJECTID":940}},{"type":"Feature","id":941,"geometry":{"type":"Point","coordinates":[-79.416167295893814,43.664555685747949]},"properties":{"OBJECTID":941}},{"type":"Feature","id":942,"geometry":{"type":"Point","coordinates":[-79.416151394826002,43.664510885732852]},"properties":{"OBJECTID":942}},{"type":"Feature","id":943,"geometry":{"type":"Point","coordinates":[-79.41803539472933,43.645897282113722]},"properties":{"OBJECTID":943}},{"type":"Feature","id":944,"geometry":{"type":"Point","coordinates":[-79.417070395272361,43.655172783885519]},"properties":{"OBJECTID":944}},{"type":"Feature","id":945,"geometry":{"type":"Point","coordinates":[-79.415998294933004,43.665717485789422]},"properties":{"OBJECTID":945}},{"type":"Feature","id":946,"geometry":{"type":"Point","coordinates":[-79.417109095461441,43.65466558342532]},"properties":{"OBJECTID":946}},{"type":"Feature","id":947,"geometry":{"type":"Point","coordinates":[-79.416074395982619,43.664078685219614]},"properties":{"OBJECTID":947}},{"type":"Feature","id":948,"geometry":{"type":"Point","coordinates":[-79.41764899391741,43.648475882813543]},"properties":{"OBJECTID":948}},{"type":"Feature","id":949,"geometry":{"type":"Point","coordinates":[-79.415497895829063,43.669449386277378]},"properties":{"OBJECTID":949}},{"type":"Feature","id":950,"geometry":{"type":"Point","coordinates":[-79.41643279478663,43.660158285089643]},"properties":{"OBJECTID":950}},{"type":"Feature","id":951,"geometry":{"type":"Point","coordinates":[-79.415980695103983,43.664100585215571]},"properties":{"OBJECTID":951}},{"type":"Feature","id":952,"geometry":{"type":"Point","coordinates":[-79.419423892891999,43.630154379206679]},"properties":{"OBJECTID":952}},{"type":"Feature","id":953,"geometry":{"type":"Point","coordinates":[-79.415152496013931,43.671873686510402]},"properties":{"OBJECTID":953}},{"type":"Feature","id":954,"geometry":{"type":"Point","coordinates":[-79.417289895000991,43.650645883275196]},"properties":{"OBJECTID":954}},{"type":"Feature","id":955,"geometry":{"type":"Point","coordinates":[-79.417808094180231,43.645293882462674]},"properties":{"OBJECTID":955}},{"type":"Feature","id":956,"geometry":{"type":"Point","coordinates":[-79.415361595356458,43.669102586011398]},"properties":{"OBJECTID":956}},{"type":"Feature","id":957,"geometry":{"type":"Point","coordinates":[-79.414951696285115,43.673031586856581]},"properties":{"OBJECTID":957}},{"type":"Feature","id":958,"geometry":{"type":"Point","coordinates":[-79.417506094705786,43.647778082226068]},"properties":{"OBJECTID":958}},{"type":"Feature","id":959,"geometry":{"type":"Point","coordinates":[-79.417204894881507,43.650418882855561]},"properties":{"OBJECTID":959}},{"type":"Feature","id":960,"geometry":{"type":"Point","coordinates":[-79.416721694625821,43.655121183992541]},"properties":{"OBJECTID":960}},{"type":"Feature","id":961,"geometry":{"type":"Point","coordinates":[-79.41773029443732,43.645111182459317]},"properties":{"OBJECTID":961}},{"type":"Feature","id":962,"geometry":{"type":"Point","coordinates":[-79.416360495468155,43.65859748434027]},"properties":{"OBJECTID":962}},{"type":"Feature","id":963,"geometry":{"type":"Point","coordinates":[-79.416592194444306,43.655708983842096]},"properties":{"OBJECTID":963}},{"type":"Feature","id":964,"geometry":{"type":"Point","coordinates":[-79.418650493211587,43.635355380522931]},"properties":{"OBJECTID":964}},{"type":"Feature","id":965,"geometry":{"type":"Point","coordinates":[-79.4153658952321,43.667470686513241]},"properties":{"OBJECTID":965}},{"type":"Feature","id":966,"geometry":{"type":"Point","coordinates":[-79.41495969608539,43.671397487223572]},"properties":{"OBJECTID":966}},{"type":"Feature","id":967,"geometry":{"type":"Point","coordinates":[-79.417371294118169,43.647428382389457]},"properties":{"OBJECTID":967}},{"type":"Feature","id":968,"geometry":{"type":"Point","coordinates":[-79.416595494522539,43.654770683399597]},"properties":{"OBJECTID":968}},{"type":"Feature","id":969,"geometry":{"type":"Point","coordinates":[-79.417065394953681,43.650065783218373]},"properties":{"OBJECTID":969}},{"type":"Feature","id":970,"geometry":{"type":"Point","coordinates":[-79.417157594904168,43.649153183097049]},"properties":{"OBJECTID":970}},{"type":"Feature","id":971,"geometry":{"type":"Point","coordinates":[-79.415568695064735,43.664680885310936]},"properties":{"OBJECTID":971}},{"type":"Feature","id":972,"geometry":{"type":"Point","coordinates":[-79.414772495493452,43.672488087279355]},"properties":{"OBJECTID":972}},{"type":"Feature","id":973,"geometry":{"type":"Point","coordinates":[-79.41717909458626,43.648768082388059]},"properties":{"OBJECTID":973}},{"type":"Feature","id":974,"geometry":{"type":"Point","coordinates":[-79.414755195239735,43.672497187172219]},"properties":{"OBJECTID":974}},{"type":"Feature","id":975,"geometry":{"type":"Point","coordinates":[-79.414743395301798,43.672525186710239]},"properties":{"OBJECTID":975}},{"type":"Feature","id":976,"geometry":{"type":"Point","coordinates":[-79.414743295930705,43.672507886950108]},"properties":{"OBJECTID":976}},{"type":"Feature","id":977,"geometry":{"type":"Point","coordinates":[-79.417264394540965,43.6474498820563]},"properties":{"OBJECTID":977}},{"type":"Feature","id":978,"geometry":{"type":"Point","coordinates":[-79.415385595002277,43.665844285592826]},"properties":{"OBJECTID":978}},{"type":"Feature","id":979,"geometry":{"type":"Point","coordinates":[-79.416511694661025,43.654565683489949]},"properties":{"OBJECTID":979}},{"type":"Feature","id":980,"geometry":{"type":"Point","coordinates":[-79.417111394786971,43.648589882706659]},"properties":{"OBJECTID":980}},{"type":"Feature","id":981,"geometry":{"type":"Point","coordinates":[-79.417199294270688,43.647289782704696]},"properties":{"OBJECTID":981}},{"type":"Feature","id":982,"geometry":{"type":"Point","coordinates":[-79.417478994406395,43.64446618157848]},"properties":{"OBJECTID":982}},{"type":"Feature","id":983,"geometry":{"type":"Point","coordinates":[-79.415588895148574,43.662830884937833]},"properties":{"OBJECTID":983}},{"type":"Feature","id":984,"geometry":{"type":"Point","coordinates":[-79.415976595147256,43.658977984290267]},"properties":{"OBJECTID":984}},{"type":"Feature","id":985,"geometry":{"type":"Point","coordinates":[-79.415841794857528,43.660286284874253]},"properties":{"OBJECTID":985}},{"type":"Feature","id":986,"geometry":{"type":"Point","coordinates":[-79.417174994499831,43.646928282803295]},"properties":{"OBJECTID":986}},{"type":"Feature","id":987,"geometry":{"type":"Point","coordinates":[-79.417270594748672,43.64555768193248]},"properties":{"OBJECTID":987}},{"type":"Feature","id":988,"geometry":{"type":"Point","coordinates":[-79.415417995300999,43.663756585859339]},"properties":{"OBJECTID":988}},{"type":"Feature","id":989,"geometry":{"type":"Point","coordinates":[-79.415884795092907,43.658685884808399]},"properties":{"OBJECTID":989}},{"type":"Feature","id":990,"geometry":{"type":"Point","coordinates":[-79.415738394929775,43.66001738469766]},"properties":{"OBJECTID":990}},{"type":"Feature","id":991,"geometry":{"type":"Point","coordinates":[-79.417062894527064,43.646954282796401]},"properties":{"OBJECTID":991}},{"type":"Feature","id":992,"geometry":{"type":"Point","coordinates":[-79.414513995955915,43.672010386496382]},"properties":{"OBJECTID":992}},{"type":"Feature","id":993,"geometry":{"type":"Point","coordinates":[-79.415010395109377,43.667045286082292]},"properties":{"OBJECTID":993}},{"type":"Feature","id":994,"geometry":{"type":"Point","coordinates":[-79.414768795863679,43.669222686759227]},"properties":{"OBJECTID":994}},{"type":"Feature","id":995,"geometry":{"type":"Point","coordinates":[-79.414359495886046,43.673156386933904]},"properties":{"OBJECTID":995}},{"type":"Feature","id":996,"geometry":{"type":"Point","coordinates":[-79.416643894900744,43.65054088308213]},"properties":{"OBJECTID":996}},{"type":"Feature","id":997,"geometry":{"type":"Point","coordinates":[-79.414926695099027,43.666335885575783]},"properties":{"OBJECTID":997}},{"type":"Feature","id":998,"geometry":{"type":"Point","coordinates":[-79.414781195597016,43.667600686414339]},"properties":{"OBJECTID":998}},{"type":"Feature","id":999,"geometry":{"type":"Point","coordinates":[-79.416646294048633,43.649024582684191]},"properties":{"OBJECTID":999}},{"type":"Feature","id":1000,"geometry":{"type":"Point","coordinates":[-79.41434899522406,43.671536686824084]},"properties":{"OBJECTID":1000}},{"type":"Feature","id":1001,"geometry":{"type":"Point","coordinates":[-79.414990395608811,43.664801085366065]},"properties":{"OBJECTID":1001}},{"type":"Feature","id":1002,"geometry":{"type":"Point","coordinates":[-79.41809089338949,43.634238979725055]},"properties":{"OBJECTID":1002}},{"type":"Feature","id":1003,"geometry":{"type":"Point","coordinates":[-79.414442994772898,43.670081086940144]},"properties":{"OBJECTID":1003}},{"type":"Feature","id":1004,"geometry":{"type":"Point","coordinates":[-79.417130693601109,43.64352488133769]},"properties":{"OBJECTID":1004}},{"type":"Feature","id":1005,"geometry":{"type":"Point","coordinates":[-79.416860693516284,43.646103981907522]},"properties":{"OBJECTID":1005}},{"type":"Feature","id":1006,"geometry":{"type":"Point","coordinates":[-79.417350293480865,43.640971580972263]},"properties":{"OBJECTID":1006}},{"type":"Feature","id":1007,"geometry":{"type":"Point","coordinates":[-79.415856194408548,43.655496383592492]},"properties":{"OBJECTID":1007}},{"type":"Feature","id":1008,"geometry":{"type":"Point","coordinates":[-79.414782395380215,43.665978385562816]},"properties":{"OBJECTID":1008}},{"type":"Feature","id":1009,"geometry":{"type":"Point","coordinates":[-79.415934394404118,43.65447638332774]},"properties":{"OBJECTID":1009}},{"type":"Feature","id":1010,"geometry":{"type":"Point","coordinates":[-79.416761394248994,43.646134682649837]},"properties":{"OBJECTID":1010}},{"type":"Feature","id":1011,"geometry":{"type":"Point","coordinates":[-79.41460919552884,43.66716518651922]},"properties":{"OBJECTID":1011}},{"type":"Feature","id":1012,"geometry":{"type":"Point","coordinates":[-79.415774994106343,43.655298084119927]},"properties":{"OBJECTID":1012}},{"type":"Feature","id":1013,"geometry":{"type":"Point","coordinates":[-79.414854595546117,43.66434228591659]},"properties":{"OBJECTID":1013}},{"type":"Feature","id":1014,"geometry":{"type":"Point","coordinates":[-79.414167895911177,43.671048386450991]},"properties":{"OBJECTID":1014}},{"type":"Feature","id":1015,"geometry":{"type":"Point","coordinates":[-79.414300995576113,43.669715986529468]},"properties":{"OBJECTID":1015}},{"type":"Feature","id":1016,"geometry":{"type":"Point","coordinates":[-79.415243794619116,43.660397284853914]},"properties":{"OBJECTID":1016}},{"type":"Feature","id":1017,"geometry":{"type":"Point","coordinates":[-79.414977595515964,43.662966385137445]},"properties":{"OBJECTID":1017}},{"type":"Feature","id":1018,"geometry":{"type":"Point","coordinates":[-79.413969995542899,43.672129886715176]},"properties":{"OBJECTID":1018}},{"type":"Feature","id":1019,"geometry":{"type":"Point","coordinates":[-79.4140888951801,43.670787586512589]},"properties":{"OBJECTID":1019}},{"type":"Feature","id":1020,"geometry":{"type":"Point","coordinates":[-79.416498494220107,43.64706888216552]},"properties":{"OBJECTID":1020}},{"type":"Feature","id":1021,"geometry":{"type":"Point","coordinates":[-79.41612519412034,43.650712182736811]},"properties":{"OBJECTID":1021}},{"type":"Feature","id":1022,"geometry":{"type":"Point","coordinates":[-79.41610529396678,43.65065798320078]},"properties":{"OBJECTID":1022}},{"type":"Feature","id":1023,"geometry":{"type":"Point","coordinates":[-79.415272694283985,43.658819784741837]},"properties":{"OBJECTID":1023}},{"type":"Feature","id":1024,"geometry":{"type":"Point","coordinates":[-79.416665393310581,43.645050081841454]},"properties":{"OBJECTID":1024}},{"type":"Feature","id":1025,"geometry":{"type":"Point","coordinates":[-79.414168695449575,43.669350886298673]},"properties":{"OBJECTID":1025}},{"type":"Feature","id":1026,"geometry":{"type":"Point","coordinates":[-79.416968694085469,43.641784381498603]},"properties":{"OBJECTID":1026}},{"type":"Feature","id":1027,"geometry":{"type":"Point","coordinates":[-79.414690994603077,43.663894685493531]},"properties":{"OBJECTID":1027}},{"type":"Feature","id":1028,"geometry":{"type":"Point","coordinates":[-79.415597694063052,43.654952583456677]},"properties":{"OBJECTID":1028}},{"type":"Feature","id":1029,"geometry":{"type":"Point","coordinates":[-79.413658795652182,43.673950887449315]},"properties":{"OBJECTID":1029}},{"type":"Feature","id":1030,"geometry":{"type":"Point","coordinates":[-79.414375195488432,43.666532585785063]},"properties":{"OBJECTID":1030}},{"type":"Feature","id":1031,"geometry":{"type":"Point","coordinates":[-79.417201994015741,43.638669680598582]},"properties":{"OBJECTID":1031}},{"type":"Feature","id":1032,"geometry":{"type":"Point","coordinates":[-79.415140494413492,43.658476184748665]},"properties":{"OBJECTID":1032}},{"type":"Feature","id":1033,"geometry":{"type":"Point","coordinates":[-79.415963294706245,43.650293683320015]},"properties":{"OBJECTID":1033}},{"type":"Feature","id":1034,"geometry":{"type":"Point","coordinates":[-79.414175195429607,43.667733385881256]},"properties":{"OBJECTID":1034}},{"type":"Feature","id":1035,"geometry":{"type":"Point","coordinates":[-79.414212294723299,43.667225185883574]},"properties":{"OBJECTID":1035}},{"type":"Feature","id":1036,"geometry":{"type":"Point","coordinates":[-79.416455794287856,43.645142281912364]},"properties":{"OBJECTID":1036}},{"type":"Feature","id":1037,"geometry":{"type":"Point","coordinates":[-79.416437993470211,43.645091981883127]},"properties":{"OBJECTID":1037}},{"type":"Feature","id":1038,"geometry":{"type":"Point","coordinates":[-79.414365894666645,43.664939585836017]},"properties":{"OBJECTID":1038}},{"type":"Feature","id":1039,"geometry":{"type":"Point","coordinates":[-79.415410794441513,43.654556683840781]},"properties":{"OBJECTID":1039}},{"type":"Feature","id":1040,"geometry":{"type":"Point","coordinates":[-79.413800895026711,43.670208486907299]},"properties":{"OBJECTID":1040}},{"type":"Feature","id":1041,"geometry":{"type":"Point","coordinates":[-79.414206895374832,43.666105485555903]},"properties":{"OBJECTID":1041}},{"type":"Feature","id":1042,"geometry":{"type":"Point","coordinates":[-79.41538519454997,43.654506083423747]},"properties":{"OBJECTID":1042}},{"type":"Feature","id":1043,"geometry":{"type":"Point","coordinates":[-79.413401395958246,43.673362086840605]},"properties":{"OBJECTID":1043}},{"type":"Feature","id":1044,"geometry":{"type":"Point","coordinates":[-79.416288093181976,43.64472468169393]},"properties":{"OBJECTID":1044}},{"type":"Feature","id":1045,"geometry":{"type":"Point","coordinates":[-79.414657194438774,43.660530984474001]},"properties":{"OBJECTID":1045}},{"type":"Feature","id":1046,"geometry":{"type":"Point","coordinates":[-79.414378894319597,43.66309318495238]},"properties":{"OBJECTID":1046}},{"type":"Feature","id":1047,"geometry":{"type":"Point","coordinates":[-79.41660139318175,43.641118081831024]},"properties":{"OBJECTID":1047}},{"type":"Feature","id":1048,"geometry":{"type":"Point","coordinates":[-79.415605893524415,43.650812983311774]},"properties":{"OBJECTID":1048}},{"type":"Feature","id":1049,"geometry":{"type":"Point","coordinates":[-79.413976794915726,43.66665978613262]},"properties":{"OBJECTID":1049}},{"type":"Feature","id":1050,"geometry":{"type":"Point","coordinates":[-79.41592579422138,43.64718678288385]},"properties":{"OBJECTID":1050}},{"type":"Feature","id":1051,"geometry":{"type":"Point","coordinates":[-79.415621093603335,43.64981248251619]},"properties":{"OBJECTID":1051}},{"type":"Feature","id":1052,"geometry":{"type":"Point","coordinates":[-79.417126092745477,43.634483679967886]},"properties":{"OBJECTID":1052}},{"type":"Feature","id":1053,"geometry":{"type":"Point","coordinates":[-79.415155193906728,43.653856983978365]},"properties":{"OBJECTID":1053}},{"type":"Feature","id":1054,"geometry":{"type":"Point","coordinates":[-79.413562795446239,43.669485886696819]},"properties":{"OBJECTID":1054}},{"type":"Feature","id":1055,"geometry":{"type":"Point","coordinates":[-79.416112293313248,43.644267682059095]},"properties":{"OBJECTID":1055}},{"type":"Feature","id":1056,"geometry":{"type":"Point","coordinates":[-79.414090894447043,43.664038085353091]},"properties":{"OBJECTID":1056}},{"type":"Feature","id":1057,"geometry":{"type":"Point","coordinates":[-79.413515394466927,43.669498786832861]},"properties":{"OBJECTID":1057}},{"type":"Feature","id":1058,"geometry":{"type":"Point","coordinates":[-79.413585395155664,43.667859886415194]},"properties":{"OBJECTID":1058}},{"type":"Feature","id":1059,"geometry":{"type":"Point","coordinates":[-79.414522693934416,43.658579784719642]},"properties":{"OBJECTID":1059}},{"type":"Feature","id":1060,"geometry":{"type":"Point","coordinates":[-79.414902394086269,43.654679883582261]},"properties":{"OBJECTID":1060}},{"type":"Feature","id":1061,"geometry":{"type":"Point","coordinates":[-79.414100495032571,43.662445885718668]},"properties":{"OBJECTID":1061}},{"type":"Feature","id":1062,"geometry":{"type":"Point","coordinates":[-79.415838293493152,43.645269581958168]},"properties":{"OBJECTID":1062}},{"type":"Feature","id":1063,"geometry":{"type":"Point","coordinates":[-79.414887694227673,43.654618083975329]},"properties":{"OBJECTID":1063}},{"type":"Feature","id":1064,"geometry":{"type":"Point","coordinates":[-79.413793594818742,43.665065886146415]},"properties":{"OBJECTID":1064}},{"type":"Feature","id":1065,"geometry":{"type":"Point","coordinates":[-79.413258394422471,43.670316786877052]},"properties":{"OBJECTID":1065}},{"type":"Feature","id":1066,"geometry":{"type":"Point","coordinates":[-79.414825394350672,43.654478983418173]},"properties":{"OBJECTID":1066}},{"type":"Feature","id":1067,"geometry":{"type":"Point","coordinates":[-79.414764994439594,43.654706984223637]},"properties":{"OBJECTID":1067}},{"type":"Feature","id":1068,"geometry":{"type":"Point","coordinates":[-79.413588495220523,43.666236486038862]},"properties":{"OBJECTID":1068}},{"type":"Feature","id":1069,"geometry":{"type":"Point","coordinates":[-79.413177294814204,43.670099486594808]},"properties":{"OBJECTID":1069}},{"type":"Feature","id":1070,"geometry":{"type":"Point","coordinates":[-79.413057795045134,43.671236587278244]},"properties":{"OBJECTID":1070}},{"type":"Feature","id":1071,"geometry":{"type":"Point","coordinates":[-79.414884094361298,43.653202183516164]},"properties":{"OBJECTID":1071}},{"type":"Feature","id":1072,"geometry":{"type":"Point","coordinates":[-79.415084093809753,43.650902683134809]},"properties":{"OBJECTID":1072}},{"type":"Feature","id":1073,"geometry":{"type":"Point","coordinates":[-79.414726194436213,43.65423098365104]},"properties":{"OBJECTID":1073}},{"type":"Feature","id":1074,"geometry":{"type":"Point","coordinates":[-79.414686794160758,43.654510083965782]},"properties":{"OBJECTID":1074}},{"type":"Feature","id":1075,"geometry":{"type":"Point","coordinates":[-79.413799195202031,43.663213385349763]},"properties":{"OBJECTID":1075}},{"type":"Feature","id":1076,"geometry":{"type":"Point","coordinates":[-79.412996894986406,43.67108628695]},"properties":{"OBJECTID":1076}},{"type":"Feature","id":1077,"geometry":{"type":"Point","coordinates":[-79.413632494455356,43.664612486009382]},"properties":{"OBJECTID":1077}},{"type":"Feature","id":1078,"geometry":{"type":"Point","coordinates":[-79.414025094983629,43.660649084988293]},"properties":{"OBJECTID":1078}},{"type":"Feature","id":1079,"geometry":{"type":"Point","coordinates":[-79.413888494635003,43.661933884892179]},"properties":{"OBJECTID":1079}},{"type":"Feature","id":1080,"geometry":{"type":"Point","coordinates":[-79.412926995011318,43.67090588686353]},"properties":{"OBJECTID":1080}},{"type":"Feature","id":1081,"geometry":{"type":"Point","coordinates":[-79.414933394411761,43.650504483094828]},"properties":{"OBJECTID":1081}},{"type":"Feature","id":1082,"geometry":{"type":"Point","coordinates":[-79.412976995159084,43.669615286548073]},"properties":{"OBJECTID":1082}},{"type":"Feature","id":1083,"geometry":{"type":"Point","coordinates":[-79.415650493440339,43.643099081377002]},"properties":{"OBJECTID":1083}},{"type":"Feature","id":1084,"geometry":{"type":"Point","coordinates":[-79.415478993198434,43.64438998222014]},"properties":{"OBJECTID":1084}},{"type":"Feature","id":1085,"geometry":{"type":"Point","coordinates":[-79.414502593806517,43.653638383530229]},"properties":{"OBJECTID":1085}},{"type":"Feature","id":1086,"geometry":{"type":"Point","coordinates":[-79.415576293004364,43.642912182017227]},"properties":{"OBJECTID":1086}},{"type":"Feature","id":1087,"geometry":{"type":"Point","coordinates":[-79.413958094637294,43.658819484239885]},"properties":{"OBJECTID":1087}},{"type":"Feature","id":1088,"geometry":{"type":"Point","coordinates":[-79.414360593972631,43.654788183700674]},"properties":{"OBJECTID":1088}},{"type":"Feature","id":1089,"geometry":{"type":"Point","coordinates":[-79.416399893209785,43.63467458069605]},"properties":{"OBJECTID":1089}},{"type":"Feature","id":1090,"geometry":{"type":"Point","coordinates":[-79.412989394300453,43.667994886267763]},"properties":{"OBJECTID":1090}},{"type":"Feature","id":1091,"geometry":{"type":"Point","coordinates":[-79.415923892733673,43.639038280946671]},"properties":{"OBJECTID":1091}},{"type":"Feature","id":1092,"geometry":{"type":"Point","coordinates":[-79.413908993576612,43.658702384957806]},"properties":{"OBJECTID":1092}},{"type":"Feature","id":1093,"geometry":{"type":"Point","coordinates":[-79.416315993396253,43.634681079932285]},"properties":{"OBJECTID":1093}},{"type":"Feature","id":1094,"geometry":{"type":"Point","coordinates":[-79.415497793813998,43.642714882158295]},"properties":{"OBJECTID":1094}},{"type":"Feature","id":1095,"geometry":{"type":"Point","coordinates":[-79.415216594004193,43.645394182021541]},"properties":{"OBJECTID":1095}},{"type":"Feature","id":1096,"geometry":{"type":"Point","coordinates":[-79.414277794186688,43.654590684190921]},"properties":{"OBJECTID":1096}},{"type":"Feature","id":1097,"geometry":{"type":"Point","coordinates":[-79.415204794071542,43.645347282290572]},"properties":{"OBJECTID":1097}},{"type":"Feature","id":1098,"geometry":{"type":"Point","coordinates":[-79.413157594973072,43.6651932858896]},"properties":{"OBJECTID":1098}},{"type":"Feature","id":1099,"geometry":{"type":"Point","coordinates":[-79.412540994890122,43.671180187172389]},"properties":{"OBJECTID":1099}},{"type":"Feature","id":1100,"geometry":{"type":"Point","coordinates":[-79.414190893678168,43.654825283834846]},"properties":{"OBJECTID":1100}},{"type":"Feature","id":1101,"geometry":{"type":"Point","coordinates":[-79.416211493348939,43.634669780485886]},"properties":{"OBJECTID":1101}},{"type":"Feature","id":1102,"geometry":{"type":"Point","coordinates":[-79.412990294295057,43.666369286354374]},"properties":{"OBJECTID":1102}},{"type":"Feature","id":1103,"geometry":{"type":"Point","coordinates":[-79.414546893591876,43.651008183183265]},"properties":{"OBJECTID":1103}},{"type":"Feature","id":1104,"geometry":{"type":"Point","coordinates":[-79.41613159263143,43.634644380144074]},"properties":{"OBJECTID":1104}},{"type":"Feature","id":1105,"geometry":{"type":"Point","coordinates":[-79.413342394459903,43.662040985391904]},"properties":{"OBJECTID":1105}},{"type":"Feature","id":1106,"geometry":{"type":"Point","coordinates":[-79.415066393712564,43.644977881866801]},"properties":{"OBJECTID":1106}},{"type":"Feature","id":1107,"geometry":{"type":"Point","coordinates":[-79.413423193876213,43.660765884655625]},"properties":{"OBJECTID":1107}},{"type":"Feature","id":1108,"geometry":{"type":"Point","coordinates":[-79.413290894644817,43.662051384816579]},"properties":{"OBJECTID":1108}},{"type":"Feature","id":1109,"geometry":{"type":"Point","coordinates":[-79.413131994155037,43.663345985158458]},"properties":{"OBJECTID":1109}},{"type":"Feature","id":1110,"geometry":{"type":"Point","coordinates":[-79.416208692724751,43.632973880374344]},"properties":{"OBJECTID":1110}},{"type":"Feature","id":1111,"geometry":{"type":"Point","coordinates":[-79.416042692996115,43.63459188044515]},"properties":{"OBJECTID":1111}},{"type":"Feature","id":1112,"geometry":{"type":"Point","coordinates":[-79.415271993690908,43.642136381604708]},"properties":{"OBJECTID":1112}},{"type":"Feature","id":1113,"geometry":{"type":"Point","coordinates":[-79.414296293526036,43.65170238345668]},"properties":{"OBJECTID":1113}},{"type":"Feature","id":1114,"geometry":{"type":"Point","coordinates":[-79.41235539452795,43.670700986736449]},"properties":{"OBJECTID":1114}},{"type":"Feature","id":1115,"geometry":{"type":"Point","coordinates":[-79.415996292198685,43.634536580198748]},"properties":{"OBJECTID":1115}},{"type":"Feature","id":1116,"geometry":{"type":"Point","coordinates":[-79.413866994031764,43.655216683951906]},"properties":{"OBJECTID":1116}},{"type":"Feature","id":1117,"geometry":{"type":"Point","coordinates":[-79.415024292640936,43.643222482034723]},"properties":{"OBJECTID":1117}},{"type":"Feature","id":1118,"geometry":{"type":"Point","coordinates":[-79.414880393234213,43.644507081895561]},"properties":{"OBJECTID":1118}},{"type":"Feature","id":1119,"geometry":{"type":"Point","coordinates":[-79.41365299389193,43.656379584231374]},"properties":{"OBJECTID":1119}},{"type":"Feature","id":1120,"geometry":{"type":"Point","coordinates":[-79.412832594903136,43.664286085897352]},"properties":{"OBJECTID":1120}},{"type":"Feature","id":1121,"geometry":{"type":"Point","coordinates":[-79.412213594882772,43.670324686896585]},"properties":{"OBJECTID":1121}},{"type":"Feature","id":1122,"geometry":{"type":"Point","coordinates":[-79.414146293556257,43.651309183040205]},"properties":{"OBJECTID":1122}},{"type":"Feature","id":1123,"geometry":{"type":"Point","coordinates":[-79.413340493849418,43.6589474845075]},"properties":{"OBJECTID":1123}},{"type":"Feature","id":1124,"geometry":{"type":"Point","coordinates":[-79.411827395368533,43.673685187129969]},"properties":{"OBJECTID":1124}},{"type":"Feature","id":1125,"geometry":{"type":"Point","coordinates":[-79.412386194853539,43.668126886731265]},"properties":{"OBJECTID":1125}},{"type":"Feature","id":1126,"geometry":{"type":"Point","coordinates":[-79.413705694106739,43.654768084131661]},"properties":{"OBJECTID":1126}},{"type":"Feature","id":1127,"geometry":{"type":"Point","coordinates":[-79.414075493677259,43.651101683407163]},"properties":{"OBJECTID":1127}},{"type":"Feature","id":1128,"geometry":{"type":"Point","coordinates":[-79.41368479316094,43.654710584259817]},"properties":{"OBJECTID":1128}},{"type":"Feature","id":1129,"geometry":{"type":"Point","coordinates":[-79.413801093810264,43.653429683534583]},"properties":{"OBJECTID":1129}},{"type":"Feature","id":1130,"geometry":{"type":"Point","coordinates":[-79.415010692874787,43.641438581553437]},"properties":{"OBJECTID":1130}},{"type":"Feature","id":1131,"geometry":{"type":"Point","coordinates":[-79.412579194273974,43.665324585723454]},"properties":{"OBJECTID":1131}},{"type":"Feature","id":1132,"geometry":{"type":"Point","coordinates":[-79.413349394280388,43.657296884364676]},"properties":{"OBJECTID":1132}},{"type":"Feature","id":1133,"geometry":{"type":"Point","coordinates":[-79.412393994073042,43.666497186080257]},"properties":{"OBJECTID":1133}},{"type":"Feature","id":1134,"geometry":{"type":"Point","coordinates":[-79.413986994063762,43.65070128324826]},"properties":{"OBJECTID":1134}},{"type":"Feature","id":1135,"geometry":{"type":"Point","coordinates":[-79.413451693283548,43.655879284493892]},"properties":{"OBJECTID":1135}},{"type":"Feature","id":1136,"geometry":{"type":"Point","coordinates":[-79.413575794353633,43.654444283581391]},"properties":{"OBJECTID":1136}},{"type":"Feature","id":1137,"geometry":{"type":"Point","coordinates":[-79.411951794607504,43.670375086723645]},"properties":{"OBJECTID":1137}},{"type":"Feature","id":1138,"geometry":{"type":"Point","coordinates":[-79.413929892928365,43.650713183092137]},"properties":{"OBJECTID":1138}},{"type":"Feature","id":1139,"geometry":{"type":"Point","coordinates":[-79.413793293112178,43.651809982950674]},"properties":{"OBJECTID":1139}},{"type":"Feature","id":1140,"geometry":{"type":"Point","coordinates":[-79.411841594550594,43.670800686605162]},"properties":{"OBJECTID":1140}},{"type":"Feature","id":1141,"geometry":{"type":"Point","coordinates":[-79.414409992985696,43.645529582471298]},"properties":{"OBJECTID":1141}},{"type":"Feature","id":1142,"geometry":{"type":"Point","coordinates":[-79.412827593874638,43.660892084882747]},"properties":{"OBJECTID":1142}},{"type":"Feature","id":1143,"geometry":{"type":"Point","coordinates":[-79.412414694380601,43.664879185628251]},"properties":{"OBJECTID":1143}},{"type":"Feature","id":1144,"geometry":{"type":"Point","coordinates":[-79.413910593628188,43.65012518326597]},"properties":{"OBJECTID":1144}},{"type":"Feature","id":1145,"geometry":{"type":"Point","coordinates":[-79.412266694150929,43.666182185991261]},"properties":{"OBJECTID":1145}},{"type":"Feature","id":1146,"geometry":{"type":"Point","coordinates":[-79.412654494194697,43.662168885584322]},"properties":{"OBJECTID":1146}},{"type":"Feature","id":1147,"geometry":{"type":"Point","coordinates":[-79.413460093405533,43.654184584230784]},"properties":{"OBJECTID":1147}},{"type":"Feature","id":1148,"geometry":{"type":"Point","coordinates":[-79.412503494650181,43.663473285707809]},"properties":{"OBJECTID":1148}},{"type":"Feature","id":1149,"geometry":{"type":"Point","coordinates":[-79.413822493115163,43.649884382650036]},"properties":{"OBJECTID":1149}},{"type":"Feature","id":1150,"geometry":{"type":"Point","coordinates":[-79.413639193566524,43.651415683060051]},"properties":{"OBJECTID":1150}},{"type":"Feature","id":1151,"geometry":{"type":"Point","coordinates":[-79.414311392740515,43.644611782188321]},"properties":{"OBJECTID":1151}},{"type":"Feature","id":1152,"geometry":{"type":"Point","coordinates":[-79.414712593275937,43.640658381131011]},"properties":{"OBJECTID":1152}},{"type":"Feature","id":1153,"geometry":{"type":"Point","coordinates":[-79.41443889322062,43.643336882018559]},"properties":{"OBJECTID":1153}},{"type":"Feature","id":1154,"geometry":{"type":"Point","coordinates":[-79.413345093064592,43.653869683518145]},"properties":{"OBJECTID":1154}},{"type":"Feature","id":1155,"geometry":{"type":"Point","coordinates":[-79.41334139388799,43.653526683339436]},"properties":{"OBJECTID":1155}},{"type":"Feature","id":1156,"geometry":{"type":"Point","coordinates":[-79.413027694069029,43.656505784651607]},"properties":{"OBJECTID":1156}},{"type":"Feature","id":1157,"geometry":{"type":"Point","coordinates":[-79.412087894624818,43.665596986226241]},"properties":{"OBJECTID":1157}},{"type":"Feature","id":1158,"geometry":{"type":"Point","coordinates":[-79.413421294015492,43.652455983442756]},"properties":{"OBJECTID":1158}},{"type":"Feature","id":1159,"geometry":{"type":"Point","coordinates":[-79.412736094215305,43.659072684961124]},"properties":{"OBJECTID":1159}},{"type":"Feature","id":1160,"geometry":{"type":"Point","coordinates":[-79.415552291756086,43.631117879889715]},"properties":{"OBJECTID":1160}},{"type":"Feature","id":1161,"geometry":{"type":"Point","coordinates":[-79.415311192403323,43.633218179719755]},"properties":{"OBJECTID":1161}},{"type":"Feature","id":1162,"geometry":{"type":"Point","coordinates":[-79.413228794028313,43.653551084172435]},"properties":{"OBJECTID":1162}},{"type":"Feature","id":1163,"geometry":{"type":"Point","coordinates":[-79.414300692444101,43.642977381624299]},"properties":{"OBJECTID":1163}},{"type":"Feature","id":1164,"geometry":{"type":"Point","coordinates":[-79.413504392955289,43.650790683236494]},"properties":{"OBJECTID":1164}},{"type":"Feature","id":1165,"geometry":{"type":"Point","coordinates":[-79.413041093070305,43.654904284182045]},"properties":{"OBJECTID":1165}},{"type":"Feature","id":1166,"geometry":{"type":"Point","coordinates":[-79.413186594081765,43.65314448337044]},"properties":{"OBJECTID":1166}},{"type":"Feature","id":1167,"geometry":{"type":"Point","coordinates":[-79.411795094272307,43.666629286237281]},"properties":{"OBJECTID":1167}},{"type":"Feature","id":1168,"geometry":{"type":"Point","coordinates":[-79.41135529482969,43.670930087194336]},"properties":{"OBJECTID":1168}},{"type":"Feature","id":1169,"geometry":{"type":"Point","coordinates":[-79.413969292584255,43.645205782360215]},"properties":{"OBJECTID":1169}},{"type":"Feature","id":1170,"geometry":{"type":"Point","coordinates":[-79.413393893728397,43.650814783579079]},"properties":{"OBJECTID":1170}},{"type":"Feature","id":1171,"geometry":{"type":"Point","coordinates":[-79.412580794236476,43.658697584980075]},"properties":{"OBJECTID":1171}},{"type":"Feature","id":1172,"geometry":{"type":"Point","coordinates":[-79.414455892358205,43.640010181296169]},"properties":{"OBJECTID":1172}},{"type":"Feature","id":1173,"geometry":{"type":"Point","coordinates":[-79.413039493986119,43.653585084005556]},"properties":{"OBJECTID":1173}},{"type":"Feature","id":1174,"geometry":{"type":"Point","coordinates":[-79.41291739318342,43.654578783955742]},"properties":{"OBJECTID":1174}},{"type":"Feature","id":1175,"geometry":{"type":"Point","coordinates":[-79.413071294069553,43.652857483383109]},"properties":{"OBJECTID":1175}},{"type":"Feature","id":1176,"geometry":{"type":"Point","coordinates":[-79.411817293539528,43.665010785386066]},"properties":{"OBJECTID":1176}},{"type":"Feature","id":1177,"geometry":{"type":"Point","coordinates":[-79.412213493370373,43.661019285271898]},"properties":{"OBJECTID":1177}},{"type":"Feature","id":1178,"geometry":{"type":"Point","coordinates":[-79.411922693908465,43.663581285210761]},"properties":{"OBJECTID":1178}},{"type":"Feature","id":1179,"geometry":{"type":"Point","coordinates":[-79.414056292217083,43.642370782082232]},"properties":{"OBJECTID":1179}},{"type":"Feature","id":1180,"geometry":{"type":"Point","coordinates":[-79.413784393284857,43.644709081929193]},"properties":{"OBJECTID":1180}},{"type":"Feature","id":1181,"geometry":{"type":"Point","coordinates":[-79.412894492981962,43.653212683826716]},"properties":{"OBJECTID":1181}},{"type":"Feature","id":1182,"geometry":{"type":"Point","coordinates":[-79.412954493245962,43.652550183906435]},"properties":{"OBJECTID":1182}},{"type":"Feature","id":1183,"geometry":{"type":"Point","coordinates":[-79.413046093805107,43.651540683676387]},"properties":{"OBJECTID":1183}},{"type":"Feature","id":1184,"geometry":{"type":"Point","coordinates":[-79.412614093964351,43.655475283685803]},"properties":{"OBJECTID":1184}},{"type":"Feature","id":1185,"geometry":{"type":"Point","coordinates":[-79.412775992871431,43.65291708395965]},"properties":{"OBJECTID":1185}},{"type":"Feature","id":1186,"geometry":{"type":"Point","coordinates":[-79.412126593087223,43.659190184807244]},"properties":{"OBJECTID":1186}},{"type":"Feature","id":1187,"geometry":{"type":"Point","coordinates":[-79.414156592365998,43.639176680886337]},"properties":{"OBJECTID":1187}},{"type":"Feature","id":1188,"geometry":{"type":"Point","coordinates":[-79.411163894242193,43.668369786256349]},"properties":{"OBJECTID":1188}},{"type":"Feature","id":1189,"geometry":{"type":"Point","coordinates":[-79.413719993066564,43.643094381911354]},"properties":{"OBJECTID":1189}},{"type":"Feature","id":1190,"geometry":{"type":"Point","coordinates":[-79.411408894190686,43.665643785757425]},"properties":{"OBJECTID":1190}},{"type":"Feature","id":1191,"geometry":{"type":"Point","coordinates":[-79.412580593342412,43.653677183851002]},"properties":{"OBJECTID":1191}},{"type":"Feature","id":1192,"geometry":{"type":"Point","coordinates":[-79.411092794528145,43.668242786881102]},"properties":{"OBJECTID":1192}},{"type":"Feature","id":1193,"geometry":{"type":"Point","coordinates":[-79.41378919261571,43.64168278152664]},"properties":{"OBJECTID":1193}},{"type":"Feature","id":1194,"geometry":{"type":"Point","coordinates":[-79.412430293274454,43.655028584313477]},"properties":{"OBJECTID":1194}},{"type":"Feature","id":1195,"geometry":{"type":"Point","coordinates":[-79.41135229370478,43.665493485627493]},"properties":{"OBJECTID":1195}},{"type":"Feature","id":1196,"geometry":{"type":"Point","coordinates":[-79.412661293297759,43.652611183833727]},"properties":{"OBJECTID":1196}},{"type":"Feature","id":1197,"geometry":{"type":"Point","coordinates":[-79.412415293365257,43.654992183679461]},"properties":{"OBJECTID":1197}},{"type":"Feature","id":1198,"geometry":{"type":"Point","coordinates":[-79.410485394967637,43.673967887470717]},"properties":{"OBJECTID":1198}},{"type":"Feature","id":1199,"geometry":{"type":"Point","coordinates":[-79.412801693265379,43.65093408335138]},"properties":{"OBJECTID":1199}},{"type":"Feature","id":1200,"geometry":{"type":"Point","coordinates":[-79.410753093775355,43.671004086942787]},"properties":{"OBJECTID":1200}},{"type":"Feature","id":1201,"geometry":{"type":"Point","coordinates":[-79.413965292507896,43.638676981021334]},"properties":{"OBJECTID":1201}},{"type":"Feature","id":1202,"geometry":{"type":"Point","coordinates":[-79.411210593336932,43.665143186043792]},"properties":{"OBJECTID":1202}},{"type":"Feature","id":1203,"geometry":{"type":"Point","coordinates":[-79.412404393582833,43.653206884111597]},"properties":{"OBJECTID":1203}},{"type":"Feature","id":1204,"geometry":{"type":"Point","coordinates":[-79.410623093960965,43.67066498685945]},"properties":{"OBJECTID":1204}},{"type":"Feature","id":1205,"geometry":{"type":"Point","coordinates":[-79.413183892867238,43.645365982248336]},"properties":{"OBJECTID":1205}},{"type":"Feature","id":1206,"geometry":{"type":"Point","coordinates":[-79.411578693521292,43.661145285432532]},"properties":{"OBJECTID":1206}},{"type":"Feature","id":1207,"geometry":{"type":"Point","coordinates":[-79.411444494176294,43.66243118563505]},"properties":{"OBJECTID":1207}},{"type":"Feature","id":1208,"geometry":{"type":"Point","coordinates":[-79.411281893271592,43.663717485218427]},"properties":{"OBJECTID":1208}},{"type":"Feature","id":1209,"geometry":{"type":"Point","coordinates":[-79.412188293865171,43.654446083896836]},"properties":{"OBJECTID":1209}},{"type":"Feature","id":1210,"geometry":{"type":"Point","coordinates":[-79.413526192816789,43.641053081947277]},"properties":{"OBJECTID":1210}},{"type":"Feature","id":1211,"geometry":{"type":"Point","coordinates":[-79.413518992846164,43.641074481311094]},"properties":{"OBJECTID":1211}},{"type":"Feature","id":1212,"geometry":{"type":"Point","coordinates":[-79.413523992845839,43.641022381430751]},"properties":{"OBJECTID":1212}},{"type":"Feature","id":1213,"geometry":{"type":"Point","coordinates":[-79.412427993516118,43.651665983532091]},"properties":{"OBJECTID":1213}},{"type":"Feature","id":1214,"geometry":{"type":"Point","coordinates":[-79.41350949283725,43.640982081918494]},"properties":{"OBJECTID":1214}},{"type":"Feature","id":1215,"geometry":{"type":"Point","coordinates":[-79.413497592497407,43.641098081533521]},"properties":{"OBJECTID":1215}},{"type":"Feature","id":1216,"geometry":{"type":"Point","coordinates":[-79.413464093073614,43.641115881983282]},"properties":{"OBJECTID":1216}},{"type":"Feature","id":1217,"geometry":{"type":"Point","coordinates":[-79.413469092658289,43.6408631810949]},"properties":{"OBJECTID":1217}},{"type":"Feature","id":1218,"geometry":{"type":"Point","coordinates":[-79.413739492770205,43.638080781245009]},"properties":{"OBJECTID":1218}},{"type":"Feature","id":1219,"geometry":{"type":"Point","coordinates":[-79.413203892600407,43.643196281993099]},"properties":{"OBJECTID":1219}},{"type":"Feature","id":1220,"geometry":{"type":"Point","coordinates":[-79.413406992427099,43.641136581869439]},"properties":{"OBJECTID":1220}},{"type":"Feature","id":1221,"geometry":{"type":"Point","coordinates":[-79.413431992916244,43.640770381471413]},"properties":{"OBJECTID":1221}},{"type":"Feature","id":1222,"geometry":{"type":"Point","coordinates":[-79.412062893534738,43.654141483845926]},"properties":{"OBJECTID":1222}},{"type":"Feature","id":1223,"geometry":{"type":"Point","coordinates":[-79.412204693513104,43.652702483590112]},"properties":{"OBJECTID":1223}},{"type":"Feature","id":1224,"geometry":{"type":"Point","coordinates":[-79.413416192626627,43.64070328121948]},"properties":{"OBJECTID":1224}},{"type":"Feature","id":1225,"geometry":{"type":"Point","coordinates":[-79.410873893960783,43.665594285949688]},"properties":{"OBJECTID":1225}},{"type":"Feature","id":1226,"geometry":{"type":"Point","coordinates":[-79.413408392052617,43.640620481490565]},"properties":{"OBJECTID":1226}},{"type":"Feature","id":1227,"geometry":{"type":"Point","coordinates":[-79.411501594093338,43.659325585234207]},"properties":{"OBJECTID":1227}},{"type":"Feature","id":1228,"geometry":{"type":"Point","coordinates":[-79.411801893444334,43.65512288412571]},"properties":{"OBJECTID":1228}},{"type":"Feature","id":1229,"geometry":{"type":"Point","coordinates":[-79.411928493222931,43.65380658430125]},"properties":{"OBJECTID":1229}},{"type":"Feature","id":1230,"geometry":{"type":"Point","coordinates":[-79.412188393061257,43.651052083184688]},"properties":{"OBJECTID":1230}},{"type":"Feature","id":1231,"geometry":{"type":"Point","coordinates":[-79.411595693086284,43.656210584449092]},"properties":{"OBJECTID":1231}},{"type":"Feature","id":1232,"geometry":{"type":"Point","coordinates":[-79.412802192139495,43.644325182538275]},"properties":{"OBJECTID":1232}},{"type":"Feature","id":1233,"geometry":{"type":"Point","coordinates":[-79.412971892624,43.64258978216759]},"properties":{"OBJECTID":1233}},{"type":"Feature","id":1234,"geometry":{"type":"Point","coordinates":[-79.411573692619911,43.656149884570056]},"properties":{"OBJECTID":1234}},{"type":"Feature","id":1235,"geometry":{"type":"Point","coordinates":[-79.412660493031552,43.645033282274369]},"properties":{"OBJECTID":1235}},{"type":"Feature","id":1236,"geometry":{"type":"Point","coordinates":[-79.410600293973346,43.665269286138219]},"properties":{"OBJECTID":1236}},{"type":"Feature","id":1237,"geometry":{"type":"Point","coordinates":[-79.412195993193137,43.649448983137781]},"properties":{"OBJECTID":1237}},{"type":"Feature","id":1238,"geometry":{"type":"Point","coordinates":[-79.412055392644518,43.650730883434058]},"properties":{"OBJECTID":1238}},{"type":"Feature","id":1239,"geometry":{"type":"Point","coordinates":[-79.4109689938701,43.661267985076975]},"properties":{"OBJECTID":1239}},{"type":"Feature","id":1240,"geometry":{"type":"Point","coordinates":[-79.410685594233129,43.66384018589055]},"properties":{"OBJECTID":1240}},{"type":"Feature","id":1241,"geometry":{"type":"Point","coordinates":[-79.410807293263005,43.662566585045852]},"properties":{"OBJECTID":1241}},{"type":"Feature","id":1242,"geometry":{"type":"Point","coordinates":[-79.411740492736357,43.653351483468178]},"properties":{"OBJECTID":1242}},{"type":"Feature","id":1243,"geometry":{"type":"Point","coordinates":[-79.411837293474832,43.651792583602102]},"properties":{"OBJECTID":1243}},{"type":"Feature","id":1244,"geometry":{"type":"Point","coordinates":[-79.411381193458681,43.655728084224513]},"properties":{"OBJECTID":1244}},{"type":"Feature","id":1245,"geometry":{"type":"Point","coordinates":[-79.409771094268237,43.671275187020456]},"properties":{"OBJECTID":1245}},{"type":"Feature","id":1246,"geometry":{"type":"Point","coordinates":[-79.41270459176539,43.641910781800057]},"properties":{"OBJECTID":1246}},{"type":"Feature","id":1247,"geometry":{"type":"Point","coordinates":[-79.41088219379057,43.659452584640889]},"properties":{"OBJECTID":1247}},{"type":"Feature","id":1248,"geometry":{"type":"Point","coordinates":[-79.409336593970679,43.674263987219774]},"properties":{"OBJECTID":1248}},{"type":"Feature","id":1249,"geometry":{"type":"Point","coordinates":[-79.410185993585046,43.665902885951404]},"properties":{"OBJECTID":1249}},{"type":"Feature","id":1250,"geometry":{"type":"Point","coordinates":[-79.412443792814301,43.643338781627158]},"properties":{"OBJECTID":1250}},{"type":"Feature","id":1251,"geometry":{"type":"Point","coordinates":[-79.411203693390348,43.655294084143918]},"properties":{"OBJECTID":1251}},{"type":"Feature","id":1252,"geometry":{"type":"Point","coordinates":[-79.40982419350172,43.668659686587183]},"properties":{"OBJECTID":1252}},{"type":"Feature","id":1253,"geometry":{"type":"Point","coordinates":[-79.411186493520475,43.655245383961152]},"properties":{"OBJECTID":1253}},{"type":"Feature","id":1254,"geometry":{"type":"Point","coordinates":[-79.411592392603382,43.651178383830278]},"properties":{"OBJECTID":1254}},{"type":"Feature","id":1255,"geometry":{"type":"Point","coordinates":[-79.4102461938256,43.664359885906663]},"properties":{"OBJECTID":1255}},{"type":"Feature","id":1256,"geometry":{"type":"Point","coordinates":[-79.409474994512834,43.671731786811819]},"properties":{"OBJECTID":1256}},{"type":"Feature","id":1257,"geometry":{"type":"Point","coordinates":[-79.409781993189384,43.668533586233991]},"properties":{"OBJECTID":1257}},{"type":"Feature","id":1258,"geometry":{"type":"Point","coordinates":[-79.41216609280049,43.644834182055547]},"properties":{"OBJECTID":1258}},{"type":"Feature","id":1259,"geometry":{"type":"Point","coordinates":[-79.409438193606888,43.671614387284009]},"properties":{"OBJECTID":1259}},{"type":"Feature","id":1260,"geometry":{"type":"Point","coordinates":[-79.412190292746828,43.644431882469839]},"properties":{"OBJECTID":1260}},{"type":"Feature","id":1261,"geometry":{"type":"Point","coordinates":[-79.409986493188498,43.66539658601134]},"properties":{"OBJECTID":1261}},{"type":"Feature","id":1262,"geometry":{"type":"Point","coordinates":[-79.411593092160899,43.649567882825892]},"properties":{"OBJECTID":1262}},{"type":"Feature","id":1263,"geometry":{"type":"Point","coordinates":[-79.409422494093988,43.670902687400542]},"properties":{"OBJECTID":1263}},{"type":"Feature","id":1264,"geometry":{"type":"Point","coordinates":[-79.411454093228272,43.650837783374655]},"properties":{"OBJECTID":1264}},{"type":"Feature","id":1265,"geometry":{"type":"Point","coordinates":[-79.410362793279219,43.661396085295365]},"properties":{"OBJECTID":1265}},{"type":"Feature","id":1266,"geometry":{"type":"Point","coordinates":[-79.410094293253309,43.663959985520741]},"properties":{"OBJECTID":1266}},{"type":"Feature","id":1267,"geometry":{"type":"Point","coordinates":[-79.410217093731163,43.662677585382283]},"properties":{"OBJECTID":1267}},{"type":"Feature","id":1268,"geometry":{"type":"Point","coordinates":[-79.410368493690399,43.661013285490235]},"properties":{"OBJECTID":1268}},{"type":"Feature","id":1269,"geometry":{"type":"Point","coordinates":[-79.412026092913123,43.644465182215711]},"properties":{"OBJECTID":1269}},{"type":"Feature","id":1270,"geometry":{"type":"Point","coordinates":[-79.411638692264816,43.648028783171661]},"properties":{"OBJECTID":1270}},{"type":"Feature","id":1271,"geometry":{"type":"Point","coordinates":[-79.40996589321314,43.663986085696109]},"properties":{"OBJECTID":1271}},{"type":"Feature","id":1272,"geometry":{"type":"Point","coordinates":[-79.409234794302321,43.670963086993012]},"properties":{"OBJECTID":1272}},{"type":"Feature","id":1273,"geometry":{"type":"Point","coordinates":[-79.412559192197577,43.638086381243497]},"properties":{"OBJECTID":1273}},{"type":"Feature","id":1274,"geometry":{"type":"Point","coordinates":[-79.410216292922527,43.661050785105218]},"properties":{"OBJECTID":1274}},{"type":"Feature","id":1275,"geometry":{"type":"Point","coordinates":[-79.411657592045685,43.646663282795217]},"properties":{"OBJECTID":1275}},{"type":"Feature","id":1276,"geometry":{"type":"Point","coordinates":[-79.410280092865477,43.659560785367951]},"properties":{"OBJECTID":1276}},{"type":"Feature","id":1277,"geometry":{"type":"Point","coordinates":[-79.411075193051246,43.651734883598962]},"properties":{"OBJECTID":1277}},{"type":"Feature","id":1278,"geometry":{"type":"Point","coordinates":[-79.411625692402183,43.646068482351673]},"properties":{"OBJECTID":1278}},{"type":"Feature","id":1279,"geometry":{"type":"Point","coordinates":[-79.41195709200943,43.642044481387416]},"properties":{"OBJECTID":1279}},{"type":"Feature","id":1280,"geometry":{"type":"Point","coordinates":[-79.410596393372074,43.655410684409915]},"properties":{"OBJECTID":1280}},{"type":"Feature","id":1281,"geometry":{"type":"Point","coordinates":[-79.411803892388804,43.643474682147996]},"properties":{"OBJECTID":1281}},{"type":"Feature","id":1282,"geometry":{"type":"Point","coordinates":[-79.411370792151388,43.647357682914986]},"properties":{"OBJECTID":1282}},{"type":"Feature","id":1283,"geometry":{"type":"Point","coordinates":[-79.411605891802395,43.644551681780669]},"properties":{"OBJECTID":1283}},{"type":"Feature","id":1284,"geometry":{"type":"Point","coordinates":[-79.411443291814507,43.646109982787692]},"properties":{"OBJECTID":1284}},{"type":"Feature","id":1285,"geometry":{"type":"Point","coordinates":[-79.410906892472966,43.651312883061181]},"properties":{"OBJECTID":1285}},{"type":"Feature","id":1286,"geometry":{"type":"Point","coordinates":[-79.411475692626652,43.645697082796829]},"properties":{"OBJECTID":1286}},{"type":"Feature","id":1287,"geometry":{"type":"Point","coordinates":[-79.410997592924815,43.649691983083073]},"properties":{"OBJECTID":1287}},{"type":"Feature","id":1288,"geometry":{"type":"Point","coordinates":[-79.409751193789205,43.661527684918134]},"properties":{"OBJECTID":1288}},{"type":"Feature","id":1289,"geometry":{"type":"Point","coordinates":[-79.410138892878521,43.657604784649564]},"properties":{"OBJECTID":1289}},{"type":"Feature","id":1290,"geometry":{"type":"Point","coordinates":[-79.409322393537806,43.66553368564329]},"properties":{"OBJECTID":1290}},{"type":"Feature","id":1291,"geometry":{"type":"Point","coordinates":[-79.410533192894405,43.653609283800577]},"properties":{"OBJECTID":1291}},{"type":"Feature","id":1292,"geometry":{"type":"Point","coordinates":[-79.409461293319623,43.664091785888139]},"properties":{"OBJECTID":1292}},{"type":"Feature","id":1293,"geometry":{"type":"Point","coordinates":[-79.411745191719632,43.641472081721965]},"properties":{"OBJECTID":1293}},{"type":"Feature","id":1294,"geometry":{"type":"Point","coordinates":[-79.411019092659146,43.648148482517456]},"properties":{"OBJECTID":1294}},{"type":"Feature","id":1295,"geometry":{"type":"Point","coordinates":[-79.411248692755279,43.645743482239908]},"properties":{"OBJECTID":1295}},{"type":"Feature","id":1296,"geometry":{"type":"Point","coordinates":[-79.408257494181726,43.674622488068636]},"properties":{"OBJECTID":1296}},{"type":"Feature","id":1297,"geometry":{"type":"Point","coordinates":[-79.410151393322366,43.655975384491526]},"properties":{"OBJECTID":1297}},{"type":"Feature","id":1298,"geometry":{"type":"Point","coordinates":[-79.409189293464578,43.665172986267571]},"properties":{"OBJECTID":1298}},{"type":"Feature","id":1299,"geometry":{"type":"Point","coordinates":[-79.409188293433587,43.66517058629546]},"properties":{"OBJECTID":1299}},{"type":"Feature","id":1300,"geometry":{"type":"Point","coordinates":[-79.411070491944713,43.646607482476327]},"properties":{"OBJECTID":1300}},{"type":"Feature","id":1301,"geometry":{"type":"Point","coordinates":[-79.408452194011076,43.671942687184362]},"properties":{"OBJECTID":1301}},{"type":"Feature","id":1302,"geometry":{"type":"Point","coordinates":[-79.410494291999072,43.651866083969978]},"properties":{"OBJECTID":1302}},{"type":"Feature","id":1303,"geometry":{"type":"Point","coordinates":[-79.408579292941084,43.670661187295011]},"properties":{"OBJECTID":1303}},{"type":"Feature","id":1304,"geometry":{"type":"Point","coordinates":[-79.411113092345587,43.645402082214829]},"properties":{"OBJECTID":1304}},{"type":"Feature","id":1305,"geometry":{"type":"Point","coordinates":[-79.409652492837239,43.659687885396373]},"properties":{"OBJECTID":1305}},{"type":"Feature","id":1306,"geometry":{"type":"Point","coordinates":[-79.41122229184738,43.643582982094919]},"properties":{"OBJECTID":1306}},{"type":"Feature","id":1307,"geometry":{"type":"Point","coordinates":[-79.410533791915597,43.650349483154393]},"properties":{"OBJECTID":1307}},{"type":"Feature","id":1308,"geometry":{"type":"Point","coordinates":[-79.408346593840804,43.671716087066521]},"properties":{"OBJECTID":1308}},{"type":"Feature","id":1309,"geometry":{"type":"Point","coordinates":[-79.408631593927268,43.668910886230961]},"properties":{"OBJECTID":1309}},{"type":"Feature","id":1310,"geometry":{"type":"Point","coordinates":[-79.410928992163932,43.646225082705598]},"properties":{"OBJECTID":1310}},{"type":"Feature","id":1311,"geometry":{"type":"Point","coordinates":[-79.409036592942414,43.664811585676006]},"properties":{"OBJECTID":1311}},{"type":"Feature","id":1312,"geometry":{"type":"Point","coordinates":[-79.409034193013539,43.664826985501627]},"properties":{"OBJECTID":1312}},{"type":"Feature","id":1313,"geometry":{"type":"Point","coordinates":[-79.409977492274081,43.655535183783464]},"properties":{"OBJECTID":1313}},{"type":"Feature","id":1314,"geometry":{"type":"Point","coordinates":[-79.411475991582037,43.640778681480832]},"properties":{"OBJECTID":1314}},{"type":"Feature","id":1315,"geometry":{"type":"Point","coordinates":[-79.409029792745031,43.664792186120444]},"properties":{"OBJECTID":1315}},{"type":"Feature","id":1316,"geometry":{"type":"Point","coordinates":[-79.409023592841947,43.664836685973775]},"properties":{"OBJECTID":1316}},{"type":"Feature","id":1317,"geometry":{"type":"Point","coordinates":[-79.40901039333491,43.664843486078318]},"properties":{"OBJECTID":1317}},{"type":"Feature","id":1318,"geometry":{"type":"Point","coordinates":[-79.408859293636127,43.666185685912318]},"properties":{"OBJECTID":1318}},{"type":"Feature","id":1319,"geometry":{"type":"Point","coordinates":[-79.411300091909055,43.642178681475187]},"properties":{"OBJECTID":1319}},{"type":"Feature","id":1320,"geometry":{"type":"Point","coordinates":[-79.41099889266512,43.645079082746186]},"properties":{"OBJECTID":1320}},{"type":"Feature","id":1321,"geometry":{"type":"Point","coordinates":[-79.408433992918191,43.670249987120755]},"properties":{"OBJECTID":1321}},{"type":"Feature","id":1322,"geometry":{"type":"Point","coordinates":[-79.410745492775291,43.647475382704251]},"properties":{"OBJECTID":1322}},{"type":"Feature","id":1323,"geometry":{"type":"Point","coordinates":[-79.408408093313383,43.670182086900518]},"properties":{"OBJECTID":1323}},{"type":"Feature","id":1324,"geometry":{"type":"Point","coordinates":[-79.410314591840745,43.651432083796898]},"properties":{"OBJECTID":1324}},{"type":"Feature","id":1325,"geometry":{"type":"Point","coordinates":[-79.410982392646901,43.644687082107957]},"properties":{"OBJECTID":1325}},{"type":"Feature","id":1326,"geometry":{"type":"Point","coordinates":[-79.410776892501588,43.645836982972462]},"properties":{"OBJECTID":1326}},{"type":"Feature","id":1327,"geometry":{"type":"Point","coordinates":[-79.409159193564236,43.661646984953585]},"properties":{"OBJECTID":1327}},{"type":"Feature","id":1328,"geometry":{"type":"Point","coordinates":[-79.410868192472321,43.644702482361446]},"properties":{"OBJECTID":1328}},{"type":"Feature","id":1329,"geometry":{"type":"Point","coordinates":[-79.411427592071192,43.639183281332237]},"properties":{"OBJECTID":1329}},{"type":"Feature","id":1330,"geometry":{"type":"Point","coordinates":[-79.408149793169343,43.671182087057176]},"properties":{"OBJECTID":1330}},{"type":"Feature","id":1331,"geometry":{"type":"Point","coordinates":[-79.409917892734782,43.653730384243488]},"properties":{"OBJECTID":1331}},{"type":"Feature","id":1332,"geometry":{"type":"Point","coordinates":[-79.410315791927729,43.649814183260396]},"properties":{"OBJECTID":1332}},{"type":"Feature","id":1333,"geometry":{"type":"Point","coordinates":[-79.411890891706491,43.63413328071568]},"properties":{"OBJECTID":1333}},{"type":"Feature","id":1334,"geometry":{"type":"Point","coordinates":[-79.410438392350514,43.648275282901835]},"properties":{"OBJECTID":1334}},{"type":"Feature","id":1335,"geometry":{"type":"Point","coordinates":[-79.408647592739285,43.6656758863408]},"properties":{"OBJECTID":1335}},{"type":"Feature","id":1336,"geometry":{"type":"Point","coordinates":[-79.408793892582864,43.66423448576797]},"properties":{"OBJECTID":1336}},{"type":"Feature","id":1337,"geometry":{"type":"Point","coordinates":[-79.407660693799315,43.674750287625542]},"properties":{"OBJECTID":1337}},{"type":"Feature","id":1338,"geometry":{"type":"Point","coordinates":[-79.40829489355805,43.668041786176552]},"properties":{"OBJECTID":1338}},{"type":"Feature","id":1339,"geometry":{"type":"Point","coordinates":[-79.410735892509379,43.644014782221674]},"properties":{"OBJECTID":1339}},{"type":"Feature","id":1340,"geometry":{"type":"Point","coordinates":[-79.410458591814972,43.646725983089617]},"properties":{"OBJECTID":1340}},{"type":"Feature","id":1341,"geometry":{"type":"Point","coordinates":[-79.409881192476192,43.651990283537444]},"properties":{"OBJECTID":1341}},{"type":"Feature","id":1342,"geometry":{"type":"Point","coordinates":[-79.409063392471126,43.659820685111129]},"properties":{"OBJECTID":1342}},{"type":"Feature","id":1343,"geometry":{"type":"Point","coordinates":[-79.408501193158273,43.665320786145159]},"properties":{"OBJECTID":1343}},{"type":"Feature","id":1344,"geometry":{"type":"Point","coordinates":[-79.40847029268302,43.66524218617068]},"properties":{"OBJECTID":1344}},{"type":"Feature","id":1345,"geometry":{"type":"Point","coordinates":[-79.410623791641839,43.643709682096357]},"properties":{"OBJECTID":1345}},{"type":"Feature","id":1346,"geometry":{"type":"Point","coordinates":[-79.409268492389671,43.657026884401056]},"properties":{"OBJECTID":1346}},{"type":"Feature","id":1347,"geometry":{"type":"Point","coordinates":[-79.40993419181315,43.650459683276949]},"properties":{"OBJECTID":1347}},{"type":"Feature","id":1348,"geometry":{"type":"Point","coordinates":[-79.409370891887704,43.655657284407461]},"properties":{"OBJECTID":1348}},{"type":"Feature","id":1349,"geometry":{"type":"Point","coordinates":[-79.410710691978991,43.642297282299026]},"properties":{"OBJECTID":1349}},{"type":"Feature","id":1350,"geometry":{"type":"Point","coordinates":[-79.410161792142631,43.647592882914964]},"properties":{"OBJECTID":1350}},{"type":"Feature","id":1351,"geometry":{"type":"Point","coordinates":[-79.407834993898589,43.670373686715905]},"properties":{"OBJECTID":1351}},{"type":"Feature","id":1352,"geometry":{"type":"Point","coordinates":[-79.408379893378353,43.664994785978607]},"properties":{"OBJECTID":1352}},{"type":"Feature","id":1353,"geometry":{"type":"Point","coordinates":[-79.410405891556238,43.644780082360242]},"properties":{"OBJECTID":1353}},{"type":"Feature","id":1354,"geometry":{"type":"Point","coordinates":[-79.409712992697891,43.651555983745901]},"properties":{"OBJECTID":1354}},{"type":"Feature","id":1355,"geometry":{"type":"Point","coordinates":[-79.407410593246041,43.674124187696769]},"properties":{"OBJECTID":1355}},{"type":"Feature","id":1356,"geometry":{"type":"Point","coordinates":[-79.40854189300471,43.661789585660841]},"properties":{"OBJECTID":1356}},{"type":"Feature","id":1357,"geometry":{"type":"Point","coordinates":[-79.41081809179687,43.639274881221048]},"properties":{"OBJECTID":1357}},{"type":"Feature","id":1358,"geometry":{"type":"Point","coordinates":[-79.409299891986706,43.653852483885515]},"properties":{"OBJECTID":1358}},{"type":"Feature","id":1359,"geometry":{"type":"Point","coordinates":[-79.410019591321145,43.646402782591309]},"properties":{"OBJECTID":1359}},{"type":"Feature","id":1360,"geometry":{"type":"Point","coordinates":[-79.409403192144197,43.652439183346715]},"properties":{"OBJECTID":1360}},{"type":"Feature","id":1361,"geometry":{"type":"Point","coordinates":[-79.41049079130832,43.641699981555725]},"properties":{"OBJECTID":1361}},{"type":"Feature","id":1362,"geometry":{"type":"Point","coordinates":[-79.407087493259297,43.674863787388162]},"properties":{"OBJECTID":1362}},{"type":"Feature","id":1363,"geometry":{"type":"Point","coordinates":[-79.408562892320944,43.66023278548397]},"properties":{"OBJECTID":1363}},{"type":"Feature","id":1364,"geometry":{"type":"Point","coordinates":[-79.40975769258668,43.648401482720352]},"properties":{"OBJECTID":1364}},{"type":"Feature","id":1365,"geometry":{"type":"Point","coordinates":[-79.408132393332423,43.664372586305291]},"properties":{"OBJECTID":1365}},{"type":"Feature","id":1366,"geometry":{"type":"Point","coordinates":[-79.40895419264416,43.656228884568719]},"properties":{"OBJECTID":1366}},{"type":"Feature","id":1367,"geometry":{"type":"Point","coordinates":[-79.409861591519601,43.646841482639793]},"properties":{"OBJECTID":1367}},{"type":"Feature","id":1368,"geometry":{"type":"Point","coordinates":[-79.409943592244105,43.645996182335587]},"properties":{"OBJECTID":1368}},{"type":"Feature","id":1369,"geometry":{"type":"Point","coordinates":[-79.410046491478681,43.644227982582947]},"properties":{"OBJECTID":1369}},{"type":"Feature","id":1370,"geometry":{"type":"Point","coordinates":[-79.408447692777656,43.659946784810572]},"properties":{"OBJECTID":1370}},{"type":"Feature","id":1371,"geometry":{"type":"Point","coordinates":[-79.407881093161066,43.665357685686033]},"properties":{"OBJECTID":1371}},{"type":"Feature","id":1372,"geometry":{"type":"Point","coordinates":[-79.407186993815245,43.671942987265531]},"properties":{"OBJECTID":1372}},{"type":"Feature","id":1373,"geometry":{"type":"Point","coordinates":[-79.409315691468279,43.650573483476549]},"properties":{"OBJECTID":1373}},{"type":"Feature","id":1374,"geometry":{"type":"Point","coordinates":[-79.408644592259932,43.657158484461831]},"properties":{"OBJECTID":1374}},{"type":"Feature","id":1375,"geometry":{"type":"Point","coordinates":[-79.410137191415942,43.6424153822907]},"properties":{"OBJECTID":1375}},{"type":"Feature","id":1376,"geometry":{"type":"Point","coordinates":[-79.408755592516926,43.655785784703291]},"properties":{"OBJECTID":1376}},{"type":"Feature","id":1377,"geometry":{"type":"Point","coordinates":[-79.407484392526996,43.668201586137641]},"properties":{"OBJECTID":1377}},{"type":"Feature","id":1378,"geometry":{"type":"Point","coordinates":[-79.409767992077505,43.645644782281586]},"properties":{"OBJECTID":1378}},{"type":"Feature","id":1379,"geometry":{"type":"Point","coordinates":[-79.410236190964198,43.641012081383572]},"properties":{"OBJECTID":1379}},{"type":"Feature","id":1380,"geometry":{"type":"Point","coordinates":[-79.40950059171054,43.64774578302665]},"properties":{"OBJECTID":1380}},{"type":"Feature","id":1381,"geometry":{"type":"Point","coordinates":[-79.409099292550209,43.651674884069593]},"properties":{"OBJECTID":1381}},{"type":"Feature","id":1382,"geometry":{"type":"Point","coordinates":[-79.407840892507025,43.663632585591607]},"properties":{"OBJECTID":1382}},{"type":"Feature","id":1383,"geometry":{"type":"Point","coordinates":[-79.410971090766807,43.632450880195371]},"properties":{"OBJECTID":1383}},{"type":"Feature","id":1384,"geometry":{"type":"Point","coordinates":[-79.409569291566157,43.646081082503471]},"properties":{"OBJECTID":1384}},{"type":"Feature","id":1385,"geometry":{"type":"Point","coordinates":[-79.409780191649205,43.643879982339243]},"properties":{"OBJECTID":1385}},{"type":"Feature","id":1386,"geometry":{"type":"Point","coordinates":[-79.409589991161553,43.645297982777755]},"properties":{"OBJECTID":1386}},{"type":"Feature","id":1387,"geometry":{"type":"Point","coordinates":[-79.408705192481236,43.653983983627882]},"properties":{"OBJECTID":1387}},{"type":"Feature","id":1388,"geometry":{"type":"Point","coordinates":[-79.407470492867745,43.665914386574173]},"properties":{"OBJECTID":1388}},{"type":"Feature","id":1389,"geometry":{"type":"Point","coordinates":[-79.407868892995381,43.661922885116361]},"properties":{"OBJECTID":1389}},{"type":"Feature","id":1390,"geometry":{"type":"Point","coordinates":[-79.407988293036638,43.660402185237537]},"properties":{"OBJECTID":1390}},{"type":"Feature","id":1391,"geometry":{"type":"Point","coordinates":[-79.409322491745527,43.646977982802596]},"properties":{"OBJECTID":1391}},{"type":"Feature","id":1392,"geometry":{"type":"Point","coordinates":[-79.408331892216395,43.656352784409755]},"properties":{"OBJECTID":1392}},{"type":"Feature","id":1393,"geometry":{"type":"Point","coordinates":[-79.40947389222525,43.645043082220127]},"properties":{"OBJECTID":1393}},{"type":"Feature","id":1394,"geometry":{"type":"Point","coordinates":[-79.409174291315011,43.647894283061603]},"properties":{"OBJECTID":1394}},{"type":"Feature","id":1395,"geometry":{"type":"Point","coordinates":[-79.406892993179085,43.669971387051433]},"properties":{"OBJECTID":1395}},{"type":"Feature","id":1396,"geometry":{"type":"Point","coordinates":[-79.407294493282436,43.665476286179405]},"properties":{"OBJECTID":1396}},{"type":"Feature","id":1397,"geometry":{"type":"Point","coordinates":[-79.407842892508427,43.660068185200657]},"properties":{"OBJECTID":1397}},{"type":"Feature","id":1398,"geometry":{"type":"Point","coordinates":[-79.409521291792245,43.643559881995849]},"properties":{"OBJECTID":1398}},{"type":"Feature","id":1399,"geometry":{"type":"Point","coordinates":[-79.408638991381025,43.652199783679713]},"properties":{"OBJECTID":1399}},{"type":"Feature","id":1400,"geometry":{"type":"Point","coordinates":[-79.410186490660109,43.636014280609196]},"properties":{"OBJECTID":1400}},{"type":"Feature","id":1401,"geometry":{"type":"Point","coordinates":[-79.408160892230825,43.655906284035048]},"properties":{"OBJECTID":1401}},{"type":"Feature","id":1402,"geometry":{"type":"Point","coordinates":[-79.409072491767546,43.646555782445795]},"properties":{"OBJECTID":1402}},{"type":"Feature","id":1403,"geometry":{"type":"Point","coordinates":[-79.409221891101794,43.644680582141419]},"properties":{"OBJECTID":1403}},{"type":"Feature","id":1404,"geometry":{"type":"Point","coordinates":[-79.408481092349859,43.651807983456344]},"properties":{"OBJECTID":1404}},{"type":"Feature","id":1405,"geometry":{"type":"Point","coordinates":[-79.407260492453588,43.663744885474742]},"properties":{"OBJECTID":1405}},{"type":"Feature","id":1406,"geometry":{"type":"Point","coordinates":[-79.407798892615773,43.658258184896141]},"properties":{"OBJECTID":1406}},{"type":"Feature","id":1407,"geometry":{"type":"Point","coordinates":[-79.409276291227698,43.643260081825396]},"properties":{"OBJECTID":1407}},{"type":"Feature","id":1408,"geometry":{"type":"Point","coordinates":[-79.406464692614009,43.670067786505037]},"properties":{"OBJECTID":1408}},{"type":"Feature","id":1409,"geometry":{"type":"Point","coordinates":[-79.408079391570951,43.654114783774745]},"properties":{"OBJECTID":1409}},{"type":"Feature","id":1410,"geometry":{"type":"Point","coordinates":[-79.405937493013113,43.675107188129331]},"properties":{"OBJECTID":1410}},{"type":"Feature","id":1411,"geometry":{"type":"Point","coordinates":[-79.407192292024746,43.662042985462691]},"properties":{"OBJECTID":1411}},{"type":"Feature","id":1412,"geometry":{"type":"Point","coordinates":[-79.408729890981462,43.646698282864705]},"properties":{"OBJECTID":1412}},{"type":"Feature","id":1413,"geometry":{"type":"Point","coordinates":[-79.40730459264465,43.660550985298649]},"properties":{"OBJECTID":1413}},{"type":"Feature","id":1414,"geometry":{"type":"Point","coordinates":[-79.407981592326195,43.653866384266713]},"properties":{"OBJECTID":1414}},{"type":"Feature","id":1415,"geometry":{"type":"Point","coordinates":[-79.408245791156617,43.651230483924579]},"properties":{"OBJECTID":1415}},{"type":"Feature","id":1416,"geometry":{"type":"Point","coordinates":[-79.40908109104447,43.643015881857615]},"properties":{"OBJECTID":1416}},{"type":"Feature","id":1417,"geometry":{"type":"Point","coordinates":[-79.407710392058448,43.656476584822776]},"properties":{"OBJECTID":1417}},{"type":"Feature","id":1418,"geometry":{"type":"Point","coordinates":[-79.409011591015158,43.643655381908019]},"properties":{"OBJECTID":1418}},{"type":"Feature","id":1419,"geometry":{"type":"Point","coordinates":[-79.408700792041799,43.646630483185959]},"properties":{"OBJECTID":1419}},{"type":"Feature","id":1420,"geometry":{"type":"Point","coordinates":[-79.41026399109883,43.631213080288255]},"properties":{"OBJECTID":1420}},{"type":"Feature","id":1421,"geometry":{"type":"Point","coordinates":[-79.406039292504971,43.672188087410795]},"properties":{"OBJECTID":1421}},{"type":"Feature","id":1422,"geometry":{"type":"Point","coordinates":[-79.406659791989867,43.666083185987553]},"properties":{"OBJECTID":1422}},{"type":"Feature","id":1423,"geometry":{"type":"Point","coordinates":[-79.408535991583591,43.647547982583113]},"properties":{"OBJECTID":1423}},{"type":"Feature","id":1424,"geometry":{"type":"Point","coordinates":[-79.406342792407727,43.668983286457753]},"properties":{"OBJECTID":1424}},{"type":"Feature","id":1425,"geometry":{"type":"Point","coordinates":[-79.406675092448111,43.665613886313793]},"properties":{"OBJECTID":1425}},{"type":"Feature","id":1426,"geometry":{"type":"Point","coordinates":[-79.406387393099806,43.66842298678408]},"properties":{"OBJECTID":1426}},{"type":"Feature","id":1427,"geometry":{"type":"Point","coordinates":[-79.409617691502319,43.636258480740601]},"properties":{"OBJECTID":1427}},{"type":"Feature","id":1428,"geometry":{"type":"Point","coordinates":[-79.407173792146281,43.660198585341945]},"properties":{"OBJECTID":1428}},{"type":"Feature","id":1429,"geometry":{"type":"Point","coordinates":[-79.408571790887521,43.646292282829613]},"properties":{"OBJECTID":1429}},{"type":"Feature","id":1430,"geometry":{"type":"Point","coordinates":[-79.409748291055394,43.634707780424371]},"properties":{"OBJECTID":1430}},{"type":"Feature","id":1431,"geometry":{"type":"Point","coordinates":[-79.408766391261594,43.644088982567645]},"properties":{"OBJECTID":1431}},{"type":"Feature","id":1432,"geometry":{"type":"Point","coordinates":[-79.407532592005751,43.656026984434789]},"properties":{"OBJECTID":1432}},{"type":"Feature","id":1433,"geometry":{"type":"Point","coordinates":[-79.408313591360567,43.648089482834472]},"properties":{"OBJECTID":1433}},{"type":"Feature","id":1434,"geometry":{"type":"Point","coordinates":[-79.409238091196443,43.6389002811908]},"properties":{"OBJECTID":1434}},{"type":"Feature","id":1435,"geometry":{"type":"Point","coordinates":[-79.408824591237007,43.642680182136552]},"properties":{"OBJECTID":1435}},{"type":"Feature","id":1436,"geometry":{"type":"Point","coordinates":[-79.406635292282601,43.663873386063919]},"properties":{"OBJECTID":1436}},{"type":"Feature","id":1437,"geometry":{"type":"Point","coordinates":[-79.407977891294436,43.650562783257492]},"properties":{"OBJECTID":1437}},{"type":"Feature","id":1438,"geometry":{"type":"Point","coordinates":[-79.407168791866383,43.658414984965617]},"properties":{"OBJECTID":1438}},{"type":"Feature","id":1439,"geometry":{"type":"Point","coordinates":[-79.408151191523274,43.647663982814592]},"properties":{"OBJECTID":1439}},{"type":"Feature","id":1440,"geometry":{"type":"Point","coordinates":[-79.40626059220422,43.666167586163482]},"properties":{"OBJECTID":1440}},{"type":"Feature","id":1441,"geometry":{"type":"Point","coordinates":[-79.40859499132884,43.643210581766709]},"properties":{"OBJECTID":1441}},{"type":"Feature","id":1442,"geometry":{"type":"Point","coordinates":[-79.407746991272006,43.651478183609989]},"properties":{"OBJECTID":1442}},{"type":"Feature","id":1443,"geometry":{"type":"Point","coordinates":[-79.408637790596131,43.642719082077676]},"properties":{"OBJECTID":1443}},{"type":"Feature","id":1444,"geometry":{"type":"Point","coordinates":[-79.406638391935857,43.662146885860096]},"properties":{"OBJECTID":1444}},{"type":"Feature","id":1445,"geometry":{"type":"Point","coordinates":[-79.40770409185248,43.651340684058539]},"properties":{"OBJECTID":1445}},{"type":"Feature","id":1446,"geometry":{"type":"Point","coordinates":[-79.407683391121409,43.65149988390894]},"properties":{"OBJECTID":1446}},{"type":"Feature","id":1447,"geometry":{"type":"Point","coordinates":[-79.405921292702814,43.668802586875678]},"properties":{"OBJECTID":1447}},{"type":"Feature","id":1448,"geometry":{"type":"Point","coordinates":[-79.40740119205168,43.653986984190247]},"properties":{"OBJECTID":1448}},{"type":"Feature","id":1449,"geometry":{"type":"Point","coordinates":[-79.407673591388317,43.651244783459923]},"properties":{"OBJECTID":1449}},{"type":"Feature","id":1450,"geometry":{"type":"Point","coordinates":[-79.407862790949054,43.648650683306855]},"properties":{"OBJECTID":1450}},{"type":"Feature","id":1451,"geometry":{"type":"Point","coordinates":[-79.406641191852586,43.660643585053016]},"properties":{"OBJECTID":1451}},{"type":"Feature","id":1452,"geometry":{"type":"Point","coordinates":[-79.407850091983846,43.648635882820201]},"properties":{"OBJECTID":1452}},{"type":"Feature","id":1453,"geometry":{"type":"Point","coordinates":[-79.406098292335756,43.665742185991526]},"properties":{"OBJECTID":1453}},{"type":"Feature","id":1454,"geometry":{"type":"Point","coordinates":[-79.407826291754716,43.648617982797397]},"properties":{"OBJECTID":1454}},{"type":"Feature","id":1455,"geometry":{"type":"Point","coordinates":[-79.407574791486766,43.650997283283573]},"properties":{"OBJECTID":1455}},{"type":"Feature","id":1456,"geometry":{"type":"Point","coordinates":[-79.407407891281935,43.652462883988115]},"properties":{"OBJECTID":1456}},{"type":"Feature","id":1457,"geometry":{"type":"Point","coordinates":[-79.407797190990905,43.648612882950459]},"properties":{"OBJECTID":1457}},{"type":"Feature","id":1458,"geometry":{"type":"Point","coordinates":[-79.407930891283087,43.64708468261442]},"properties":{"OBJECTID":1458}},{"type":"Feature","id":1459,"geometry":{"type":"Point","coordinates":[-79.409283590935118,43.633638080855825]},"properties":{"OBJECTID":1459}},{"type":"Feature","id":1460,"geometry":{"type":"Point","coordinates":[-79.407510590984813,43.650847383631373]},"properties":{"OBJECTID":1460}},{"type":"Feature","id":1461,"geometry":{"type":"Point","coordinates":[-79.408257791564054,43.643487181870476]},"properties":{"OBJECTID":1461}},{"type":"Feature","id":1462,"geometry":{"type":"Point","coordinates":[-79.406514191597608,43.660334485658417]},"properties":{"OBJECTID":1462}},{"type":"Feature","id":1463,"geometry":{"type":"Point","coordinates":[-79.406132091637886,43.663973285459051]},"properties":{"OBJECTID":1463}},{"type":"Feature","id":1464,"geometry":{"type":"Point","coordinates":[-79.406916092283168,43.65616168464404]},"properties":{"OBJECTID":1464}},{"type":"Feature","id":1465,"geometry":{"type":"Point","coordinates":[-79.408314890479886,43.642390181579827]},"properties":{"OBJECTID":1465}},{"type":"Feature","id":1466,"geometry":{"type":"Point","coordinates":[-79.409073691085027,43.634902681072312]},"properties":{"OBJECTID":1466}},{"type":"Feature","id":1467,"geometry":{"type":"Point","coordinates":[-79.407850391270259,43.646840582943952]},"properties":{"OBJECTID":1467}},{"type":"Feature","id":1468,"geometry":{"type":"Point","coordinates":[-79.40489039316536,43.675755688275913]},"properties":{"OBJECTID":1468}},{"type":"Feature","id":1469,"geometry":{"type":"Point","coordinates":[-79.407406691330408,43.650835783472182]},"properties":{"OBJECTID":1469}},{"type":"Feature","id":1470,"geometry":{"type":"Point","coordinates":[-79.407509491514773,43.649409683560783]},"properties":{"OBJECTID":1470}},{"type":"Feature","id":1471,"geometry":{"type":"Point","coordinates":[-79.407233191820666,43.652062684129504]},"properties":{"OBJECTID":1471}},{"type":"Feature","id":1472,"geometry":{"type":"Point","coordinates":[-79.407357191726163,43.650696183782152]},"properties":{"OBJECTID":1472}},{"type":"Feature","id":1473,"geometry":{"type":"Point","coordinates":[-79.406519192303463,43.658549885188663]},"properties":{"OBJECTID":1473}},{"type":"Feature","id":1474,"geometry":{"type":"Point","coordinates":[-79.405294992194243,43.670313987384787]},"properties":{"OBJECTID":1474}},{"type":"Feature","id":1475,"geometry":{"type":"Point","coordinates":[-79.407716891633655,43.646466982330786]},"properties":{"OBJECTID":1475}},{"type":"Feature","id":1476,"geometry":{"type":"Point","coordinates":[-79.404747692197404,43.675355988372807]},"properties":{"OBJECTID":1476}},{"type":"Feature","id":1477,"geometry":{"type":"Point","coordinates":[-79.407543891579948,43.64777598270048]},"properties":{"OBJECTID":1477}},{"type":"Feature","id":1478,"geometry":{"type":"Point","coordinates":[-79.40601729167382,43.662266885814716]},"properties":{"OBJECTID":1478}},{"type":"Feature","id":1479,"geometry":{"type":"Point","coordinates":[-79.406822891030515,43.65429038445015]},"properties":{"OBJECTID":1479}},{"type":"Feature","id":1480,"geometry":{"type":"Point","coordinates":[-79.408648490280498,43.636343980543018]},"properties":{"OBJECTID":1480}},{"type":"Feature","id":1481,"geometry":{"type":"Point","coordinates":[-79.407085891950317,43.651625683630364]},"properties":{"OBJECTID":1481}},{"type":"Feature","id":1482,"geometry":{"type":"Point","coordinates":[-79.405597992793247,43.665787586339412]},"properties":{"OBJECTID":1482}},{"type":"Feature","id":1483,"geometry":{"type":"Point","coordinates":[-79.407469491549136,43.647174782943004]},"properties":{"OBJECTID":1483}},{"type":"Feature","id":1484,"geometry":{"type":"Point","coordinates":[-79.408742690876821,43.634567180608052]},"properties":{"OBJECTID":1484}},{"type":"Feature","id":1485,"geometry":{"type":"Point","coordinates":[-79.40647529199407,43.656721684678438]},"properties":{"OBJECTID":1485}},{"type":"Feature","id":1486,"geometry":{"type":"Point","coordinates":[-79.406062991975261,43.660757785365348]},"properties":{"OBJECTID":1486}},{"type":"Feature","id":1487,"geometry":{"type":"Point","coordinates":[-79.404738192279908,43.67375238781235]},"properties":{"OBJECTID":1487}},{"type":"Feature","id":1488,"geometry":{"type":"Point","coordinates":[-79.404863892916069,43.672425287745824]},"properties":{"OBJECTID":1488}},{"type":"Feature","id":1489,"geometry":{"type":"Point","coordinates":[-79.40698649161348,43.651384383559503]},"properties":{"OBJECTID":1489}},{"type":"Feature","id":1490,"geometry":{"type":"Point","coordinates":[-79.407385591645536,43.647443083219521]},"properties":{"OBJECTID":1490}},{"type":"Feature","id":1491,"geometry":{"type":"Point","coordinates":[-79.407884690930274,43.642481382275612]},"properties":{"OBJECTID":1491}},{"type":"Feature","id":1492,"geometry":{"type":"Point","coordinates":[-79.407229590791104,43.648710882803861]},"properties":{"OBJECTID":1492}},{"type":"Feature","id":1493,"geometry":{"type":"Point","coordinates":[-79.406822392041377,43.652571283513453]},"properties":{"OBJECTID":1493}},{"type":"Feature","id":1494,"geometry":{"type":"Point","coordinates":[-79.407377490938728,43.646938082716353]},"properties":{"OBJECTID":1494}},{"type":"Feature","id":1495,"geometry":{"type":"Point","coordinates":[-79.405984991895693,43.660433685135565]},"properties":{"OBJECTID":1495}},{"type":"Feature","id":1496,"geometry":{"type":"Point","coordinates":[-79.405568092591054,43.664413485738962]},"properties":{"OBJECTID":1496}},{"type":"Feature","id":1497,"geometry":{"type":"Point","coordinates":[-79.408836890841286,43.632202980629721]},"properties":{"OBJECTID":1497}},{"type":"Feature","id":1498,"geometry":{"type":"Point","coordinates":[-79.405346392142803,43.666367686296155]},"properties":{"OBJECTID":1498}},{"type":"Feature","id":1499,"geometry":{"type":"Point","coordinates":[-79.406882591767925,43.651130483989498]},"properties":{"OBJECTID":1499}},{"type":"Feature","id":1500,"geometry":{"type":"Point","coordinates":[-79.407706391390292,43.642912781984101]},"properties":{"OBJECTID":1500}},{"type":"Feature","id":1501,"geometry":{"type":"Point","coordinates":[-79.407312791085118,43.646544783196887]},"properties":{"OBJECTID":1501}},{"type":"Feature","id":1502,"geometry":{"type":"Point","coordinates":[-79.407232990668064,43.647218982586068]},"properties":{"OBJECTID":1502}},{"type":"Feature","id":1503,"geometry":{"type":"Point","coordinates":[-79.406305391666365,43.656283384302256]},"properties":{"OBJECTID":1503}},{"type":"Feature","id":1504,"geometry":{"type":"Point","coordinates":[-79.407082790560978,43.648334883093078]},"properties":{"OBJECTID":1504}},{"type":"Feature","id":1505,"geometry":{"type":"Point","coordinates":[-79.406932291049174,43.649540483559271]},"properties":{"OBJECTID":1505}},{"type":"Feature","id":1506,"geometry":{"type":"Point","coordinates":[-79.405444992159786,43.664095285764688]},"properties":{"OBJECTID":1506}},{"type":"Feature","id":1507,"geometry":{"type":"Point","coordinates":[-79.408435490618174,43.634341280333715]},"properties":{"OBJECTID":1507}},{"type":"Feature","id":1508,"geometry":{"type":"Point","coordinates":[-79.40660559105639,43.652189383498232]},"properties":{"OBJECTID":1508}},{"type":"Feature","id":1509,"geometry":{"type":"Point","coordinates":[-79.407159390872195,43.646173082407337]},"properties":{"OBJECTID":1509}},{"type":"Feature","id":1510,"geometry":{"type":"Point","coordinates":[-79.406975691061575,43.647895882725685]},"properties":{"OBJECTID":1510}},{"type":"Feature","id":1511,"geometry":{"type":"Point","coordinates":[-79.404163792965051,43.675476588032566]},"properties":{"OBJECTID":1511}},{"type":"Feature","id":1512,"geometry":{"type":"Point","coordinates":[-79.404996092461488,43.667293586148226]},"properties":{"OBJECTID":1512}},{"type":"Feature","id":1513,"geometry":{"type":"Point","coordinates":[-79.405849591279022,43.658684784736856]},"properties":{"OBJECTID":1513}},{"type":"Feature","id":1514,"geometry":{"type":"Point","coordinates":[-79.404773392150872,43.668986786587283]},"properties":{"OBJECTID":1514}},{"type":"Feature","id":1515,"geometry":{"type":"Point","coordinates":[-79.406508491202388,43.651914483315899]},"properties":{"OBJECTID":1515}},{"type":"Feature","id":1516,"geometry":{"type":"Point","coordinates":[-79.406227291869996,43.654424384234687]},"properties":{"OBJECTID":1516}},{"type":"Feature","id":1517,"geometry":{"type":"Point","coordinates":[-79.406754191050752,43.649110183472438]},"properties":{"OBJECTID":1517}},{"type":"Feature","id":1518,"geometry":{"type":"Point","coordinates":[-79.405386991812179,43.662395285527012]},"properties":{"OBJECTID":1518}},{"type":"Feature","id":1519,"geometry":{"type":"Point","coordinates":[-79.406722091051677,43.649072083088171]},"properties":{"OBJECTID":1519}},{"type":"Feature","id":1520,"geometry":{"type":"Point","coordinates":[-79.407018890444206,43.645812182575028]},"properties":{"OBJECTID":1520}},{"type":"Feature","id":1521,"geometry":{"type":"Point","coordinates":[-79.406687590483401,43.649039983329757]},"properties":{"OBJECTID":1521}},{"type":"Feature","id":1522,"geometry":{"type":"Point","coordinates":[-79.405472692062375,43.660949085731772]},"properties":{"OBJECTID":1522}},{"type":"Feature","id":1523,"geometry":{"type":"Point","coordinates":[-79.40733129049876,43.642593482409865]},"properties":{"OBJECTID":1523}},{"type":"Feature","id":1524,"geometry":{"type":"Point","coordinates":[-79.404273892575077,43.672549387760739]},"properties":{"OBJECTID":1524}},{"type":"Feature","id":1525,"geometry":{"type":"Point","coordinates":[-79.406826990928749,43.647446082813921]},"properties":{"OBJECTID":1525}},{"type":"Feature","id":1526,"geometry":{"type":"Point","coordinates":[-79.405079192371346,43.66451648595735]},"properties":{"OBJECTID":1526}},{"type":"Feature","id":1527,"geometry":{"type":"Point","coordinates":[-79.405449091719674,43.660876985458174]},"properties":{"OBJECTID":1527}},{"type":"Feature","id":1528,"geometry":{"type":"Point","coordinates":[-79.406655490625553,43.648991183468915]},"properties":{"OBJECTID":1528}},{"type":"Feature","id":1529,"geometry":{"type":"Point","coordinates":[-79.405986391422545,43.655440184377511]},"properties":{"OBJECTID":1529}},{"type":"Feature","id":1530,"geometry":{"type":"Point","coordinates":[-79.406631690915717,43.648934083667449]},"properties":{"OBJECTID":1530}},{"type":"Feature","id":1531,"geometry":{"type":"Point","coordinates":[-79.40582569091147,43.656847284899371]},"properties":{"OBJECTID":1531}},{"type":"Feature","id":1532,"geometry":{"type":"Point","coordinates":[-79.407344491157033,43.641593081879094]},"properties":{"OBJECTID":1532}},{"type":"Feature","id":1533,"geometry":{"type":"Point","coordinates":[-79.406584091154585,43.648797283565763]},"properties":{"OBJECTID":1533}},{"type":"Feature","id":1534,"geometry":{"type":"Point","coordinates":[-79.406625891534816,43.647967182680532]},"properties":{"OBJECTID":1534}},{"type":"Feature","id":1535,"geometry":{"type":"Point","coordinates":[-79.406416491455545,43.64999148320895]},"properties":{"OBJECTID":1535}},{"type":"Feature","id":1536,"geometry":{"type":"Point","coordinates":[-79.407224490819615,43.642040481625848]},"properties":{"OBJECTID":1536}},{"type":"Feature","id":1537,"geometry":{"type":"Point","coordinates":[-79.407017090752575,43.644044582379188]},"properties":{"OBJECTID":1537}},{"type":"Feature","id":1538,"geometry":{"type":"Point","coordinates":[-79.406703690674675,43.647113882768721]},"properties":{"OBJECTID":1538}},{"type":"Feature","id":1539,"geometry":{"type":"Point","coordinates":[-79.404948892086054,43.664187485855166]},"properties":{"OBJECTID":1539}},{"type":"Feature","id":1540,"geometry":{"type":"Point","coordinates":[-79.406689491208752,43.647075882920447]},"properties":{"OBJECTID":1540}},{"type":"Feature","id":1541,"geometry":{"type":"Point","coordinates":[-79.405314891119602,43.660559385227941]},"properties":{"OBJECTID":1541}},{"type":"Feature","id":1542,"geometry":{"type":"Point","coordinates":[-79.404975591840866,43.662957285933331]},"properties":{"OBJECTID":1542}},{"type":"Feature","id":1543,"geometry":{"type":"Point","coordinates":[-79.40659969116723,43.646676382848042]},"properties":{"OBJECTID":1543}},{"type":"Feature","id":1544,"geometry":{"type":"Point","coordinates":[-79.406019391615928,43.652316284272665]},"properties":{"OBJECTID":1544}},{"type":"Feature","id":1545,"geometry":{"type":"Point","coordinates":[-79.406886790789727,43.643779282723855]},"properties":{"OBJECTID":1545}},{"type":"Feature","id":1546,"geometry":{"type":"Point","coordinates":[-79.405639491702075,43.65596358476548]},"properties":{"OBJECTID":1546}},{"type":"Feature","id":1547,"geometry":{"type":"Point","coordinates":[-79.406436590431596,43.648010283326755]},"properties":{"OBJECTID":1547}},{"type":"Feature","id":1548,"geometry":{"type":"Point","coordinates":[-79.40654489130857,43.646687682619564]},"properties":{"OBJECTID":1548}},{"type":"Feature","id":1549,"geometry":{"type":"Point","coordinates":[-79.404521891707986,43.666538986395125]},"properties":{"OBJECTID":1549}},{"type":"Feature","id":1550,"geometry":{"type":"Point","coordinates":[-79.403592092310788,43.675593487967937]},"properties":{"OBJECTID":1550}},{"type":"Feature","id":1551,"geometry":{"type":"Point","coordinates":[-79.404996591827214,43.661545885835878]},"properties":{"OBJECTID":1551}},{"type":"Feature","id":1552,"geometry":{"type":"Point","coordinates":[-79.406613790645721,43.645502482772471]},"properties":{"OBJECTID":1552}},{"type":"Feature","id":1553,"geometry":{"type":"Point","coordinates":[-79.407610590677066,43.635276080600029]},"properties":{"OBJECTID":1553}},{"type":"Feature","id":1554,"geometry":{"type":"Point","coordinates":[-79.405350291304913,43.657442684569567]},"properties":{"OBJECTID":1554}},{"type":"Feature","id":1555,"geometry":{"type":"Point","coordinates":[-79.406029690685514,43.650736683752264]},"properties":{"OBJECTID":1555}},{"type":"Feature","id":1556,"geometry":{"type":"Point","coordinates":[-79.406764890086052,43.643489682617663]},"properties":{"OBJECTID":1556}},{"type":"Feature","id":1557,"geometry":{"type":"Point","coordinates":[-79.405638091190227,43.654543984519805]},"properties":{"OBJECTID":1557}},{"type":"Feature","id":1558,"geometry":{"type":"Point","coordinates":[-79.404814991496835,43.662512285512207]},"properties":{"OBJECTID":1558}},{"type":"Feature","id":1559,"geometry":{"type":"Point","coordinates":[-79.406456990141194,43.646312282875634]},"properties":{"OBJECTID":1559}},{"type":"Feature","id":1560,"geometry":{"type":"Point","coordinates":[-79.405475290768095,43.655541084727666]},"properties":{"OBJECTID":1560}},{"type":"Feature","id":1561,"geometry":{"type":"Point","coordinates":[-79.406279390454401,43.647557283362907]},"properties":{"OBJECTID":1561}},{"type":"Feature","id":1562,"geometry":{"type":"Point","coordinates":[-79.406507290743932,43.645227383013825]},"properties":{"OBJECTID":1562}},{"type":"Feature","id":1563,"geometry":{"type":"Point","coordinates":[-79.403694492342069,43.672668587198693]},"properties":{"OBJECTID":1563}},{"type":"Feature","id":1564,"geometry":{"type":"Point","coordinates":[-79.404178491441954,43.667465686500989]},"properties":{"OBJECTID":1564}},{"type":"Feature","id":1565,"geometry":{"type":"Point","coordinates":[-79.40447709157219,43.664281586130059]},"properties":{"OBJECTID":1565}},{"type":"Feature","id":1566,"geometry":{"type":"Point","coordinates":[-79.406306990404602,43.645952983123507]},"properties":{"OBJECTID":1566}},{"type":"Feature","id":1567,"geometry":{"type":"Point","coordinates":[-79.404655592174166,43.662090185622773]},"properties":{"OBJECTID":1567}},{"type":"Feature","id":1568,"geometry":{"type":"Point","coordinates":[-79.4051707910955,43.656971984885374]},"properties":{"OBJECTID":1568}},{"type":"Feature","id":1569,"geometry":{"type":"Point","coordinates":[-79.403454192401227,43.673773787862146]},"properties":{"OBJECTID":1569}},{"type":"Feature","id":1570,"geometry":{"type":"Point","coordinates":[-79.405980190759664,43.648916383132878]},"properties":{"OBJECTID":1570}},{"type":"Feature","id":1571,"geometry":{"type":"Point","coordinates":[-79.404509491272677,43.663052885824236]},"properties":{"OBJECTID":1571}},{"type":"Feature","id":1572,"geometry":{"type":"Point","coordinates":[-79.404485291471445,43.662989785928872]},"properties":{"OBJECTID":1572}},{"type":"Feature","id":1573,"geometry":{"type":"Point","coordinates":[-79.405656091173526,43.651395983334247]},"properties":{"OBJECTID":1573}},{"type":"Feature","id":1574,"geometry":{"type":"Point","coordinates":[-79.403275692683039,43.674753187676451]},"properties":{"OBJECTID":1574}},{"type":"Feature","id":1575,"geometry":{"type":"Point","coordinates":[-79.406284790853931,43.64459488216302]},"properties":{"OBJECTID":1575}},{"type":"Feature","id":1576,"geometry":{"type":"Point","coordinates":[-79.404640091074853,43.660698585356407]},"properties":{"OBJECTID":1576}},{"type":"Feature","id":1577,"geometry":{"type":"Point","coordinates":[-79.405857491167566,43.648595483584678]},"properties":{"OBJECTID":1577}},{"type":"Feature","id":1578,"geometry":{"type":"Point","coordinates":[-79.406154591031651,43.645581982510159]},"properties":{"OBJECTID":1578}},{"type":"Feature","id":1579,"geometry":{"type":"Point","coordinates":[-79.405674190286177,43.649898483134905]},"properties":{"OBJECTID":1579}},{"type":"Feature","id":1580,"geometry":{"type":"Point","coordinates":[-79.406431790262076,43.64177908235294]},"properties":{"OBJECTID":1580}},{"type":"Feature","id":1581,"geometry":{"type":"Point","coordinates":[-79.405114290852666,43.654653684718582]},"properties":{"OBJECTID":1581}},{"type":"Feature","id":1582,"geometry":{"type":"Point","coordinates":[-79.406055690364923,43.645320782722855]},"properties":{"OBJECTID":1582}},{"type":"Feature","id":1583,"geometry":{"type":"Point","coordinates":[-79.403599892352162,43.66921878700947]},"properties":{"OBJECTID":1583}},{"type":"Feature","id":1584,"geometry":{"type":"Point","coordinates":[-79.406138089989213,43.644225982451147]},"properties":{"OBJECTID":1584}},{"type":"Feature","id":1585,"geometry":{"type":"Point","coordinates":[-79.403812792199361,43.666665686774898]},"properties":{"OBJECTID":1585}},{"type":"Feature","id":1586,"geometry":{"type":"Point","coordinates":[-79.406340989932403,43.641514482334145]},"properties":{"OBJECTID":1586}},{"type":"Feature","id":1587,"geometry":{"type":"Point","coordinates":[-79.404976990790217,43.654687784629402]},"properties":{"OBJECTID":1587}},{"type":"Feature","id":1588,"geometry":{"type":"Point","coordinates":[-79.40683199016965,43.636393480730973]},"properties":{"OBJECTID":1588}},{"type":"Feature","id":1589,"geometry":{"type":"Point","coordinates":[-79.404296991689506,43.661175685353847]},"properties":{"OBJECTID":1589}},{"type":"Feature","id":1590,"geometry":{"type":"Point","coordinates":[-79.406029190716993,43.643952382475675]},"properties":{"OBJECTID":1590}},{"type":"Feature","id":1591,"geometry":{"type":"Point","coordinates":[-79.404168491738645,43.662192385316906]},"properties":{"OBJECTID":1591}},{"type":"Feature","id":1592,"geometry":{"type":"Point","coordinates":[-79.404008191184033,43.663124586005885]},"properties":{"OBJECTID":1592}},{"type":"Feature","id":1593,"geometry":{"type":"Point","coordinates":[-79.403826692081026,43.664809886056091]},"properties":{"OBJECTID":1593}},{"type":"Feature","id":1594,"geometry":{"type":"Point","coordinates":[-79.405551891103514,43.647831283157963]},"properties":{"OBJECTID":1594}},{"type":"Feature","id":1595,"geometry":{"type":"Point","coordinates":[-79.406110390487967,43.641846081677102]},"properties":{"OBJECTID":1595}},{"type":"Feature","id":1596,"geometry":{"type":"Point","coordinates":[-79.405916090026579,43.643671082717212]},"properties":{"OBJECTID":1596}},{"type":"Feature","id":1597,"geometry":{"type":"Point","coordinates":[-79.40549679003071,43.647698982664856]},"properties":{"OBJECTID":1597}},{"type":"Feature","id":1598,"geometry":{"type":"Point","coordinates":[-79.403600391147123,43.666318386335867]},"properties":{"OBJECTID":1598}},{"type":"Feature","id":1599,"geometry":{"type":"Point","coordinates":[-79.405786990892082,43.644695782308197]},"properties":{"OBJECTID":1599}},{"type":"Feature","id":1600,"geometry":{"type":"Point","coordinates":[-79.404128491600645,43.660800485242135]},"properties":{"OBJECTID":1600}},{"type":"Feature","id":1601,"geometry":{"type":"Point","coordinates":[-79.406704890151403,43.635481580633723]},"properties":{"OBJECTID":1601}},{"type":"Feature","id":1602,"geometry":{"type":"Point","coordinates":[-79.405624090847198,43.646087482492405]},"properties":{"OBJECTID":1602}},{"type":"Feature","id":1603,"geometry":{"type":"Point","coordinates":[-79.404502191064879,43.657104284557413]},"properties":{"OBJECTID":1603}},{"type":"Feature","id":1604,"geometry":{"type":"Point","coordinates":[-79.40257569181891,43.675807488346869]},"properties":{"OBJECTID":1604}},{"type":"Feature","id":1605,"geometry":{"type":"Point","coordinates":[-79.403680991314857,43.664450086452192]},"properties":{"OBJECTID":1605}},{"type":"Feature","id":1606,"geometry":{"type":"Point","coordinates":[-79.403845091462088,43.662707285802611]},"properties":{"OBJECTID":1606}},{"type":"Feature","id":1607,"geometry":{"type":"Point","coordinates":[-79.405387790029621,43.647425882968477]},"properties":{"OBJECTID":1607}},{"type":"Feature","id":1608,"geometry":{"type":"Point","coordinates":[-79.405369190517533,43.647374482905754]},"properties":{"OBJECTID":1608}},{"type":"Feature","id":1609,"geometry":{"type":"Point","coordinates":[-79.405556590378751,43.645388282934029]},"properties":{"OBJECTID":1609}},{"type":"Feature","id":1610,"geometry":{"type":"Point","coordinates":[-79.404811290868281,43.652625883863521]},"properties":{"OBJECTID":1610}},{"type":"Feature","id":1611,"geometry":{"type":"Point","coordinates":[-79.405508689774095,43.645719783074433]},"properties":{"OBJECTID":1611}},{"type":"Feature","id":1612,"geometry":{"type":"Point","coordinates":[-79.404808790705133,43.652590284377411]},"properties":{"OBJECTID":1612}},{"type":"Feature","id":1613,"geometry":{"type":"Point","coordinates":[-79.404799390296759,43.652655484232859]},"properties":{"OBJECTID":1613}},{"type":"Feature","id":1614,"geometry":{"type":"Point","coordinates":[-79.40549329040482,43.645729382953647]},"properties":{"OBJECTID":1614}},{"type":"Feature","id":1615,"geometry":{"type":"Point","coordinates":[-79.405488490130935,43.645743582635696]},"properties":{"OBJECTID":1615}},{"type":"Feature","id":1616,"geometry":{"type":"Point","coordinates":[-79.404769790955257,43.652690983548311]},"properties":{"OBJECTID":1616}},{"type":"Feature","id":1617,"geometry":{"type":"Point","coordinates":[-79.403516891362344,43.664865186226152]},"properties":{"OBJECTID":1617}},{"type":"Feature","id":1618,"geometry":{"type":"Point","coordinates":[-79.404764790362094,43.652444783605311]},"properties":{"OBJECTID":1618}},{"type":"Feature","id":1619,"geometry":{"type":"Point","coordinates":[-79.404765391340476,43.652414684096833]},"properties":{"OBJECTID":1619}},{"type":"Feature","id":1620,"geometry":{"type":"Point","coordinates":[-79.40395529151489,43.660362685310183]},"properties":{"OBJECTID":1620}},{"type":"Feature","id":1621,"geometry":{"type":"Point","coordinates":[-79.404731691313486,43.652712484137673]},"properties":{"OBJECTID":1621}},{"type":"Feature","id":1622,"geometry":{"type":"Point","coordinates":[-79.404065590960329,43.659251884874884]},"properties":{"OBJECTID":1622}},{"type":"Feature","id":1623,"geometry":{"type":"Point","coordinates":[-79.405109991130786,43.648729083462818]},"properties":{"OBJECTID":1623}},{"type":"Feature","id":1624,"geometry":{"type":"Point","coordinates":[-79.404693990201935,43.652729984086569]},"properties":{"OBJECTID":1624}},{"type":"Feature","id":1625,"geometry":{"type":"Point","coordinates":[-79.403351892021206,43.665842086159962]},"properties":{"OBJECTID":1625}},{"type":"Feature","id":1626,"geometry":{"type":"Point","coordinates":[-79.403695491192124,43.662293385327644]},"properties":{"OBJECTID":1626}},{"type":"Feature","id":1627,"geometry":{"type":"Point","coordinates":[-79.404728991206568,43.652112083672186]},"properties":{"OBJECTID":1627}},{"type":"Feature","id":1628,"geometry":{"type":"Point","coordinates":[-79.404691890649005,43.652213384033786]},"properties":{"OBJECTID":1628}},{"type":"Feature","id":1629,"geometry":{"type":"Point","coordinates":[-79.40551988997791,43.644053182101182]},"properties":{"OBJECTID":1629}},{"type":"Feature","id":1630,"geometry":{"type":"Point","coordinates":[-79.404619191248912,43.652746983949783]},"properties":{"OBJECTID":1630}},{"type":"Feature","id":1631,"geometry":{"type":"Point","coordinates":[-79.405204990295402,43.646962582737387]},"properties":{"OBJECTID":1631}},{"type":"Feature","id":1632,"geometry":{"type":"Point","coordinates":[-79.403381291681711,43.664520586001444]},"properties":{"OBJECTID":1632}},{"type":"Feature","id":1633,"geometry":{"type":"Point","coordinates":[-79.404583390979766,43.652239083594623]},"properties":{"OBJECTID":1633}},{"type":"Feature","id":1634,"geometry":{"type":"Point","coordinates":[-79.405316990559342,43.644778582420003]},"properties":{"OBJECTID":1634}},{"type":"Feature","id":1635,"geometry":{"type":"Point","coordinates":[-79.403157991199237,43.665903686058925]},"properties":{"OBJECTID":1635}},{"type":"Feature","id":1636,"geometry":{"type":"Point","coordinates":[-79.404036890820592,43.657196084639288]},"properties":{"OBJECTID":1636}},{"type":"Feature","id":1637,"geometry":{"type":"Point","coordinates":[-79.405403289820285,43.643766482022656]},"properties":{"OBJECTID":1637}},{"type":"Feature","id":1638,"geometry":{"type":"Point","coordinates":[-79.404345790080342,43.653163984496565]},"properties":{"OBJECTID":1638}},{"type":"Feature","id":1639,"geometry":{"type":"Point","coordinates":[-79.403236991497891,43.663283685975301]},"properties":{"OBJECTID":1639}},{"type":"Feature","id":1640,"geometry":{"type":"Point","coordinates":[-79.405260690334117,43.64340118226788]},"properties":{"OBJECTID":1640}},{"type":"Feature","id":1641,"geometry":{"type":"Point","coordinates":[-79.403991990573033,43.655837684553667]},"properties":{"OBJECTID":1641}},{"type":"Feature","id":1642,"geometry":{"type":"Point","coordinates":[-79.404681190027986,43.648969982959969]},"properties":{"OBJECTID":1642}},{"type":"Feature","id":1643,"geometry":{"type":"Point","coordinates":[-79.402969490866724,43.665539885867176]},"properties":{"OBJECTID":1643}},{"type":"Feature","id":1644,"geometry":{"type":"Point","coordinates":[-79.401883892244996,43.675983188043816]},"properties":{"OBJECTID":1644}},{"type":"Feature","id":1645,"geometry":{"type":"Point","coordinates":[-79.403776491354648,43.657243585013269]},"properties":{"OBJECTID":1645}},{"type":"Feature","id":1646,"geometry":{"type":"Point","coordinates":[-79.404620790185177,43.648833283413943]},"properties":{"OBJECTID":1646}},{"type":"Feature","id":1647,"geometry":{"type":"Point","coordinates":[-79.404207691074461,43.652831283740376]},"properties":{"OBJECTID":1647}},{"type":"Feature","id":1648,"geometry":{"type":"Point","coordinates":[-79.403537291194084,43.659331185259447]},"properties":{"OBJECTID":1648}},{"type":"Feature","id":1649,"geometry":{"type":"Point","coordinates":[-79.403325090922152,43.661374885146607]},"properties":{"OBJECTID":1649}},{"type":"Feature","id":1650,"geometry":{"type":"Point","coordinates":[-79.402135191160355,43.672997987432673]},"properties":{"OBJECTID":1650}},{"type":"Feature","id":1651,"geometry":{"type":"Point","coordinates":[-79.404571290684174,43.648708683228286]},"properties":{"OBJECTID":1651}},{"type":"Feature","id":1652,"geometry":{"type":"Point","coordinates":[-79.405334389381309,43.641163482263636]},"properties":{"OBJECTID":1652}},{"type":"Feature","id":1653,"geometry":{"type":"Point","coordinates":[-79.402693591134465,43.666910186827266]},"properties":{"OBJECTID":1653}},{"type":"Feature","id":1654,"geometry":{"type":"Point","coordinates":[-79.405118690181737,43.643024682464862]},"properties":{"OBJECTID":1654}},{"type":"Feature","id":1655,"geometry":{"type":"Point","coordinates":[-79.40241499198828,43.66946338671206]},"properties":{"OBJECTID":1655}},{"type":"Feature","id":1656,"geometry":{"type":"Point","coordinates":[-79.404144590754839,43.652321784293548]},"properties":{"OBJECTID":1656}},{"type":"Feature","id":1657,"geometry":{"type":"Point","coordinates":[-79.403067990682985,43.662866285591008]},"properties":{"OBJECTID":1657}},{"type":"Feature","id":1658,"geometry":{"type":"Point","coordinates":[-79.404111590894061,43.652328883684028]},"properties":{"OBJECTID":1658}},{"type":"Feature","id":1659,"geometry":{"type":"Point","coordinates":[-79.404933289725378,43.644161582696753]},"properties":{"OBJECTID":1659}},{"type":"Feature","id":1660,"geometry":{"type":"Point","coordinates":[-79.40407749067387,43.652326183547054]},"properties":{"OBJECTID":1660}},{"type":"Feature","id":1661,"geometry":{"type":"Point","coordinates":[-79.402823391263425,43.6646309861855]},"properties":{"OBJECTID":1661}},{"type":"Feature","id":1662,"geometry":{"type":"Point","coordinates":[-79.404061390160095,43.652320883608695]},"properties":{"OBJECTID":1662}},{"type":"Feature","id":1663,"geometry":{"type":"Point","coordinates":[-79.404047290142884,43.652310383639055]},"properties":{"OBJECTID":1663}},{"type":"Feature","id":1664,"geometry":{"type":"Point","coordinates":[-79.404041290202386,43.652296483907506]},"properties":{"OBJECTID":1664}},{"type":"Feature","id":1665,"geometry":{"type":"Point","coordinates":[-79.403262390532987,43.659911084956526]},"properties":{"OBJECTID":1665}},{"type":"Feature","id":1666,"geometry":{"type":"Point","coordinates":[-79.403149890417922,43.660928985860693]},"properties":{"OBJECTID":1666}},{"type":"Feature","id":1667,"geometry":{"type":"Point","coordinates":[-79.404797389816395,43.644556882904936]},"properties":{"OBJECTID":1667}},{"type":"Feature","id":1668,"geometry":{"type":"Point","coordinates":[-79.4039876898307,43.651774683944339]},"properties":{"OBJECTID":1668}},{"type":"Feature","id":1669,"geometry":{"type":"Point","coordinates":[-79.402898991611295,43.66244768625991]},"properties":{"OBJECTID":1669}},{"type":"Feature","id":1670,"geometry":{"type":"Point","coordinates":[-79.404700289543442,43.64475478246127]},"properties":{"OBJECTID":1670}},{"type":"Feature","id":1671,"geometry":{"type":"Point","coordinates":[-79.402947990606094,43.661838585717327]},"properties":{"OBJECTID":1671}},{"type":"Feature","id":1672,"geometry":{"type":"Point","coordinates":[-79.403942190631383,43.652056284188163]},"properties":{"OBJECTID":1672}},{"type":"Feature","id":1673,"geometry":{"type":"Point","coordinates":[-79.403642890360771,43.654963284670195]},"properties":{"OBJECTID":1673}},{"type":"Feature","id":1674,"geometry":{"type":"Point","coordinates":[-79.404902990341341,43.642495481879756]},"properties":{"OBJECTID":1674}},{"type":"Feature","id":1675,"geometry":{"type":"Point","coordinates":[-79.402634291281785,43.664677085847956]},"properties":{"OBJECTID":1675}},{"type":"Feature","id":1676,"geometry":{"type":"Point","coordinates":[-79.404302890176297,43.648046183524251]},"properties":{"OBJECTID":1676}},{"type":"Feature","id":1677,"geometry":{"type":"Point","coordinates":[-79.402460791374253,43.666090586255372]},"properties":{"OBJECTID":1677}},{"type":"Feature","id":1678,"geometry":{"type":"Point","coordinates":[-79.40275669139119,43.662932385974308]},"properties":{"OBJECTID":1678}},{"type":"Feature","id":1679,"geometry":{"type":"Point","coordinates":[-79.404157389763498,43.649083983409803]},"properties":{"OBJECTID":1679}},{"type":"Feature","id":1680,"geometry":{"type":"Point","coordinates":[-79.403064690463424,43.659430985320235]},"properties":{"OBJECTID":1680}},{"type":"Feature","id":1681,"geometry":{"type":"Point","coordinates":[-79.403685190574308,43.653312984448554]},"properties":{"OBJECTID":1681}},{"type":"Feature","id":1682,"geometry":{"type":"Point","coordinates":[-79.402952591114897,43.660450885570945]},"properties":{"OBJECTID":1682}},{"type":"Feature","id":1683,"geometry":{"type":"Point","coordinates":[-79.405407988922235,43.636242381245438]},"properties":{"OBJECTID":1683}},{"type":"Feature","id":1684,"geometry":{"type":"Point","coordinates":[-79.405307889333486,43.63684848131615]},"properties":{"OBJECTID":1684}},{"type":"Feature","id":1685,"geometry":{"type":"Point","coordinates":[-79.404388089462685,43.645781782533994]},"properties":{"OBJECTID":1685}},{"type":"Feature","id":1686,"geometry":{"type":"Point","coordinates":[-79.403113891327365,43.658253485049507]},"properties":{"OBJECTID":1686}},{"type":"Feature","id":1687,"geometry":{"type":"Point","coordinates":[-79.405127489067837,43.638466881317079]},"properties":{"OBJECTID":1687}},{"type":"Feature","id":1688,"geometry":{"type":"Point","coordinates":[-79.404739489749659,43.642115082131411]},"properties":{"OBJECTID":1688}},{"type":"Feature","id":1689,"geometry":{"type":"Point","coordinates":[-79.404053990843366,43.648804383054319]},"properties":{"OBJECTID":1689}},{"type":"Feature","id":1690,"geometry":{"type":"Point","coordinates":[-79.405205689252838,43.637467481405466]},"properties":{"OBJECTID":1690}},{"type":"Feature","id":1691,"geometry":{"type":"Point","coordinates":[-79.404160790025102,43.647686583130707]},"properties":{"OBJECTID":1691}},{"type":"Feature","id":1692,"geometry":{"type":"Point","coordinates":[-79.403164590234468,43.65736588453278]},"properties":{"OBJECTID":1692}},{"type":"Feature","id":1693,"geometry":{"type":"Point","coordinates":[-79.405293989342994,43.636217981443579]},"properties":{"OBJECTID":1693}},{"type":"Feature","id":1694,"geometry":{"type":"Point","coordinates":[-79.40267589032814,43.661893985934555]},"properties":{"OBJECTID":1694}},{"type":"Feature","id":1695,"geometry":{"type":"Point","coordinates":[-79.40200919169331,43.668395287046444]},"properties":{"OBJECTID":1695}},{"type":"Feature","id":1696,"geometry":{"type":"Point","coordinates":[-79.403266491069729,43.655978884978197]},"properties":{"OBJECTID":1696}},{"type":"Feature","id":1697,"geometry":{"type":"Point","coordinates":[-79.405200190092302,43.63683738137648]},"properties":{"OBJECTID":1697}},{"type":"Feature","id":1698,"geometry":{"type":"Point","coordinates":[-79.405103489191873,43.637476481582361]},"properties":{"OBJECTID":1698}},{"type":"Feature","id":1699,"geometry":{"type":"Point","coordinates":[-79.404337690160077,43.64464158266243]},"properties":{"OBJECTID":1699}},{"type":"Feature","id":1700,"geometry":{"type":"Point","coordinates":[-79.404704089707167,43.641026181622507]},"properties":{"OBJECTID":1700}},{"type":"Feature","id":1701,"geometry":{"type":"Point","coordinates":[-79.403925689777111,43.648473283649942]},"properties":{"OBJECTID":1701}},{"type":"Feature","id":1702,"geometry":{"type":"Point","coordinates":[-79.40422248972817,43.645331582755581]},"properties":{"OBJECTID":1702}},{"type":"Feature","id":1703,"geometry":{"type":"Point","coordinates":[-79.402310091032618,43.6638777859363]},"properties":{"OBJECTID":1703}},{"type":"Feature","id":1704,"geometry":{"type":"Point","coordinates":[-79.402539490272332,43.661534985702872]},"properties":{"OBJECTID":1704}},{"type":"Feature","id":1705,"geometry":{"type":"Point","coordinates":[-79.403985590450588,43.647200282634152]},"properties":{"OBJECTID":1705}},{"type":"Feature","id":1706,"geometry":{"type":"Point","coordinates":[-79.402146790935674,43.665247986538596]},"properties":{"OBJECTID":1706}},{"type":"Feature","id":1707,"geometry":{"type":"Point","coordinates":[-79.403451890644064,43.652167084061361]},"properties":{"OBJECTID":1707}},{"type":"Feature","id":1708,"geometry":{"type":"Point","coordinates":[-79.402635590821902,43.659703784942067]},"properties":{"OBJECTID":1708}},{"type":"Feature","id":1709,"geometry":{"type":"Point","coordinates":[-79.401916391288921,43.666572986793447]},"properties":{"OBJECTID":1709}},{"type":"Feature","id":1710,"geometry":{"type":"Point","coordinates":[-79.403792889709479,43.648133082902774]},"properties":{"OBJECTID":1710}},{"type":"Feature","id":1711,"geometry":{"type":"Point","coordinates":[-79.404448189175497,43.641408682247686]},"properties":{"OBJECTID":1711}},{"type":"Feature","id":1712,"geometry":{"type":"Point","coordinates":[-79.404158690041257,43.644178482682712]},"properties":{"OBJECTID":1712}},{"type":"Feature","id":1713,"geometry":{"type":"Point","coordinates":[-79.403873289942396,43.646840483416455]},"properties":{"OBJECTID":1713}},{"type":"Feature","id":1714,"geometry":{"type":"Point","coordinates":[-79.402213190484943,43.663043685487885]},"properties":{"OBJECTID":1714}},{"type":"Feature","id":1715,"geometry":{"type":"Point","coordinates":[-79.402777790209441,43.657442885162794]},"properties":{"OBJECTID":1715}},{"type":"Feature","id":1716,"geometry":{"type":"Point","coordinates":[-79.402364090358276,43.661098085335468]},"properties":{"OBJECTID":1716}},{"type":"Feature","id":1717,"geometry":{"type":"Point","coordinates":[-79.402628890373649,43.658361785076067]},"properties":{"OBJECTID":1717}},{"type":"Feature","id":1718,"geometry":{"type":"Point","coordinates":[-79.403093189679893,43.653599984501312]},"properties":{"OBJECTID":1718}},{"type":"Feature","id":1719,"geometry":{"type":"Point","coordinates":[-79.403481590018657,43.649611583127339]},"properties":{"OBJECTID":1719}},{"type":"Feature","id":1720,"geometry":{"type":"Point","coordinates":[-79.401786591176375,43.666236686630171]},"properties":{"OBJECTID":1720}},{"type":"Feature","id":1721,"geometry":{"type":"Point","coordinates":[-79.404331889621346,43.64111888240096]},"properties":{"OBJECTID":1721}},{"type":"Feature","id":1722,"geometry":{"type":"Point","coordinates":[-79.401916290419067,43.664833886260936]},"properties":{"OBJECTID":1722}},{"type":"Feature","id":1723,"geometry":{"type":"Point","coordinates":[-79.402473790424622,43.659298785274558]},"properties":{"OBJECTID":1723}},{"type":"Feature","id":1724,"geometry":{"type":"Point","coordinates":[-79.400997291989881,43.673235187747203]},"properties":{"OBJECTID":1724}},{"type":"Feature","id":1725,"geometry":{"type":"Point","coordinates":[-79.403721989689757,43.646471182979937]},"properties":{"OBJECTID":1725}},{"type":"Feature","id":1726,"geometry":{"type":"Point","coordinates":[-79.403096590352959,43.652538283903468]},"properties":{"OBJECTID":1726}},{"type":"Feature","id":1727,"geometry":{"type":"Point","coordinates":[-79.401995491349837,43.663094486101613]},"properties":{"OBJECTID":1727}},{"type":"Feature","id":1728,"geometry":{"type":"Point","coordinates":[-79.40303699053662,43.652549584202141]},"properties":{"OBJECTID":1728}},{"type":"Feature","id":1729,"geometry":{"type":"Point","coordinates":[-79.40267029042684,43.656096185107138]},"properties":{"OBJECTID":1729}},{"type":"Feature","id":1730,"geometry":{"type":"Point","coordinates":[-79.403010689698178,43.652686884286553]},"properties":{"OBJECTID":1730}},{"type":"Feature","id":1731,"geometry":{"type":"Point","coordinates":[-79.401533291188585,43.667164086537881]},"properties":{"OBJECTID":1731}},{"type":"Feature","id":1732,"geometry":{"type":"Point","coordinates":[-79.402157990942939,43.660627585471005]},"properties":{"OBJECTID":1732}},{"type":"Feature","id":1733,"geometry":{"type":"Point","coordinates":[-79.401624790343106,43.665816286519998]},"properties":{"OBJECTID":1733}},{"type":"Feature","id":1734,"geometry":{"type":"Point","coordinates":[-79.40175239061233,43.664423286228228]},"properties":{"OBJECTID":1734}},{"type":"Feature","id":1735,"geometry":{"type":"Point","coordinates":[-79.400530091899483,43.676380288350202]},"properties":{"OBJECTID":1735}},{"type":"Feature","id":1736,"geometry":{"type":"Point","coordinates":[-79.402898790734852,43.653092084469542]},"properties":{"OBJECTID":1736}},{"type":"Feature","id":1737,"geometry":{"type":"Point","coordinates":[-79.402041190486557,43.661165285474134]},"properties":{"OBJECTID":1737}},{"type":"Feature","id":1738,"geometry":{"type":"Point","coordinates":[-79.402934190790006,43.652266283629203]},"properties":{"OBJECTID":1738}},{"type":"Feature","id":1739,"geometry":{"type":"Point","coordinates":[-79.402726590103711,43.65406938447763]},"properties":{"OBJECTID":1739}},{"type":"Feature","id":1740,"geometry":{"type":"Point","coordinates":[-79.404084188992471,43.640440381945389]},"properties":{"OBJECTID":1740}},{"type":"Feature","id":1741,"geometry":{"type":"Point","coordinates":[-79.400731990674359,43.673288188146628]},"properties":{"OBJECTID":1741}},{"type":"Feature","id":1742,"geometry":{"type":"Point","coordinates":[-79.403048090523058,43.650157383578389]},"properties":{"OBJECTID":1742}},{"type":"Feature","id":1743,"geometry":{"type":"Point","coordinates":[-79.401335491419019,43.666675086990502]},"properties":{"OBJECTID":1743}},{"type":"Feature","id":1744,"geometry":{"type":"Point","coordinates":[-79.401594591270765,43.664034686165365]},"properties":{"OBJECTID":1744}},{"type":"Feature","id":1745,"geometry":{"type":"Point","coordinates":[-79.402817589614671,43.651931783826662]},"properties":{"OBJECTID":1745}},{"type":"Feature","id":1746,"geometry":{"type":"Point","coordinates":[-79.401438591155468,43.665394786411866]},"properties":{"OBJECTID":1746}},{"type":"Feature","id":1747,"geometry":{"type":"Point","coordinates":[-79.402675390499596,43.653137783967146]},"properties":{"OBJECTID":1747}},{"type":"Feature","id":1748,"geometry":{"type":"Point","coordinates":[-79.402322190495553,43.656595584767047]},"properties":{"OBJECTID":1748}},{"type":"Feature","id":1749,"geometry":{"type":"Point","coordinates":[-79.40421478955794,43.637540181723139]},"properties":{"OBJECTID":1749}},{"type":"Feature","id":1750,"geometry":{"type":"Point","coordinates":[-79.40165069005046,43.662233286174555]},"properties":{"OBJECTID":1750}},{"type":"Feature","id":1751,"geometry":{"type":"Point","coordinates":[-79.403330190295947,43.645517382450571]},"properties":{"OBJECTID":1751}},{"type":"Feature","id":1752,"geometry":{"type":"Point","coordinates":[-79.400235991547248,43.675733588530733]},"properties":{"OBJECTID":1752}},{"type":"Feature","id":1753,"geometry":{"type":"Point","coordinates":[-79.404277188876762,43.636026180900473]},"properties":{"OBJECTID":1753}},{"type":"Feature","id":1754,"geometry":{"type":"Point","coordinates":[-79.402316289767256,43.655230384314869]},"properties":{"OBJECTID":1754}},{"type":"Feature","id":1755,"geometry":{"type":"Point","coordinates":[-79.402870490267389,43.649739283206998]},"properties":{"OBJECTID":1755}},{"type":"Feature","id":1756,"geometry":{"type":"Point","coordinates":[-79.401442790671027,43.663639085870166]},"properties":{"OBJECTID":1756}},{"type":"Feature","id":1757,"geometry":{"type":"Point","coordinates":[-79.403177590216174,43.64657778305115]},"properties":{"OBJECTID":1757}},{"type":"Feature","id":1758,"geometry":{"type":"Point","coordinates":[-79.402000790657581,43.658125985109116]},"properties":{"OBJECTID":1758}},{"type":"Feature","id":1759,"geometry":{"type":"Point","coordinates":[-79.401258390608533,43.664967586701593]},"properties":{"OBJECTID":1759}},{"type":"Feature","id":1760,"geometry":{"type":"Point","coordinates":[-79.40075589135742,43.66981828719473]},"properties":{"OBJECTID":1760}},{"type":"Feature","id":1761,"geometry":{"type":"Point","coordinates":[-79.402501389408059,43.652645384429064]},"properties":{"OBJECTID":1761}},{"type":"Feature","id":1762,"geometry":{"type":"Point","coordinates":[-79.402779990253308,43.649771983571434]},"properties":{"OBJECTID":1762}},{"type":"Feature","id":1763,"geometry":{"type":"Point","coordinates":[-79.401936890467098,43.657956585446144]},"properties":{"OBJECTID":1763}},{"type":"Feature","id":1764,"geometry":{"type":"Point","coordinates":[-79.403199389247561,43.645194583068545]},"properties":{"OBJECTID":1764}},{"type":"Feature","id":1765,"geometry":{"type":"Point","coordinates":[-79.402735989673587,43.649407183575946]},"properties":{"OBJECTID":1765}},{"type":"Feature","id":1766,"geometry":{"type":"Point","coordinates":[-79.401044890163504,43.665941686607695]},"properties":{"OBJECTID":1766}},{"type":"Feature","id":1767,"geometry":{"type":"Point","coordinates":[-79.40130849064515,43.663251986100477]},"properties":{"OBJECTID":1767}},{"type":"Feature","id":1768,"geometry":{"type":"Point","coordinates":[-79.401506090923405,43.661287885949321]},"properties":{"OBJECTID":1768}},{"type":"Feature","id":1769,"geometry":{"type":"Point","coordinates":[-79.40388538872287,43.637551481576033]},"properties":{"OBJECTID":1769}},{"type":"Feature","id":1770,"geometry":{"type":"Point","coordinates":[-79.399947191817859,43.676196588547484]},"properties":{"OBJECTID":1770}},{"type":"Feature","id":1771,"geometry":{"type":"Point","coordinates":[-79.401118690775718,43.664559086009952]},"properties":{"OBJECTID":1771}},{"type":"Feature","id":1772,"geometry":{"type":"Point","coordinates":[-79.401820790143645,43.657639984798053]},"properties":{"OBJECTID":1772}},{"type":"Feature","id":1773,"geometry":{"type":"Point","coordinates":[-79.402955789526331,43.646032382720492]},"properties":{"OBJECTID":1773}},{"type":"Feature","id":1774,"geometry":{"type":"Point","coordinates":[-79.403069489613799,43.644874783117096]},"properties":{"OBJECTID":1774}},{"type":"Feature","id":1775,"geometry":{"type":"Point","coordinates":[-79.401951390657871,43.655753284591079]},"properties":{"OBJECTID":1775}},{"type":"Feature","id":1776,"geometry":{"type":"Point","coordinates":[-79.401560490087448,43.659509784955972]},"properties":{"OBJECTID":1776}},{"type":"Feature","id":1777,"geometry":{"type":"Point","coordinates":[-79.402030290105543,43.654511584092013]},"properties":{"OBJECTID":1777}},{"type":"Feature","id":1778,"geometry":{"type":"Point","coordinates":[-79.402257289401007,43.652029683508999]},"properties":{"OBJECTID":1778}},{"type":"Feature","id":1779,"geometry":{"type":"Point","coordinates":[-79.40129799000934,43.661324385357325]},"properties":{"OBJECTID":1779}},{"type":"Feature","id":1780,"geometry":{"type":"Point","coordinates":[-79.39990589075525,43.674971588229795]},"properties":{"OBJECTID":1780}},{"type":"Feature","id":1781,"geometry":{"type":"Point","coordinates":[-79.402110289690086,43.652984184348576]},"properties":{"OBJECTID":1781}},{"type":"Feature","id":1782,"geometry":{"type":"Point","coordinates":[-79.399878091596378,43.674855288249702]},"properties":{"OBJECTID":1782}},{"type":"Feature","id":1783,"geometry":{"type":"Point","coordinates":[-79.400960890136147,43.664170586487117]},"properties":{"OBJECTID":1783}},{"type":"Feature","id":1784,"geometry":{"type":"Point","coordinates":[-79.401747489645018,43.656290385164624]},"properties":{"OBJECTID":1784}},{"type":"Feature","id":1785,"geometry":{"type":"Point","coordinates":[-79.402934188912354,43.64454438303418]},"properties":{"OBJECTID":1785}},{"type":"Feature","id":1786,"geometry":{"type":"Point","coordinates":[-79.403722189057675,43.636676881523428]},"properties":{"OBJECTID":1786}},{"type":"Feature","id":1787,"geometry":{"type":"Point","coordinates":[-79.402482089791761,43.648759583576251]},"properties":{"OBJECTID":1787}},{"type":"Feature","id":1788,"geometry":{"type":"Point","coordinates":[-79.403797389412745,43.635733581140308]},"properties":{"OBJECTID":1788}},{"type":"Feature","id":1789,"geometry":{"type":"Point","coordinates":[-79.401899090071723,43.654215184627809]},"properties":{"OBJECTID":1789}},{"type":"Feature","id":1790,"geometry":{"type":"Point","coordinates":[-79.401289490803975,43.660176985852559]},"properties":{"OBJECTID":1790}},{"type":"Feature","id":1791,"geometry":{"type":"Point","coordinates":[-79.399840790863976,43.674379488320973]},"properties":{"OBJECTID":1791}},{"type":"Feature","id":1792,"geometry":{"type":"Point","coordinates":[-79.40200118938904,43.652889884164779]},"properties":{"OBJECTID":1792}},{"type":"Feature","id":1793,"geometry":{"type":"Point","coordinates":[-79.401210590447022,43.660571285274891]},"properties":{"OBJECTID":1793}},{"type":"Feature","id":1794,"geometry":{"type":"Point","coordinates":[-79.401228490441085,43.660221985274269]},"properties":{"OBJECTID":1794}},{"type":"Feature","id":1795,"geometry":{"type":"Point","coordinates":[-79.400708190277754,43.665072586253181]},"properties":{"OBJECTID":1795}},{"type":"Feature","id":1796,"geometry":{"type":"Point","coordinates":[-79.401959890096393,43.652772783748809]},"properties":{"OBJECTID":1796}},{"type":"Feature","id":1797,"geometry":{"type":"Point","coordinates":[-79.401162890646049,43.660444185780996]},"properties":{"OBJECTID":1797}},{"type":"Feature","id":1798,"geometry":{"type":"Point","coordinates":[-79.401178490090317,43.660286185738698]},"properties":{"OBJECTID":1798}},{"type":"Feature","id":1799,"geometry":{"type":"Point","coordinates":[-79.400313090172901,43.668740686995704]},"properties":{"OBJECTID":1799}},{"type":"Feature","id":1800,"geometry":{"type":"Point","coordinates":[-79.401154990233309,43.660364685723003]},"properties":{"OBJECTID":1800}},{"type":"Feature","id":1801,"geometry":{"type":"Point","coordinates":[-79.400802991097905,43.663772886242981]},"properties":{"OBJECTID":1801}},{"type":"Feature","id":1802,"geometry":{"type":"Point","coordinates":[-79.400478790159852,43.666838786218662]},"properties":{"OBJECTID":1802}},{"type":"Feature","id":1803,"geometry":{"type":"Point","coordinates":[-79.402353289909144,43.648411483594586]},"properties":{"OBJECTID":1803}},{"type":"Feature","id":1804,"geometry":{"type":"Point","coordinates":[-79.401675889506578,43.655047784119382]},"properties":{"OBJECTID":1804}},{"type":"Feature","id":1805,"geometry":{"type":"Point","coordinates":[-79.401771289543859,43.653878584078072]},"properties":{"OBJECTID":1805}},{"type":"Feature","id":1806,"geometry":{"type":"Point","coordinates":[-79.402128889507054,43.65033468373975]},"properties":{"OBJECTID":1806}},{"type":"Feature","id":1807,"geometry":{"type":"Point","coordinates":[-79.403586488929705,43.635991681340691]},"properties":{"OBJECTID":1807}},{"type":"Feature","id":1808,"geometry":{"type":"Point","coordinates":[-79.40211958956337,43.650356083715366]},"properties":{"OBJECTID":1808}},{"type":"Feature","id":1809,"geometry":{"type":"Point","coordinates":[-79.402097089500245,43.650372283273356]},"properties":{"OBJECTID":1809}},{"type":"Feature","id":1810,"geometry":{"type":"Point","coordinates":[-79.402990989596944,43.641285982107007]},"properties":{"OBJECTID":1810}},{"type":"Feature","id":1811,"geometry":{"type":"Point","coordinates":[-79.401830089487817,43.652642684378684]},"properties":{"OBJECTID":1811}},{"type":"Feature","id":1812,"geometry":{"type":"Point","coordinates":[-79.40099608990694,43.660583985691552]},"properties":{"OBJECTID":1812}},{"type":"Feature","id":1813,"geometry":{"type":"Point","coordinates":[-79.40268568888726,43.643924982719959]},"properties":{"OBJECTID":1813}},{"type":"Feature","id":1814,"geometry":{"type":"Point","coordinates":[-79.402343189967908,43.647135883038473]},"properties":{"OBJECTID":1814}},{"type":"Feature","id":1815,"geometry":{"type":"Point","coordinates":[-79.400951789672362,43.660495085429297]},"properties":{"OBJECTID":1815}},{"type":"Feature","id":1816,"geometry":{"type":"Point","coordinates":[-79.402212189572822,43.648074383429126]},"properties":{"OBJECTID":1816}},{"type":"Feature","id":1817,"geometry":{"type":"Point","coordinates":[-79.400650690213681,43.663387486035205]},"properties":{"OBJECTID":1817}},{"type":"Feature","id":1818,"geometry":{"type":"Point","coordinates":[-79.402015389195228,43.649920383851708]},"properties":{"OBJECTID":1818}},{"type":"Feature","id":1819,"geometry":{"type":"Point","coordinates":[-79.401999789475013,43.649990783232859]},"properties":{"OBJECTID":1819}},{"type":"Feature","id":1820,"geometry":{"type":"Point","coordinates":[-79.402000789761587,43.64993398343298]},"properties":{"OBJECTID":1820}},{"type":"Feature","id":1821,"geometry":{"type":"Point","coordinates":[-79.401993989384948,43.649966383885001]},"properties":{"OBJECTID":1821}},{"type":"Feature","id":1822,"geometry":{"type":"Point","coordinates":[-79.401995489431911,43.649947083597866]},"properties":{"OBJECTID":1822}},{"type":"Feature","id":1823,"geometry":{"type":"Point","coordinates":[-79.402178389806323,43.648013783488231]},"properties":{"OBJECTID":1823}},{"type":"Feature","id":1824,"geometry":{"type":"Point","coordinates":[-79.401504690382282,43.654616084251145]},"properties":{"OBJECTID":1824}},{"type":"Feature","id":1825,"geometry":{"type":"Point","coordinates":[-79.402800989630663,43.641732282531692]},"properties":{"OBJECTID":1825}},{"type":"Feature","id":1826,"geometry":{"type":"Point","coordinates":[-79.400896490351244,43.660428985121641]},"properties":{"OBJECTID":1826}},{"type":"Feature","id":1827,"geometry":{"type":"Point","coordinates":[-79.401839890274573,43.651024983585657]},"properties":{"OBJECTID":1827}},{"type":"Feature","id":1828,"geometry":{"type":"Point","coordinates":[-79.39915929170715,43.677270588406053]},"properties":{"OBJECTID":1828}},{"type":"Feature","id":1829,"geometry":{"type":"Point","coordinates":[-79.401551790307252,43.653359084085949]},"properties":{"OBJECTID":1829}},{"type":"Feature","id":1830,"geometry":{"type":"Point","coordinates":[-79.402005589325995,43.648833183335618]},"properties":{"OBJECTID":1830}},{"type":"Feature","id":1831,"geometry":{"type":"Point","coordinates":[-79.403328188402909,43.635754681494632]},"properties":{"OBJECTID":1831}},{"type":"Feature","id":1832,"geometry":{"type":"Point","coordinates":[-79.400817890407055,43.660371885278089]},"properties":{"OBJECTID":1832}},{"type":"Feature","id":1833,"geometry":{"type":"Point","coordinates":[-79.4022010892933,43.646770083452097]},"properties":{"OBJECTID":1833}},{"type":"Feature","id":1834,"geometry":{"type":"Point","coordinates":[-79.401649889307819,43.652164384448497]},"properties":{"OBJECTID":1834}},{"type":"Feature","id":1835,"geometry":{"type":"Point","coordinates":[-79.401046690241628,43.657811885382117]},"properties":{"OBJECTID":1835}},{"type":"Feature","id":1836,"geometry":{"type":"Point","coordinates":[-79.400378489843064,43.664291086244077]},"properties":{"OBJECTID":1836}},{"type":"Feature","id":1837,"geometry":{"type":"Point","coordinates":[-79.40090309015244,43.659087784964179]},"properties":{"OBJECTID":1837}},{"type":"Feature","id":1838,"geometry":{"type":"Point","coordinates":[-79.399423890849263,43.673373287422379]},"properties":{"OBJECTID":1838}},{"type":"Feature","id":1839,"geometry":{"type":"Point","coordinates":[-79.402658288981428,43.641357382024857]},"properties":{"OBJECTID":1839}},{"type":"Feature","id":1840,"geometry":{"type":"Point","coordinates":[-79.400700889770604,43.660326585111264]},"properties":{"OBJECTID":1840}},{"type":"Feature","id":1841,"geometry":{"type":"Point","coordinates":[-79.401986989709698,43.64760398296697]},"properties":{"OBJECTID":1841}},{"type":"Feature","id":1842,"geometry":{"type":"Point","coordinates":[-79.401411889792811,43.653029284477867]},"properties":{"OBJECTID":1842}},{"type":"Feature","id":1843,"geometry":{"type":"Point","coordinates":[-79.401870789475623,43.648511883227336]},"properties":{"OBJECTID":1843}},{"type":"Feature","id":1844,"geometry":{"type":"Point","coordinates":[-79.402392189336339,43.643198682694589]},"properties":{"OBJECTID":1844}},{"type":"Feature","id":1845,"geometry":{"type":"Point","coordinates":[-79.400771490577583,43.659061685013192]},"properties":{"OBJECTID":1845}},{"type":"Feature","id":1846,"geometry":{"type":"Point","coordinates":[-79.401623289083048,43.65046698369931]},"properties":{"OBJECTID":1846}},{"type":"Feature","id":1847,"geometry":{"type":"Point","coordinates":[-79.400914490021037,43.657329684941217]},"properties":{"OBJECTID":1847}},{"type":"Feature","id":1848,"geometry":{"type":"Point","coordinates":[-79.402897488370257,43.637819881437991]},"properties":{"OBJECTID":1848}},{"type":"Feature","id":1849,"geometry":{"type":"Point","coordinates":[-79.402190788942363,43.644717582898416]},"properties":{"OBJECTID":1849}},{"type":"Feature","id":1850,"geometry":{"type":"Point","coordinates":[-79.400835890060307,43.657853885348686]},"properties":{"OBJECTID":1850}},{"type":"Feature","id":1851,"geometry":{"type":"Point","coordinates":[-79.400577490441407,43.660295685497218]},"properties":{"OBJECTID":1851}},{"type":"Feature","id":1852,"geometry":{"type":"Point","coordinates":[-79.399824690226168,43.667518287054847]},"properties":{"OBJECTID":1852}},{"type":"Feature","id":1853,"geometry":{"type":"Point","coordinates":[-79.400682590415883,43.659030685580042]},"properties":{"OBJECTID":1853}},{"type":"Feature","id":1854,"geometry":{"type":"Point","coordinates":[-79.401279089601772,43.652699483844245]},"properties":{"OBJECTID":1854}},{"type":"Feature","id":1855,"geometry":{"type":"Point","coordinates":[-79.400596590247233,43.658986784953228]},"properties":{"OBJECTID":1855}},{"type":"Feature","id":1856,"geometry":{"type":"Point","coordinates":[-79.399445990384777,43.670097087707404]},"properties":{"OBJECTID":1856}},{"type":"Feature","id":1857,"geometry":{"type":"Point","coordinates":[-79.400091090533138,43.663506685825517]},"properties":{"OBJECTID":1857}},{"type":"Feature","id":1858,"geometry":{"type":"Point","coordinates":[-79.399138390402996,43.672702787463464]},"properties":{"OBJECTID":1858}},{"type":"Feature","id":1859,"geometry":{"type":"Point","coordinates":[-79.400541290306478,43.658920685359995]},"properties":{"OBJECTID":1859}},{"type":"Feature","id":1860,"geometry":{"type":"Point","coordinates":[-79.400053489642502,43.663496586313762]},"properties":{"OBJECTID":1860}},{"type":"Feature","id":1861,"geometry":{"type":"Point","coordinates":[-79.402167389112535,43.64265568276857]},"properties":{"OBJECTID":1861}},{"type":"Feature","id":1862,"geometry":{"type":"Point","coordinates":[-79.400320589761748,43.660599785902939]},"properties":{"OBJECTID":1862}},{"type":"Feature","id":1863,"geometry":{"type":"Point","coordinates":[-79.400493089547183,43.658826085074523]},"properties":{"OBJECTID":1863}},{"type":"Feature","id":1864,"geometry":{"type":"Point","coordinates":[-79.399829590273313,43.665269085981777]},"properties":{"OBJECTID":1864}},{"type":"Feature","id":1865,"geometry":{"type":"Point","coordinates":[-79.40062878944137,43.657395384830608]},"properties":{"OBJECTID":1865}},{"type":"Feature","id":1866,"geometry":{"type":"Point","coordinates":[-79.400670689307688,43.656960285311065]},"properties":{"OBJECTID":1866}},{"type":"Feature","id":1867,"geometry":{"type":"Point","coordinates":[-79.401835589433432,43.645486982496188]},"properties":{"OBJECTID":1867}},{"type":"Feature","id":1868,"geometry":{"type":"Point","coordinates":[-79.39963869006705,43.667047486460746]},"properties":{"OBJECTID":1868}},{"type":"Feature","id":1869,"geometry":{"type":"Point","coordinates":[-79.400965689198529,43.65397448395872]},"properties":{"OBJECTID":1869}},{"type":"Feature","id":1870,"geometry":{"type":"Point","coordinates":[-79.401109189879591,43.652273984352327]},"properties":{"OBJECTID":1870}},{"type":"Feature","id":1871,"geometry":{"type":"Point","coordinates":[-79.402614789346046,43.637453481113226]},"properties":{"OBJECTID":1871}},{"type":"Feature","id":1872,"geometry":{"type":"Point","coordinates":[-79.400906789189889,43.653856584596092]},"properties":{"OBJECTID":1872}},{"type":"Feature","id":1873,"geometry":{"type":"Point","coordinates":[-79.401375489000102,43.64922738341658]},"properties":{"OBJECTID":1873}},{"type":"Feature","id":1874,"geometry":{"type":"Point","coordinates":[-79.401327489473559,43.649684683360036]},"properties":{"OBJECTID":1874}},{"type":"Feature","id":1875,"geometry":{"type":"Point","coordinates":[-79.400339589911681,43.658984985513932]},"properties":{"OBJECTID":1875}},{"type":"Feature","id":1876,"geometry":{"type":"Point","coordinates":[-79.400919489729333,43.653280583958576]},"properties":{"OBJECTID":1876}},{"type":"Feature","id":1877,"geometry":{"type":"Point","coordinates":[-79.400327089698592,43.659068884924928]},"properties":{"OBJECTID":1877}},{"type":"Feature","id":1878,"geometry":{"type":"Point","coordinates":[-79.401168188958479,43.650666783811594]},"properties":{"OBJECTID":1878}},{"type":"Feature","id":1879,"geometry":{"type":"Point","coordinates":[-79.400509590197672,43.657099585409064]},"properties":{"OBJECTID":1879}},{"type":"Feature","id":1880,"geometry":{"type":"Point","coordinates":[-79.400293189646518,43.659136685277893]},"properties":{"OBJECTID":1880}},{"type":"Feature","id":1881,"geometry":{"type":"Point","coordinates":[-79.400309189433457,43.658881385050037]},"properties":{"OBJECTID":1881}},{"type":"Feature","id":1882,"geometry":{"type":"Point","coordinates":[-79.401414489205806,43.647723483545334]},"properties":{"OBJECTID":1882}},{"type":"Feature","id":1883,"geometry":{"type":"Point","coordinates":[-79.400696489504426,43.654771984483595]},"properties":{"OBJECTID":1883}},{"type":"Feature","id":1884,"geometry":{"type":"Point","coordinates":[-79.400230690058635,43.659195585217113]},"properties":{"OBJECTID":1884}},{"type":"Feature","id":1885,"geometry":{"type":"Point","coordinates":[-79.401085989000265,43.650469383642346]},"properties":{"OBJECTID":1885}},{"type":"Feature","id":1886,"geometry":{"type":"Point","coordinates":[-79.400766389499836,43.653539484684728]},"properties":{"OBJECTID":1886}},{"type":"Feature","id":1887,"geometry":{"type":"Point","coordinates":[-79.400174589559086,43.659237985134247]},"properties":{"OBJECTID":1887}},{"type":"Feature","id":1888,"geometry":{"type":"Point","coordinates":[-79.400961289759977,43.651511983668961]},"properties":{"OBJECTID":1888}},{"type":"Feature","id":1889,"geometry":{"type":"Point","coordinates":[-79.398348590602694,43.677044888761813]},"properties":{"OBJECTID":1889}},{"type":"Feature","id":1890,"geometry":{"type":"Point","coordinates":[-79.398861890667078,43.672006787766257]},"properties":{"OBJECTID":1890}},{"type":"Feature","id":1891,"geometry":{"type":"Point","coordinates":[-79.401158489053856,43.649273283548958]},"properties":{"OBJECTID":1891}},{"type":"Feature","id":1892,"geometry":{"type":"Point","coordinates":[-79.40187598942957,43.641928482362424]},"properties":{"OBJECTID":1892}},{"type":"Feature","id":1893,"geometry":{"type":"Point","coordinates":[-79.402398088925096,43.636767981567125]},"properties":{"OBJECTID":1893}},{"type":"Feature","id":1894,"geometry":{"type":"Point","coordinates":[-79.401566888464387,43.64486548297576]},"properties":{"OBJECTID":1894}},{"type":"Feature","id":1895,"geometry":{"type":"Point","coordinates":[-79.400910089323318,43.651219784313703]},"properties":{"OBJECTID":1895}},{"type":"Feature","id":1896,"geometry":{"type":"Point","coordinates":[-79.401277889570238,43.647351383016094]},"properties":{"OBJECTID":1896}},{"type":"Feature","id":1897,"geometry":{"type":"Point","coordinates":[-79.400178890228219,43.657978184888236]},"properties":{"OBJECTID":1897}},{"type":"Feature","id":1898,"geometry":{"type":"Point","coordinates":[-79.399688790416391,43.662611785808203]},"properties":{"OBJECTID":1898}},{"type":"Feature","id":1899,"geometry":{"type":"Point","coordinates":[-79.401061088987177,43.649036183060907]},"properties":{"OBJECTID":1899}},{"type":"Feature","id":1900,"geometry":{"type":"Point","coordinates":[-79.400107189682146,43.658389885015559]},"properties":{"OBJECTID":1900}},{"type":"Feature","id":1901,"geometry":{"type":"Point","coordinates":[-79.401506589007511,43.644598782946723]},"properties":{"OBJECTID":1901}},{"type":"Feature","id":1902,"geometry":{"type":"Point","coordinates":[-79.400706590001107,43.652358284142466]},"properties":{"OBJECTID":1902}},{"type":"Feature","id":1903,"geometry":{"type":"Point","coordinates":[-79.39818349075567,43.677083888427568]},"properties":{"OBJECTID":1903}},{"type":"Feature","id":1904,"geometry":{"type":"Point","coordinates":[-79.399928989347103,43.659825685561295]},"properties":{"OBJECTID":1904}},{"type":"Feature","id":1905,"geometry":{"type":"Point","coordinates":[-79.398187291209055,43.676627288768266]},"properties":{"OBJECTID":1905}},{"type":"Feature","id":1906,"geometry":{"type":"Point","coordinates":[-79.400188590038468,43.656619684841772]},"properties":{"OBJECTID":1906}},{"type":"Feature","id":1907,"geometry":{"type":"Point","coordinates":[-79.40172038871637,43.641550082261524]},"properties":{"OBJECTID":1907}},{"type":"Feature","id":1908,"geometry":{"type":"Point","coordinates":[-79.40086578932997,43.649929683617486]},"properties":{"OBJECTID":1908}},{"type":"Feature","id":1909,"geometry":{"type":"Point","coordinates":[-79.400418089847577,43.654047783995075]},"properties":{"OBJECTID":1909}},{"type":"Feature","id":1910,"geometry":{"type":"Point","coordinates":[-79.401114289532174,43.646971482897534]},"properties":{"OBJECTID":1910}},{"type":"Feature","id":1911,"geometry":{"type":"Point","coordinates":[-79.400931588768614,43.648715683402976]},"properties":{"OBJECTID":1911}},{"type":"Feature","id":1912,"geometry":{"type":"Point","coordinates":[-79.401524188656623,43.642807982530769]},"properties":{"OBJECTID":1912}},{"type":"Feature","id":1913,"geometry":{"type":"Point","coordinates":[-79.400499889440624,43.652820683821403]},"properties":{"OBJECTID":1913}},{"type":"Feature","id":1914,"geometry":{"type":"Point","coordinates":[-79.40037958906386,43.653938784170577]},"properties":{"OBJECTID":1914}},{"type":"Feature","id":1915,"geometry":{"type":"Point","coordinates":[-79.399925490049682,43.657947884937769]},"properties":{"OBJECTID":1915}},{"type":"Feature","id":1916,"geometry":{"type":"Point","coordinates":[-79.400767389571342,43.649652383605272]},"properties":{"OBJECTID":1916}},{"type":"Feature","id":1917,"geometry":{"type":"Point","coordinates":[-79.402115688663613,43.636107881196146]},"properties":{"OBJECTID":1917}},{"type":"Feature","id":1918,"geometry":{"type":"Point","coordinates":[-79.39853479022814,43.671245887073582]},"properties":{"OBJECTID":1918}},{"type":"Feature","id":1919,"geometry":{"type":"Point","coordinates":[-79.40064208964391,43.650564484026759]},"properties":{"OBJECTID":1919}},{"type":"Feature","id":1920,"geometry":{"type":"Point","coordinates":[-79.400007189837297,43.656160785190593]},"properties":{"OBJECTID":1920}},{"type":"Feature","id":1921,"geometry":{"type":"Point","coordinates":[-79.401380488927884,43.642421582679141]},"properties":{"OBJECTID":1921}},{"type":"Feature","id":1922,"geometry":{"type":"Point","coordinates":[-79.401760188472565,43.638393281696736]},"properties":{"OBJECTID":1922}},{"type":"Feature","id":1923,"geometry":{"type":"Point","coordinates":[-79.397763790139791,43.677595488549279]},"properties":{"OBJECTID":1923}},{"type":"Feature","id":1924,"geometry":{"type":"Point","coordinates":[-79.398077990960488,43.67442678807317]},"properties":{"OBJECTID":1924}},{"type":"Feature","id":1925,"geometry":{"type":"Point","coordinates":[-79.400733289510981,43.648244683396619]},"properties":{"OBJECTID":1925}},{"type":"Feature","id":1926,"geometry":{"type":"Point","coordinates":[-79.398974590530585,43.66543548611341]},"properties":{"OBJECTID":1926}},{"type":"Feature","id":1927,"geometry":{"type":"Point","coordinates":[-79.400190289192508,43.65344028440925]},"properties":{"OBJECTID":1927}},{"type":"Feature","id":1928,"geometry":{"type":"Point","coordinates":[-79.401166788726883,43.643813182589462]},"properties":{"OBJECTID":1928}},{"type":"Feature","id":1929,"geometry":{"type":"Point","coordinates":[-79.399339490125172,43.661731485728538]},"properties":{"OBJECTID":1929}},{"type":"Feature","id":1930,"geometry":{"type":"Point","coordinates":[-79.397849290670493,43.676252888036117]},"properties":{"OBJECTID":1930}},{"type":"Feature","id":1931,"geometry":{"type":"Point","coordinates":[-79.397672490659588,43.677912188996203]},"properties":{"OBJECTID":1931}},{"type":"Feature","id":1932,"geometry":{"type":"Point","coordinates":[-79.397670190264662,43.677891788646782]},"properties":{"OBJECTID":1932}},{"type":"Feature","id":1933,"geometry":{"type":"Point","coordinates":[-79.400481189234881,43.650160783665179]},"properties":{"OBJECTID":1933}},{"type":"Feature","id":1934,"geometry":{"type":"Point","coordinates":[-79.399732489521924,43.657469484738115]},"properties":{"OBJECTID":1934}},{"type":"Feature","id":1935,"geometry":{"type":"Point","coordinates":[-79.397644290283168,43.677934289063806]},"properties":{"OBJECTID":1935}},{"type":"Feature","id":1936,"geometry":{"type":"Point","coordinates":[-79.401923288046035,43.635870681547168]},"properties":{"OBJECTID":1936}},{"type":"Feature","id":1937,"geometry":{"type":"Point","coordinates":[-79.40141558885405,43.640753981801751]},"properties":{"OBJECTID":1937}},{"type":"Feature","id":1938,"geometry":{"type":"Point","coordinates":[-79.400984889043585,43.644706382318148]},"properties":{"OBJECTID":1938}},{"type":"Feature","id":1939,"geometry":{"type":"Point","coordinates":[-79.401245488530279,43.64205658189104]},"properties":{"OBJECTID":1939}},{"type":"Feature","id":1940,"geometry":{"type":"Point","coordinates":[-79.39983788981003,43.65573288456018]},"properties":{"OBJECTID":1940}},{"type":"Feature","id":1941,"geometry":{"type":"Point","coordinates":[-79.397863090875305,43.674905088581859]},"properties":{"OBJECTID":1941}},{"type":"Feature","id":1942,"geometry":{"type":"Point","coordinates":[-79.397580390913987,43.677637789004223]},"properties":{"OBJECTID":1942}},{"type":"Feature","id":1943,"geometry":{"type":"Point","coordinates":[-79.39760799117218,43.677204788344213]},"properties":{"OBJECTID":1943}},{"type":"Feature","id":1944,"geometry":{"type":"Point","coordinates":[-79.400593888729873,43.647891582925588]},"properties":{"OBJECTID":1944}},{"type":"Feature","id":1945,"geometry":{"type":"Point","coordinates":[-79.398286989970003,43.670330687022485]},"properties":{"OBJECTID":1945}},{"type":"Feature","id":1946,"geometry":{"type":"Point","coordinates":[-79.399668389636815,43.656723384735237]},"properties":{"OBJECTID":1946}},{"type":"Feature","id":1947,"geometry":{"type":"Point","coordinates":[-79.39779909042727,43.675025488040532]},"properties":{"OBJECTID":1947}},{"type":"Feature","id":1948,"geometry":{"type":"Point","coordinates":[-79.399467490058868,43.65851078570126]},"properties":{"OBJECTID":1948}},{"type":"Feature","id":1949,"geometry":{"type":"Point","coordinates":[-79.400345688944668,43.649829583627692]},"properties":{"OBJECTID":1949}},{"type":"Feature","id":1950,"geometry":{"type":"Point","coordinates":[-79.401091088490219,43.642475882582588]},"properties":{"OBJECTID":1950}},{"type":"Feature","id":1951,"geometry":{"type":"Point","coordinates":[-79.397762090768566,43.674928088161167]},"properties":{"OBJECTID":1951}},{"type":"Feature","id":1952,"geometry":{"type":"Point","coordinates":[-79.400598888594587,43.647082283062979]},"properties":{"OBJECTID":1952}},{"type":"Feature","id":1953,"geometry":{"type":"Point","coordinates":[-79.400420089057064,43.648816683416861]},"properties":{"OBJECTID":1953}},{"type":"Feature","id":1954,"geometry":{"type":"Point","coordinates":[-79.400825489132004,43.644302282448265]},"properties":{"OBJECTID":1954}},{"type":"Feature","id":1955,"geometry":{"type":"Point","coordinates":[-79.397774290753475,43.67410758793504]},"properties":{"OBJECTID":1955}},{"type":"Feature","id":1956,"geometry":{"type":"Point","coordinates":[-79.400747189071325,43.644754983221674]},"properties":{"OBJECTID":1956}},{"type":"Feature","id":1957,"geometry":{"type":"Point","coordinates":[-79.398352690231917,43.667830886932975]},"properties":{"OBJECTID":1957}},{"type":"Feature","id":1958,"geometry":{"type":"Point","coordinates":[-79.400599588862818,43.645736883132898]},"properties":{"OBJECTID":1958}},{"type":"Feature","id":1959,"geometry":{"type":"Point","coordinates":[-79.400106089330549,43.650238184099749]},"properties":{"OBJECTID":1959}},{"type":"Feature","id":1960,"geometry":{"type":"Point","coordinates":[-79.399008890106998,43.660903985284165]},"properties":{"OBJECTID":1960}},{"type":"Feature","id":1961,"geometry":{"type":"Point","coordinates":[-79.397524390567,43.675446588092228]},"properties":{"OBJECTID":1961}},{"type":"Feature","id":1962,"geometry":{"type":"Point","coordinates":[-79.397392891127197,43.676696488599056]},"properties":{"OBJECTID":1962}},{"type":"Feature","id":1963,"geometry":{"type":"Point","coordinates":[-79.399848588827766,43.652545284529616]},"properties":{"OBJECTID":1963}},{"type":"Feature","id":1964,"geometry":{"type":"Point","coordinates":[-79.401346588349355,43.637395881731749]},"properties":{"OBJECTID":1964}},{"type":"Feature","id":1965,"geometry":{"type":"Point","coordinates":[-79.397166590164417,43.677725788361606]},"properties":{"OBJECTID":1965}},{"type":"Feature","id":1966,"geometry":{"type":"Point","coordinates":[-79.400433988484352,43.645340082895224]},"properties":{"OBJECTID":1966}},{"type":"Feature","id":1967,"geometry":{"type":"Point","coordinates":[-79.399179090016105,43.657581185269855]},"properties":{"OBJECTID":1967}},{"type":"Feature","id":1968,"geometry":{"type":"Point","coordinates":[-79.39726059020559,43.67637858866226]},"properties":{"OBJECTID":1968}},{"type":"Feature","id":1969,"geometry":{"type":"Point","coordinates":[-79.398904189818367,43.660034585111376]},"properties":{"OBJECTID":1969}},{"type":"Feature","id":1970,"geometry":{"type":"Point","coordinates":[-79.399320389602735,43.655838084721545]},"properties":{"OBJECTID":1970}},{"type":"Feature","id":1971,"geometry":{"type":"Point","coordinates":[-79.39975438895172,43.651383183657487]},"properties":{"OBJECTID":1971}},{"type":"Feature","id":1972,"geometry":{"type":"Point","coordinates":[-79.399492189757026,43.653933084365448]},"properties":{"OBJECTID":1972}},{"type":"Feature","id":1973,"geometry":{"type":"Point","coordinates":[-79.398439189175079,43.664113486178408]},"properties":{"OBJECTID":1973}},{"type":"Feature","id":1974,"geometry":{"type":"Point","coordinates":[-79.399980288516304,43.648906783913503]},"properties":{"OBJECTID":1974}},{"type":"Feature","id":1975,"geometry":{"type":"Point","coordinates":[-79.399424689479105,43.654247784131087]},"properties":{"OBJECTID":1975}},{"type":"Feature","id":1976,"geometry":{"type":"Point","coordinates":[-79.397893189475113,43.6692586873652]},"properties":{"OBJECTID":1976}},{"type":"Feature","id":1977,"geometry":{"type":"Point","coordinates":[-79.399091189893525,43.657352685448593]},"properties":{"OBJECTID":1977}},{"type":"Feature","id":1978,"geometry":{"type":"Point","coordinates":[-79.400116489289857,43.647191683371837]},"properties":{"OBJECTID":1978}},{"type":"Feature","id":1979,"geometry":{"type":"Point","coordinates":[-79.399059589240693,43.657533685436199]},"properties":{"OBJECTID":1979}},{"type":"Feature","id":1980,"geometry":{"type":"Point","coordinates":[-79.401329388317436,43.635216981011801]},"properties":{"OBJECTID":1980}},{"type":"Feature","id":1981,"geometry":{"type":"Point","coordinates":[-79.40114798809401,43.636921081493632]},"properties":{"OBJECTID":1981}},{"type":"Feature","id":1982,"geometry":{"type":"Point","coordinates":[-79.399166788917924,43.656125484610008]},"properties":{"OBJECTID":1982}},{"type":"Feature","id":1983,"geometry":{"type":"Point","coordinates":[-79.399373289258563,43.653693784765679]},"properties":{"OBJECTID":1983}},{"type":"Feature","id":1984,"geometry":{"type":"Point","coordinates":[-79.396957890715527,43.677309488559949]},"properties":{"OBJECTID":1984}},{"type":"Feature","id":1985,"geometry":{"type":"Point","coordinates":[-79.396898390756107,43.677777488333355]},"properties":{"OBJECTID":1985}},{"type":"Feature","id":1986,"geometry":{"type":"Point","coordinates":[-79.399315988559565,43.653969484268544]},"properties":{"OBJECTID":1986}},{"type":"Feature","id":1987,"geometry":{"type":"Point","coordinates":[-79.398671689408104,43.660080885456317]},"properties":{"OBJECTID":1987}},{"type":"Feature","id":1988,"geometry":{"type":"Point","coordinates":[-79.396920390935151,43.677220888922051]},"properties":{"OBJECTID":1988}},{"type":"Feature","id":1989,"geometry":{"type":"Point","coordinates":[-79.400118188901104,43.645831483206592]},"properties":{"OBJECTID":1989}},{"type":"Feature","id":1990,"geometry":{"type":"Point","coordinates":[-79.39897188986879,43.657047685010376]},"properties":{"OBJECTID":1990}},{"type":"Feature","id":1991,"geometry":{"type":"Point","coordinates":[-79.399068689123908,43.655880884402777]},"properties":{"OBJECTID":1991}},{"type":"Feature","id":1992,"geometry":{"type":"Point","coordinates":[-79.39980248933972,43.648456283481352]},"properties":{"OBJECTID":1992}},{"type":"Feature","id":1993,"geometry":{"type":"Point","coordinates":[-79.399577788702089,43.650593284137216]},"properties":{"OBJECTID":1993}},{"type":"Feature","id":1994,"geometry":{"type":"Point","coordinates":[-79.399618688934666,43.64998418418957]},"properties":{"OBJECTID":1994}},{"type":"Feature","id":1995,"geometry":{"type":"Point","coordinates":[-79.398845789083381,43.657566385409226]},"properties":{"OBJECTID":1995}},{"type":"Feature","id":1996,"geometry":{"type":"Point","coordinates":[-79.399024089469037,43.655129384893016]},"properties":{"OBJECTID":1996}},{"type":"Feature","id":1997,"geometry":{"type":"Point","coordinates":[-79.39885648896707,43.656588385302449]},"properties":{"OBJECTID":1997}},{"type":"Feature","id":1998,"geometry":{"type":"Point","coordinates":[-79.400918988440708,43.636339881048876]},"properties":{"OBJECTID":1998}},{"type":"Feature","id":1999,"geometry":{"type":"Point","coordinates":[-79.399326089318691,43.651962784026182]},"properties":{"OBJECTID":1999}},{"type":"Feature","id":2000,"geometry":{"type":"Point","coordinates":[-79.396918790813316,43.675550088517092]},"properties":{"OBJECTID":2000}},{"type":"Feature","id":2001,"geometry":{"type":"Point","coordinates":[-79.400072788404842,43.644446982428221]},"properties":{"OBJECTID":2001}},{"type":"Feature","id":2002,"geometry":{"type":"Point","coordinates":[-79.399971089178891,43.645439483300038]},"properties":{"OBJECTID":2002}},{"type":"Feature","id":2003,"geometry":{"type":"Point","coordinates":[-79.400626987895379,43.638844881680299]},"properties":{"OBJECTID":2003}},{"type":"Feature","id":2004,"geometry":{"type":"Point","coordinates":[-79.398810488897112,43.656627785232821]},"properties":{"OBJECTID":2004}},{"type":"Feature","id":2005,"geometry":{"type":"Point","coordinates":[-79.399655989191828,43.648083083845343]},"properties":{"OBJECTID":2005}},{"type":"Feature","id":2006,"geometry":{"type":"Point","coordinates":[-79.399068588807509,43.653780984477592]},"properties":{"OBJECTID":2006}},{"type":"Feature","id":2007,"geometry":{"type":"Point","coordinates":[-79.399131489318506,43.652697884058156]},"properties":{"OBJECTID":2007}},{"type":"Feature","id":2008,"geometry":{"type":"Point","coordinates":[-79.398654988835133,43.657116884732424]},"properties":{"OBJECTID":2008}},{"type":"Feature","id":2009,"geometry":{"type":"Point","coordinates":[-79.399869788673257,43.645189282947072]},"properties":{"OBJECTID":2009}},{"type":"Feature","id":2010,"geometry":{"type":"Point","coordinates":[-79.399109789053625,43.652569984417624]},"properties":{"OBJECTID":2010}},{"type":"Feature","id":2011,"geometry":{"type":"Point","coordinates":[-79.398721989157195,43.656230285022033]},"properties":{"OBJECTID":2011}},{"type":"Feature","id":2012,"geometry":{"type":"Point","coordinates":[-79.399086288695401,43.65257478383807]},"properties":{"OBJECTID":2012}},{"type":"Feature","id":2013,"geometry":{"type":"Point","coordinates":[-79.398625888973186,43.657039485397156]},"properties":{"OBJECTID":2013}},{"type":"Feature","id":2014,"geometry":{"type":"Point","coordinates":[-79.398966789259376,43.653535884000604]},"properties":{"OBJECTID":2014}},{"type":"Feature","id":2015,"geometry":{"type":"Point","coordinates":[-79.399926489002354,43.644073582839283]},"properties":{"OBJECTID":2015}},{"type":"Feature","id":2016,"geometry":{"type":"Point","coordinates":[-79.399066889104787,43.652469884377275]},"properties":{"OBJECTID":2016}},{"type":"Feature","id":2017,"geometry":{"type":"Point","coordinates":[-79.396754690218557,43.675137988728679]},"properties":{"OBJECTID":2017}},{"type":"Feature","id":2018,"geometry":{"type":"Point","coordinates":[-79.399527189080345,43.647711683184333]},"properties":{"OBJECTID":2018}},{"type":"Feature","id":2019,"geometry":{"type":"Point","coordinates":[-79.396829289916525,43.673895588159695]},"properties":{"OBJECTID":2019}},{"type":"Feature","id":2020,"geometry":{"type":"Point","coordinates":[-79.39739228968115,43.668040386682499]},"properties":{"OBJECTID":2020}},{"type":"Feature","id":2021,"geometry":{"type":"Point","coordinates":[-79.398726988462599,43.654929385006405]},"properties":{"OBJECTID":2021}},{"type":"Feature","id":2022,"geometry":{"type":"Point","coordinates":[-79.399616788041968,43.645933083108183]},"properties":{"OBJECTID":2022}},{"type":"Feature","id":2023,"geometry":{"type":"Point","coordinates":[-79.399011988313788,43.651617284038814]},"properties":{"OBJECTID":2023}},{"type":"Feature","id":2024,"geometry":{"type":"Point","coordinates":[-79.398708089142062,43.654386884566811]},"properties":{"OBJECTID":2024}},{"type":"Feature","id":2025,"geometry":{"type":"Point","coordinates":[-79.398514589468547,43.656271384584976]},"properties":{"OBJECTID":2025}},{"type":"Feature","id":2026,"geometry":{"type":"Point","coordinates":[-79.399081288911844,43.650688683895929]},"properties":{"OBJECTID":2026}},{"type":"Feature","id":2027,"geometry":{"type":"Point","coordinates":[-79.39977448875085,43.64372938284518]},"properties":{"OBJECTID":2027}},{"type":"Feature","id":2028,"geometry":{"type":"Point","coordinates":[-79.400339188114231,43.638121581237904]},"properties":{"OBJECTID":2028}},{"type":"Feature","id":2029,"geometry":{"type":"Point","coordinates":[-79.396474989571928,43.675996288786479]},"properties":{"OBJECTID":2029}},{"type":"Feature","id":2030,"geometry":{"type":"Point","coordinates":[-79.396714490476356,43.673596488451651]},"properties":{"OBJECTID":2030}},{"type":"Feature","id":2031,"geometry":{"type":"Point","coordinates":[-79.399110489025531,43.650081783764605]},"properties":{"OBJECTID":2031}},{"type":"Feature","id":2032,"geometry":{"type":"Point","coordinates":[-79.399380888718213,43.647343383221965]},"properties":{"OBJECTID":2032}},{"type":"Feature","id":2033,"geometry":{"type":"Point","coordinates":[-79.398896989006175,43.652039784220214]},"properties":{"OBJECTID":2033}},{"type":"Feature","id":2034,"geometry":{"type":"Point","coordinates":[-79.396580390442026,43.674706188184139]},"properties":{"OBJECTID":2034}},{"type":"Feature","id":2035,"geometry":{"type":"Point","coordinates":[-79.398837288344538,43.652053384291989]},"properties":{"OBJECTID":2035}},{"type":"Feature","id":2036,"geometry":{"type":"Point","coordinates":[-79.399692187735866,43.643518882796741]},"properties":{"OBJECTID":2036}},{"type":"Feature","id":2037,"geometry":{"type":"Point","coordinates":[-79.398186588798737,43.658269784855726]},"properties":{"OBJECTID":2037}},{"type":"Feature","id":2038,"geometry":{"type":"Point","coordinates":[-79.400594988317323,43.6345087807845]},"properties":{"OBJECTID":2038}},{"type":"Feature","id":2039,"geometry":{"type":"Point","coordinates":[-79.398953488589441,43.650362684212489]},"properties":{"OBJECTID":2039}},{"type":"Feature","id":2040,"geometry":{"type":"Point","coordinates":[-79.398529588989263,43.654426184864597]},"properties":{"OBJECTID":2040}},{"type":"Feature","id":2041,"geometry":{"type":"Point","coordinates":[-79.398336689496546,43.656305684700719]},"properties":{"OBJECTID":2041}},{"type":"Feature","id":2042,"geometry":{"type":"Point","coordinates":[-79.396350090088461,43.675657188836112]},"properties":{"OBJECTID":2042}},{"type":"Feature","id":2043,"geometry":{"type":"Point","coordinates":[-79.396779589806698,43.67112118745294]},"properties":{"OBJECTID":2043}},{"type":"Feature","id":2044,"geometry":{"type":"Point","coordinates":[-79.398509889355267,43.653892484393602]},"properties":{"OBJECTID":2044}},{"type":"Feature","id":2045,"geometry":{"type":"Point","coordinates":[-79.398667488927842,43.652091984420757]},"properties":{"OBJECTID":2045}},{"type":"Feature","id":2046,"geometry":{"type":"Point","coordinates":[-79.398271988409149,43.655664985114228]},"properties":{"OBJECTID":2046}},{"type":"Feature","id":2047,"geometry":{"type":"Point","coordinates":[-79.399540887720192,43.643185882950348]},"properties":{"OBJECTID":2047}},{"type":"Feature","id":2048,"geometry":{"type":"Point","coordinates":[-79.397612488745878,43.662084986114593]},"properties":{"OBJECTID":2048}},{"type":"Feature","id":2049,"geometry":{"type":"Point","coordinates":[-79.396217890240521,43.675313088466581]},"properties":{"OBJECTID":2049}},{"type":"Feature","id":2050,"geometry":{"type":"Point","coordinates":[-79.396188390542278,43.675290288339539]},"properties":{"OBJECTID":2050}},{"type":"Feature","id":2051,"geometry":{"type":"Point","coordinates":[-79.399187088256213,43.645634283252448]},"properties":{"OBJECTID":2051}},{"type":"Feature","id":2052,"geometry":{"type":"Point","coordinates":[-79.396290490364052,43.674005587866084]},"properties":{"OBJECTID":2052}},{"type":"Feature","id":2053,"geometry":{"type":"Point","coordinates":[-79.4000201884364,43.637372681491193]},"properties":{"OBJECTID":2053}},{"type":"Feature","id":2054,"geometry":{"type":"Point","coordinates":[-79.398329689223161,43.653947784711313]},"properties":{"OBJECTID":2054}},{"type":"Feature","id":2055,"geometry":{"type":"Point","coordinates":[-79.396150290012059,43.675291187988371]},"properties":{"OBJECTID":2055}},{"type":"Feature","id":2056,"geometry":{"type":"Point","coordinates":[-79.400513288120351,43.632222481012576]},"properties":{"OBJECTID":2056}},{"type":"Feature","id":2057,"geometry":{"type":"Point","coordinates":[-79.395722089688036,43.678800488567688]},"properties":{"OBJECTID":2057}},{"type":"Feature","id":2058,"geometry":{"type":"Point","coordinates":[-79.398476588865321,43.651687983826854]},"properties":{"OBJECTID":2058}},{"type":"Feature","id":2059,"geometry":{"type":"Point","coordinates":[-79.395682090085046,43.678818288988708]},"properties":{"OBJECTID":2059}},{"type":"Feature","id":2060,"geometry":{"type":"Point","coordinates":[-79.398981287800595,43.646050282770901]},"properties":{"OBJECTID":2060}},{"type":"Feature","id":2061,"geometry":{"type":"Point","coordinates":[-79.398394289272161,43.651741884180936]},"properties":{"OBJECTID":2061}},{"type":"Feature","id":2062,"geometry":{"type":"Point","coordinates":[-79.39803938855438,43.655066984696312]},"properties":{"OBJECTID":2062}},{"type":"Feature","id":2063,"geometry":{"type":"Point","coordinates":[-79.397950088844979,43.655932384573362]},"properties":{"OBJECTID":2063}},{"type":"Feature","id":2064,"geometry":{"type":"Point","coordinates":[-79.399877688380471,43.636988381840887]},"properties":{"OBJECTID":2064}},{"type":"Feature","id":2065,"geometry":{"type":"Point","coordinates":[-79.396139089520773,43.673634287856657]},"properties":{"OBJECTID":2065}},{"type":"Feature","id":2066,"geometry":{"type":"Point","coordinates":[-79.395569890556303,43.678868188905625]},"properties":{"OBJECTID":2066}},{"type":"Feature","id":2067,"geometry":{"type":"Point","coordinates":[-79.397755989164779,43.657220785218236]},"properties":{"OBJECTID":2067}},{"type":"Feature","id":2068,"geometry":{"type":"Point","coordinates":[-79.398393988430584,43.650828784353237]},"properties":{"OBJECTID":2068}},{"type":"Feature","id":2069,"geometry":{"type":"Point","coordinates":[-79.399237787969625,43.642461282102175]},"properties":{"OBJECTID":2069}},{"type":"Feature","id":2070,"geometry":{"type":"Point","coordinates":[-79.395565590250158,43.678477188985617]},"properties":{"OBJECTID":2070}},{"type":"Feature","id":2071,"geometry":{"type":"Point","coordinates":[-79.3990445877089,43.644249082718069]},"properties":{"OBJECTID":2071}},{"type":"Feature","id":2072,"geometry":{"type":"Point","coordinates":[-79.398159088294008,43.652916784342253]},"properties":{"OBJECTID":2072}},{"type":"Feature","id":2073,"geometry":{"type":"Point","coordinates":[-79.397831088420133,43.655955185286487]},"properties":{"OBJECTID":2073}},{"type":"Feature","id":2074,"geometry":{"type":"Point","coordinates":[-79.398854888460775,43.645708782822219]},"properties":{"OBJECTID":2074}},{"type":"Feature","id":2075,"geometry":{"type":"Point","coordinates":[-79.395465790084842,43.678913888728793]},"properties":{"OBJECTID":2075}},{"type":"Feature","id":2076,"geometry":{"type":"Point","coordinates":[-79.398261188661422,43.651463083915509]},"properties":{"OBJECTID":2076}},{"type":"Feature","id":2077,"geometry":{"type":"Point","coordinates":[-79.396022590351166,43.673353587805394]},"properties":{"OBJECTID":2077}},{"type":"Feature","id":2078,"geometry":{"type":"Point","coordinates":[-79.398538387982825,43.648660383346424]},"properties":{"OBJECTID":2078}},{"type":"Feature","id":2079,"geometry":{"type":"Point","coordinates":[-79.396929689792856,43.66442988684782]},"properties":{"OBJECTID":2079}},{"type":"Feature","id":2080,"geometry":{"type":"Point","coordinates":[-79.398654088984131,43.647495283302362]},"properties":{"OBJECTID":2080}},{"type":"Feature","id":2081,"geometry":{"type":"Point","coordinates":[-79.399707887768713,43.636624381694688]},"properties":{"OBJECTID":2081}},{"type":"Feature","id":2082,"geometry":{"type":"Point","coordinates":[-79.395390590062149,43.678938589308537]},"properties":{"OBJECTID":2082}},{"type":"Feature","id":2083,"geometry":{"type":"Point","coordinates":[-79.397633089255237,43.656939384753223]},"properties":{"OBJECTID":2083}},{"type":"Feature","id":2084,"geometry":{"type":"Point","coordinates":[-79.398950687520454,43.643854483009214]},"properties":{"OBJECTID":2084}},{"type":"Feature","id":2085,"geometry":{"type":"Point","coordinates":[-79.397833189359517,43.654564084323731]},"properties":{"OBJECTID":2085}},{"type":"Feature","id":2086,"geometry":{"type":"Point","coordinates":[-79.398749188421291,43.645452783080366]},"properties":{"OBJECTID":2086}},{"type":"Feature","id":2087,"geometry":{"type":"Point","coordinates":[-79.39597828947764,43.672604887677259]},"properties":{"OBJECTID":2087}},{"type":"Feature","id":2088,"geometry":{"type":"Point","coordinates":[-79.399644388208586,43.636488381711459]},"properties":{"OBJECTID":2088}},{"type":"Feature","id":2089,"geometry":{"type":"Point","coordinates":[-79.396138689624124,43.670792187953381]},"properties":{"OBJECTID":2089}},{"type":"Feature","id":2090,"geometry":{"type":"Point","coordinates":[-79.395289890117354,43.678965489292381]},"properties":{"OBJECTID":2090}},{"type":"Feature","id":2091,"geometry":{"type":"Point","coordinates":[-79.398412388926886,43.648329283747543]},"properties":{"OBJECTID":2091}},{"type":"Feature","id":2092,"geometry":{"type":"Point","coordinates":[-79.397938688400586,43.652968084040772]},"properties":{"OBJECTID":2092}},{"type":"Feature","id":2093,"geometry":{"type":"Point","coordinates":[-79.399729088188451,43.634973081503972]},"properties":{"OBJECTID":2093}},{"type":"Feature","id":2094,"geometry":{"type":"Point","coordinates":[-79.398158188906663,43.650273383812333]},"properties":{"OBJECTID":2094}},{"type":"Feature","id":2095,"geometry":{"type":"Point","coordinates":[-79.399289587716538,43.639143581769424]},"properties":{"OBJECTID":2095}},{"type":"Feature","id":2096,"geometry":{"type":"Point","coordinates":[-79.399255487567871,43.639031081543656]},"properties":{"OBJECTID":2096}},{"type":"Feature","id":2097,"geometry":{"type":"Point","coordinates":[-79.397891088365682,43.652265384387604]},"properties":{"OBJECTID":2097}},{"type":"Feature","id":2098,"geometry":{"type":"Point","coordinates":[-79.397456988779993,43.656497685311891]},"properties":{"OBJECTID":2098}},{"type":"Feature","id":2099,"geometry":{"type":"Point","coordinates":[-79.398401488039923,43.646870483055075]},"properties":{"OBJECTID":2099}},{"type":"Feature","id":2100,"geometry":{"type":"Point","coordinates":[-79.398494287610049,43.645786383037311]},"properties":{"OBJECTID":2100}},{"type":"Feature","id":2101,"geometry":{"type":"Point","coordinates":[-79.397278788870508,43.657674485328229]},"properties":{"OBJECTID":2101}},{"type":"Feature","id":2102,"geometry":{"type":"Point","coordinates":[-79.397635188412224,43.654081784962592]},"properties":{"OBJECTID":2102}},{"type":"Feature","id":2103,"geometry":{"type":"Point","coordinates":[-79.39694988922929,43.660450586051297]},"properties":{"OBJECTID":2103}},{"type":"Feature","id":2104,"geometry":{"type":"Point","coordinates":[-79.398163288525794,43.648370783682736]},"properties":{"OBJECTID":2104}},{"type":"Feature","id":2105,"geometry":{"type":"Point","coordinates":[-79.398490988644269,43.64477318287296]},"properties":{"OBJECTID":2105}},{"type":"Feature","id":2106,"geometry":{"type":"Point","coordinates":[-79.398831287780695,43.641429182431622]},"properties":{"OBJECTID":2106}},{"type":"Feature","id":2107,"geometry":{"type":"Point","coordinates":[-79.394972089497386,43.679025889310367]},"properties":{"OBJECTID":2107}},{"type":"Feature","id":2108,"geometry":{"type":"Point","coordinates":[-79.397736088078759,43.651880284434775]},"properties":{"OBJECTID":2108}},{"type":"Feature","id":2109,"geometry":{"type":"Point","coordinates":[-79.397272388842438,43.656072285164001]},"properties":{"OBJECTID":2109}},{"type":"Feature","id":2110,"geometry":{"type":"Point","coordinates":[-79.397019488240232,43.658502785494136]},"properties":{"OBJECTID":2110}},{"type":"Feature","id":2111,"geometry":{"type":"Point","coordinates":[-79.396827088760929,43.660153685540998]},"properties":{"OBJECTID":2111}},{"type":"Feature","id":2112,"geometry":{"type":"Point","coordinates":[-79.399074987988271,43.637849682044049]},"properties":{"OBJECTID":2112}},{"type":"Feature","id":2113,"geometry":{"type":"Point","coordinates":[-79.39950628680981,43.633453081241093]},"properties":{"OBJECTID":2113}},{"type":"Feature","id":2114,"geometry":{"type":"Point","coordinates":[-79.398011488114392,43.648007983284536]},"properties":{"OBJECTID":2114}},{"type":"Feature","id":2115,"geometry":{"type":"Point","coordinates":[-79.397441088542948,43.653579784854543]},"properties":{"OBJECTID":2115}},{"type":"Feature","id":2116,"geometry":{"type":"Point","coordinates":[-79.398145588533836,43.646236583211682]},"properties":{"OBJECTID":2116}},{"type":"Feature","id":2117,"geometry":{"type":"Point","coordinates":[-79.397036888111245,43.657059385319457]},"properties":{"OBJECTID":2117}},{"type":"Feature","id":2118,"geometry":{"type":"Point","coordinates":[-79.397428188491716,43.653079183961921]},"properties":{"OBJECTID":2118}},{"type":"Feature","id":2119,"geometry":{"type":"Point","coordinates":[-79.39712958898626,43.655726785173108]},"properties":{"OBJECTID":2119}},{"type":"Feature","id":2120,"geometry":{"type":"Point","coordinates":[-79.399205886958157,43.635250981298661]},"properties":{"OBJECTID":2120}},{"type":"Feature","id":2121,"geometry":{"type":"Point","coordinates":[-79.397494587831673,43.651834084162516]},"properties":{"OBJECTID":2121}},{"type":"Feature","id":2122,"geometry":{"type":"Point","coordinates":[-79.397101988464172,43.655661085073071]},"properties":{"OBJECTID":2122}},{"type":"Feature","id":2123,"geometry":{"type":"Point","coordinates":[-79.395428588895825,43.671904587801286]},"properties":{"OBJECTID":2123}},{"type":"Feature","id":2124,"geometry":{"type":"Point","coordinates":[-79.398869687315383,43.638131781405058]},"properties":{"OBJECTID":2124}},{"type":"Feature","id":2125,"geometry":{"type":"Point","coordinates":[-79.397859887973084,43.647655283696523]},"properties":{"OBJECTID":2125}},{"type":"Feature","id":2126,"geometry":{"type":"Point","coordinates":[-79.398823287194602,43.637971181425151]},"properties":{"OBJECTID":2126}},{"type":"Feature","id":2127,"geometry":{"type":"Point","coordinates":[-79.398005787897517,43.645873182671245]},"properties":{"OBJECTID":2127}},{"type":"Feature","id":2128,"geometry":{"type":"Point","coordinates":[-79.398191587835385,43.6440402829965]},"properties":{"OBJECTID":2128}},{"type":"Feature","id":2129,"geometry":{"type":"Point","coordinates":[-79.397262888126548,43.653112284636592]},"properties":{"OBJECTID":2129}},{"type":"Feature","id":2130,"geometry":{"type":"Point","coordinates":[-79.397298089057571,43.65274898396526]},"properties":{"OBJECTID":2130}},{"type":"Feature","id":2131,"geometry":{"type":"Point","coordinates":[-79.39727758834637,43.652727884720477]},"properties":{"OBJECTID":2131}},{"type":"Feature","id":2132,"geometry":{"type":"Point","coordinates":[-79.394583190085129,43.679109088668156]},"properties":{"OBJECTID":2132}},{"type":"Feature","id":2133,"geometry":{"type":"Point","coordinates":[-79.398224687426065,43.643279182204012]},"properties":{"OBJECTID":2133}},{"type":"Feature","id":2134,"geometry":{"type":"Point","coordinates":[-79.397252788199765,43.652715484590537]},"properties":{"OBJECTID":2134}},{"type":"Feature","id":2135,"geometry":{"type":"Point","coordinates":[-79.397602787999787,43.648970183361392]},"properties":{"OBJECTID":2135}},{"type":"Feature","id":2136,"geometry":{"type":"Point","coordinates":[-79.396953888762269,43.655292684809844]},"properties":{"OBJECTID":2136}},{"type":"Feature","id":2137,"geometry":{"type":"Point","coordinates":[-79.394717089257412,43.676665488494855]},"properties":{"OBJECTID":2137}},{"type":"Feature","id":2138,"geometry":{"type":"Point","coordinates":[-79.397334088294684,43.650867583974978]},"properties":{"OBJECTID":2138}},{"type":"Feature","id":2139,"geometry":{"type":"Point","coordinates":[-79.396199489063903,43.661787385976758]},"properties":{"OBJECTID":2139}},{"type":"Feature","id":2140,"geometry":{"type":"Point","coordinates":[-79.394828589073029,43.675088788735323]},"properties":{"OBJECTID":2140}},{"type":"Feature","id":2141,"geometry":{"type":"Point","coordinates":[-79.398364287650836,43.640304782046009]},"properties":{"OBJECTID":2141}},{"type":"Feature","id":2142,"geometry":{"type":"Point","coordinates":[-79.39448938970348,43.678284089060583]},"properties":{"OBJECTID":2142}},{"type":"Feature","id":2143,"geometry":{"type":"Point","coordinates":[-79.397402387539685,43.648540183178483]},"properties":{"OBJECTID":2143}},{"type":"Feature","id":2144,"geometry":{"type":"Point","coordinates":[-79.395099989033866,43.671015587382023]},"properties":{"OBJECTID":2144}},{"type":"Feature","id":2145,"geometry":{"type":"Point","coordinates":[-79.39675078833092,43.654802584951454]},"properties":{"OBJECTID":2145}},{"type":"Feature","id":2146,"geometry":{"type":"Point","coordinates":[-79.397122387806533,43.650908983741033]},"properties":{"OBJECTID":2146}},{"type":"Feature","id":2147,"geometry":{"type":"Point","coordinates":[-79.39646618909174,43.657176585103656]},"properties":{"OBJECTID":2147}},{"type":"Feature","id":2148,"geometry":{"type":"Point","coordinates":[-79.395697789301366,43.664683286804902]},"properties":{"OBJECTID":2148}},{"type":"Feature","id":2149,"geometry":{"type":"Point","coordinates":[-79.394321289742606,43.677869088447984]},"properties":{"OBJECTID":2149}},{"type":"Feature","id":2150,"geometry":{"type":"Point","coordinates":[-79.396955888707438,43.65195308443451]},"properties":{"OBJECTID":2150}},{"type":"Feature","id":2151,"geometry":{"type":"Point","coordinates":[-79.396847388425954,43.652788784751166]},"properties":{"OBJECTID":2151}},{"type":"Feature","id":2152,"geometry":{"type":"Point","coordinates":[-79.397634187834896,43.644950883250651]},"properties":{"OBJECTID":2152}},{"type":"Feature","id":2153,"geometry":{"type":"Point","coordinates":[-79.39899438665546,43.631276680591149]},"properties":{"OBJECTID":2153}},{"type":"Feature","id":2154,"geometry":{"type":"Point","coordinates":[-79.397478887580704,43.645898483119787]},"properties":{"OBJECTID":2154}},{"type":"Feature","id":2155,"geometry":{"type":"Point","coordinates":[-79.396405287848594,43.656242484590358]},"properties":{"OBJECTID":2155}},{"type":"Feature","id":2156,"geometry":{"type":"Point","coordinates":[-79.395781089328409,43.662277286222924]},"properties":{"OBJECTID":2156}},{"type":"Feature","id":2157,"geometry":{"type":"Point","coordinates":[-79.396816887991747,43.651995884166503]},"properties":{"OBJECTID":2157}},{"type":"Feature","id":2158,"geometry":{"type":"Point","coordinates":[-79.396548088743714,43.654326684540941]},"properties":{"OBJECTID":2158}},{"type":"Feature","id":2159,"geometry":{"type":"Point","coordinates":[-79.396298588951765,43.656731185358844]},"properties":{"OBJECTID":2159}},{"type":"Feature","id":2160,"geometry":{"type":"Point","coordinates":[-79.394352389661151,43.675667188308275]},"properties":{"OBJECTID":2160}},{"type":"Feature","id":2161,"geometry":{"type":"Point","coordinates":[-79.396715087736808,43.65244418385295]},"properties":{"OBJECTID":2161}},{"type":"Feature","id":2162,"geometry":{"type":"Point","coordinates":[-79.398023487765741,43.639474081936996]},"properties":{"OBJECTID":2162}},{"type":"Feature","id":2163,"geometry":{"type":"Point","coordinates":[-79.394128689659738,43.677387689160085]},"properties":{"OBJECTID":2163}},{"type":"Feature","id":2164,"geometry":{"type":"Point","coordinates":[-79.39430858946524,43.675559588498047]},"properties":{"OBJECTID":2164}},{"type":"Feature","id":2165,"geometry":{"type":"Point","coordinates":[-79.394828789383197,43.670378087778296]},"properties":{"OBJECTID":2165}},{"type":"Feature","id":2166,"geometry":{"type":"Point","coordinates":[-79.397977687065406,43.6393587817496]},"properties":{"OBJECTID":2166}},{"type":"Feature","id":2167,"geometry":{"type":"Point","coordinates":[-79.398336287610874,43.635707180962683]},"properties":{"OBJECTID":2167}},{"type":"Feature","id":2168,"geometry":{"type":"Point","coordinates":[-79.396255188660547,43.656084184817097]},"properties":{"OBJECTID":2168}},{"type":"Feature","id":2169,"geometry":{"type":"Point","coordinates":[-79.394380588994792,43.67398778836116]},"properties":{"OBJECTID":2169}},{"type":"Feature","id":2170,"geometry":{"type":"Point","coordinates":[-79.396223388236777,43.655907084814501]},"properties":{"OBJECTID":2170}},{"type":"Feature","id":2171,"geometry":{"type":"Point","coordinates":[-79.39604158825054,43.657600885205284]},"properties":{"OBJECTID":2171}},{"type":"Feature","id":2172,"geometry":{"type":"Point","coordinates":[-79.39680168778554,43.650085083897778]},"properties":{"OBJECTID":2172}},{"type":"Feature","id":2173,"geometry":{"type":"Point","coordinates":[-79.396626987891267,43.651540584148115]},"properties":{"OBJECTID":2173}},{"type":"Feature","id":2174,"geometry":{"type":"Point","coordinates":[-79.396487588466272,43.652864883995051]},"properties":{"OBJECTID":2174}},{"type":"Feature","id":2175,"geometry":{"type":"Point","coordinates":[-79.398228386901536,43.635767981045092]},"properties":{"OBJECTID":2175}},{"type":"Feature","id":2176,"geometry":{"type":"Point","coordinates":[-79.396566188742398,43.65207198409324]},"properties":{"OBJECTID":2176}},{"type":"Feature","id":2177,"geometry":{"type":"Point","coordinates":[-79.39645998845117,43.652862084537652]},"properties":{"OBJECTID":2177}},{"type":"Feature","id":2178,"geometry":{"type":"Point","coordinates":[-79.397582287314364,43.641771782692786]},"properties":{"OBJECTID":2178}},{"type":"Feature","id":2179,"geometry":{"type":"Point","coordinates":[-79.395846188346979,43.658727385512542]},"properties":{"OBJECTID":2179}},{"type":"Feature","id":2180,"geometry":{"type":"Point","coordinates":[-79.396440988601185,43.65284868441595]},"properties":{"OBJECTID":2180}},{"type":"Feature","id":2181,"geometry":{"type":"Point","coordinates":[-79.396340588636278,43.653828884988869]},"properties":{"OBJECTID":2181}},{"type":"Feature","id":2182,"geometry":{"type":"Point","coordinates":[-79.396434288705237,43.652832584056128]},"properties":{"OBJECTID":2182}},{"type":"Feature","id":2183,"geometry":{"type":"Point","coordinates":[-79.395310088580544,43.663717886526797]},"properties":{"OBJECTID":2183}},{"type":"Feature","id":2184,"geometry":{"type":"Point","coordinates":[-79.398000187457441,43.637070781704814]},"properties":{"OBJECTID":2184}},{"type":"Feature","id":2185,"geometry":{"type":"Point","coordinates":[-79.394625289224678,43.669930487683843]},"properties":{"OBJECTID":2185}},{"type":"Feature","id":2186,"geometry":{"type":"Point","coordinates":[-79.396358587934785,43.652517084126607]},"properties":{"OBJECTID":2186}},{"type":"Feature","id":2187,"geometry":{"type":"Point","coordinates":[-79.396341988555662,43.652522284503569]},"properties":{"OBJECTID":2187}},{"type":"Feature","id":2188,"geometry":{"type":"Point","coordinates":[-79.396333487731951,43.652584284733926]},"properties":{"OBJECTID":2188}},{"type":"Feature","id":2189,"geometry":{"type":"Point","coordinates":[-79.396332487642567,43.652529884645531]},"properties":{"OBJECTID":2189}},{"type":"Feature","id":2190,"geometry":{"type":"Point","coordinates":[-79.396326687946853,43.652562284743077]},"properties":{"OBJECTID":2190}},{"type":"Feature","id":2191,"geometry":{"type":"Point","coordinates":[-79.396326688551582,43.652546984404133]},"properties":{"OBJECTID":2191}},{"type":"Feature","id":2192,"geometry":{"type":"Point","coordinates":[-79.39393948956652,43.675631888672022]},"properties":{"OBJECTID":2192}},{"type":"Feature","id":2193,"geometry":{"type":"Point","coordinates":[-79.396430887443131,43.651074484504939]},"properties":{"OBJECTID":2193}},{"type":"Feature","id":2194,"geometry":{"type":"Point","coordinates":[-79.393920289744329,43.675631988865085]},"properties":{"OBJECTID":2194}},{"type":"Feature","id":2195,"geometry":{"type":"Point","coordinates":[-79.395834488183979,43.65682788508537]},"properties":{"OBJECTID":2195}},{"type":"Feature","id":2196,"geometry":{"type":"Point","coordinates":[-79.393907988984424,43.67562378811526]},"properties":{"OBJECTID":2196}},{"type":"Feature","id":2197,"geometry":{"type":"Point","coordinates":[-79.393895489903912,43.675603788684718]},"properties":{"OBJECTID":2197}},{"type":"Feature","id":2198,"geometry":{"type":"Point","coordinates":[-79.394497489100544,43.669604487443259]},"properties":{"OBJECTID":2198}},{"type":"Feature","id":2199,"geometry":{"type":"Point","coordinates":[-79.396543887752202,43.649445183430238]},"properties":{"OBJECTID":2199}},{"type":"Feature","id":2200,"geometry":{"type":"Point","coordinates":[-79.396143588383296,43.653342584433609]},"properties":{"OBJECTID":2200}},{"type":"Feature","id":2201,"geometry":{"type":"Point","coordinates":[-79.397936486743959,43.635226581011885]},"properties":{"OBJECTID":2201}},{"type":"Feature","id":2202,"geometry":{"type":"Point","coordinates":[-79.394054089391886,43.673208887907002]},"properties":{"OBJECTID":2202}},{"type":"Feature","id":2203,"geometry":{"type":"Point","coordinates":[-79.396346488291243,43.650551084350028]},"properties":{"OBJECTID":2203}},{"type":"Feature","id":2204,"geometry":{"type":"Point","coordinates":[-79.393735689058929,43.676115588519409]},"properties":{"OBJECTID":2204}},{"type":"Feature","id":2205,"geometry":{"type":"Point","coordinates":[-79.396499388128476,43.648739383656022]},"properties":{"OBJECTID":2205}},{"type":"Feature","id":2206,"geometry":{"type":"Point","coordinates":[-79.395989187855648,43.653695384283132]},"properties":{"OBJECTID":2206}},{"type":"Feature","id":2207,"geometry":{"type":"Point","coordinates":[-79.39376908886716,43.67530378853251]},"properties":{"OBJECTID":2207}},{"type":"Feature","id":2208,"geometry":{"type":"Point","coordinates":[-79.39378428915191,43.675145188400975]},"properties":{"OBJECTID":2208}},{"type":"Feature","id":2209,"geometry":{"type":"Point","coordinates":[-79.393776488833453,43.675198388033351]},"properties":{"OBJECTID":2209}},{"type":"Feature","id":2210,"geometry":{"type":"Point","coordinates":[-79.39376428975352,43.67528158883119]},"properties":{"OBJECTID":2210}},{"type":"Feature","id":2211,"geometry":{"type":"Point","coordinates":[-79.397523287466157,43.638167681540722]},"properties":{"OBJECTID":2211}},{"type":"Feature","id":2212,"geometry":{"type":"Point","coordinates":[-79.395909687690875,43.653929084902508]},"properties":{"OBJECTID":2212}},{"type":"Feature","id":2213,"geometry":{"type":"Point","coordinates":[-79.396199487481724,43.650660184412907]},"properties":{"OBJECTID":2213}},{"type":"Feature","id":2214,"geometry":{"type":"Point","coordinates":[-79.396199488029069,43.650642084366773]},"properties":{"OBJECTID":2214}},{"type":"Feature","id":2215,"geometry":{"type":"Point","coordinates":[-79.396199487341676,43.650623984254715]},"properties":{"OBJECTID":2215}},{"type":"Feature","id":2216,"geometry":{"type":"Point","coordinates":[-79.396191288289032,43.650675183744326]},"properties":{"OBJECTID":2216}},{"type":"Feature","id":2217,"geometry":{"type":"Point","coordinates":[-79.394974588448932,43.662462986082708]},"properties":{"OBJECTID":2217}},{"type":"Feature","id":2218,"geometry":{"type":"Point","coordinates":[-79.393677888648682,43.675123788650254]},"properties":{"OBJECTID":2218}},{"type":"Feature","id":2219,"geometry":{"type":"Point","coordinates":[-79.396163287266631,43.650686483907521]},"properties":{"OBJECTID":2219}},{"type":"Feature","id":2220,"geometry":{"type":"Point","coordinates":[-79.393648288822916,43.675195288287107]},"properties":{"OBJECTID":2220}},{"type":"Feature","id":2221,"geometry":{"type":"Point","coordinates":[-79.393628389321094,43.675224788846478]},"properties":{"OBJECTID":2221}},{"type":"Feature","id":2222,"geometry":{"type":"Point","coordinates":[-79.395285988685885,43.658827785159993]},"properties":{"OBJECTID":2222}},{"type":"Feature","id":2223,"geometry":{"type":"Point","coordinates":[-79.393590189469734,43.675250188533056]},"properties":{"OBJECTID":2223}},{"type":"Feature","id":2224,"geometry":{"type":"Point","coordinates":[-79.396329087849452,43.648337383681429]},"properties":{"OBJECTID":2224}},{"type":"Feature","id":2225,"geometry":{"type":"Point","coordinates":[-79.396266187667976,43.648777783975447]},"properties":{"OBJECTID":2225}},{"type":"Feature","id":2226,"geometry":{"type":"Point","coordinates":[-79.395866587821558,43.652674383992391]},"properties":{"OBJECTID":2226}},{"type":"Feature","id":2227,"geometry":{"type":"Point","coordinates":[-79.393655289238012,43.674302988680196]},"properties":{"OBJECTID":2227}},{"type":"Feature","id":2228,"geometry":{"type":"Point","coordinates":[-79.396038787912133,43.650250683916553]},"properties":{"OBJECTID":2228}},{"type":"Feature","id":2229,"geometry":{"type":"Point","coordinates":[-79.397705086540398,43.633856580918469]},"properties":{"OBJECTID":2229}},{"type":"Feature","id":2230,"geometry":{"type":"Point","coordinates":[-79.393628289309845,43.673824087819447]},"properties":{"OBJECTID":2230}},{"type":"Feature","id":2231,"geometry":{"type":"Point","coordinates":[-79.394136389066674,43.668726086932594]},"properties":{"OBJECTID":2231}},{"type":"Feature","id":2232,"geometry":{"type":"Point","coordinates":[-79.39302208883953,43.679442888994068]},"properties":{"OBJECTID":2232}},{"type":"Feature","id":2233,"geometry":{"type":"Point","coordinates":[-79.394887888291251,43.661092286135251]},"properties":{"OBJECTID":2233}},{"type":"Feature","id":2234,"geometry":{"type":"Point","coordinates":[-79.395493687902572,43.655084284802065]},"properties":{"OBJECTID":2234}},{"type":"Feature","id":2235,"geometry":{"type":"Point","coordinates":[-79.395973187839388,43.650265283882995]},"properties":{"OBJECTID":2235}},{"type":"Feature","id":2236,"geometry":{"type":"Point","coordinates":[-79.394686788612091,43.662534385903641]},"properties":{"OBJECTID":2236}},{"type":"Feature","id":2237,"geometry":{"type":"Point","coordinates":[-79.39721708683453,43.637464881471018]},"properties":{"OBJECTID":2237}},{"type":"Feature","id":2238,"geometry":{"type":"Point","coordinates":[-79.395703687438768,43.652261984696032]},"properties":{"OBJECTID":2238}},{"type":"Feature","id":2239,"geometry":{"type":"Point","coordinates":[-79.395898088064257,43.650281484231584]},"properties":{"OBJECTID":2239}},{"type":"Feature","id":2240,"geometry":{"type":"Point","coordinates":[-79.396094387792601,43.648348183302261]},"properties":{"OBJECTID":2240}},{"type":"Feature","id":2241,"geometry":{"type":"Point","coordinates":[-79.396128087770521,43.647860183962905]},"properties":{"OBJECTID":2241}},{"type":"Feature","id":2242,"geometry":{"type":"Point","coordinates":[-79.395554387893611,43.653465384987626]},"properties":{"OBJECTID":2242}},{"type":"Feature","id":2243,"geometry":{"type":"Point","coordinates":[-79.394631988750831,43.662362386155209]},"properties":{"OBJECTID":2243}},{"type":"Feature","id":2244,"geometry":{"type":"Point","coordinates":[-79.394585287977137,43.662563886513915]},"properties":{"OBJECTID":2244}},{"type":"Feature","id":2245,"geometry":{"type":"Point","coordinates":[-79.39337118877323,43.674453888063745]},"properties":{"OBJECTID":2245}},{"type":"Feature","id":2246,"geometry":{"type":"Point","coordinates":[-79.394763887854523,43.660775786111259]},"properties":{"OBJECTID":2246}},{"type":"Feature","id":2247,"geometry":{"type":"Point","coordinates":[-79.395129487697048,43.656978485255287]},"properties":{"OBJECTID":2247}},{"type":"Feature","id":2248,"geometry":{"type":"Point","coordinates":[-79.397130187492053,43.637326581501426]},"properties":{"OBJECTID":2248}},{"type":"Feature","id":2249,"geometry":{"type":"Point","coordinates":[-79.396151387563791,43.646622883289773]},"properties":{"OBJECTID":2249}},{"type":"Feature","id":2250,"geometry":{"type":"Point","coordinates":[-79.394219988045947,43.665012286214292]},"properties":{"OBJECTID":2250}},{"type":"Feature","id":2251,"geometry":{"type":"Point","coordinates":[-79.397313086938325,43.634287180962382]},"properties":{"OBJECTID":2251}},{"type":"Feature","id":2252,"geometry":{"type":"Point","coordinates":[-79.395495388235332,43.651778784357695]},"properties":{"OBJECTID":2252}},{"type":"Feature","id":2253,"geometry":{"type":"Point","coordinates":[-79.395890288013064,43.647857183690007]},"properties":{"OBJECTID":2253}},{"type":"Feature","id":2254,"geometry":{"type":"Point","coordinates":[-79.39537548743219,43.652780984787626]},"properties":{"OBJECTID":2254}},{"type":"Feature","id":2255,"geometry":{"type":"Point","coordinates":[-79.395917887787931,43.647378383576758]},"properties":{"OBJECTID":2255}},{"type":"Feature","id":2256,"geometry":{"type":"Point","coordinates":[-79.395351188191682,43.652801284215101]},"properties":{"OBJECTID":2256}},{"type":"Feature","id":2257,"geometry":{"type":"Point","coordinates":[-79.395337987654059,43.652914184551832]},"properties":{"OBJECTID":2257}},{"type":"Feature","id":2258,"geometry":{"type":"Point","coordinates":[-79.396016387877808,43.646251883479472]},"properties":{"OBJECTID":2258}},{"type":"Feature","id":2259,"geometry":{"type":"Point","coordinates":[-79.395330687455825,43.652890484564146]},"properties":{"OBJECTID":2259}},{"type":"Feature","id":2260,"geometry":{"type":"Point","coordinates":[-79.395333587862254,43.652826684228828]},"properties":{"OBJECTID":2260}},{"type":"Feature","id":2261,"geometry":{"type":"Point","coordinates":[-79.39544498831475,43.651672184107639]},"properties":{"OBJECTID":2261}},{"type":"Feature","id":2262,"geometry":{"type":"Point","coordinates":[-79.395324087245257,43.652850484299933]},"properties":{"OBJECTID":2262}},{"type":"Feature","id":2263,"geometry":{"type":"Point","coordinates":[-79.394559788021738,43.660258986052682]},"properties":{"OBJECTID":2263}},{"type":"Feature","id":2264,"geometry":{"type":"Point","coordinates":[-79.394683088034569,43.658952585251939]},"properties":{"OBJECTID":2264}},{"type":"Feature","id":2265,"geometry":{"type":"Point","coordinates":[-79.393098588932389,43.674246288596812]},"properties":{"OBJECTID":2265}},{"type":"Feature","id":2266,"geometry":{"type":"Point","coordinates":[-79.393366389224823,43.67155148765606]},"properties":{"OBJECTID":2266}},{"type":"Feature","id":2267,"geometry":{"type":"Point","coordinates":[-79.393912088537377,43.665026686734514]},"properties":{"OBJECTID":2267}},{"type":"Feature","id":2268,"geometry":{"type":"Point","coordinates":[-79.395301187969977,43.651305783848073]},"properties":{"OBJECTID":2268}},{"type":"Feature","id":2269,"geometry":{"type":"Point","coordinates":[-79.39290988902988,43.6747143881733]},"properties":{"OBJECTID":2269}},{"type":"Feature","id":2270,"geometry":{"type":"Point","coordinates":[-79.396761586582883,43.636736081229706]},"properties":{"OBJECTID":2270}},{"type":"Feature","id":2271,"geometry":{"type":"Point","coordinates":[-79.394494888420127,43.658477985699527]},"properties":{"OBJECTID":2271}},{"type":"Feature","id":2272,"geometry":{"type":"Point","coordinates":[-79.395675487518801,43.646733983664319]},"properties":{"OBJECTID":2272}},{"type":"Feature","id":2273,"geometry":{"type":"Point","coordinates":[-79.396690386720252,43.636618081183315]},"properties":{"OBJECTID":2273}},{"type":"Feature","id":2274,"geometry":{"type":"Point","coordinates":[-79.393538588035369,43.667262686606399]},"properties":{"OBJECTID":2274}},{"type":"Feature","id":2275,"geometry":{"type":"Point","coordinates":[-79.394559487784676,43.657098685205881]},"properties":{"OBJECTID":2275}},{"type":"Feature","id":2276,"geometry":{"type":"Point","coordinates":[-79.395138487089483,43.650907883830371]},"properties":{"OBJECTID":2276}},{"type":"Feature","id":2277,"geometry":{"type":"Point","coordinates":[-79.394632687425144,43.655773585373218]},"properties":{"OBJECTID":2277}},{"type":"Feature","id":2278,"geometry":{"type":"Point","coordinates":[-79.392162588901797,43.679963088994278]},"properties":{"OBJECTID":2278}},{"type":"Feature","id":2279,"geometry":{"type":"Point","coordinates":[-79.395038987806203,43.651759284669652]},"properties":{"OBJECTID":2279}},{"type":"Feature","id":2280,"geometry":{"type":"Point","coordinates":[-79.393738688829131,43.664493386460983]},"properties":{"OBJECTID":2280}},{"type":"Feature","id":2281,"geometry":{"type":"Point","coordinates":[-79.392579389206816,43.675462188549687]},"properties":{"OBJECTID":2281}},{"type":"Feature","id":2282,"geometry":{"type":"Point","coordinates":[-79.393044388728185,43.670762087412569]},"properties":{"OBJECTID":2282}},{"type":"Feature","id":2283,"geometry":{"type":"Point","coordinates":[-79.394256188465846,43.65863438520644]},"properties":{"OBJECTID":2283}},{"type":"Feature","id":2284,"geometry":{"type":"Point","coordinates":[-79.395453287189966,43.646766083647925]},"properties":{"OBJECTID":2284}},{"type":"Feature","id":2285,"geometry":{"type":"Point","coordinates":[-79.392517989062355,43.675462188465993]},"properties":{"OBJECTID":2285}},{"type":"Feature","id":2286,"geometry":{"type":"Point","coordinates":[-79.395272687969012,43.64845008390796]},"properties":{"OBJECTID":2286}},{"type":"Feature","id":2287,"geometry":{"type":"Point","coordinates":[-79.392890088382586,43.671650587756538]},"properties":{"OBJECTID":2287}},{"type":"Feature","id":2288,"geometry":{"type":"Point","coordinates":[-79.396008986996677,43.640906482237462]},"properties":{"OBJECTID":2288}},{"type":"Feature","id":2289,"geometry":{"type":"Point","coordinates":[-79.393466788720417,43.66578648685261]},"properties":{"OBJECTID":2289}},{"type":"Feature","id":2290,"geometry":{"type":"Point","coordinates":[-79.392453789109183,43.675466488186778]},"properties":{"OBJECTID":2290}},{"type":"Feature","id":2291,"geometry":{"type":"Point","coordinates":[-79.39496598797767,43.650465984193033]},"properties":{"OBJECTID":2291}},{"type":"Feature","id":2292,"geometry":{"type":"Point","coordinates":[-79.394069187750119,43.659086585373252]},"properties":{"OBJECTID":2292}},{"type":"Feature","id":2293,"geometry":{"type":"Point","coordinates":[-79.392392389251185,43.675475088613489]},"properties":{"OBJECTID":2293}},{"type":"Feature","id":2294,"geometry":{"type":"Point","coordinates":[-79.392333788762301,43.675483688977629]},"properties":{"OBJECTID":2294}},{"type":"Feature","id":2295,"geometry":{"type":"Point","coordinates":[-79.396144886218977,43.638089981448644]},"properties":{"OBJECTID":2295}},{"type":"Feature","id":2296,"geometry":{"type":"Point","coordinates":[-79.394536787505658,43.653674484348358]},"properties":{"OBJECTID":2296}},{"type":"Feature","id":2297,"geometry":{"type":"Point","coordinates":[-79.39180868916668,43.680071789844632]},"properties":{"OBJECTID":2297}},{"type":"Feature","id":2298,"geometry":{"type":"Point","coordinates":[-79.393196887939453,43.666433986633542]},"properties":{"OBJECTID":2298}},{"type":"Feature","id":2299,"geometry":{"type":"Point","coordinates":[-79.392709088465637,43.671176487806044]},"properties":{"OBJECTID":2299}},{"type":"Feature","id":2300,"geometry":{"type":"Point","coordinates":[-79.39524408725066,43.646240983342061]},"properties":{"OBJECTID":2300}},{"type":"Feature","id":2301,"geometry":{"type":"Point","coordinates":[-79.393467987773846,43.663038286076578]},"properties":{"OBJECTID":2301}},{"type":"Feature","id":2302,"geometry":{"type":"Point","coordinates":[-79.393911588211665,43.658606785215682]},"properties":{"OBJECTID":2302}},{"type":"Feature","id":2303,"geometry":{"type":"Point","coordinates":[-79.394237188059634,43.65481698447978]},"properties":{"OBJECTID":2303}},{"type":"Feature","id":2304,"geometry":{"type":"Point","coordinates":[-79.393984387356767,43.657216985426437]},"properties":{"OBJECTID":2304}},{"type":"Feature","id":2305,"geometry":{"type":"Point","coordinates":[-79.395119987572983,43.645972983622919]},"properties":{"OBJECTID":2305}},{"type":"Feature","id":2306,"geometry":{"type":"Point","coordinates":[-79.391669888529918,43.679713089334093]},"properties":{"OBJECTID":2306}},{"type":"Feature","id":2307,"geometry":{"type":"Point","coordinates":[-79.395153786478602,43.645454283404398]},"properties":{"OBJECTID":2307}},{"type":"Feature","id":2308,"geometry":{"type":"Point","coordinates":[-79.391577889464756,43.680419589872315]},"properties":{"OBJECTID":2308}},{"type":"Feature","id":2309,"geometry":{"type":"Point","coordinates":[-79.394042387570934,43.655897885131168]},"properties":{"OBJECTID":2309}},{"type":"Feature","id":2310,"geometry":{"type":"Point","coordinates":[-79.395215586667831,43.644346883188568]},"properties":{"OBJECTID":2310}},{"type":"Feature","id":2311,"geometry":{"type":"Point","coordinates":[-79.395646386383035,43.640026882355208]},"properties":{"OBJECTID":2311}},{"type":"Feature","id":2312,"geometry":{"type":"Point","coordinates":[-79.394305186874249,43.653117384449828]},"properties":{"OBJECTID":2312}},{"type":"Feature","id":2313,"geometry":{"type":"Point","coordinates":[-79.393775487233782,43.658289885397188]},"properties":{"OBJECTID":2313}},{"type":"Feature","id":2314,"geometry":{"type":"Point","coordinates":[-79.394749987375818,43.648602583937638]},"properties":{"OBJECTID":2314}},{"type":"Feature","id":2315,"geometry":{"type":"Point","coordinates":[-79.396382486518391,43.632564480479097]},"properties":{"OBJECTID":2315}},{"type":"Feature","id":2316,"geometry":{"type":"Point","coordinates":[-79.39561208712513,43.639896982004537]},"properties":{"OBJECTID":2316}},{"type":"Feature","id":2317,"geometry":{"type":"Point","coordinates":[-79.391463589212194,43.680114789000434]},"properties":{"OBJECTID":2317}},{"type":"Feature","id":2318,"geometry":{"type":"Point","coordinates":[-79.395742186421714,43.637807982061673]},"properties":{"OBJECTID":2318}},{"type":"Feature","id":2319,"geometry":{"type":"Point","coordinates":[-79.393419787995342,43.660477086102524]},"properties":{"OBJECTID":2319}},{"type":"Feature","id":2320,"geometry":{"type":"Point","coordinates":[-79.39403128757931,43.654324984396695]},"properties":{"OBJECTID":2320}},{"type":"Feature","id":2321,"geometry":{"type":"Point","coordinates":[-79.394925587365535,43.645502983065349]},"properties":{"OBJECTID":2321}},{"type":"Feature","id":2322,"geometry":{"type":"Point","coordinates":[-79.391695788900208,43.676975288617413]},"properties":{"OBJECTID":2322}},{"type":"Feature","id":2323,"geometry":{"type":"Point","coordinates":[-79.396230385726327,43.632399780501885]},"properties":{"OBJECTID":2323}},{"type":"Feature","id":2324,"geometry":{"type":"Point","coordinates":[-79.391959788961003,43.674181688183154]},"properties":{"OBJECTID":2324}},{"type":"Feature","id":2325,"geometry":{"type":"Point","coordinates":[-79.395039686559983,43.643925282476069]},"properties":{"OBJECTID":2325}},{"type":"Feature","id":2326,"geometry":{"type":"Point","coordinates":[-79.393472687795452,43.659199685506501]},"properties":{"OBJECTID":2326}},{"type":"Feature","id":2327,"geometry":{"type":"Point","coordinates":[-79.393854587458151,43.655452584738512]},"properties":{"OBJECTID":2327}},{"type":"Feature","id":2328,"geometry":{"type":"Point","coordinates":[-79.39424408719303,43.651520784693197]},"properties":{"OBJECTID":2328}},{"type":"Feature","id":2329,"geometry":{"type":"Point","coordinates":[-79.391749088425215,43.675884888649165]},"properties":{"OBJECTID":2329}},{"type":"Feature","id":2330,"geometry":{"type":"Point","coordinates":[-79.391338689347563,43.679781589781648]},"properties":{"OBJECTID":2330}},{"type":"Feature","id":2331,"geometry":{"type":"Point","coordinates":[-79.391761689039512,43.675605489007545]},"properties":{"OBJECTID":2331}},{"type":"Feature","id":2332,"geometry":{"type":"Point","coordinates":[-79.396170986054869,43.632342780917128]},"properties":{"OBJECTID":2332}},{"type":"Feature","id":2333,"geometry":{"type":"Point","coordinates":[-79.394097587532258,43.652611084298741]},"properties":{"OBJECTID":2333}},{"type":"Feature","id":2334,"geometry":{"type":"Point","coordinates":[-79.39367038734305,43.656409885429113]},"properties":{"OBJECTID":2334}},{"type":"Feature","id":2335,"geometry":{"type":"Point","coordinates":[-79.391689889074641,43.675600688887165]},"properties":{"OBJECTID":2335}},{"type":"Feature","id":2336,"geometry":{"type":"Point","coordinates":[-79.394764287150991,43.645117582917059]},"properties":{"OBJECTID":2336}},{"type":"Feature","id":2337,"geometry":{"type":"Point","coordinates":[-79.393484587195303,43.657634785646778]},"properties":{"OBJECTID":2337}},{"type":"Feature","id":2338,"geometry":{"type":"Point","coordinates":[-79.391651388858634,43.675559288192787]},"properties":{"OBJECTID":2338}},{"type":"Feature","id":2339,"geometry":{"type":"Point","coordinates":[-79.394120887260115,43.651180984428116]},"properties":{"OBJECTID":2339}},{"type":"Feature","id":2340,"geometry":{"type":"Point","coordinates":[-79.391823688146431,43.673675387991679]},"properties":{"OBJECTID":2340}},{"type":"Feature","id":2341,"geometry":{"type":"Point","coordinates":[-79.394348586666354,43.648825284147364]},"properties":{"OBJECTID":2341}},{"type":"Feature","id":2342,"geometry":{"type":"Point","coordinates":[-79.393835987107551,43.653820784731018]},"properties":{"OBJECTID":2342}},{"type":"Feature","id":2343,"geometry":{"type":"Point","coordinates":[-79.393306388056928,43.658748585940359]},"properties":{"OBJECTID":2343}},{"type":"Feature","id":2344,"geometry":{"type":"Point","coordinates":[-79.394280086560002,43.648656383669682]},"properties":{"OBJECTID":2344}},{"type":"Feature","id":2345,"geometry":{"type":"Point","coordinates":[-79.394660687122169,43.644859283464896]},"properties":{"OBJECTID":2345}},{"type":"Feature","id":2346,"geometry":{"type":"Point","coordinates":[-79.393508087719496,43.656012785121554]},"properties":{"OBJECTID":2346}},{"type":"Feature","id":2347,"geometry":{"type":"Point","coordinates":[-79.392774788308472,43.663139386588782]},"properties":{"OBJECTID":2347}},{"type":"Feature","id":2348,"geometry":{"type":"Point","coordinates":[-79.393892987273574,43.652122984012216]},"properties":{"OBJECTID":2348}},{"type":"Feature","id":2349,"geometry":{"type":"Point","coordinates":[-79.391110188116912,43.679370289677522]},"properties":{"OBJECTID":2349}},{"type":"Feature","id":2350,"geometry":{"type":"Point","coordinates":[-79.391701588216492,43.673334788083352]},"properties":{"OBJECTID":2350}},{"type":"Feature","id":2351,"geometry":{"type":"Point","coordinates":[-79.393957986785452,43.651212884471917]},"properties":{"OBJECTID":2351}},{"type":"Feature","id":2352,"geometry":{"type":"Point","coordinates":[-79.393566987112237,43.654955584459664]},"properties":{"OBJECTID":2352}},{"type":"Feature","id":2353,"geometry":{"type":"Point","coordinates":[-79.392813288157839,43.662317885941853]},"properties":{"OBJECTID":2353}},{"type":"Feature","id":2354,"geometry":{"type":"Point","coordinates":[-79.39586398592796,43.632221680722083]},"properties":{"OBJECTID":2354}},{"type":"Feature","id":2355,"geometry":{"type":"Point","coordinates":[-79.391457588424601,43.675063988599746]},"properties":{"OBJECTID":2355}},{"type":"Feature","id":2356,"geometry":{"type":"Point","coordinates":[-79.393926886546467,43.650673784501393]},"properties":{"OBJECTID":2356}},{"type":"Feature","id":2357,"geometry":{"type":"Point","coordinates":[-79.391972788600341,43.669810987413221]},"properties":{"OBJECTID":2357}},{"type":"Feature","id":2358,"geometry":{"type":"Point","coordinates":[-79.392645488127542,43.663164186044781]},"properties":{"OBJECTID":2358}},{"type":"Feature","id":2359,"geometry":{"type":"Point","coordinates":[-79.391541688948976,43.673920888800474]},"properties":{"OBJECTID":2359}},{"type":"Feature","id":2360,"geometry":{"type":"Point","coordinates":[-79.394543086689907,43.644019682588485]},"properties":{"OBJECTID":2360}},{"type":"Feature","id":2361,"geometry":{"type":"Point","coordinates":[-79.39449558636494,43.644447782595989]},"properties":{"OBJECTID":2361}},{"type":"Feature","id":2362,"geometry":{"type":"Point","coordinates":[-79.393220187384998,43.656903085312543]},"properties":{"OBJECTID":2362}},{"type":"Feature","id":2363,"geometry":{"type":"Point","coordinates":[-79.394821686370079,43.641131282327443]},"properties":{"OBJECTID":2363}},{"type":"Feature","id":2364,"geometry":{"type":"Point","coordinates":[-79.391171988746407,43.676726388429465]},"properties":{"OBJECTID":2364}},{"type":"Feature","id":2365,"geometry":{"type":"Point","coordinates":[-79.392249188333011,43.666058386748396]},"properties":{"OBJECTID":2365}},{"type":"Feature","id":2366,"geometry":{"type":"Point","coordinates":[-79.390924588341051,43.679023489163235]},"properties":{"OBJECTID":2366}},{"type":"Feature","id":2367,"geometry":{"type":"Point","coordinates":[-79.393758686655886,43.651139183821968]},"properties":{"OBJECTID":2367}},{"type":"Feature","id":2368,"geometry":{"type":"Point","coordinates":[-79.393043487865171,43.658102485220965]},"properties":{"OBJECTID":2368}},{"type":"Feature","id":2369,"geometry":{"type":"Point","coordinates":[-79.393975287557183,43.648901283635588]},"properties":{"OBJECTID":2369}},{"type":"Feature","id":2370,"geometry":{"type":"Point","coordinates":[-79.393694486996594,43.651642383938835]},"properties":{"OBJECTID":2370}},{"type":"Feature","id":2371,"geometry":{"type":"Point","coordinates":[-79.39302208739106,43.658051585572032]},"properties":{"OBJECTID":2371}},{"type":"Feature","id":2372,"geometry":{"type":"Point","coordinates":[-79.394131287104713,43.647053683071654]},"properties":{"OBJECTID":2372}},{"type":"Feature","id":2373,"geometry":{"type":"Point","coordinates":[-79.391399487961507,43.673767588511431]},"properties":{"OBJECTID":2373}},{"type":"Feature","id":2374,"geometry":{"type":"Point","coordinates":[-79.393349587771837,43.654444384541463]},"properties":{"OBJECTID":2374}},{"type":"Feature","id":2375,"geometry":{"type":"Point","coordinates":[-79.390733288867324,43.679890088999478]},"properties":{"OBJECTID":2375}},{"type":"Feature","id":2376,"geometry":{"type":"Point","coordinates":[-79.393905886979482,43.648736183384202]},"properties":{"OBJECTID":2376}},{"type":"Feature","id":2377,"geometry":{"type":"Point","coordinates":[-79.393056587607418,43.656547285055382]},"properties":{"OBJECTID":2377}},{"type":"Feature","id":2378,"geometry":{"type":"Point","coordinates":[-79.393691887498235,43.650045784304993]},"properties":{"OBJECTID":2378}},{"type":"Feature","id":2379,"geometry":{"type":"Point","coordinates":[-79.393514786863165,43.651684084148549]},"properties":{"OBJECTID":2379}},{"type":"Feature","id":2380,"geometry":{"type":"Point","coordinates":[-79.394838285822033,43.63861778165932]},"properties":{"OBJECTID":2380}},{"type":"Feature","id":2381,"geometry":{"type":"Point","coordinates":[-79.393391086842541,43.652760784487135]},"properties":{"OBJECTID":2381}},{"type":"Feature","id":2382,"geometry":{"type":"Point","coordinates":[-79.390743888936171,43.678603689323197]},"properties":{"OBJECTID":2382}},{"type":"Feature","id":2383,"geometry":{"type":"Point","coordinates":[-79.393587386476,43.650679883750371]},"properties":{"OBJECTID":2383}},{"type":"Feature","id":2384,"geometry":{"type":"Point","coordinates":[-79.39395738724339,43.646600983834695]},"properties":{"OBJECTID":2384}},{"type":"Feature","id":2385,"geometry":{"type":"Point","coordinates":[-79.391142887765852,43.674151988452145]},"properties":{"OBJECTID":2385}},{"type":"Feature","id":2386,"geometry":{"type":"Point","coordinates":[-79.393648087352801,43.649324483695523]},"properties":{"OBJECTID":2386}},{"type":"Feature","id":2387,"geometry":{"type":"Point","coordinates":[-79.393587387221032,43.649817383727509]},"properties":{"OBJECTID":2387}},{"type":"Feature","id":2388,"geometry":{"type":"Point","coordinates":[-79.393922586198258,43.646510483578211]},"properties":{"OBJECTID":2388}},{"type":"Feature","id":2389,"geometry":{"type":"Point","coordinates":[-79.391093487694022,43.674013388598276]},"properties":{"OBJECTID":2389}},{"type":"Feature","id":2390,"geometry":{"type":"Point","coordinates":[-79.394161086209763,43.64361918323435]},"properties":{"OBJECTID":2390}},{"type":"Feature","id":2391,"geometry":{"type":"Point","coordinates":[-79.393975486681171,43.645271683172531]},"properties":{"OBJECTID":2391}},{"type":"Feature","id":2392,"geometry":{"type":"Point","coordinates":[-79.391100488749672,43.673444887870076]},"properties":{"OBJECTID":2392}},{"type":"Feature","id":2393,"geometry":{"type":"Point","coordinates":[-79.39444858680713,43.640251081851055]},"properties":{"OBJECTID":2393}},{"type":"Feature","id":2394,"geometry":{"type":"Point","coordinates":[-79.392269587906299,43.661447885693313]},"properties":{"OBJECTID":2394}},{"type":"Feature","id":2395,"geometry":{"type":"Point","coordinates":[-79.393817087284432,43.646254383662921]},"properties":{"OBJECTID":2395}},{"type":"Feature","id":2396,"geometry":{"type":"Point","coordinates":[-79.391268788199838,43.671134787582211]},"properties":{"OBJECTID":2396}},{"type":"Feature","id":2397,"geometry":{"type":"Point","coordinates":[-79.393806986412741,43.646213783373383]},"properties":{"OBJECTID":2397}},{"type":"Feature","id":2398,"geometry":{"type":"Point","coordinates":[-79.390538588237604,43.678111089395991]},"properties":{"OBJECTID":2398}},{"type":"Feature","id":2399,"geometry":{"type":"Point","coordinates":[-79.394408586911041,43.640146782004358]},"properties":{"OBJECTID":2399}},{"type":"Feature","id":2400,"geometry":{"type":"Point","coordinates":[-79.393489086621827,43.648919883635052]},"properties":{"OBJECTID":2400}},{"type":"Feature","id":2401,"geometry":{"type":"Point","coordinates":[-79.393416087247871,43.649377183677458]},"properties":{"OBJECTID":2401}},{"type":"Feature","id":2402,"geometry":{"type":"Point","coordinates":[-79.393450487082262,43.648833683875104]},"properties":{"OBJECTID":2402}},{"type":"Feature","id":2403,"geometry":{"type":"Point","coordinates":[-79.394039886660877,43.642706282790328]},"properties":{"OBJECTID":2403}},{"type":"Feature","id":2404,"geometry":{"type":"Point","coordinates":[-79.391375487466036,43.668534187340853]},"properties":{"OBJECTID":2404}},{"type":"Feature","id":2405,"geometry":{"type":"Point","coordinates":[-79.394935885638162,43.633458680703178]},"properties":{"OBJECTID":2405}},{"type":"Feature","id":2406,"geometry":{"type":"Point","coordinates":[-79.393495286204725,43.64718878335276]},"properties":{"OBJECTID":2406}},{"type":"Feature","id":2407,"geometry":{"type":"Point","coordinates":[-79.393632386727205,43.645768083388802]},"properties":{"OBJECTID":2407}},{"type":"Feature","id":2408,"geometry":{"type":"Point","coordinates":[-79.393120786467748,43.65077768396165]},"properties":{"OBJECTID":2408}},{"type":"Feature","id":2409,"geometry":{"type":"Point","coordinates":[-79.392608086758898,43.655711084881652]},"properties":{"OBJECTID":2409}},{"type":"Feature","id":2410,"geometry":{"type":"Point","coordinates":[-79.394428786158457,43.637790282125898]},"properties":{"OBJECTID":2410}},{"type":"Feature","id":2411,"geometry":{"type":"Point","coordinates":[-79.392991286576489,43.65179828395739]},"properties":{"OBJECTID":2411}},{"type":"Feature","id":2412,"geometry":{"type":"Point","coordinates":[-79.393664786753675,43.64510418346044]},"properties":{"OBJECTID":2412}},{"type":"Feature","id":2413,"geometry":{"type":"Point","coordinates":[-79.393653886303213,43.64507348347253]},"properties":{"OBJECTID":2413}},{"type":"Feature","id":2414,"geometry":{"type":"Point","coordinates":[-79.390332688189815,43.677596088708611]},"properties":{"OBJECTID":2414}},{"type":"Feature","id":2415,"geometry":{"type":"Point","coordinates":[-79.392442486852431,43.65668958496704]},"properties":{"OBJECTID":2415}},{"type":"Feature","id":2416,"geometry":{"type":"Point","coordinates":[-79.393281586821104,43.648409283843591]},"properties":{"OBJECTID":2416}},{"type":"Feature","id":2417,"geometry":{"type":"Point","coordinates":[-79.390526187840251,43.675248088994017]},"properties":{"OBJECTID":2417}},{"type":"Feature","id":2418,"geometry":{"type":"Point","coordinates":[-79.390711988273807,43.673137187892692]},"properties":{"OBJECTID":2418}},{"type":"Feature","id":2419,"geometry":{"type":"Point","coordinates":[-79.394335086143684,43.637377681484324]},"properties":{"OBJECTID":2419}},{"type":"Feature","id":2420,"geometry":{"type":"Point","coordinates":[-79.393763686418339,43.642778382968821]},"properties":{"OBJECTID":2420}},{"type":"Feature","id":2421,"geometry":{"type":"Point","coordinates":[-79.390918187725163,43.670328487335482]},"properties":{"OBJECTID":2421}},{"type":"Feature","id":2422,"geometry":{"type":"Point","coordinates":[-79.390205988680904,43.677279689263116]},"properties":{"OBJECTID":2422}},{"type":"Feature","id":2423,"geometry":{"type":"Point","coordinates":[-79.393316986470637,43.646741783570597]},"properties":{"OBJECTID":2423}},{"type":"Feature","id":2424,"geometry":{"type":"Point","coordinates":[-79.390990587465041,43.669393387492661]},"properties":{"OBJECTID":2424}},{"type":"Feature","id":2425,"geometry":{"type":"Point","coordinates":[-79.39076988766918,43.671235787800903]},"properties":{"OBJECTID":2425}},{"type":"Feature","id":2426,"geometry":{"type":"Point","coordinates":[-79.390373188413363,43.674939788857728]},"properties":{"OBJECTID":2426}},{"type":"Feature","id":2427,"geometry":{"type":"Point","coordinates":[-79.393398786657031,43.645284083604409]},"properties":{"OBJECTID":2427}},{"type":"Feature","id":2428,"geometry":{"type":"Point","coordinates":[-79.39226628712332,43.656274685315545]},"properties":{"OBJECTID":2428}},{"type":"Feature","id":2429,"geometry":{"type":"Point","coordinates":[-79.393354886671318,43.645167583512674]},"properties":{"OBJECTID":2429}},{"type":"Feature","id":2430,"geometry":{"type":"Point","coordinates":[-79.393975786535222,43.63906728222257]},"properties":{"OBJECTID":2430}},{"type":"Feature","id":2431,"geometry":{"type":"Point","coordinates":[-79.390814288359962,43.670038987337335]},"properties":{"OBJECTID":2431}},{"type":"Feature","id":2432,"geometry":{"type":"Point","coordinates":[-79.392836686639868,43.649971984087621]},"properties":{"OBJECTID":2432}},{"type":"Feature","id":2433,"geometry":{"type":"Point","coordinates":[-79.390070887716973,43.676959088763773]},"properties":{"OBJECTID":2433}},{"type":"Feature","id":2434,"geometry":{"type":"Point","coordinates":[-79.39039558756302,43.673610388534982]},"properties":{"OBJECTID":2434}},{"type":"Feature","id":2435,"geometry":{"type":"Point","coordinates":[-79.393152886370672,43.646342783155191]},"properties":{"OBJECTID":2435}},{"type":"Feature","id":2436,"geometry":{"type":"Point","coordinates":[-79.392779586095457,43.649962484165236]},"properties":{"OBJECTID":2436}},{"type":"Feature","id":2437,"geometry":{"type":"Point","coordinates":[-79.392660586367711,43.65099048380101]},"properties":{"OBJECTID":2437}},{"type":"Feature","id":2438,"geometry":{"type":"Point","coordinates":[-79.390500888411083,43.672132687992139]},"properties":{"OBJECTID":2438}},{"type":"Feature","id":2439,"geometry":{"type":"Point","coordinates":[-79.392973586934261,43.647646783216999]},"properties":{"OBJECTID":2439}},{"type":"Feature","id":2440,"geometry":{"type":"Point","coordinates":[-79.390209187648281,43.674577388615155]},"properties":{"OBJECTID":2440}},{"type":"Feature","id":2441,"geometry":{"type":"Point","coordinates":[-79.392616587054036,43.650883384318391]},"properties":{"OBJECTID":2441}},{"type":"Feature","id":2442,"geometry":{"type":"Point","coordinates":[-79.390559687401833,43.670746687810677]},"properties":{"OBJECTID":2442}},{"type":"Feature","id":2443,"geometry":{"type":"Point","coordinates":[-79.392062486750817,43.65581238498595]},"properties":{"OBJECTID":2443}},{"type":"Feature","id":2444,"geometry":{"type":"Point","coordinates":[-79.391139187327639,43.664857687181865]},"properties":{"OBJECTID":2444}},{"type":"Feature","id":2445,"geometry":{"type":"Point","coordinates":[-79.393521885698661,43.641369382325138]},"properties":{"OBJECTID":2445}},{"type":"Feature","id":2446,"geometry":{"type":"Point","coordinates":[-79.38998988786804,43.675695388351457]},"properties":{"OBJECTID":2446}},{"type":"Feature","id":2447,"geometry":{"type":"Point","coordinates":[-79.390701187792757,43.668672787666175]},"properties":{"OBJECTID":2447}},{"type":"Feature","id":2448,"geometry":{"type":"Point","coordinates":[-79.392016087336756,43.655700685499525]},"properties":{"OBJECTID":2448}},{"type":"Feature","id":2449,"geometry":{"type":"Point","coordinates":[-79.390590887670683,43.669479187616382]},"properties":{"OBJECTID":2449}},{"type":"Feature","id":2450,"geometry":{"type":"Point","coordinates":[-79.392846886162644,43.647323783630114]},"properties":{"OBJECTID":2450}},{"type":"Feature","id":2451,"geometry":{"type":"Point","coordinates":[-79.393134486401181,43.644446583197201]},"properties":{"OBJECTID":2451}},{"type":"Feature","id":2452,"geometry":{"type":"Point","coordinates":[-79.390809787808863,43.666959587346575]},"properties":{"OBJECTID":2452}},{"type":"Feature","id":2453,"geometry":{"type":"Point","coordinates":[-79.390043887468622,43.67423668879777]},"properties":{"OBJECTID":2453}},{"type":"Feature","id":2454,"geometry":{"type":"Point","coordinates":[-79.392390486011706,43.650282584485382]},"properties":{"OBJECTID":2454}},{"type":"Feature","id":2455,"geometry":{"type":"Point","coordinates":[-79.391861886449533,43.655320885026107]},"properties":{"OBJECTID":2455}},{"type":"Feature","id":2456,"geometry":{"type":"Point","coordinates":[-79.390182987453244,43.671366587787254]},"properties":{"OBJECTID":2456}},{"type":"Feature","id":2457,"geometry":{"type":"Point","coordinates":[-79.392803186549884,43.645464783106462]},"properties":{"OBJECTID":2457}},{"type":"Feature","id":2458,"geometry":{"type":"Point","coordinates":[-79.392792786509119,43.645416683245507]},"properties":{"OBJECTID":2458}},{"type":"Feature","id":2459,"geometry":{"type":"Point","coordinates":[-79.391216587382843,43.660649885730706]},"properties":{"OBJECTID":2459}},{"type":"Feature","id":2460,"geometry":{"type":"Point","coordinates":[-79.39318058660956,43.641368282790559]},"properties":{"OBJECTID":2460}},{"type":"Feature","id":2461,"geometry":{"type":"Point","coordinates":[-79.392276286861531,43.65006598451798]},"properties":{"OBJECTID":2461}},{"type":"Feature","id":2462,"geometry":{"type":"Point","coordinates":[-79.393220885685992,43.640619782047949]},"properties":{"OBJECTID":2462}},{"type":"Feature","id":2463,"geometry":{"type":"Point","coordinates":[-79.391400286903149,43.658394185590367]},"properties":{"OBJECTID":2463}},{"type":"Feature","id":2464,"geometry":{"type":"Point","coordinates":[-79.392135886603469,43.651096284579793]},"properties":{"OBJECTID":2464}},{"type":"Feature","id":2465,"geometry":{"type":"Point","coordinates":[-79.389661287979493,43.675118889048044]},"properties":{"OBJECTID":2465}},{"type":"Feature","id":2466,"geometry":{"type":"Point","coordinates":[-79.390395688036591,43.667916986926578]},"properties":{"OBJECTID":2466}},{"type":"Feature","id":2467,"geometry":{"type":"Point","coordinates":[-79.393159086422301,43.640513682519725]},"properties":{"OBJECTID":2467}},{"type":"Feature","id":2468,"geometry":{"type":"Point","coordinates":[-79.392499486483928,43.646509483333922]},"properties":{"OBJECTID":2468}},{"type":"Feature","id":2469,"geometry":{"type":"Point","coordinates":[-79.389532688290643,43.675478588480779]},"properties":{"OBJECTID":2469}},{"type":"Feature","id":2470,"geometry":{"type":"Point","coordinates":[-79.391641086537476,43.654801184824251]},"properties":{"OBJECTID":2470}},{"type":"Feature","id":2471,"geometry":{"type":"Point","coordinates":[-79.392323085796775,43.647783584051773]},"properties":{"OBJECTID":2471}},{"type":"Feature","id":2472,"geometry":{"type":"Point","coordinates":[-79.389511588243337,43.675152789020082]},"properties":{"OBJECTID":2472}},{"type":"Feature","id":2473,"geometry":{"type":"Point","coordinates":[-79.392108586686973,43.649653184057129]},"properties":{"OBJECTID":2473}},{"type":"Feature","id":2474,"geometry":{"type":"Point","coordinates":[-79.392196586880246,43.648404084274205]},"properties":{"OBJECTID":2474}},{"type":"Feature","id":2475,"geometry":{"type":"Point","coordinates":[-79.389447188022913,43.675241888512723]},"properties":{"OBJECTID":2475}},{"type":"Feature","id":2476,"geometry":{"type":"Point","coordinates":[-79.390623887815281,43.663608686598955]},"properties":{"OBJECTID":2476}},{"type":"Feature","id":2477,"geometry":{"type":"Point","coordinates":[-79.389411588426597,43.675178388321648]},"properties":{"OBJECTID":2477}},{"type":"Feature","id":2478,"geometry":{"type":"Point","coordinates":[-79.39207458599725,43.648852583940332]},"properties":{"OBJECTID":2478}},{"type":"Feature","id":2479,"geometry":{"type":"Point","coordinates":[-79.390882486698743,43.66044228576343]},"properties":{"OBJECTID":2479}},{"type":"Feature","id":2480,"geometry":{"type":"Point","coordinates":[-79.392890786192041,43.640666682347572]},"properties":{"OBJECTID":2480}},{"type":"Feature","id":2481,"geometry":{"type":"Point","coordinates":[-79.389832687505972,43.670565387593676]},"properties":{"OBJECTID":2481}},{"type":"Feature","id":2482,"geometry":{"type":"Point","coordinates":[-79.392179385818352,43.647456983724965]},"properties":{"OBJECTID":2482}},{"type":"Feature","id":2483,"geometry":{"type":"Point","coordinates":[-79.391876587040159,43.650393183939912]},"properties":{"OBJECTID":2483}},{"type":"Feature","id":2484,"geometry":{"type":"Point","coordinates":[-79.392316786706786,43.646044083707423]},"properties":{"OBJECTID":2484}},{"type":"Feature","id":2485,"geometry":{"type":"Point","coordinates":[-79.389966187609446,43.668825587222294]},"properties":{"OBJECTID":2485}},{"type":"Feature","id":2486,"geometry":{"type":"Point","coordinates":[-79.392849185792429,43.640565882230348]},"properties":{"OBJECTID":2486}},{"type":"Feature","id":2487,"geometry":{"type":"Point","coordinates":[-79.391440187183605,43.654321484802892]},"properties":{"OBJECTID":2487}},{"type":"Feature","id":2488,"geometry":{"type":"Point","coordinates":[-79.391665786930545,43.651256484747293]},"properties":{"OBJECTID":2488}},{"type":"Feature","id":2489,"geometry":{"type":"Point","coordinates":[-79.389437687626241,43.672937888560064]},"properties":{"OBJECTID":2489}},{"type":"Feature","id":2490,"geometry":{"type":"Point","coordinates":[-79.389697786887751,43.670274487916593]},"properties":{"OBJECTID":2490}},{"type":"Feature","id":2491,"geometry":{"type":"Point","coordinates":[-79.39192378665237,43.648463283614156]},"properties":{"OBJECTID":2491}},{"type":"Feature","id":2492,"geometry":{"type":"Point","coordinates":[-79.391639985894415,43.651196483966011]},"properties":{"OBJECTID":2492}},{"type":"Feature","id":2493,"geometry":{"type":"Point","coordinates":[-79.392746785621569,43.640230082568216]},"properties":{"OBJECTID":2493}},{"type":"Feature","id":2494,"geometry":{"type":"Point","coordinates":[-79.39288998634882,43.638794582133478]},"properties":{"OBJECTID":2494}},{"type":"Feature","id":2495,"geometry":{"type":"Point","coordinates":[-79.392142686509402,43.645611483171194]},"properties":{"OBJECTID":2495}},{"type":"Feature","id":2496,"geometry":{"type":"Point","coordinates":[-79.392548185608419,43.641504382218997]},"properties":{"OBJECTID":2496}},{"type":"Feature","id":2497,"geometry":{"type":"Point","coordinates":[-79.391436587056802,43.652262584199647]},"properties":{"OBJECTID":2497}},{"type":"Feature","id":2498,"geometry":{"type":"Point","coordinates":[-79.390574986583658,43.660431485727564]},"properties":{"OBJECTID":2498}},{"type":"Feature","id":2499,"geometry":{"type":"Point","coordinates":[-79.390601187536063,43.659845785624881]},"properties":{"OBJECTID":2499}},{"type":"Feature","id":2500,"geometry":{"type":"Point","coordinates":[-79.392055686694121,43.6453767831078]},"properties":{"OBJECTID":2500}},{"type":"Feature","id":2501,"geometry":{"type":"Point","coordinates":[-79.390961387093512,43.65604098554352]},"properties":{"OBJECTID":2501}},{"type":"Feature","id":2502,"geometry":{"type":"Point","coordinates":[-79.392468385633109,43.641190382651075]},"properties":{"OBJECTID":2502}},{"type":"Feature","id":2503,"geometry":{"type":"Point","coordinates":[-79.390399187551012,43.660904785924544]},"properties":{"OBJECTID":2503}},{"type":"Feature","id":2504,"geometry":{"type":"Point","coordinates":[-79.389487187067346,43.669713887284047]},"properties":{"OBJECTID":2504}},{"type":"Feature","id":2505,"geometry":{"type":"Point","coordinates":[-79.391835686613788,43.646646783596658]},"properties":{"OBJECTID":2505}},{"type":"Feature","id":2506,"geometry":{"type":"Point","coordinates":[-79.389792787167693,43.666026787204345]},"properties":{"OBJECTID":2506}},{"type":"Feature","id":2507,"geometry":{"type":"Point","coordinates":[-79.391927385513767,43.645087582900388]},"properties":{"OBJECTID":2507}},{"type":"Feature","id":2508,"geometry":{"type":"Point","coordinates":[-79.391350686114464,43.650522984188875]},"properties":{"OBJECTID":2508}},{"type":"Feature","id":2509,"geometry":{"type":"Point","coordinates":[-79.392521285517716,43.638964982531526]},"properties":{"OBJECTID":2509}},{"type":"Feature","id":2510,"geometry":{"type":"Point","coordinates":[-79.390355786933625,43.659898586009454]},"properties":{"OBJECTID":2510}},{"type":"Feature","id":2511,"geometry":{"type":"Point","coordinates":[-79.391562786276296,43.647584783948638]},"properties":{"OBJECTID":2511}},{"type":"Feature","id":2512,"geometry":{"type":"Point","coordinates":[-79.391266486604934,43.650326783803493]},"properties":{"OBJECTID":2512}},{"type":"Feature","id":2513,"geometry":{"type":"Point","coordinates":[-79.390328886391558,43.659201185474764]},"properties":{"OBJECTID":2513}},{"type":"Feature","id":2514,"geometry":{"type":"Point","coordinates":[-79.392373985677096,43.639031081776636]},"properties":{"OBJECTID":2514}},{"type":"Feature","id":2515,"geometry":{"type":"Point","coordinates":[-79.391773985823434,43.644736282804729]},"properties":{"OBJECTID":2515}},{"type":"Feature","id":2516,"geometry":{"type":"Point","coordinates":[-79.389756287526353,43.664475786359681]},"properties":{"OBJECTID":2516}},{"type":"Feature","id":2517,"geometry":{"type":"Point","coordinates":[-79.392382185302424,43.63859658220418]},"properties":{"OBJECTID":2517}},{"type":"Feature","id":2518,"geometry":{"type":"Point","coordinates":[-79.391050186832388,43.651321784032753]},"properties":{"OBJECTID":2518}},{"type":"Feature","id":2519,"geometry":{"type":"Point","coordinates":[-79.392333885817649,43.638492382158816]},"properties":{"OBJECTID":2519}},{"type":"Feature","id":2520,"geometry":{"type":"Point","coordinates":[-79.392262685930248,43.638848382431661]},"properties":{"OBJECTID":2520}},{"type":"Feature","id":2521,"geometry":{"type":"Point","coordinates":[-79.392130985226501,43.63992828197425]},"properties":{"OBJECTID":2521}},{"type":"Feature","id":2522,"geometry":{"type":"Point","coordinates":[-79.389889486199053,43.661839186678208]},"properties":{"OBJECTID":2522}},{"type":"Feature","id":2523,"geometry":{"type":"Point","coordinates":[-79.3898876874282,43.661741085964522]},"properties":{"OBJECTID":2523}},{"type":"Feature","id":2524,"geometry":{"type":"Point","coordinates":[-79.391079385706377,43.649873283858803]},"properties":{"OBJECTID":2524}},{"type":"Feature","id":2525,"geometry":{"type":"Point","coordinates":[-79.390420586854233,43.656155085101965]},"properties":{"OBJECTID":2525}},{"type":"Feature","id":2526,"geometry":{"type":"Point","coordinates":[-79.389493087384537,43.665233587073871]},"properties":{"OBJECTID":2526}},{"type":"Feature","id":2527,"geometry":{"type":"Point","coordinates":[-79.39189478597433,43.641645082913747]},"properties":{"OBJECTID":2527}},{"type":"Feature","id":2528,"geometry":{"type":"Point","coordinates":[-79.391611486241871,43.644294483336516]},"properties":{"OBJECTID":2528}},{"type":"Feature","id":2529,"geometry":{"type":"Point","coordinates":[-79.390075987237026,43.659262785932512]},"properties":{"OBJECTID":2529}},{"type":"Feature","id":2530,"geometry":{"type":"Point","coordinates":[-79.390111287142048,43.658685885431005]},"properties":{"OBJECTID":2530}},{"type":"Feature","id":2531,"geometry":{"type":"Point","coordinates":[-79.392136785638485,43.63855058179211]},"properties":{"OBJECTID":2531}},{"type":"Feature","id":2532,"geometry":{"type":"Point","coordinates":[-79.390803386843217,43.651372884060038]},"properties":{"OBJECTID":2532}},{"type":"Feature","id":2533,"geometry":{"type":"Point","coordinates":[-79.391250286140405,43.646797183941111]},"properties":{"OBJECTID":2533}},{"type":"Feature","id":2534,"geometry":{"type":"Point","coordinates":[-79.390669286862519,43.652426384290607]},"properties":{"OBJECTID":2534}},{"type":"Feature","id":2535,"geometry":{"type":"Point","coordinates":[-79.390914086038734,43.649458084501532]},"properties":{"OBJECTID":2535}},{"type":"Feature","id":2536,"geometry":{"type":"Point","coordinates":[-79.388577987729406,43.67219708802503]},"properties":{"OBJECTID":2536}},{"type":"Feature","id":2537,"geometry":{"type":"Point","coordinates":[-79.390328886693837,43.654496185378136]},"properties":{"OBJECTID":2537}},{"type":"Feature","id":2538,"geometry":{"type":"Point","coordinates":[-79.388615786750847,43.67111578813217]},"properties":{"OBJECTID":2538}},{"type":"Feature","id":2539,"geometry":{"type":"Point","coordinates":[-79.388450486838039,43.672550388645845]},"properties":{"OBJECTID":2539}},{"type":"Feature","id":2540,"geometry":{"type":"Point","coordinates":[-79.391199485618003,43.64556688326325]},"properties":{"OBJECTID":2540}},{"type":"Feature","id":2541,"geometry":{"type":"Point","coordinates":[-79.389907686447899,43.658205985898562]},"properties":{"OBJECTID":2541}},{"type":"Feature","id":2542,"geometry":{"type":"Point","coordinates":[-79.388866386938815,43.668201687068944]},"properties":{"OBJECTID":2542}},{"type":"Feature","id":2543,"geometry":{"type":"Point","coordinates":[-79.390669886399053,43.650435384505315]},"properties":{"OBJECTID":2543}},{"type":"Feature","id":2544,"geometry":{"type":"Point","coordinates":[-79.390789985805014,43.64913158394392]},"properties":{"OBJECTID":2544}},{"type":"Feature","id":2545,"geometry":{"type":"Point","coordinates":[-79.391041885624091,43.646319583636789]},"properties":{"OBJECTID":2545}},{"type":"Feature","id":2546,"geometry":{"type":"Point","coordinates":[-79.390895686353886,43.647732384097814]},"properties":{"OBJECTID":2546}},{"type":"Feature","id":2547,"geometry":{"type":"Point","coordinates":[-79.391902785947366,43.637754581888274]},"properties":{"OBJECTID":2547}},{"type":"Feature","id":2548,"geometry":{"type":"Point","coordinates":[-79.388480087297765,43.671142787841248]},"properties":{"OBJECTID":2548}},{"type":"Feature","id":2549,"geometry":{"type":"Point","coordinates":[-79.388346286740273,43.672294887796781]},"properties":{"OBJECTID":2549}},{"type":"Feature","id":2550,"geometry":{"type":"Point","coordinates":[-79.391877285537291,43.63765788200066]},"properties":{"OBJECTID":2550}},{"type":"Feature","id":2551,"geometry":{"type":"Point","coordinates":[-79.391276086206332,43.643422183146939]},"properties":{"OBJECTID":2551}},{"type":"Feature","id":2552,"geometry":{"type":"Point","coordinates":[-79.388382587197526,43.671743388022868]},"properties":{"OBJECTID":2552}},{"type":"Feature","id":2553,"geometry":{"type":"Point","coordinates":[-79.391534185095367,43.640799082233883]},"properties":{"OBJECTID":2553}},{"type":"Feature","id":2554,"geometry":{"type":"Point","coordinates":[-79.391514284977319,43.640690182739249]},"properties":{"OBJECTID":2554}},{"type":"Feature","id":2555,"geometry":{"type":"Point","coordinates":[-79.388358986939977,43.67085678765077]},"properties":{"OBJECTID":2555}},{"type":"Feature","id":2556,"geometry":{"type":"Point","coordinates":[-79.389637486126517,43.658253186076536]},"properties":{"OBJECTID":2556}},{"type":"Feature","id":2557,"geometry":{"type":"Point","coordinates":[-79.390423486394596,43.650478184046548]},"properties":{"OBJECTID":2557}},{"type":"Feature","id":2558,"geometry":{"type":"Point","coordinates":[-79.390281085839746,43.65148828419396]},"properties":{"OBJECTID":2558}},{"type":"Feature","id":2559,"geometry":{"type":"Point","coordinates":[-79.389618386891144,43.657524085259404]},"properties":{"OBJECTID":2559}},{"type":"Feature","id":2560,"geometry":{"type":"Point","coordinates":[-79.3897424857538,43.656220785346214]},"properties":{"OBJECTID":2560}},{"type":"Feature","id":2561,"geometry":{"type":"Point","coordinates":[-79.390521986211837,43.64848858373734]},"properties":{"OBJECTID":2561}},{"type":"Feature","id":2562,"geometry":{"type":"Point","coordinates":[-79.388125286652951,43.67179278831869]},"properties":{"OBJECTID":2562}},{"type":"Feature","id":2563,"geometry":{"type":"Point","coordinates":[-79.388502286538184,43.667440287397518]},"properties":{"OBJECTID":2563}},{"type":"Feature","id":2564,"geometry":{"type":"Point","coordinates":[-79.390589585652521,43.64693868351506]},"properties":{"OBJECTID":2564}},{"type":"Feature","id":2565,"geometry":{"type":"Point","coordinates":[-79.391271985629231,43.640113882352509]},"properties":{"OBJECTID":2565}},{"type":"Feature","id":2566,"geometry":{"type":"Point","coordinates":[-79.38934828684971,43.657586885218393]},"properties":{"OBJECTID":2566}},{"type":"Feature","id":2567,"geometry":{"type":"Point","coordinates":[-79.388230986980176,43.668309787859521]},"properties":{"OBJECTID":2567}},{"type":"Feature","id":2568,"geometry":{"type":"Point","coordinates":[-79.390278486275193,43.647854884232622]},"properties":{"OBJECTID":2568}},{"type":"Feature","id":2569,"geometry":{"type":"Point","coordinates":[-79.388011986771971,43.670004887494841]},"properties":{"OBJECTID":2569}},{"type":"Feature","id":2570,"geometry":{"type":"Point","coordinates":[-79.390515584996933,43.645012982920321]},"properties":{"OBJECTID":2570}},{"type":"Feature","id":2571,"geometry":{"type":"Point","coordinates":[-79.389889886201232,43.650604384558335]},"properties":{"OBJECTID":2571}},{"type":"Feature","id":2572,"geometry":{"type":"Point","coordinates":[-79.388219486400118,43.666817287555766]},"properties":{"OBJECTID":2572}},{"type":"Feature","id":2573,"geometry":{"type":"Point","coordinates":[-79.390078185916423,43.648579483546278]},"properties":{"OBJECTID":2573}},{"type":"Feature","id":2574,"geometry":{"type":"Point","coordinates":[-79.389946786314141,43.64969508414277]},"properties":{"OBJECTID":2574}},{"type":"Feature","id":2575,"geometry":{"type":"Point","coordinates":[-79.388623386107383,43.66198558609252]},"properties":{"OBJECTID":2575}},{"type":"Feature","id":2576,"geometry":{"type":"Point","coordinates":[-79.387839586562222,43.669574287268574]},"properties":{"OBJECTID":2576}},{"type":"Feature","id":2577,"geometry":{"type":"Point","coordinates":[-79.389734885589647,43.650639084647594]},"properties":{"OBJECTID":2577}},{"type":"Feature","id":2578,"geometry":{"type":"Point","coordinates":[-79.388098586869589,43.666540287113229]},"properties":{"OBJECTID":2578}},{"type":"Feature","id":2579,"geometry":{"type":"Point","coordinates":[-79.390331185045824,43.644564783211912]},"properties":{"OBJECTID":2579}},{"type":"Feature","id":2580,"geometry":{"type":"Point","coordinates":[-79.390044985642447,43.647228083693733]},"properties":{"OBJECTID":2580}},{"type":"Feature","id":2581,"geometry":{"type":"Point","coordinates":[-79.389107185659299,43.656307185123389]},"properties":{"OBJECTID":2581}},{"type":"Feature","id":2582,"geometry":{"type":"Point","coordinates":[-79.389704085817101,43.650179084196232]},"properties":{"OBJECTID":2582}},{"type":"Feature","id":2583,"geometry":{"type":"Point","coordinates":[-79.387903986602694,43.667548887442472]},"properties":{"OBJECTID":2583}},{"type":"Feature","id":2584,"geometry":{"type":"Point","coordinates":[-79.389215586046291,43.654682785404411]},"properties":{"OBJECTID":2584}},{"type":"Feature","id":2585,"geometry":{"type":"Point","coordinates":[-79.390679485614541,43.640242682753275]},"properties":{"OBJECTID":2585}},{"type":"Feature","id":2586,"geometry":{"type":"Point","coordinates":[-79.389973985709091,43.647062283250861]},"properties":{"OBJECTID":2586}},{"type":"Feature","id":2587,"geometry":{"type":"Point","coordinates":[-79.387700687028286,43.669227487343868]},"properties":{"OBJECTID":2587}},{"type":"Feature","id":2588,"geometry":{"type":"Point","coordinates":[-79.389830085354347,43.648288083547378]},"properties":{"OBJECTID":2588}},{"type":"Feature","id":2589,"geometry":{"type":"Point","coordinates":[-79.39005308583954,43.645821383487011]},"properties":{"OBJECTID":2589}},{"type":"Feature","id":2590,"geometry":{"type":"Point","coordinates":[-79.388047986566619,43.665119387311478]},"properties":{"OBJECTID":2590}},{"type":"Feature","id":2591,"geometry":{"type":"Point","coordinates":[-79.389335885529874,43.652149784631192]},"properties":{"OBJECTID":2591}},{"type":"Feature","id":2592,"geometry":{"type":"Point","coordinates":[-79.389956285676007,43.64553028333021]},"properties":{"OBJECTID":2592}},{"type":"Feature","id":2593,"geometry":{"type":"Point","coordinates":[-79.389471085741505,43.650229483876657]},"properties":{"OBJECTID":2593}},{"type":"Feature","id":2594,"geometry":{"type":"Point","coordinates":[-79.387958487015865,43.66485908656211]},"properties":{"OBJECTID":2594}},{"type":"Feature","id":2595,"geometry":{"type":"Point","coordinates":[-79.388814485970073,43.656362885400988]},"properties":{"OBJECTID":2595}},{"type":"Feature","id":2596,"geometry":{"type":"Point","coordinates":[-79.389562685345879,43.649004483637768]},"properties":{"OBJECTID":2596}},{"type":"Feature","id":2597,"geometry":{"type":"Point","coordinates":[-79.387406687312506,43.670110787882223]},"properties":{"OBJECTID":2597}},{"type":"Feature","id":2598,"geometry":{"type":"Point","coordinates":[-79.389355385697513,43.650711284556728]},"properties":{"OBJECTID":2598}},{"type":"Feature","id":2599,"geometry":{"type":"Point","coordinates":[-79.389746685896796,43.646609484045165]},"properties":{"OBJECTID":2599}},{"type":"Feature","id":2600,"geometry":{"type":"Point","coordinates":[-79.389313985110562,43.650716084731634]},"properties":{"OBJECTID":2600}},{"type":"Feature","id":2601,"geometry":{"type":"Point","coordinates":[-79.388232686770564,43.661142285914188]},"properties":{"OBJECTID":2601}},{"type":"Feature","id":2602,"geometry":{"type":"Point","coordinates":[-79.389274485060184,43.650714184274975]},"properties":{"OBJECTID":2602}},{"type":"Feature","id":2603,"geometry":{"type":"Point","coordinates":[-79.389980084875731,43.643708882631785]},"properties":{"OBJECTID":2603}},{"type":"Feature","id":2604,"geometry":{"type":"Point","coordinates":[-79.38946078548932,43.648699683767688]},"properties":{"OBJECTID":2604}},{"type":"Feature","id":2605,"geometry":{"type":"Point","coordinates":[-79.38874238620744,43.655440885259814]},"properties":{"OBJECTID":2605}},{"type":"Feature","id":2606,"geometry":{"type":"Point","coordinates":[-79.387698486815822,43.665657986879381]},"properties":{"OBJECTID":2606}},{"type":"Feature","id":2607,"geometry":{"type":"Point","coordinates":[-79.387407786699001,43.668478287401761]},"properties":{"OBJECTID":2607}},{"type":"Feature","id":2608,"geometry":{"type":"Point","coordinates":[-79.389307785295742,43.649820684168212]},"properties":{"OBJECTID":2608}},{"type":"Feature","id":2609,"geometry":{"type":"Point","coordinates":[-79.389215685500901,43.650702584438797]},"properties":{"OBJECTID":2609}},{"type":"Feature","id":2610,"geometry":{"type":"Point","coordinates":[-79.389170486200328,43.650705584629605]},"properties":{"OBJECTID":2610}},{"type":"Feature","id":2611,"geometry":{"type":"Point","coordinates":[-79.389361385731675,43.648721284327287]},"properties":{"OBJECTID":2611}},{"type":"Feature","id":2612,"geometry":{"type":"Point","coordinates":[-79.389567185076103,43.646221083867985]},"properties":{"OBJECTID":2612}},{"type":"Feature","id":2613,"geometry":{"type":"Point","coordinates":[-79.389169185970729,43.649459883862157]},"properties":{"OBJECTID":2613}},{"type":"Feature","id":2614,"geometry":{"type":"Point","coordinates":[-79.389235285517245,43.648420283753119]},"properties":{"OBJECTID":2614}},{"type":"Feature","id":2615,"geometry":{"type":"Point","coordinates":[-79.389457385213817,43.645945783441597]},"properties":{"OBJECTID":2615}},{"type":"Feature","id":2616,"geometry":{"type":"Point","coordinates":[-79.389980285165123,43.640449482854251]},"properties":{"OBJECTID":2616}},{"type":"Feature","id":2617,"geometry":{"type":"Point","coordinates":[-79.388439386394495,43.655500485524826]},"properties":{"OBJECTID":2617}},{"type":"Feature","id":2618,"geometry":{"type":"Point","coordinates":[-79.389952385548028,43.640566082421266]},"properties":{"OBJECTID":2618}},{"type":"Feature","id":2619,"geometry":{"type":"Point","coordinates":[-79.38847698571783,43.654814484973571]},"properties":{"OBJECTID":2619}},{"type":"Feature","id":2620,"geometry":{"type":"Point","coordinates":[-79.387070687059278,43.668547887414931]},"properties":{"OBJECTID":2620}},{"type":"Feature","id":2621,"geometry":{"type":"Point","coordinates":[-79.38904658580411,43.649117984327937]},"properties":{"OBJECTID":2621}},{"type":"Feature","id":2622,"geometry":{"type":"Point","coordinates":[-79.387420485939501,43.66500508659405]},"properties":{"OBJECTID":2622}},{"type":"Feature","id":2623,"geometry":{"type":"Point","coordinates":[-79.388764085630186,43.650779284087051]},"properties":{"OBJECTID":2623}},{"type":"Feature","id":2624,"geometry":{"type":"Point","coordinates":[-79.387686785558344,43.661217286402781]},"properties":{"OBJECTID":2624}},{"type":"Feature","id":2625,"geometry":{"type":"Point","coordinates":[-79.388913585560104,43.64881698406117]},"properties":{"OBJECTID":2625}},{"type":"Feature","id":2626,"geometry":{"type":"Point","coordinates":[-79.387612486404237,43.660987386337965]},"properties":{"OBJECTID":2626}},{"type":"Feature","id":2627,"geometry":{"type":"Point","coordinates":[-79.389197784816787,43.6452827830662]},"properties":{"OBJECTID":2627}},{"type":"Feature","id":2628,"geometry":{"type":"Point","coordinates":[-79.389770984729594,43.63933708227578]},"properties":{"OBJECTID":2628}},{"type":"Feature","id":2629,"geometry":{"type":"Point","coordinates":[-79.387553986594256,43.660850385924334]},"properties":{"OBJECTID":2629}},{"type":"Feature","id":2630,"geometry":{"type":"Point","coordinates":[-79.388609185234529,43.650413084572875]},"properties":{"OBJECTID":2630}},{"type":"Feature","id":2631,"geometry":{"type":"Point","coordinates":[-79.388797285345746,43.648507983906349]},"properties":{"OBJECTID":2631}},{"type":"Feature","id":2632,"geometry":{"type":"Point","coordinates":[-79.388145785744484,43.654828584749218]},"properties":{"OBJECTID":2632}},{"type":"Feature","id":2633,"geometry":{"type":"Point","coordinates":[-79.387157885626834,43.664375986631711]},"properties":{"OBJECTID":2633}},{"type":"Feature","id":2634,"geometry":{"type":"Point","coordinates":[-79.386774185962238,43.667787787482581]},"properties":{"OBJECTID":2634}},{"type":"Feature","id":2635,"geometry":{"type":"Point","coordinates":[-79.388247085680987,43.65241088506454]},"properties":{"OBJECTID":2635}},{"type":"Feature","id":2636,"geometry":{"type":"Point","coordinates":[-79.387416186106634,43.660525486358601]},"properties":{"OBJECTID":2636}},{"type":"Feature","id":2637,"geometry":{"type":"Point","coordinates":[-79.388669684939131,43.648201284263124]},"properties":{"OBJECTID":2637}},{"type":"Feature","id":2638,"geometry":{"type":"Point","coordinates":[-79.388522185618328,43.649232284248377]},"properties":{"OBJECTID":2638}},{"type":"Feature","id":2639,"geometry":{"type":"Point","coordinates":[-79.386416285820218,43.669373687438046]},"properties":{"OBJECTID":2639}},{"type":"Feature","id":2640,"geometry":{"type":"Point","coordinates":[-79.386560286446709,43.667316687080337]},"properties":{"OBJECTID":2640}},{"type":"Feature","id":2641,"geometry":{"type":"Point","coordinates":[-79.388073185001574,43.6520094844116]},"properties":{"OBJECTID":2641}},{"type":"Feature","id":2642,"geometry":{"type":"Point","coordinates":[-79.386490286150092,43.667168087539252]},"properties":{"OBJECTID":2642}},{"type":"Feature","id":2643,"geometry":{"type":"Point","coordinates":[-79.386924185873042,43.662355286266845]},"properties":{"OBJECTID":2643}},{"type":"Feature","id":2644,"geometry":{"type":"Point","coordinates":[-79.386349585794861,43.66788578719126]},"properties":{"OBJECTID":2644}},{"type":"Feature","id":2645,"geometry":{"type":"Point","coordinates":[-79.388388784603677,43.647576083792487]},"properties":{"OBJECTID":2645}},{"type":"Feature","id":2646,"geometry":{"type":"Point","coordinates":[-79.386740985676568,43.663371786897827]},"properties":{"OBJECTID":2646}},{"type":"Feature","id":2647,"geometry":{"type":"Point","coordinates":[-79.386343485980106,43.666812487533299]},"properties":{"OBJECTID":2647}},{"type":"Feature","id":2648,"geometry":{"type":"Point","coordinates":[-79.38774548510176,43.653073385175283]},"properties":{"OBJECTID":2648}},{"type":"Feature","id":2649,"geometry":{"type":"Point","coordinates":[-79.386142686885975,43.668735687397174]},"properties":{"OBJECTID":2649}},{"type":"Feature","id":2650,"geometry":{"type":"Point","coordinates":[-79.386255386728024,43.667616687077164]},"properties":{"OBJECTID":2650}},{"type":"Feature","id":2651,"geometry":{"type":"Point","coordinates":[-79.388664684872609,43.643983483243481]},"properties":{"OBJECTID":2651}},{"type":"Feature","id":2652,"geometry":{"type":"Point","coordinates":[-79.386108185769714,43.668648288059664]},"properties":{"OBJECTID":2652}},{"type":"Feature","id":2653,"geometry":{"type":"Point","coordinates":[-79.386881385889566,43.660988786507147]},"properties":{"OBJECTID":2653}},{"type":"Feature","id":2654,"geometry":{"type":"Point","coordinates":[-79.38740278509475,43.655713485205652]},"properties":{"OBJECTID":2654}},{"type":"Feature","id":2655,"geometry":{"type":"Point","coordinates":[-79.386258285784805,43.666515487119028]},"properties":{"OBJECTID":2655}},{"type":"Feature","id":2656,"geometry":{"type":"Point","coordinates":[-79.388849485014489,43.640466882478748]},"properties":{"OBJECTID":2656}},{"type":"Feature","id":2657,"geometry":{"type":"Point","coordinates":[-79.386182585895313,43.666510787264798]},"properties":{"OBJECTID":2657}},{"type":"Feature","id":2658,"geometry":{"type":"Point","coordinates":[-79.388829184090682,43.640379182120959]},"properties":{"OBJECTID":2658}},{"type":"Feature","id":2659,"geometry":{"type":"Point","coordinates":[-79.387717584996395,43.651160884082408]},"properties":{"OBJECTID":2659}},{"type":"Feature","id":2660,"geometry":{"type":"Point","coordinates":[-79.388144685342823,43.646969383830665]},"properties":{"OBJECTID":2660}},{"type":"Feature","id":2661,"geometry":{"type":"Point","coordinates":[-79.387665584608996,43.651032684719056]},"properties":{"OBJECTID":2661}},{"type":"Feature","id":2662,"geometry":{"type":"Point","coordinates":[-79.38579898586616,43.669199787978698]},"properties":{"OBJECTID":2662}},{"type":"Feature","id":2663,"geometry":{"type":"Point","coordinates":[-79.386650285334412,43.660668186470843]},"properties":{"OBJECTID":2663}},{"type":"Feature","id":2664,"geometry":{"type":"Point","coordinates":[-79.38740898566077,43.65314468501461]},"properties":{"OBJECTID":2664}},{"type":"Feature","id":2665,"geometry":{"type":"Point","coordinates":[-79.389980683748234,43.627889380269821]},"properties":{"OBJECTID":2665}},{"type":"Feature","id":2666,"geometry":{"type":"Point","coordinates":[-79.386550985248277,43.661465686555879]},"properties":{"OBJECTID":2666}},{"type":"Feature","id":2667,"geometry":{"type":"Point","coordinates":[-79.385841586668022,43.668003687246419]},"properties":{"OBJECTID":2667}},{"type":"Feature","id":2668,"geometry":{"type":"Point","coordinates":[-79.38869498486271,43.639975782726033]},"properties":{"OBJECTID":2668}},{"type":"Feature","id":2669,"geometry":{"type":"Point","coordinates":[-79.387693484520042,43.649782184175933]},"properties":{"OBJECTID":2669}},{"type":"Feature","id":2670,"geometry":{"type":"Point","coordinates":[-79.385935286453432,43.666908687088544]},"properties":{"OBJECTID":2670}},{"type":"Feature","id":2671,"geometry":{"type":"Point","coordinates":[-79.386368885347977,43.662483786153643]},"properties":{"OBJECTID":2671}},{"type":"Feature","id":2672,"geometry":{"type":"Point","coordinates":[-79.387409485649783,43.652286884713384]},"properties":{"OBJECTID":2672}},{"type":"Feature","id":2673,"geometry":{"type":"Point","coordinates":[-79.387105085275849,43.655013985047255]},"properties":{"OBJECTID":2673}},{"type":"Feature","id":2674,"geometry":{"type":"Point","coordinates":[-79.387512184919316,43.650679084409653]},"properties":{"OBJECTID":2674}},{"type":"Feature","id":2675,"geometry":{"type":"Point","coordinates":[-79.385912386137491,43.665867687074424]},"properties":{"OBJECTID":2675}},{"type":"Feature","id":2676,"geometry":{"type":"Point","coordinates":[-79.385602586101996,43.668759887652101]},"properties":{"OBJECTID":2676}},{"type":"Feature","id":2677,"geometry":{"type":"Point","coordinates":[-79.385803485608307,43.666593286996758]},"properties":{"OBJECTID":2677}},{"type":"Feature","id":2678,"geometry":{"type":"Point","coordinates":[-79.385664085418753,43.667568387248089]},"properties":{"OBJECTID":2678}},{"type":"Feature","id":2679,"geometry":{"type":"Point","coordinates":[-79.388509584798797,43.639303382151084]},"properties":{"OBJECTID":2679}},{"type":"Feature","id":2680,"geometry":{"type":"Point","coordinates":[-79.387461885187363,43.64913088438616]},"properties":{"OBJECTID":2680}},{"type":"Feature","id":2681,"geometry":{"type":"Point","coordinates":[-79.387413984619201,43.649140983803548]},"properties":{"OBJECTID":2681}},{"type":"Feature","id":2682,"geometry":{"type":"Point","coordinates":[-79.387076685733817,43.65235748452811]},"properties":{"OBJECTID":2682}},{"type":"Feature","id":2683,"geometry":{"type":"Point","coordinates":[-79.38727558552489,43.650262184380331]},"properties":{"OBJECTID":2683}},{"type":"Feature","id":2684,"geometry":{"type":"Point","coordinates":[-79.38609648567099,43.661572086031782]},"properties":{"OBJECTID":2684}},{"type":"Feature","id":2685,"geometry":{"type":"Point","coordinates":[-79.385705085231493,43.665371487065428]},"properties":{"OBJECTID":2685}},{"type":"Feature","id":2686,"geometry":{"type":"Point","coordinates":[-79.387347485094779,43.648825084303475]},"properties":{"OBJECTID":2686}},{"type":"Feature","id":2687,"geometry":{"type":"Point","coordinates":[-79.386377685310919,43.65818528552844]},"properties":{"OBJECTID":2687}},{"type":"Feature","id":2688,"geometry":{"type":"Point","coordinates":[-79.387123585398598,43.64990828399435]},"properties":{"OBJECTID":2688}},{"type":"Feature","id":2689,"geometry":{"type":"Point","coordinates":[-79.385304385484716,43.666698487474605]},"properties":{"OBJECTID":2689}},{"type":"Feature","id":2690,"geometry":{"type":"Point","coordinates":[-79.385719485237843,43.662610386230021]},"properties":{"OBJECTID":2690}},{"type":"Feature","id":2691,"geometry":{"type":"Point","coordinates":[-79.386187685676418,43.657754485789361]},"properties":{"OBJECTID":2691}},{"type":"Feature","id":2692,"geometry":{"type":"Point","coordinates":[-79.385102486501154,43.668265987372422]},"properties":{"OBJECTID":2692}},{"type":"Feature","id":2693,"geometry":{"type":"Point","coordinates":[-79.385851885985588,43.660817586750504]},"properties":{"OBJECTID":2693}},{"type":"Feature","id":2694,"geometry":{"type":"Point","coordinates":[-79.385443685918062,43.664745386623864]},"properties":{"OBJECTID":2694}},{"type":"Feature","id":2695,"geometry":{"type":"Point","coordinates":[-79.385249586274597,43.666572187385214]},"properties":{"OBJECTID":2695}},{"type":"Feature","id":2696,"geometry":{"type":"Point","coordinates":[-79.385985184998006,43.659066185724527]},"properties":{"OBJECTID":2696}},{"type":"Feature","id":2697,"geometry":{"type":"Point","coordinates":[-79.386300585607856,43.655951285423662]},"properties":{"OBJECTID":2697}},{"type":"Feature","id":2698,"geometry":{"type":"Point","coordinates":[-79.386783084495107,43.650829984210397]},"properties":{"OBJECTID":2698}},{"type":"Feature","id":2699,"geometry":{"type":"Point","coordinates":[-79.386868284727939,43.649256384211277]},"properties":{"OBJECTID":2699}},{"type":"Feature","id":2700,"geometry":{"type":"Point","coordinates":[-79.387707484254761,43.640928282615924]},"properties":{"OBJECTID":2700}},{"type":"Feature","id":2701,"geometry":{"type":"Point","coordinates":[-79.384967185978155,43.667714487580731]},"properties":{"OBJECTID":2701}},{"type":"Feature","id":2702,"geometry":{"type":"Point","coordinates":[-79.386426984699128,43.653366184881563]},"properties":{"OBJECTID":2702}},{"type":"Feature","id":2703,"geometry":{"type":"Point","coordinates":[-79.385178485712188,43.66480808725079]},"properties":{"OBJECTID":2703}},{"type":"Feature","id":2704,"geometry":{"type":"Point","coordinates":[-79.385036385293219,43.666065887221102]},"properties":{"OBJECTID":2704}},{"type":"Feature","id":2705,"geometry":{"type":"Point","coordinates":[-79.387609284448175,43.640857382867566]},"properties":{"OBJECTID":2705}},{"type":"Feature","id":2706,"geometry":{"type":"Point","coordinates":[-79.385103585057379,43.665120887390977]},"properties":{"OBJECTID":2706}},{"type":"Feature","id":2707,"geometry":{"type":"Point","coordinates":[-79.386274184465762,43.653407584683613]},"properties":{"OBJECTID":2707}},{"type":"Feature","id":2708,"geometry":{"type":"Point","coordinates":[-79.385874284618609,43.657008585998184]},"properties":{"OBJECTID":2708}},{"type":"Feature","id":2709,"geometry":{"type":"Point","coordinates":[-79.384944885052633,43.665842386774088]},"properties":{"OBJECTID":2709}},{"type":"Feature","id":2710,"geometry":{"type":"Point","coordinates":[-79.38535268581785,43.661724086793583]},"properties":{"OBJECTID":2710}},{"type":"Feature","id":2711,"geometry":{"type":"Point","coordinates":[-79.386450284402116,43.650891484445438]},"properties":{"OBJECTID":2711}},{"type":"Feature","id":2712,"geometry":{"type":"Point","coordinates":[-79.386005084919432,43.655242385207508]},"properties":{"OBJECTID":2712}},{"type":"Feature","id":2713,"geometry":{"type":"Point","coordinates":[-79.385662184806137,43.658326185435307]},"properties":{"OBJECTID":2713}},{"type":"Feature","id":2714,"geometry":{"type":"Point","coordinates":[-79.384994385069092,43.664858086600823]},"properties":{"OBJECTID":2714}},{"type":"Feature","id":2715,"geometry":{"type":"Point","coordinates":[-79.386611985274939,43.648640483749659]},"properties":{"OBJECTID":2715}},{"type":"Feature","id":2716,"geometry":{"type":"Point","coordinates":[-79.386437585163719,43.650053884326432]},"properties":{"OBJECTID":2716}},{"type":"Feature","id":2717,"geometry":{"type":"Point","coordinates":[-79.385971684477525,43.653565584950606]},"properties":{"OBJECTID":2717}},{"type":"Feature","id":2718,"geometry":{"type":"Point","coordinates":[-79.387392984030086,43.63961528286822]},"properties":{"OBJECTID":2718}},{"type":"Feature","id":2719,"geometry":{"type":"Point","coordinates":[-79.387221884431597,43.641250183005738]},"properties":{"OBJECTID":2719}},{"type":"Feature","id":2720,"geometry":{"type":"Point","coordinates":[-79.384337286186565,43.669014387560729]},"properties":{"OBJECTID":2720}},{"type":"Feature","id":2721,"geometry":{"type":"Point","coordinates":[-79.384546786019726,43.66672218776781]},"properties":{"OBJECTID":2721}},{"type":"Feature","id":2722,"geometry":{"type":"Point","coordinates":[-79.384755085389486,43.663790687310382]},"properties":{"OBJECTID":2722}},{"type":"Feature","id":2723,"geometry":{"type":"Point","coordinates":[-79.386356184032664,43.648006584340109]},"properties":{"OBJECTID":2723}},{"type":"Feature","id":2724,"geometry":{"type":"Point","coordinates":[-79.385177585190192,43.659243585948275]},"properties":{"OBJECTID":2724}},{"type":"Feature","id":2725,"geometry":{"type":"Point","coordinates":[-79.386095484983557,43.650121984541791]},"properties":{"OBJECTID":2725}},{"type":"Feature","id":2726,"geometry":{"type":"Point","coordinates":[-79.385482285369548,43.656121885223065]},"properties":{"OBJECTID":2726}},{"type":"Feature","id":2727,"geometry":{"type":"Point","coordinates":[-79.384566385706137,43.66492658740983]},"properties":{"OBJECTID":2727}},{"type":"Feature","id":2728,"geometry":{"type":"Point","coordinates":[-79.38715568347726,43.63951048264034]},"properties":{"OBJECTID":2728}},{"type":"Feature","id":2729,"geometry":{"type":"Point","coordinates":[-79.387031084542258,43.639930682505899]},"properties":{"OBJECTID":2729}},{"type":"Feature","id":2730,"geometry":{"type":"Point","coordinates":[-79.384736985605855,43.662334086211985]},"properties":{"OBJECTID":2730}},{"type":"Feature","id":2731,"geometry":{"type":"Point","coordinates":[-79.384348885022462,43.665970787502644]},"properties":{"OBJECTID":2731}},{"type":"Feature","id":2732,"geometry":{"type":"Point","coordinates":[-79.385568985351753,43.653784985084812]},"properties":{"OBJECTID":2732}},{"type":"Feature","id":2733,"geometry":{"type":"Point","coordinates":[-79.385526385132124,43.65411488557222]},"properties":{"OBJECTID":2733}},{"type":"Feature","id":2734,"geometry":{"type":"Point","coordinates":[-79.38697248371129,43.639803782772127]},"properties":{"OBJECTID":2734}},{"type":"Feature","id":2735,"geometry":{"type":"Point","coordinates":[-79.385498284723226,43.653807585518166]},"properties":{"OBJECTID":2735}},{"type":"Feature","id":2736,"geometry":{"type":"Point","coordinates":[-79.385474684938814,43.653823985000933]},"properties":{"OBJECTID":2736}},{"type":"Feature","id":2737,"geometry":{"type":"Point","coordinates":[-79.385453584565511,43.653932784876147]},"properties":{"OBJECTID":2737}},{"type":"Feature","id":2738,"geometry":{"type":"Point","coordinates":[-79.385455384819153,43.653846785286412]},"properties":{"OBJECTID":2738}},{"type":"Feature","id":2739,"geometry":{"type":"Point","coordinates":[-79.385447584595482,43.653896784790426]},"properties":{"OBJECTID":2739}},{"type":"Feature","id":2740,"geometry":{"type":"Point","coordinates":[-79.385448284476055,43.653869685480863]},"properties":{"OBJECTID":2740}},{"type":"Feature","id":2741,"geometry":{"type":"Point","coordinates":[-79.385105385486057,43.657161885748167]},"properties":{"OBJECTID":2741}},{"type":"Feature","id":2742,"geometry":{"type":"Point","coordinates":[-79.386099584002494,43.647399683620151]},"properties":{"OBJECTID":2742}},{"type":"Feature","id":2743,"geometry":{"type":"Point","coordinates":[-79.386861383587046,43.639552082140661]},"properties":{"OBJECTID":2743}},{"type":"Feature","id":2744,"geometry":{"type":"Point","coordinates":[-79.385196484808148,43.655423684955736]},"properties":{"OBJECTID":2744}},{"type":"Feature","id":2745,"geometry":{"type":"Point","coordinates":[-79.384862285236281,43.658504785876602]},"properties":{"OBJECTID":2745}},{"type":"Feature","id":2746,"geometry":{"type":"Point","coordinates":[-79.384406085593255,43.662913486469392]},"properties":{"OBJECTID":2746}},{"type":"Feature","id":2747,"geometry":{"type":"Point","coordinates":[-79.385886084748876,43.64842098397262]},"properties":{"OBJECTID":2747}},{"type":"Feature","id":2748,"geometry":{"type":"Point","coordinates":[-79.383895085136047,43.666511787705495]},"properties":{"OBJECTID":2748}},{"type":"Feature","id":2749,"geometry":{"type":"Point","coordinates":[-79.385769084219561,43.648143283766601]},"properties":{"OBJECTID":2749}},{"type":"Feature","id":2750,"geometry":{"type":"Point","coordinates":[-79.384140685635813,43.66390538709841]},"properties":{"OBJECTID":2750}},{"type":"Feature","id":2751,"geometry":{"type":"Point","coordinates":[-79.38380298479558,43.666886287782219]},"properties":{"OBJECTID":2751}},{"type":"Feature","id":2752,"geometry":{"type":"Point","coordinates":[-79.38469338527095,43.658095485576212]},"properties":{"OBJECTID":2752}},{"type":"Feature","id":2753,"geometry":{"type":"Point","coordinates":[-79.386631483396542,43.638752082112688]},"properties":{"OBJECTID":2753}},{"type":"Feature","id":2754,"geometry":{"type":"Point","coordinates":[-79.384200384708379,43.662455686256926]},"properties":{"OBJECTID":2754}},{"type":"Feature","id":2755,"geometry":{"type":"Point","coordinates":[-79.383934285537222,43.665059086979838]},"properties":{"OBJECTID":2755}},{"type":"Feature","id":2756,"geometry":{"type":"Point","coordinates":[-79.386587484050352,43.63885388279013]},"properties":{"OBJECTID":2756}},{"type":"Feature","id":2757,"geometry":{"type":"Point","coordinates":[-79.38554758446034,43.648950784208637]},"properties":{"OBJECTID":2757}},{"type":"Feature","id":2758,"geometry":{"type":"Point","coordinates":[-79.385511484464985,43.648881784469474]},"properties":{"OBJECTID":2758}},{"type":"Feature","id":2759,"geometry":{"type":"Point","coordinates":[-79.384748685202368,43.656277885539318]},"properties":{"OBJECTID":2759}},{"type":"Feature","id":2760,"geometry":{"type":"Point","coordinates":[-79.383664085375386,43.666555787106816]},"properties":{"OBJECTID":2760}},{"type":"Feature","id":2761,"geometry":{"type":"Point","coordinates":[-79.384831784224261,43.654554585224012]},"properties":{"OBJECTID":2761}},{"type":"Feature","id":2762,"geometry":{"type":"Point","coordinates":[-79.383146285580764,43.671047188192262]},"properties":{"OBJECTID":2762}},{"type":"Feature","id":2763,"geometry":{"type":"Point","coordinates":[-79.384000185362495,43.662009586857707]},"properties":{"OBJECTID":2763}},{"type":"Feature","id":2764,"geometry":{"type":"Point","coordinates":[-79.383236385276518,43.669255588234783]},"properties":{"OBJECTID":2764}},{"type":"Feature","id":2765,"geometry":{"type":"Point","coordinates":[-79.385451484580287,43.647525683649832]},"properties":{"OBJECTID":2765}},{"type":"Feature","id":2766,"geometry":{"type":"Point","coordinates":[-79.383706985151576,43.664521986608911]},"properties":{"OBJECTID":2766}},{"type":"Feature","id":2767,"geometry":{"type":"Point","coordinates":[-79.385338384321685,43.648541683966819]},"properties":{"OBJECTID":2767}},{"type":"Feature","id":2768,"geometry":{"type":"Point","coordinates":[-79.385552784004389,43.646059383980536]},"properties":{"OBJECTID":2768}},{"type":"Feature","id":2769,"geometry":{"type":"Point","coordinates":[-79.385103084521376,43.650347984233804]},"properties":{"OBJECTID":2769}},{"type":"Feature","id":2770,"geometry":{"type":"Point","coordinates":[-79.384372184477485,43.657314985354162]},"properties":{"OBJECTID":2770}},{"type":"Feature","id":2771,"geometry":{"type":"Point","coordinates":[-79.383782685366128,43.663044086714017]},"properties":{"OBJECTID":2771}},{"type":"Feature","id":2772,"geometry":{"type":"Point","coordinates":[-79.384666784582123,43.654132385479073]},"properties":{"OBJECTID":2772}},{"type":"Feature","id":2773,"geometry":{"type":"Point","coordinates":[-79.384955684551258,43.651219184341883]},"properties":{"OBJECTID":2773}},{"type":"Feature","id":2774,"geometry":{"type":"Point","coordinates":[-79.384655083978259,43.654105185251083]},"properties":{"OBJECTID":2774}},{"type":"Feature","id":2775,"geometry":{"type":"Point","coordinates":[-79.383731384799788,43.662912186474799]},"properties":{"OBJECTID":2775}},{"type":"Feature","id":2776,"geometry":{"type":"Point","coordinates":[-79.384630784263237,43.654086884849647]},"properties":{"OBJECTID":2776}},{"type":"Feature","id":2777,"geometry":{"type":"Point","coordinates":[-79.384594385007887,43.654059385565667]},"properties":{"OBJECTID":2777}},{"type":"Feature","id":2778,"geometry":{"type":"Point","coordinates":[-79.385183084097818,43.648287183840083]},"properties":{"OBJECTID":2778}},{"type":"Feature","id":2779,"geometry":{"type":"Point","coordinates":[-79.385991684261242,43.640107282948293]},"properties":{"OBJECTID":2779}},{"type":"Feature","id":2780,"geometry":{"type":"Point","coordinates":[-79.384545284014109,43.654040685007523]},"properties":{"OBJECTID":2780}},{"type":"Feature","id":2781,"geometry":{"type":"Point","coordinates":[-79.383483584510827,43.66399828652073]},"properties":{"OBJECTID":2781}},{"type":"Feature","id":2782,"geometry":{"type":"Point","coordinates":[-79.38449538471815,43.654048985612661]},"properties":{"OBJECTID":2782}},{"type":"Feature","id":2783,"geometry":{"type":"Point","coordinates":[-79.383720585336135,43.661260186116195]},"properties":{"OBJECTID":2783}},{"type":"Feature","id":2784,"geometry":{"type":"Point","coordinates":[-79.384885983911175,43.649806684679099]},"properties":{"OBJECTID":2784}},{"type":"Feature","id":2785,"geometry":{"type":"Point","coordinates":[-79.382798085279362,43.670159887883194]},"properties":{"OBJECTID":2785}},{"type":"Feature","id":2786,"geometry":{"type":"Point","coordinates":[-79.384395984353532,43.654056585060744]},"properties":{"OBJECTID":2786}},{"type":"Feature","id":2787,"geometry":{"type":"Point","coordinates":[-79.383969384136464,43.657403985890099]},"properties":{"OBJECTID":2787}},{"type":"Feature","id":2788,"geometry":{"type":"Point","coordinates":[-79.384641784280419,43.650440484449973]},"properties":{"OBJECTID":2788}},{"type":"Feature","id":2789,"geometry":{"type":"Point","coordinates":[-79.384012883897483,43.656436985864282]},"properties":{"OBJECTID":2789}},{"type":"Feature","id":2790,"geometry":{"type":"Point","coordinates":[-79.383283184619813,43.663524286571594]},"properties":{"OBJECTID":2790}},{"type":"Feature","id":2791,"geometry":{"type":"Point","coordinates":[-79.38341038538816,43.662137086520431]},"properties":{"OBJECTID":2791}},{"type":"Feature","id":2792,"geometry":{"type":"Point","coordinates":[-79.383365684788501,43.662031586512832]},"properties":{"OBJECTID":2792}},{"type":"Feature","id":2793,"geometry":{"type":"Point","coordinates":[-79.384107284630417,43.654707385722681]},"properties":{"OBJECTID":2793}},{"type":"Feature","id":2794,"geometry":{"type":"Point","coordinates":[-79.384803084594836,43.647660583948664]},"properties":{"OBJECTID":2794}},{"type":"Feature","id":2795,"geometry":{"type":"Point","coordinates":[-79.382809784429682,43.667111787629523]},"properties":{"OBJECTID":2795}},{"type":"Feature","id":2796,"geometry":{"type":"Point","coordinates":[-79.383803784702977,43.657007086133284]},"properties":{"OBJECTID":2796}},{"type":"Feature","id":2797,"geometry":{"type":"Point","coordinates":[-79.384904384247761,43.646194283701675]},"properties":{"OBJECTID":2797}},{"type":"Feature","id":2798,"geometry":{"type":"Point","coordinates":[-79.385016884299887,43.644773283193111]},"properties":{"OBJECTID":2798}},{"type":"Feature","id":2799,"geometry":{"type":"Point","coordinates":[-79.382473585251859,43.669415187631223]},"properties":{"OBJECTID":2799}},{"type":"Feature","id":2800,"geometry":{"type":"Point","coordinates":[-79.383587384879121,43.658312986359014]},"properties":{"OBJECTID":2800}},{"type":"Feature","id":2801,"geometry":{"type":"Point","coordinates":[-79.383088185350644,43.663050886465513]},"properties":{"OBJECTID":2801}},{"type":"Feature","id":2802,"geometry":{"type":"Point","coordinates":[-79.385437383501994,43.639719082516521]},"properties":{"OBJECTID":2802}},{"type":"Feature","id":2803,"geometry":{"type":"Point","coordinates":[-79.384760583744011,43.646229883654236]},"properties":{"OBJECTID":2803}},{"type":"Feature","id":2804,"geometry":{"type":"Point","coordinates":[-79.382651585531988,43.666742487419732]},"properties":{"OBJECTID":2804}},{"type":"Feature","id":2805,"geometry":{"type":"Point","coordinates":[-79.383732084463276,43.655726685934532]},"properties":{"OBJECTID":2805}},{"type":"Feature","id":2806,"geometry":{"type":"Point","coordinates":[-79.385431983660041,43.638994682444441]},"properties":{"OBJECTID":2806}},{"type":"Feature","id":2807,"geometry":{"type":"Point","coordinates":[-79.384396684048937,43.648734883954099]},"properties":{"OBJECTID":2807}},{"type":"Feature","id":2808,"geometry":{"type":"Point","coordinates":[-79.383095885035431,43.661376286443357]},"properties":{"OBJECTID":2808}},{"type":"Feature","id":2809,"geometry":{"type":"Point","coordinates":[-79.384803083968649,43.644281283309837]},"properties":{"OBJECTID":2809}},{"type":"Feature","id":2810,"geometry":{"type":"Point","coordinates":[-79.384643983220414,43.645671784084399]},"properties":{"OBJECTID":2810}},{"type":"Feature","id":2811,"geometry":{"type":"Point","coordinates":[-79.384278283940674,43.648470584018362]},"properties":{"OBJECTID":2811}},{"type":"Feature","id":2812,"geometry":{"type":"Point","coordinates":[-79.384553684238142,43.645692483660476]},"properties":{"OBJECTID":2812}},{"type":"Feature","id":2813,"geometry":{"type":"Point","coordinates":[-79.382364185288836,43.666805087456027]},"properties":{"OBJECTID":2813}},{"type":"Feature","id":2814,"geometry":{"type":"Point","coordinates":[-79.384104884144577,43.649190284533752]},"properties":{"OBJECTID":2814}},{"type":"Feature","id":2815,"geometry":{"type":"Point","coordinates":[-79.385010883310756,43.640135383046207]},"properties":{"OBJECTID":2815}},{"type":"Feature","id":2816,"geometry":{"type":"Point","coordinates":[-79.382736884025192,43.662162586756253]},"properties":{"OBJECTID":2816}},{"type":"Feature","id":2817,"geometry":{"type":"Point","coordinates":[-79.381946584545972,43.669529887718284]},"properties":{"OBJECTID":2817}},{"type":"Feature","id":2818,"geometry":{"type":"Point","coordinates":[-79.382029884819787,43.668353288069561]},"properties":{"OBJECTID":2818}},{"type":"Feature","id":2819,"geometry":{"type":"Point","coordinates":[-79.384335383898019,43.645742583665466]},"properties":{"OBJECTID":2819}},{"type":"Feature","id":2820,"geometry":{"type":"Point","coordinates":[-79.382413984752759,43.663713187253045]},"properties":{"OBJECTID":2820}},{"type":"Feature","id":2821,"geometry":{"type":"Point","coordinates":[-79.384093483700454,43.646380983583704]},"properties":{"OBJECTID":2821}},{"type":"Feature","id":2822,"geometry":{"type":"Point","coordinates":[-79.383824083811021,43.64856508460948]},"properties":{"OBJECTID":2822}},{"type":"Feature","id":2823,"geometry":{"type":"Point","coordinates":[-79.381725485242356,43.668974588349869]},"properties":{"OBJECTID":2823}},{"type":"Feature","id":2824,"geometry":{"type":"Point","coordinates":[-79.383164583990791,43.654325185070846]},"properties":{"OBJECTID":2824}},{"type":"Feature","id":2825,"geometry":{"type":"Point","coordinates":[-79.382427285040038,43.661375886166496]},"properties":{"OBJECTID":2825}},{"type":"Feature","id":2826,"geometry":{"type":"Point","coordinates":[-79.383978683120034,43.646192884064718]},"properties":{"OBJECTID":2826}},{"type":"Feature","id":2827,"geometry":{"type":"Point","coordinates":[-79.381487584635138,43.670456488556439]},"properties":{"OBJECTID":2827}},{"type":"Feature","id":2828,"geometry":{"type":"Point","coordinates":[-79.384022183192542,43.644977783338597]},"properties":{"OBJECTID":2828}},{"type":"Feature","id":2829,"geometry":{"type":"Point","coordinates":[-79.383886583709227,43.645848383582752]},"properties":{"OBJECTID":2829}},{"type":"Feature","id":2830,"geometry":{"type":"Point","coordinates":[-79.381629184967281,43.66737488786341]},"properties":{"OBJECTID":2830}},{"type":"Feature","id":2831,"geometry":{"type":"Point","coordinates":[-79.381515084896449,43.668458287824258]},"properties":{"OBJECTID":2831}},{"type":"Feature","id":2832,"geometry":{"type":"Point","coordinates":[-79.382491983615651,43.658852186120782]},"properties":{"OBJECTID":2832}},{"type":"Feature","id":2833,"geometry":{"type":"Point","coordinates":[-79.383822283883688,43.645736084058051]},"properties":{"OBJECTID":2833}},{"type":"Feature","id":2834,"geometry":{"type":"Point","coordinates":[-79.383784683237991,43.645872384019263]},"properties":{"OBJECTID":2834}},{"type":"Feature","id":2835,"geometry":{"type":"Point","coordinates":[-79.383568484199913,43.647922184311803]},"properties":{"OBJECTID":2835}},{"type":"Feature","id":2836,"geometry":{"type":"Point","coordinates":[-79.3814472842827,43.668473188232738]},"properties":{"OBJECTID":2836}},{"type":"Feature","id":2837,"geometry":{"type":"Point","coordinates":[-79.381345485027296,43.669056387663858]},"properties":{"OBJECTID":2837}},{"type":"Feature","id":2838,"geometry":{"type":"Point","coordinates":[-79.382376784348779,43.658590186197408]},"properties":{"OBJECTID":2838}},{"type":"Feature","id":2839,"geometry":{"type":"Point","coordinates":[-79.382442484153302,43.657715985584765]},"properties":{"OBJECTID":2839}},{"type":"Feature","id":2840,"geometry":{"type":"Point","coordinates":[-79.383998883410541,43.642392183121196]},"properties":{"OBJECTID":2840}},{"type":"Feature","id":2841,"geometry":{"type":"Point","coordinates":[-79.381560084408704,43.666054987028602]},"properties":{"OBJECTID":2841}},{"type":"Feature","id":2842,"geometry":{"type":"Point","coordinates":[-79.382099084654698,43.66055328604385]},"properties":{"OBJECTID":2842}},{"type":"Feature","id":2843,"geometry":{"type":"Point","coordinates":[-79.382100283700566,43.660516486051286]},"properties":{"OBJECTID":2843}},{"type":"Feature","id":2844,"geometry":{"type":"Point","coordinates":[-79.382087184756315,43.6605854864439]},"properties":{"OBJECTID":2844}},{"type":"Feature","id":2845,"geometry":{"type":"Point","coordinates":[-79.382074784750486,43.660605586238518]},"properties":{"OBJECTID":2845}},{"type":"Feature","id":2846,"geometry":{"type":"Point","coordinates":[-79.382087184589693,43.660454586294946]},"properties":{"OBJECTID":2846}},{"type":"Feature","id":2847,"geometry":{"type":"Point","coordinates":[-79.38204788368958,43.660623486797725]},"properties":{"OBJECTID":2847}},{"type":"Feature","id":2848,"geometry":{"type":"Point","coordinates":[-79.382272784251896,43.658344886237785]},"properties":{"OBJECTID":2848}},{"type":"Feature","id":2849,"geometry":{"type":"Point","coordinates":[-79.381404184045223,43.666832287127789]},"properties":{"OBJECTID":2849}},{"type":"Feature","id":2850,"geometry":{"type":"Point","coordinates":[-79.381353485112101,43.666704687406316]},"properties":{"OBJECTID":2850}},{"type":"Feature","id":2851,"geometry":{"type":"Point","coordinates":[-79.381961983950177,43.660648986868566]},"properties":{"OBJECTID":2851}},{"type":"Feature","id":2852,"geometry":{"type":"Point","coordinates":[-79.382289684175831,43.657327585817647]},"properties":{"OBJECTID":2852}},{"type":"Feature","id":2853,"geometry":{"type":"Point","coordinates":[-79.382091883631688,43.659104385728789]},"properties":{"OBJECTID":2853}},{"type":"Feature","id":2854,"geometry":{"type":"Point","coordinates":[-79.381389485097841,43.665626787037944]},"properties":{"OBJECTID":2854}},{"type":"Feature","id":2855,"geometry":{"type":"Point","coordinates":[-79.382241183671439,43.657203385662243]},"properties":{"OBJECTID":2855}},{"type":"Feature","id":2856,"geometry":{"type":"Point","coordinates":[-79.381938383707791,43.660121486210528]},"properties":{"OBJECTID":2856}},{"type":"Feature","id":2857,"geometry":{"type":"Point","coordinates":[-79.383460182911932,43.645086183673406]},"properties":{"OBJECTID":2857}},{"type":"Feature","id":2858,"geometry":{"type":"Point","coordinates":[-79.38191938458931,43.6600904866253]},"properties":{"OBJECTID":2858}},{"type":"Feature","id":2859,"geometry":{"type":"Point","coordinates":[-79.38333398318477,43.646105183575131]},"properties":{"OBJECTID":2859}},{"type":"Feature","id":2860,"geometry":{"type":"Point","coordinates":[-79.382627083276546,43.652969084830708]},"properties":{"OBJECTID":2860}},{"type":"Feature","id":2861,"geometry":{"type":"Point","coordinates":[-79.381895584165264,43.660071486785313]},"properties":{"OBJECTID":2861}},{"type":"Feature","id":2862,"geometry":{"type":"Point","coordinates":[-79.381876483891048,43.660060886343608]},"properties":{"OBJECTID":2862}},{"type":"Feature","id":2863,"geometry":{"type":"Point","coordinates":[-79.383298283333843,43.645978384112674]},"properties":{"OBJECTID":2863}},{"type":"Feature","id":2864,"geometry":{"type":"Point","coordinates":[-79.381840184680257,43.660049386243372]},"properties":{"OBJECTID":2864}},{"type":"Feature","id":2865,"geometry":{"type":"Point","coordinates":[-79.383351683613697,43.645109783888287]},"properties":{"OBJECTID":2865}},{"type":"Feature","id":2866,"geometry":{"type":"Point","coordinates":[-79.381802083523581,43.660046586021856]},"properties":{"OBJECTID":2866}},{"type":"Feature","id":2867,"geometry":{"type":"Point","coordinates":[-79.38366768348196,43.641595182645972]},"properties":{"OBJECTID":2867}},{"type":"Feature","id":2868,"geometry":{"type":"Point","coordinates":[-79.381915183472472,43.658681385888151]},"properties":{"OBJECTID":2868}},{"type":"Feature","id":2869,"geometry":{"type":"Point","coordinates":[-79.382658583582938,43.650871584392441]},"properties":{"OBJECTID":2869}},{"type":"Feature","id":2870,"geometry":{"type":"Point","coordinates":[-79.381100784575892,43.666103587269966]},"properties":{"OBJECTID":2870}},{"type":"Feature","id":2871,"geometry":{"type":"Point","coordinates":[-79.381717384647061,43.660060286006775]},"properties":{"OBJECTID":2871}},{"type":"Feature","id":2872,"geometry":{"type":"Point","coordinates":[-79.381711283636946,43.659575686089632]},"properties":{"OBJECTID":2872}},{"type":"Feature","id":2873,"geometry":{"type":"Point","coordinates":[-79.383020983865364,43.646608883529325]},"properties":{"OBJECTID":2873}},{"type":"Feature","id":2874,"geometry":{"type":"Point","coordinates":[-79.381605083852222,43.660085686460114]},"properties":{"OBJECTID":2874}},{"type":"Feature","id":2875,"geometry":{"type":"Point","coordinates":[-79.381588484055783,43.660089686731531]},"properties":{"OBJECTID":2875}},{"type":"Feature","id":2876,"geometry":{"type":"Point","coordinates":[-79.381120383992695,43.664516186936631]},"properties":{"OBJECTID":2876}},{"type":"Feature","id":2877,"geometry":{"type":"Point","coordinates":[-79.382415383825915,43.651762884859366]},"properties":{"OBJECTID":2877}},{"type":"Feature","id":2878,"geometry":{"type":"Point","coordinates":[-79.382336684134174,43.652234385205084]},"properties":{"OBJECTID":2878}},{"type":"Feature","id":2879,"geometry":{"type":"Point","coordinates":[-79.380945084963898,43.665721787142687]},"properties":{"OBJECTID":2879}},{"type":"Feature","id":2880,"geometry":{"type":"Point","coordinates":[-79.382389183961209,43.650282584285208]},"properties":{"OBJECTID":2880}},{"type":"Feature","id":2881,"geometry":{"type":"Point","coordinates":[-79.382803182785395,43.646079883950584]},"properties":{"OBJECTID":2881}},{"type":"Feature","id":2882,"geometry":{"type":"Point","coordinates":[-79.381454484234567,43.659228186381036]},"properties":{"OBJECTID":2882}},{"type":"Feature","id":2883,"geometry":{"type":"Point","coordinates":[-79.381576783808413,43.657906285664197]},"properties":{"OBJECTID":2883}},{"type":"Feature","id":2884,"geometry":{"type":"Point","coordinates":[-79.382764883248967,43.645977784154148]},"properties":{"OBJECTID":2884}},{"type":"Feature","id":2885,"geometry":{"type":"Point","coordinates":[-79.380462384805668,43.668152287462121]},"properties":{"OBJECTID":2885}},{"type":"Feature","id":2886,"geometry":{"type":"Point","coordinates":[-79.383273882988092,43.640502782704573]},"properties":{"OBJECTID":2886}},{"type":"Feature","id":2887,"geometry":{"type":"Point","coordinates":[-79.380577483993932,43.666277387192395]},"properties":{"OBJECTID":2887}},{"type":"Feature","id":2888,"geometry":{"type":"Point","coordinates":[-79.383177982331631,43.640341383153832]},"properties":{"OBJECTID":2888}},{"type":"Feature","id":2889,"geometry":{"type":"Point","coordinates":[-79.383139182351925,43.640278582398089]},"properties":{"OBJECTID":2889}},{"type":"Feature","id":2890,"geometry":{"type":"Point","coordinates":[-79.380047483857922,43.67042608850597]},"properties":{"OBJECTID":2890}},{"type":"Feature","id":2891,"geometry":{"type":"Point","coordinates":[-79.381362084262449,43.657404286026647]},"properties":{"OBJECTID":2891}},{"type":"Feature","id":2892,"geometry":{"type":"Point","coordinates":[-79.380724983540688,43.663567086820677]},"properties":{"OBJECTID":2892}},{"type":"Feature","id":2893,"geometry":{"type":"Point","coordinates":[-79.381634283535178,43.654423985802296]},"properties":{"OBJECTID":2893}},{"type":"Feature","id":2894,"geometry":{"type":"Point","coordinates":[-79.382121983531405,43.649612484282876]},"properties":{"OBJECTID":2894}},{"type":"Feature","id":2895,"geometry":{"type":"Point","coordinates":[-79.382782683136796,43.642640482873247]},"properties":{"OBJECTID":2895}},{"type":"Feature","id":2896,"geometry":{"type":"Point","coordinates":[-79.38049708466238,43.664650287570559]},"properties":{"OBJECTID":2896}},{"type":"Feature","id":2897,"geometry":{"type":"Point","coordinates":[-79.382474483520767,43.645300883633986]},"properties":{"OBJECTID":2897}},{"type":"Feature","id":2898,"geometry":{"type":"Point","coordinates":[-79.381201484185681,43.657027086042802]},"properties":{"OBJECTID":2898}},{"type":"Feature","id":2899,"geometry":{"type":"Point","coordinates":[-79.381493883114629,43.654052885158329]},"properties":{"OBJECTID":2899}},{"type":"Feature","id":2900,"geometry":{"type":"Point","coordinates":[-79.381708883331598,43.651895684823486]},"properties":{"OBJECTID":2900}},{"type":"Feature","id":2901,"geometry":{"type":"Point","coordinates":[-79.381789882811631,43.65106538476288]},"properties":{"OBJECTID":2901}},{"type":"Feature","id":2902,"geometry":{"type":"Point","coordinates":[-79.379852584762602,43.669978188294266]},"properties":{"OBJECTID":2902}},{"type":"Feature","id":2903,"geometry":{"type":"Point","coordinates":[-79.380014183771166,43.667131187295254]},"properties":{"OBJECTID":2903}},{"type":"Feature","id":2904,"geometry":{"type":"Point","coordinates":[-79.380785384309263,43.659360986526735]},"properties":{"OBJECTID":2904}},{"type":"Feature","id":2905,"geometry":{"type":"Point","coordinates":[-79.379655583803128,43.670376988021673]},"properties":{"OBJECTID":2905}},{"type":"Feature","id":2906,"geometry":{"type":"Point","coordinates":[-79.382255682980926,43.644818084055871]},"properties":{"OBJECTID":2906}},{"type":"Feature","id":2907,"geometry":{"type":"Point","coordinates":[-79.382782883038644,43.639614982675525]},"properties":{"OBJECTID":2907}},{"type":"Feature","id":2908,"geometry":{"type":"Point","coordinates":[-79.382762083150638,43.639444982502077]},"properties":{"OBJECTID":2908}},{"type":"Feature","id":2909,"geometry":{"type":"Point","coordinates":[-79.382704582625692,43.639455282981579]},"properties":{"OBJECTID":2909}},{"type":"Feature","id":2910,"geometry":{"type":"Point","coordinates":[-79.381529482781687,43.650468284487111]},"properties":{"OBJECTID":2910}},{"type":"Feature","id":2911,"geometry":{"type":"Point","coordinates":[-79.380916583690265,43.656330985973277]},"properties":{"OBJECTID":2911}},{"type":"Feature","id":2912,"geometry":{"type":"Point","coordinates":[-79.379810183903629,43.666876187738211]},"properties":{"OBJECTID":2912}},{"type":"Feature","id":2913,"geometry":{"type":"Point","coordinates":[-79.380757383772973,43.657552986305184]},"properties":{"OBJECTID":2913}},{"type":"Feature","id":2914,"geometry":{"type":"Point","coordinates":[-79.381175082750914,43.653291385272482]},"properties":{"OBJECTID":2914}},{"type":"Feature","id":2915,"geometry":{"type":"Point","coordinates":[-79.380106383905073,43.663701986649791]},"properties":{"OBJECTID":2915}},{"type":"Feature","id":2916,"geometry":{"type":"Point","coordinates":[-79.382437382744484,43.640636583226751]},"properties":{"OBJECTID":2916}},{"type":"Feature","id":2917,"geometry":{"type":"Point","coordinates":[-79.381323783301255,43.651167884899401]},"properties":{"OBJECTID":2917}},{"type":"Feature","id":2918,"geometry":{"type":"Point","coordinates":[-79.379491483835594,43.66903328838572]},"properties":{"OBJECTID":2918}},{"type":"Feature","id":2919,"geometry":{"type":"Point","coordinates":[-79.379151884653169,43.671896088982479]},"properties":{"OBJECTID":2919}},{"type":"Feature","id":2920,"geometry":{"type":"Point","coordinates":[-79.3794428839754,43.668895788101231]},"properties":{"OBJECTID":2920}},{"type":"Feature","id":2921,"geometry":{"type":"Point","coordinates":[-79.379851784032766,43.66479008762424]},"properties":{"OBJECTID":2921}},{"type":"Feature","id":2922,"geometry":{"type":"Point","coordinates":[-79.379054284389468,43.671916588186384]},"properties":{"OBJECTID":2922}},{"type":"Feature","id":2923,"geometry":{"type":"Point","coordinates":[-79.381752082605317,43.64552118334219]},"properties":{"OBJECTID":2923}},{"type":"Feature","id":2924,"geometry":{"type":"Point","coordinates":[-79.380651082959318,43.655712785910431]},"properties":{"OBJECTID":2924}},{"type":"Feature","id":2925,"geometry":{"type":"Point","coordinates":[-79.381697482799154,43.645375184174924]},"properties":{"OBJECTID":2925}},{"type":"Feature","id":2926,"geometry":{"type":"Point","coordinates":[-79.381067083245981,43.650569984685909]},"properties":{"OBJECTID":2926}},{"type":"Feature","id":2927,"geometry":{"type":"Point","coordinates":[-79.379655283198503,43.663786186931169]},"properties":{"OBJECTID":2927}},{"type":"Feature","id":2928,"geometry":{"type":"Point","coordinates":[-79.379608484223624,43.66417818685624]},"properties":{"OBJECTID":2928}},{"type":"Feature","id":2929,"geometry":{"type":"Point","coordinates":[-79.379737383157519,43.662811486609719]},"properties":{"OBJECTID":2929}},{"type":"Feature","id":2930,"geometry":{"type":"Point","coordinates":[-79.379012983467305,43.669720888037588]},"properties":{"OBJECTID":2930}},{"type":"Feature","id":2931,"geometry":{"type":"Point","coordinates":[-79.378856284410489,43.670927988818356]},"properties":{"OBJECTID":2931}},{"type":"Feature","id":2932,"geometry":{"type":"Point","coordinates":[-79.380165783847332,43.657701085948432]},"properties":{"OBJECTID":2932}},{"type":"Feature","id":2933,"geometry":{"type":"Point","coordinates":[-79.381387982429601,43.64559568415855]},"properties":{"OBJECTID":2933}},{"type":"Feature","id":2934,"geometry":{"type":"Point","coordinates":[-79.380710582495155,43.65214088513148]},"properties":{"OBJECTID":2934}},{"type":"Feature","id":2935,"geometry":{"type":"Point","coordinates":[-79.3793411840999,43.665442787003315]},"properties":{"OBJECTID":2935}},{"type":"Feature","id":2936,"geometry":{"type":"Point","coordinates":[-79.379458084317491,43.663827886833808]},"properties":{"OBJECTID":2936}},{"type":"Feature","id":2937,"geometry":{"type":"Point","coordinates":[-79.37903738347849,43.667936688167799]},"properties":{"OBJECTID":2937}},{"type":"Feature","id":2938,"geometry":{"type":"Point","coordinates":[-79.381327182094466,43.645453084152194]},"properties":{"OBJECTID":2938}},{"type":"Feature","id":2939,"geometry":{"type":"Point","coordinates":[-79.380800982723329,43.649894584244947]},"properties":{"OBJECTID":2939}},{"type":"Feature","id":2940,"geometry":{"type":"Point","coordinates":[-79.381471182068239,43.642913383200501]},"properties":{"OBJECTID":2940}},{"type":"Feature","id":2941,"geometry":{"type":"Point","coordinates":[-79.378571183762134,43.670250588684794]},"properties":{"OBJECTID":2941}},{"type":"Feature","id":2942,"geometry":{"type":"Point","coordinates":[-79.3800367837799,43.655844285380702]},"properties":{"OBJECTID":2942}},{"type":"Feature","id":2943,"geometry":{"type":"Point","coordinates":[-79.379092783714526,43.664957187458796]},"properties":{"OBJECTID":2943}},{"type":"Feature","id":2944,"geometry":{"type":"Point","coordinates":[-79.380639083116449,43.649525384430561]},"properties":{"OBJECTID":2944}},{"type":"Feature","id":2945,"geometry":{"type":"Point","coordinates":[-79.379361583850155,43.661881686621861]},"properties":{"OBJECTID":2945}},{"type":"Feature","id":2946,"geometry":{"type":"Point","coordinates":[-79.378686983697065,43.667130387487113]},"properties":{"OBJECTID":2946}},{"type":"Feature","id":2947,"geometry":{"type":"Point","coordinates":[-79.379959883436328,43.654078985105279]},"properties":{"OBJECTID":2947}},{"type":"Feature","id":2948,"geometry":{"type":"Point","coordinates":[-79.378218284462633,43.671068188514539]},"properties":{"OBJECTID":2948}},{"type":"Feature","id":2949,"geometry":{"type":"Point","coordinates":[-79.378279484033342,43.669557087785712]},"properties":{"OBJECTID":2949}},{"type":"Feature","id":2950,"geometry":{"type":"Point","coordinates":[-79.379105583923774,43.661256786291418]},"properties":{"OBJECTID":2950}},{"type":"Feature","id":2951,"geometry":{"type":"Point","coordinates":[-79.378950283036161,43.662524887145103]},"properties":{"OBJECTID":2951}},{"type":"Feature","id":2952,"geometry":{"type":"Point","coordinates":[-79.380584482747182,43.646429383971842]},"properties":{"OBJECTID":2952}},{"type":"Feature","id":2953,"geometry":{"type":"Point","coordinates":[-79.378886583789338,43.66299028723131]},"properties":{"OBJECTID":2953}},{"type":"Feature","id":2954,"geometry":{"type":"Point","coordinates":[-79.379566482974951,43.656293385400055]},"properties":{"OBJECTID":2954}},{"type":"Feature","id":2955,"geometry":{"type":"Point","coordinates":[-79.381008282269875,43.641760983595752]},"properties":{"OBJECTID":2955}},{"type":"Feature","id":2956,"geometry":{"type":"Point","coordinates":[-79.37870958320994,43.663988287000706]},"properties":{"OBJECTID":2956}},{"type":"Feature","id":2957,"geometry":{"type":"Point","coordinates":[-79.380275482157074,43.648649884139012]},"properties":{"OBJECTID":2957}},{"type":"Feature","id":2958,"geometry":{"type":"Point","coordinates":[-79.378111684302539,43.669148087774495]},"properties":{"OBJECTID":2958}},{"type":"Feature","id":2959,"geometry":{"type":"Point","coordinates":[-79.37944958270792,43.655979185685908]},"properties":{"OBJECTID":2959}},{"type":"Feature","id":2960,"geometry":{"type":"Point","coordinates":[-79.380921381922604,43.641563483289389]},"properties":{"OBJECTID":2960}},{"type":"Feature","id":2961,"geometry":{"type":"Point","coordinates":[-79.377945883337546,43.670398088211257]},"properties":{"OBJECTID":2961}},{"type":"Feature","id":2962,"geometry":{"type":"Point","coordinates":[-79.379280083220394,43.657110485723052]},"properties":{"OBJECTID":2962}},{"type":"Feature","id":2963,"geometry":{"type":"Point","coordinates":[-79.378337583470895,43.666288087932216]},"properties":{"OBJECTID":2963}},{"type":"Feature","id":2964,"geometry":{"type":"Point","coordinates":[-79.378717582856453,43.662572987275382]},"properties":{"OBJECTID":2964}},{"type":"Feature","id":2965,"geometry":{"type":"Point","coordinates":[-79.378860683347696,43.660677086481023]},"properties":{"OBJECTID":2965}},{"type":"Feature","id":2966,"geometry":{"type":"Point","coordinates":[-79.379232483335429,43.656998985630992]},"properties":{"OBJECTID":2966}},{"type":"Feature","id":2967,"geometry":{"type":"Point","coordinates":[-79.380273582853988,43.645823784059999]},"properties":{"OBJECTID":2967}},{"type":"Feature","id":2968,"geometry":{"type":"Point","coordinates":[-79.377922283885312,43.668689788149543]},"properties":{"OBJECTID":2968}},{"type":"Feature","id":2969,"geometry":{"type":"Point","coordinates":[-79.379009782518921,43.657956486089063]},"properties":{"OBJECTID":2969}},{"type":"Feature","id":2970,"geometry":{"type":"Point","coordinates":[-79.37937008224084,43.654192485340722]},"properties":{"OBJECTID":2970}},{"type":"Feature","id":2971,"geometry":{"type":"Point","coordinates":[-79.37843128388927,43.663336286721439]},"properties":{"OBJECTID":2971}},{"type":"Feature","id":2972,"geometry":{"type":"Point","coordinates":[-79.379820682255811,43.649613484739731]},"properties":{"OBJECTID":2972}},{"type":"Feature","id":2973,"geometry":{"type":"Point","coordinates":[-79.38022098291593,43.645685783485241]},"properties":{"OBJECTID":2973}},{"type":"Feature","id":2974,"geometry":{"type":"Point","coordinates":[-79.380682182640541,43.641006083420535]},"properties":{"OBJECTID":2974}},{"type":"Feature","id":2975,"geometry":{"type":"Point","coordinates":[-79.380527382342962,43.641775982821478]},"properties":{"OBJECTID":2975}},{"type":"Feature","id":2976,"geometry":{"type":"Point","coordinates":[-79.378336483575822,43.663108386648801]},"properties":{"OBJECTID":2976}},{"type":"Feature","id":2977,"geometry":{"type":"Point","coordinates":[-79.377774683516506,43.668323988288059]},"properties":{"OBJECTID":2977}},{"type":"Feature","id":2978,"geometry":{"type":"Point","coordinates":[-79.377772183470199,43.668209488254945]},"properties":{"OBJECTID":2978}},{"type":"Feature","id":2979,"geometry":{"type":"Point","coordinates":[-79.377690683834828,43.668224687960702]},"properties":{"OBJECTID":2979}},{"type":"Feature","id":2980,"geometry":{"type":"Point","coordinates":[-79.377632083493452,43.668752088197543]},"properties":{"OBJECTID":2980}},{"type":"Feature","id":2981,"geometry":{"type":"Point","coordinates":[-79.378522983048342,43.659861886015442]},"properties":{"OBJECTID":2981}},{"type":"Feature","id":2982,"geometry":{"type":"Point","coordinates":[-79.378770782872294,43.657380586395831]},"properties":{"OBJECTID":2982}},{"type":"Feature","id":2983,"geometry":{"type":"Point","coordinates":[-79.379265383154632,43.652442085394796]},"properties":{"OBJECTID":2983}},{"type":"Feature","id":2984,"geometry":{"type":"Point","coordinates":[-79.378200882645444,43.662685287208582]},"properties":{"OBJECTID":2984}},{"type":"Feature","id":2985,"geometry":{"type":"Point","coordinates":[-79.378868682703001,43.656148285338432]},"properties":{"OBJECTID":2985}},{"type":"Feature","id":2986,"geometry":{"type":"Point","coordinates":[-79.379096983065793,43.653566085597198]},"properties":{"OBJECTID":2986}},{"type":"Feature","id":2987,"geometry":{"type":"Point","coordinates":[-79.3797155823775,43.647336384596606]},"properties":{"OBJECTID":2987}},{"type":"Feature","id":2988,"geometry":{"type":"Point","coordinates":[-79.377882683113782,43.665219087321127]},"properties":{"OBJECTID":2988}},{"type":"Feature","id":2989,"geometry":{"type":"Point","coordinates":[-79.377617683380876,43.667709588271592]},"properties":{"OBJECTID":2989}},{"type":"Feature","id":2990,"geometry":{"type":"Point","coordinates":[-79.378659883260852,43.657113286079827]},"properties":{"OBJECTID":2990}},{"type":"Feature","id":2991,"geometry":{"type":"Point","coordinates":[-79.377998983724254,43.662139286592748]},"properties":{"OBJECTID":2991}},{"type":"Feature","id":2992,"geometry":{"type":"Point","coordinates":[-79.380031382201793,43.642034983649374]},"properties":{"OBJECTID":2992}},{"type":"Feature","id":2993,"geometry":{"type":"Point","coordinates":[-79.378760182634124,43.654323885340929]},"properties":{"OBJECTID":2993}},{"type":"Feature","id":2994,"geometry":{"type":"Point","coordinates":[-79.378960382638567,43.651696985271805]},"properties":{"OBJECTID":2994}},{"type":"Feature","id":2995,"geometry":{"type":"Point","coordinates":[-79.377252183581987,43.668324988021638]},"properties":{"OBJECTID":2995}},{"type":"Feature","id":2996,"geometry":{"type":"Point","coordinates":[-79.37843968251893,43.656582486160943]},"properties":{"OBJECTID":2996}},{"type":"Feature","id":2997,"geometry":{"type":"Point","coordinates":[-79.377865382916099,43.662175587104109]},"properties":{"OBJECTID":2997}},{"type":"Feature","id":2998,"geometry":{"type":"Point","coordinates":[-79.379064082179127,43.65028328511324]},"properties":{"OBJECTID":2998}},{"type":"Feature","id":2999,"geometry":{"type":"Point","coordinates":[-79.380107082207417,43.640080782709411]},"properties":{"OBJECTID":2999}},{"type":"Feature","id":3000,"geometry":{"type":"Point","coordinates":[-79.379781381344529,43.642219683207323]},"properties":{"OBJECTID":3000}},{"type":"Feature","id":3001,"geometry":{"type":"Point","coordinates":[-79.379990282380376,43.639978682773766]},"properties":{"OBJECTID":3001}},{"type":"Feature","id":3002,"geometry":{"type":"Point","coordinates":[-79.378307782412307,43.656264586020924]},"properties":{"OBJECTID":3002}},{"type":"Feature","id":3003,"geometry":{"type":"Point","coordinates":[-79.378170382144006,43.657498385857039]},"properties":{"OBJECTID":3003}},{"type":"Feature","id":3004,"geometry":{"type":"Point","coordinates":[-79.377690583059035,43.661758886789336]},"properties":{"OBJECTID":3004}},{"type":"Feature","id":3005,"geometry":{"type":"Point","coordinates":[-79.377056083191917,43.66783808805824]},"properties":{"OBJECTID":3005}},{"type":"Feature","id":3006,"geometry":{"type":"Point","coordinates":[-79.377621282698811,43.661568887075859]},"properties":{"OBJECTID":3006}},{"type":"Feature","id":3007,"geometry":{"type":"Point","coordinates":[-79.378696681915059,43.6510542847072]},"properties":{"OBJECTID":3007}},{"type":"Feature","id":3008,"geometry":{"type":"Point","coordinates":[-79.376824682996116,43.668899687809215]},"properties":{"OBJECTID":3008}},{"type":"Feature","id":3009,"geometry":{"type":"Point","coordinates":[-79.379149082452258,43.646053884398363]},"properties":{"OBJECTID":3009}},{"type":"Feature","id":3010,"geometry":{"type":"Point","coordinates":[-79.378816281770071,43.648962384360964]},"properties":{"OBJECTID":3010}},{"type":"Feature","id":3011,"geometry":{"type":"Point","coordinates":[-79.37875788237703,43.649496585014958]},"properties":{"OBJECTID":3011}},{"type":"Feature","id":3012,"geometry":{"type":"Point","coordinates":[-79.376499083539528,43.671446388347647]},"properties":{"OBJECTID":3012}},{"type":"Feature","id":3013,"geometry":{"type":"Point","coordinates":[-79.377845682853291,43.658213086137067]},"properties":{"OBJECTID":3013}},{"type":"Feature","id":3014,"geometry":{"type":"Point","coordinates":[-79.379091382273785,43.645923383605464]},"properties":{"OBJECTID":3014}},{"type":"Feature","id":3015,"geometry":{"type":"Point","coordinates":[-79.376424582796162,43.671257088776244]},"properties":{"OBJECTID":3015}},{"type":"Feature","id":3016,"geometry":{"type":"Point","coordinates":[-79.377205282487438,43.66360108715191]},"properties":{"OBJECTID":3016}},{"type":"Feature","id":3017,"geometry":{"type":"Point","coordinates":[-79.378140181929425,43.654457585775035]},"properties":{"OBJECTID":3017}},{"type":"Feature","id":3018,"geometry":{"type":"Point","coordinates":[-79.377855382520721,43.656733785530385]},"properties":{"OBJECTID":3018}},{"type":"Feature","id":3019,"geometry":{"type":"Point","coordinates":[-79.37784108238786,43.656700285600991]},"properties":{"OBJECTID":3019}},{"type":"Feature","id":3020,"geometry":{"type":"Point","coordinates":[-79.37737618324617,43.660998087162845]},"properties":{"OBJECTID":3020}},{"type":"Feature","id":3021,"geometry":{"type":"Point","coordinates":[-79.378630882069118,43.648482484410586]},"properties":{"OBJECTID":3021}},{"type":"Feature","id":3022,"geometry":{"type":"Point","coordinates":[-79.378431381860523,43.650416284887221]},"properties":{"OBJECTID":3022}},{"type":"Feature","id":3023,"geometry":{"type":"Point","coordinates":[-79.378607282216223,43.648437184229863]},"properties":{"OBJECTID":3023}},{"type":"Feature","id":3024,"geometry":{"type":"Point","coordinates":[-79.379201781760472,43.64252948328663]},"properties":{"OBJECTID":3024}},{"type":"Feature","id":3025,"geometry":{"type":"Point","coordinates":[-79.378571082482708,43.648400684757917]},"properties":{"OBJECTID":3025}},{"type":"Feature","id":3026,"geometry":{"type":"Point","coordinates":[-79.37770658243322,43.656387185880561]},"properties":{"OBJECTID":3026}},{"type":"Feature","id":3027,"geometry":{"type":"Point","coordinates":[-79.378083882545511,43.652679585310985]},"properties":{"OBJECTID":3027}},{"type":"Feature","id":3028,"geometry":{"type":"Point","coordinates":[-79.378521682347113,43.648390984520177]},"properties":{"OBJECTID":3028}},{"type":"Feature","id":3029,"geometry":{"type":"Point","coordinates":[-79.376226782934395,43.67078538855209]},"properties":{"OBJECTID":3029}},{"type":"Feature","id":3030,"geometry":{"type":"Point","coordinates":[-79.377236383150972,43.660653386701391]},"properties":{"OBJECTID":3030}},{"type":"Feature","id":3031,"geometry":{"type":"Point","coordinates":[-79.378472381543858,43.648381284206252]},"properties":{"OBJECTID":3031}},{"type":"Feature","id":3032,"geometry":{"type":"Point","coordinates":[-79.376456483020291,43.667969088074628]},"properties":{"OBJECTID":3032}},{"type":"Feature","id":3033,"geometry":{"type":"Point","coordinates":[-79.378152282283324,43.651059485208755]},"properties":{"OBJECTID":3033}},{"type":"Feature","id":3034,"geometry":{"type":"Point","coordinates":[-79.378422782191464,43.648380584583244]},"properties":{"OBJECTID":3034}},{"type":"Feature","id":3035,"geometry":{"type":"Point","coordinates":[-79.375904483699415,43.672456888956702]},"properties":{"OBJECTID":3035}},{"type":"Feature","id":3036,"geometry":{"type":"Point","coordinates":[-79.378348182291418,43.648388484749169]},"properties":{"OBJECTID":3036}},{"type":"Feature","id":3037,"geometry":{"type":"Point","coordinates":[-79.376458882660458,43.666431888138504]},"properties":{"OBJECTID":3037}},{"type":"Feature","id":3038,"geometry":{"type":"Point","coordinates":[-79.379094881172151,43.640297483073049]},"properties":{"OBJECTID":3038}},{"type":"Feature","id":3039,"geometry":{"type":"Point","coordinates":[-79.377249882863197,43.658322186084604]},"properties":{"OBJECTID":3039}},{"type":"Feature","id":3040,"geometry":{"type":"Point","coordinates":[-79.377616382695564,43.654566585834495]},"properties":{"OBJECTID":3040}},{"type":"Feature","id":3041,"geometry":{"type":"Point","coordinates":[-79.377021582887537,43.660195286763248]},"properties":{"OBJECTID":3041}},{"type":"Feature","id":3042,"geometry":{"type":"Point","coordinates":[-79.377431382290254,43.655707485902191]},"properties":{"OBJECTID":3042}},{"type":"Feature","id":3043,"geometry":{"type":"Point","coordinates":[-79.378160581581866,43.648421984734703]},"properties":{"OBJECTID":3043}},{"type":"Feature","id":3044,"geometry":{"type":"Point","coordinates":[-79.377793382180755,43.651955184853549]},"properties":{"OBJECTID":3044}},{"type":"Feature","id":3045,"geometry":{"type":"Point","coordinates":[-79.377935482436982,43.650533384805641]},"properties":{"OBJECTID":3045}},{"type":"Feature","id":3046,"geometry":{"type":"Point","coordinates":[-79.376707382988627,43.662426586653154]},"properties":{"OBJECTID":3046}},{"type":"Feature","id":3047,"geometry":{"type":"Point","coordinates":[-79.376851482310741,43.659737586941318]},"properties":{"OBJECTID":3047}},{"type":"Feature","id":3048,"geometry":{"type":"Point","coordinates":[-79.377896082357523,43.649149684625144]},"properties":{"OBJECTID":3048}},{"type":"Feature","id":3049,"geometry":{"type":"Point","coordinates":[-79.37713768238406,43.656501786308432]},"properties":{"OBJECTID":3049}},{"type":"Feature","id":3050,"geometry":{"type":"Point","coordinates":[-79.376553882298495,43.662057887014932]},"properties":{"OBJECTID":3050}},{"type":"Feature","id":3051,"geometry":{"type":"Point","coordinates":[-79.37667878307424,43.660772886984809]},"properties":{"OBJECTID":3051}},{"type":"Feature","id":3052,"geometry":{"type":"Point","coordinates":[-79.375756382537261,43.669668088643554]},"properties":{"OBJECTID":3052}},{"type":"Feature","id":3053,"geometry":{"type":"Point","coordinates":[-79.378117481137949,43.646289284318399]},"properties":{"OBJECTID":3053}},{"type":"Feature","id":3054,"geometry":{"type":"Point","coordinates":[-79.378059782127664,43.646177084154814]},"properties":{"OBJECTID":3054}},{"type":"Feature","id":3055,"geometry":{"type":"Point","coordinates":[-79.377524981973096,43.651330084939964]},"properties":{"OBJECTID":3055}},{"type":"Feature","id":3056,"geometry":{"type":"Point","coordinates":[-79.377873682266724,43.647739684811121]},"properties":{"OBJECTID":3056}},{"type":"Feature","id":3057,"geometry":{"type":"Point","coordinates":[-79.375412183463297,43.671279688856636]},"properties":{"OBJECTID":3057}},{"type":"Feature","id":3058,"geometry":{"type":"Point","coordinates":[-79.375845682220813,43.6665017873595]},"properties":{"OBJECTID":3058}},{"type":"Feature","id":3059,"geometry":{"type":"Point","coordinates":[-79.376461882647803,43.660317986881132]},"properties":{"OBJECTID":3059}},{"type":"Feature","id":3060,"geometry":{"type":"Point","coordinates":[-79.377629581169955,43.648523984257231]},"properties":{"OBJECTID":3060}},{"type":"Feature","id":3061,"geometry":{"type":"Point","coordinates":[-79.376691181831745,43.656963686298781]},"properties":{"OBJECTID":3061}},{"type":"Feature","id":3062,"geometry":{"type":"Point","coordinates":[-79.377269482161424,43.650687185086504]},"properties":{"OBJECTID":3062}},{"type":"Feature","id":3063,"geometry":{"type":"Point","coordinates":[-79.376282482411753,43.659869086993687]},"properties":{"OBJECTID":3063}},{"type":"Feature","id":3064,"geometry":{"type":"Point","coordinates":[-79.375363982155477,43.668727888558273]},"properties":{"OBJECTID":3064}},{"type":"Feature","id":3065,"geometry":{"type":"Point","coordinates":[-79.376364082494419,43.658516686294909]},"properties":{"OBJECTID":3065}},{"type":"Feature","id":3066,"geometry":{"type":"Point","coordinates":[-79.376936682323276,43.652915385317065]},"properties":{"OBJECTID":3066}},{"type":"Feature","id":3067,"geometry":{"type":"Point","coordinates":[-79.377921181644126,43.643179083234607]},"properties":{"OBJECTID":3067}},{"type":"Feature","id":3068,"geometry":{"type":"Point","coordinates":[-79.376532482462736,43.656638085592917]},"properties":{"OBJECTID":3068}},{"type":"Feature","id":3069,"geometry":{"type":"Point","coordinates":[-79.374904283426247,43.672172788634484]},"properties":{"OBJECTID":3069}},{"type":"Feature","id":3070,"geometry":{"type":"Point","coordinates":[-79.374965283091214,43.671291288705255]},"properties":{"OBJECTID":3070}},{"type":"Feature","id":3071,"geometry":{"type":"Point","coordinates":[-79.377492981184588,43.646574284148279]},"properties":{"OBJECTID":3071}},{"type":"Feature","id":3072,"geometry":{"type":"Point","coordinates":[-79.377351582213251,43.647860384525899]},"properties":{"OBJECTID":3072}},{"type":"Feature","id":3073,"geometry":{"type":"Point","coordinates":[-79.37551158259663,43.665708487969795]},"properties":{"OBJECTID":3073}},{"type":"Feature","id":3074,"geometry":{"type":"Point","coordinates":[-79.377407381629197,43.646467983777846]},"properties":{"OBJECTID":3074}},{"type":"Feature","id":3075,"geometry":{"type":"Point","coordinates":[-79.375159982609389,43.668252488432628]},"properties":{"OBJECTID":3075}},{"type":"Feature","id":3076,"geometry":{"type":"Point","coordinates":[-79.376660281602099,43.652975685353184]},"properties":{"OBJECTID":3076}},{"type":"Feature","id":3077,"geometry":{"type":"Point","coordinates":[-79.376450882256307,43.654835385454874]},"properties":{"OBJECTID":3077}},{"type":"Feature","id":3078,"geometry":{"type":"Point","coordinates":[-79.375865682693501,43.660442786278921]},"properties":{"OBJECTID":3078}},{"type":"Feature","id":3079,"geometry":{"type":"Point","coordinates":[-79.377676781333619,43.642652283679602]},"properties":{"OBJECTID":3079}},{"type":"Feature","id":3080,"geometry":{"type":"Point","coordinates":[-79.377621381719209,43.643040983885498]},"properties":{"OBJECTID":3080}},{"type":"Feature","id":3081,"geometry":{"type":"Point","coordinates":[-79.376890481403279,43.649768484694135]},"properties":{"OBJECTID":3081}},{"type":"Feature","id":3082,"geometry":{"type":"Point","coordinates":[-79.376524081793747,43.652617785563898]},"properties":{"OBJECTID":3082}},{"type":"Feature","id":3083,"geometry":{"type":"Point","coordinates":[-79.376750781903411,43.649413284911809]},"properties":{"OBJECTID":3083}},{"type":"Feature","id":3084,"geometry":{"type":"Point","coordinates":[-79.377451580532608,43.642081983637631]},"properties":{"OBJECTID":3084}},{"type":"Feature","id":3085,"geometry":{"type":"Point","coordinates":[-79.376947781200414,43.64686208438583]},"properties":{"OBJECTID":3085}},{"type":"Feature","id":3086,"geometry":{"type":"Point","coordinates":[-79.376372781472838,43.65225988512659]},"properties":{"OBJECTID":3086}},{"type":"Feature","id":3087,"geometry":{"type":"Point","coordinates":[-79.376458481648683,43.650864184882508]},"properties":{"OBJECTID":3087}},{"type":"Feature","id":3088,"geometry":{"type":"Point","coordinates":[-79.375778281421077,43.657163486394786]},"properties":{"OBJECTID":3088}},{"type":"Feature","id":3089,"geometry":{"type":"Point","coordinates":[-79.376259281581341,43.6519172852419]},"properties":{"OBJECTID":3089}},{"type":"Feature","id":3090,"geometry":{"type":"Point","coordinates":[-79.374669082459178,43.667100288182347]},"properties":{"OBJECTID":3090}},{"type":"Feature","id":3091,"geometry":{"type":"Point","coordinates":[-79.374929882226724,43.664330787465637]},"properties":{"OBJECTID":3091}},{"type":"Feature","id":3092,"geometry":{"type":"Point","coordinates":[-79.375864881164048,43.654953085842621]},"properties":{"OBJECTID":3092}},{"type":"Feature","id":3093,"geometry":{"type":"Point","coordinates":[-79.3744352824163,43.668870688105955]},"properties":{"OBJECTID":3093}},{"type":"Feature","id":3094,"geometry":{"type":"Point","coordinates":[-79.376186481759703,43.651613884893329]},"properties":{"OBJECTID":3094}},{"type":"Feature","id":3095,"geometry":{"type":"Point","coordinates":[-79.37564048128408,43.656828686425335]},"properties":{"OBJECTID":3095}},{"type":"Feature","id":3096,"geometry":{"type":"Point","coordinates":[-79.376417381891514,43.648763484698598]},"properties":{"OBJECTID":3096}},{"type":"Feature","id":3097,"geometry":{"type":"Point","coordinates":[-79.375069382364401,43.661479587148911]},"properties":{"OBJECTID":3097}},{"type":"Feature","id":3098,"geometry":{"type":"Point","coordinates":[-79.376176681324239,43.650154484535314]},"properties":{"OBJECTID":3098}},{"type":"Feature","id":3099,"geometry":{"type":"Point","coordinates":[-79.375494881832367,43.656466786163492]},"properties":{"OBJECTID":3099}},{"type":"Feature","id":3100,"geometry":{"type":"Point","coordinates":[-79.37610068202882,43.649935284565302]},"properties":{"OBJECTID":3100}},{"type":"Feature","id":3101,"geometry":{"type":"Point","coordinates":[-79.375764180979829,43.653168885179021]},"properties":{"OBJECTID":3101}},{"type":"Feature","id":3102,"geometry":{"type":"Point","coordinates":[-79.376496281252358,43.645787083646162]},"properties":{"OBJECTID":3102}},{"type":"Feature","id":3103,"geometry":{"type":"Point","coordinates":[-79.37593668175991,43.650978385074815]},"properties":{"OBJECTID":3103}},{"type":"Feature","id":3104,"geometry":{"type":"Point","coordinates":[-79.376886781308045,43.64100618342475]},"properties":{"OBJECTID":3104}},{"type":"Feature","id":3105,"geometry":{"type":"Point","coordinates":[-79.374849581782485,43.660670186802292]},"properties":{"OBJECTID":3105}},{"type":"Feature","id":3106,"geometry":{"type":"Point","coordinates":[-79.376831880311826,43.641154882810099]},"properties":{"OBJECTID":3106}},{"type":"Feature","id":3107,"geometry":{"type":"Point","coordinates":[-79.375309982126851,43.656017086239146]},"properties":{"OBJECTID":3107}},{"type":"Feature","id":3108,"geometry":{"type":"Point","coordinates":[-79.375733981976481,43.651699885624502]},"properties":{"OBJECTID":3108}},{"type":"Feature","id":3109,"geometry":{"type":"Point","coordinates":[-79.373723882690143,43.671327688575303]},"properties":{"OBJECTID":3109}},{"type":"Feature","id":3110,"geometry":{"type":"Point","coordinates":[-79.375947480782912,43.649587885096572]},"properties":{"OBJECTID":3110}},{"type":"Feature","id":3111,"geometry":{"type":"Point","coordinates":[-79.375611781445983,43.652813885043258]},"properties":{"OBJECTID":3111}},{"type":"Feature","id":3112,"geometry":{"type":"Point","coordinates":[-79.376035681708245,43.64815758449641]},"properties":{"OBJECTID":3112}},{"type":"Feature","id":3113,"geometry":{"type":"Point","coordinates":[-79.374736282148177,43.660694887131768]},"properties":{"OBJECTID":3113}},{"type":"Feature","id":3114,"geometry":{"type":"Point","coordinates":[-79.373534782042839,43.672023689029963]},"properties":{"OBJECTID":3114}},{"type":"Feature","id":3115,"geometry":{"type":"Point","coordinates":[-79.374305581928724,43.664483987572211]},"properties":{"OBJECTID":3115}},{"type":"Feature","id":3116,"geometry":{"type":"Point","coordinates":[-79.37547298115696,43.652471385545702]},"properties":{"OBJECTID":3116}},{"type":"Feature","id":3117,"geometry":{"type":"Point","coordinates":[-79.375710580963045,43.64963858504894]},"properties":{"OBJECTID":3117}},{"type":"Feature","id":3118,"geometry":{"type":"Point","coordinates":[-79.37434108170919,43.662928287322224]},"properties":{"OBJECTID":3118}},{"type":"Feature","id":3119,"geometry":{"type":"Point","coordinates":[-79.376591181222125,43.640782582985608]},"properties":{"OBJECTID":3119}},{"type":"Feature","id":3120,"geometry":{"type":"Point","coordinates":[-79.37561758186169,43.650274384890118]},"properties":{"OBJECTID":3120}},{"type":"Feature","id":3121,"geometry":{"type":"Point","coordinates":[-79.376155480833958,43.644999583617142]},"properties":{"OBJECTID":3121}},{"type":"Feature","id":3122,"geometry":{"type":"Point","coordinates":[-79.373770781954747,43.667294587554267]},"properties":{"OBJECTID":3122}},{"type":"Feature","id":3123,"geometry":{"type":"Point","coordinates":[-79.374462082228462,43.660378087058533]},"properties":{"OBJECTID":3123}},{"type":"Feature","id":3124,"geometry":{"type":"Point","coordinates":[-79.374458081435947,43.660210986870631]},"properties":{"OBJECTID":3124}},{"type":"Feature","id":3125,"geometry":{"type":"Point","coordinates":[-79.376085881192026,43.644193783558322]},"properties":{"OBJECTID":3125}},{"type":"Feature","id":3126,"geometry":{"type":"Point","coordinates":[-79.375152680927698,43.653313284991718]},"properties":{"OBJECTID":3126}},{"type":"Feature","id":3127,"geometry":{"type":"Point","coordinates":[-79.375743681523446,43.647465384226081]},"properties":{"OBJECTID":3127}},{"type":"Feature","id":3128,"geometry":{"type":"Point","coordinates":[-79.374948081504883,43.655148985641446]},"properties":{"OBJECTID":3128}},{"type":"Feature","id":3129,"geometry":{"type":"Point","coordinates":[-79.373264682596798,43.671339189146799]},"properties":{"OBJECTID":3129}},{"type":"Feature","id":3130,"geometry":{"type":"Point","coordinates":[-79.374812181905938,43.656132486270586]},"properties":{"OBJECTID":3130}},{"type":"Feature","id":3131,"geometry":{"type":"Point","coordinates":[-79.373320681953913,43.670388488489088]},"properties":{"OBJECTID":3131}},{"type":"Feature","id":3132,"geometry":{"type":"Point","coordinates":[-79.37519318129246,43.651810184877988]},"properties":{"OBJECTID":3132}},{"type":"Feature","id":3133,"geometry":{"type":"Point","coordinates":[-79.375443181686251,43.648977484553285]},"properties":{"OBJECTID":3133}},{"type":"Feature","id":3134,"geometry":{"type":"Point","coordinates":[-79.374534182001767,43.657073485941787]},"properties":{"OBJECTID":3134}},{"type":"Feature","id":3135,"geometry":{"type":"Point","coordinates":[-79.375832480504428,43.644238383573864]},"properties":{"OBJECTID":3135}},{"type":"Feature","id":3136,"geometry":{"type":"Point","coordinates":[-79.374635581618435,43.655682186223906]},"properties":{"OBJECTID":3136}},{"type":"Feature","id":3137,"geometry":{"type":"Point","coordinates":[-79.374166781501273,43.660258786754163]},"properties":{"OBJECTID":3137}},{"type":"Feature","id":3138,"geometry":{"type":"Point","coordinates":[-79.375960480619725,43.642664083755619]},"properties":{"OBJECTID":3138}},{"type":"Feature","id":3139,"geometry":{"type":"Point","coordinates":[-79.375166780643127,43.650370984609779]},"properties":{"OBJECTID":3139}},{"type":"Feature","id":3140,"geometry":{"type":"Point","coordinates":[-79.37551578076733,43.646889984451498]},"properties":{"OBJECTID":3140}},{"type":"Feature","id":3141,"geometry":{"type":"Point","coordinates":[-79.37532558124461,43.648703384412109]},"properties":{"OBJECTID":3141}},{"type":"Feature","id":3142,"geometry":{"type":"Point","coordinates":[-79.374564881970088,43.655583886228136]},"properties":{"OBJECTID":3142}},{"type":"Feature","id":3143,"geometry":{"type":"Point","coordinates":[-79.374393281101391,43.65671558619848]},"properties":{"OBJECTID":3143}},{"type":"Feature","id":3144,"geometry":{"type":"Point","coordinates":[-79.374937281479433,43.651185285213067]},"properties":{"OBJECTID":3144}},{"type":"Feature","id":3145,"geometry":{"type":"Point","coordinates":[-79.374719780848366,43.652997184977536]},"properties":{"OBJECTID":3145}},{"type":"Feature","id":3146,"geometry":{"type":"Point","coordinates":[-79.375187481052293,43.648343584918997]},"properties":{"OBJECTID":3146}},{"type":"Feature","id":3147,"geometry":{"type":"Point","coordinates":[-79.373957281658321,43.660301286653656]},"properties":{"OBJECTID":3147}},{"type":"Feature","id":3148,"geometry":{"type":"Point","coordinates":[-79.374424881101774,43.655263286045901]},"properties":{"OBJECTID":3148}},{"type":"Feature","id":3149,"geometry":{"type":"Point","coordinates":[-79.372952982110945,43.669560988655633]},"properties":{"OBJECTID":3149}},{"type":"Feature","id":3150,"geometry":{"type":"Point","coordinates":[-79.375244180913825,43.646355484340667]},"properties":{"OBJECTID":3150}},{"type":"Feature","id":3151,"geometry":{"type":"Point","coordinates":[-79.373970581423364,43.658518686100095]},"properties":{"OBJECTID":3151}},{"type":"Feature","id":3152,"geometry":{"type":"Point","coordinates":[-79.374420281475352,43.653845785693854]},"properties":{"OBJECTID":3152}},{"type":"Feature","id":3153,"geometry":{"type":"Point","coordinates":[-79.372822282620007,43.669246588625789]},"properties":{"OBJECTID":3153}},{"type":"Feature","id":3154,"geometry":{"type":"Point","coordinates":[-79.375468080630753,43.643315683892951]},"properties":{"OBJECTID":3154}},{"type":"Feature","id":3155,"geometry":{"type":"Point","coordinates":[-79.374631280954802,43.650482984947523]},"properties":{"OBJECTID":3155}},{"type":"Feature","id":3156,"geometry":{"type":"Point","coordinates":[-79.373544081666154,43.660953587315639]},"properties":{"OBJECTID":3156}},{"type":"Feature","id":3157,"geometry":{"type":"Point","coordinates":[-79.374279381190902,43.65350788587979]},"properties":{"OBJECTID":3157}},{"type":"Feature","id":3158,"geometry":{"type":"Point","coordinates":[-79.375462980537037,43.641671783706272]},"properties":{"OBJECTID":3158}},{"type":"Feature","id":3159,"geometry":{"type":"Point","coordinates":[-79.375281880905874,43.642886883634233]},"properties":{"OBJECTID":3159}},{"type":"Feature","id":3160,"geometry":{"type":"Point","coordinates":[-79.374613780424653,43.649162284421919]},"properties":{"OBJECTID":3160}},{"type":"Feature","id":3161,"geometry":{"type":"Point","coordinates":[-79.372308882330515,43.671361588545395]},"properties":{"OBJECTID":3161}},{"type":"Feature","id":3162,"geometry":{"type":"Point","coordinates":[-79.373870781623324,43.655378385589906]},"properties":{"OBJECTID":3162}},{"type":"Feature","id":3163,"geometry":{"type":"Point","coordinates":[-79.373336081018337,43.660427486735195]},"properties":{"OBJECTID":3163}},{"type":"Feature","id":3164,"geometry":{"type":"Point","coordinates":[-79.373046181740918,43.663201387019299]},"properties":{"OBJECTID":3164}},{"type":"Feature","id":3165,"geometry":{"type":"Point","coordinates":[-79.374400780357249,43.64992608497942]},"properties":{"OBJECTID":3165}},{"type":"Feature","id":3166,"geometry":{"type":"Point","coordinates":[-79.37390778048578,43.653960385979424]},"properties":{"OBJECTID":3166}},{"type":"Feature","id":3167,"geometry":{"type":"Point","coordinates":[-79.373578680523124,43.656250286232932]},"properties":{"OBJECTID":3167}},{"type":"Feature","id":3168,"geometry":{"type":"Point","coordinates":[-79.374251180274513,43.649558484937046]},"properties":{"OBJECTID":3168}},{"type":"Feature","id":3169,"geometry":{"type":"Point","coordinates":[-79.373445281529726,43.65730468588302]},"properties":{"OBJECTID":3169}},{"type":"Feature","id":3170,"geometry":{"type":"Point","coordinates":[-79.373299681009954,43.65866148619827]},"properties":{"OBJECTID":3170}},{"type":"Feature","id":3171,"geometry":{"type":"Point","coordinates":[-79.37203128156311,43.670619288939406]},"properties":{"OBJECTID":3171}},{"type":"Feature","id":3172,"geometry":{"type":"Point","coordinates":[-79.373234581171758,43.658676086392404]},"properties":{"OBJECTID":3172}},{"type":"Feature","id":3173,"geometry":{"type":"Point","coordinates":[-79.374133480686069,43.649264984566322]},"properties":{"OBJECTID":3173}},{"type":"Feature","id":3174,"geometry":{"type":"Point","coordinates":[-79.372198581315615,43.667641388461554]},"properties":{"OBJECTID":3174}},{"type":"Feature","id":3175,"geometry":{"type":"Point","coordinates":[-79.373645881154985,43.652878485602663]},"properties":{"OBJECTID":3175}},{"type":"Feature","id":3176,"geometry":{"type":"Point","coordinates":[-79.372834881126778,43.660546886823042]},"properties":{"OBJECTID":3176}},{"type":"Feature","id":3177,"geometry":{"type":"Point","coordinates":[-79.374686280481612,43.641958083434567]},"properties":{"OBJECTID":3177}},{"type":"Feature","id":3178,"geometry":{"type":"Point","coordinates":[-79.372774580997913,43.660560086388436]},"properties":{"OBJECTID":3178}},{"type":"Feature","id":3179,"geometry":{"type":"Point","coordinates":[-79.373283380510514,43.655492585654855]},"properties":{"OBJECTID":3179}},{"type":"Feature","id":3180,"geometry":{"type":"Point","coordinates":[-79.372038181846506,43.667258288065767]},"properties":{"OBJECTID":3180}},{"type":"Feature","id":3181,"geometry":{"type":"Point","coordinates":[-79.37405298088855,43.647573384554292]},"properties":{"OBJECTID":3181}},{"type":"Feature","id":3182,"geometry":{"type":"Point","coordinates":[-79.373363481016753,43.654081085820927]},"properties":{"OBJECTID":3182}},{"type":"Feature","id":3183,"geometry":{"type":"Point","coordinates":[-79.372667381594184,43.66056988674611]},"properties":{"OBJECTID":3183}},{"type":"Feature","id":3184,"geometry":{"type":"Point","coordinates":[-79.373850981072039,43.64863468506551]},"properties":{"OBJECTID":3184}},{"type":"Feature","id":3185,"geometry":{"type":"Point","coordinates":[-79.372252180884104,43.663365287776472]},"properties":{"OBJECTID":3185}},{"type":"Feature","id":3186,"geometry":{"type":"Point","coordinates":[-79.373779780184861,43.648443084847401]},"properties":{"OBJECTID":3186}},{"type":"Feature","id":3187,"geometry":{"type":"Point","coordinates":[-79.373227480489533,43.65373098552724]},"properties":{"OBJECTID":3187}},{"type":"Feature","id":3188,"geometry":{"type":"Point","coordinates":[-79.373269480318939,43.652834585279678]},"properties":{"OBJECTID":3188}},{"type":"Feature","id":3189,"geometry":{"type":"Point","coordinates":[-79.372649380649221,43.658799186765144]},"properties":{"OBJECTID":3189}},{"type":"Feature","id":3190,"geometry":{"type":"Point","coordinates":[-79.372152280846691,43.663390887423617]},"properties":{"OBJECTID":3190}},{"type":"Feature","id":3191,"geometry":{"type":"Point","coordinates":[-79.374059179955793,43.644587783854568]},"properties":{"OBJECTID":3191}},{"type":"Feature","id":3192,"geometry":{"type":"Point","coordinates":[-79.371732781490905,43.666518288005221]},"properties":{"OBJECTID":3192}},{"type":"Feature","id":3193,"geometry":{"type":"Point","coordinates":[-79.37206408086459,43.662924586907074]},"properties":{"OBJECTID":3193}},{"type":"Feature","id":3194,"geometry":{"type":"Point","coordinates":[-79.372222980960942,43.661230986771706]},"properties":{"OBJECTID":3194}},{"type":"Feature","id":3195,"geometry":{"type":"Point","coordinates":[-79.373106080393541,43.652267584951858]},"properties":{"OBJECTID":3195}},{"type":"Feature","id":3196,"geometry":{"type":"Point","coordinates":[-79.372746880527032,43.655610985652814]},"properties":{"OBJECTID":3196}},{"type":"Feature","id":3197,"geometry":{"type":"Point","coordinates":[-79.374286779950864,43.64013528335844]},"properties":{"OBJECTID":3197}},{"type":"Feature","id":3198,"geometry":{"type":"Point","coordinates":[-79.372952880511164,43.653050885792275]},"properties":{"OBJECTID":3198}},{"type":"Feature","id":3199,"geometry":{"type":"Point","coordinates":[-79.372380080319417,43.658171886770177]},"properties":{"OBJECTID":3199}},{"type":"Feature","id":3200,"geometry":{"type":"Point","coordinates":[-79.371553381223947,43.666105187517438]},"properties":{"OBJECTID":3200}},{"type":"Feature","id":3201,"geometry":{"type":"Point","coordinates":[-79.37328917987773,43.648632084362255]},"properties":{"OBJECTID":3201}},{"type":"Feature","id":3202,"geometry":{"type":"Point","coordinates":[-79.371406180760431,43.666968188351476]},"properties":{"OBJECTID":3202}},{"type":"Feature","id":3203,"geometry":{"type":"Point","coordinates":[-79.372839080280784,43.652737685134404]},"properties":{"OBJECTID":3203}},{"type":"Feature","id":3204,"geometry":{"type":"Point","coordinates":[-79.372017180973998,43.660718086702971]},"properties":{"OBJECTID":3204}},{"type":"Feature","id":3205,"geometry":{"type":"Point","coordinates":[-79.3708859813364,43.67148568885964]},"properties":{"OBJECTID":3205}},{"type":"Feature","id":3206,"geometry":{"type":"Point","coordinates":[-79.370861280979241,43.671405889206376]},"properties":{"OBJECTID":3206}},{"type":"Feature","id":3207,"geometry":{"type":"Point","coordinates":[-79.372120080568834,43.65891108665928]},"properties":{"OBJECTID":3207}},{"type":"Feature","id":3208,"geometry":{"type":"Point","coordinates":[-79.373285580433276,43.647268784750594]},"properties":{"OBJECTID":3208}},{"type":"Feature","id":3209,"geometry":{"type":"Point","coordinates":[-79.372063680988632,43.658924586374845]},"properties":{"OBJECTID":3209}},{"type":"Feature","id":3210,"geometry":{"type":"Point","coordinates":[-79.370687981550162,43.67201168873197]},"properties":{"OBJECTID":3210}},{"type":"Feature","id":3211,"geometry":{"type":"Point","coordinates":[-79.372693780115881,43.652382785420905]},"properties":{"OBJECTID":3211}},{"type":"Feature","id":3212,"geometry":{"type":"Point","coordinates":[-79.371503080939377,43.663530587818336]},"properties":{"OBJECTID":3212}},{"type":"Feature","id":3213,"geometry":{"type":"Point","coordinates":[-79.371971581309538,43.658943286683908]},"properties":{"OBJECTID":3213}},{"type":"Feature","id":3214,"geometry":{"type":"Point","coordinates":[-79.372865080088872,43.649824884681806]},"properties":{"OBJECTID":3214}},{"type":"Feature","id":3215,"geometry":{"type":"Point","coordinates":[-79.373496080533641,43.643422184205512]},"properties":{"OBJECTID":3215}},{"type":"Feature","id":3216,"geometry":{"type":"Point","coordinates":[-79.371602281502618,43.661814387312674]},"properties":{"OBJECTID":3216}},{"type":"Feature","id":3217,"geometry":{"type":"Point","coordinates":[-79.371192481405117,43.665262087789273]},"properties":{"OBJECTID":3217}},{"type":"Feature","id":3218,"geometry":{"type":"Point","coordinates":[-79.371193181168721,43.665244187836265]},"properties":{"OBJECTID":3218}},{"type":"Feature","id":3219,"geometry":{"type":"Point","coordinates":[-79.371188980799644,43.665278588063792]},"properties":{"OBJECTID":3219}},{"type":"Feature","id":3220,"geometry":{"type":"Point","coordinates":[-79.370914180821231,43.667916187840817]},"properties":{"OBJECTID":3220}},{"type":"Feature","id":3221,"geometry":{"type":"Point","coordinates":[-79.371182180834339,43.665292287957627]},"properties":{"OBJECTID":3221}},{"type":"Feature","id":3222,"geometry":{"type":"Point","coordinates":[-79.371188281815606,43.665221487470937]},"properties":{"OBJECTID":3222}},{"type":"Feature","id":3223,"geometry":{"type":"Point","coordinates":[-79.371169081125885,43.665306087699079]},"properties":{"OBJECTID":3223}},{"type":"Feature","id":3224,"geometry":{"type":"Point","coordinates":[-79.373063279701213,43.646735084347931]},"properties":{"OBJECTID":3224}},{"type":"Feature","id":3225,"geometry":{"type":"Point","coordinates":[-79.371152581381011,43.665317087933005]},"properties":{"OBJECTID":3225}},{"type":"Feature","id":3226,"geometry":{"type":"Point","coordinates":[-79.373044379521772,43.646678484795103]},"properties":{"OBJECTID":3226}},{"type":"Feature","id":3227,"geometry":{"type":"Point","coordinates":[-79.371132581387471,43.665325988173343]},"properties":{"OBJECTID":3227}},{"type":"Feature","id":3228,"geometry":{"type":"Point","coordinates":[-79.371123580844781,43.665328888132194]},"properties":{"OBJECTID":3228}},{"type":"Feature","id":3229,"geometry":{"type":"Point","coordinates":[-79.371329880549894,43.66309468735021]},"properties":{"OBJECTID":3229}},{"type":"Feature","id":3230,"geometry":{"type":"Point","coordinates":[-79.371315080604489,43.663058887508541]},"properties":{"OBJECTID":3230}},{"type":"Feature","id":3231,"geometry":{"type":"Point","coordinates":[-79.371433581297623,43.661394787053183]},"properties":{"OBJECTID":3231}},{"type":"Feature","id":3232,"geometry":{"type":"Point","coordinates":[-79.371149780745114,43.664005587191198]},"properties":{"OBJECTID":3232}},{"type":"Feature","id":3233,"geometry":{"type":"Point","coordinates":[-79.370982881640799,43.665355088098345]},"properties":{"OBJECTID":3233}},{"type":"Feature","id":3234,"geometry":{"type":"Point","coordinates":[-79.372807479828282,43.64748998467654]},"properties":{"OBJECTID":3234}},{"type":"Feature","id":3235,"geometry":{"type":"Point","coordinates":[-79.370747181174323,43.667484688067141]},"properties":{"OBJECTID":3235}},{"type":"Feature","id":3236,"geometry":{"type":"Point","coordinates":[-79.371014980956829,43.66481428738512]},"properties":{"OBJECTID":3236}},{"type":"Feature","id":3237,"geometry":{"type":"Point","coordinates":[-79.372352480634845,43.651556585171541]},"properties":{"OBJECTID":3237}},{"type":"Feature","id":3238,"geometry":{"type":"Point","coordinates":[-79.372072179940218,43.653962685576744]},"properties":{"OBJECTID":3238}},{"type":"Feature","id":3239,"geometry":{"type":"Point","coordinates":[-79.370396580994353,43.670285088351207]},"properties":{"OBJECTID":3239}},{"type":"Feature","id":3240,"geometry":{"type":"Point","coordinates":[-79.371268180696461,43.661020086647895]},"properties":{"OBJECTID":3240}},{"type":"Feature","id":3241,"geometry":{"type":"Point","coordinates":[-79.372251880351797,43.651322385048246]},"properties":{"OBJECTID":3241}},{"type":"Feature","id":3242,"geometry":{"type":"Point","coordinates":[-79.370891181241689,43.664511687594974]},"properties":{"OBJECTID":3242}},{"type":"Feature","id":3243,"geometry":{"type":"Point","coordinates":[-79.370618081692015,43.667172488195064]},"properties":{"OBJECTID":3243}},{"type":"Feature","id":3244,"geometry":{"type":"Point","coordinates":[-79.371959280419517,43.653680485991529]},"properties":{"OBJECTID":3244}},{"type":"Feature","id":3245,"geometry":{"type":"Point","coordinates":[-79.370735981422627,43.66540508781118]},"properties":{"OBJECTID":3245}},{"type":"Feature","id":3246,"geometry":{"type":"Point","coordinates":[-79.371333680086451,43.659082086836577]},"properties":{"OBJECTID":3246}},{"type":"Feature","id":3247,"geometry":{"type":"Point","coordinates":[-79.373025480087662,43.642526783287494]},"properties":{"OBJECTID":3247}},{"type":"Feature","id":3248,"geometry":{"type":"Point","coordinates":[-79.37188597990037,43.653509885628779]},"properties":{"OBJECTID":3248}},{"type":"Feature","id":3249,"geometry":{"type":"Point","coordinates":[-79.370472281096866,43.666806388191233]},"properties":{"OBJECTID":3249}},{"type":"Feature","id":3250,"geometry":{"type":"Point","coordinates":[-79.370743381276,43.664145787596482]},"properties":{"OBJECTID":3250}},{"type":"Feature","id":3251,"geometry":{"type":"Point","coordinates":[-79.372965880203736,43.642407183316642]},"properties":{"OBJECTID":3251}},{"type":"Feature","id":3252,"geometry":{"type":"Point","coordinates":[-79.370831180942659,43.663165787816816]},"properties":{"OBJECTID":3252}},{"type":"Feature","id":3253,"geometry":{"type":"Point","coordinates":[-79.37026928095851,43.668571388744901]},"properties":{"OBJECTID":3253}},{"type":"Feature","id":3254,"geometry":{"type":"Point","coordinates":[-79.370722081223363,43.664101087475757]},"properties":{"OBJECTID":3254}},{"type":"Feature","id":3255,"geometry":{"type":"Point","coordinates":[-79.370863180276118,43.661985887505374]},"properties":{"OBJECTID":3255}},{"type":"Feature","id":3256,"geometry":{"type":"Point","coordinates":[-79.372161580673193,43.64914028471194]},"properties":{"OBJECTID":3256}},{"type":"Feature","id":3257,"geometry":{"type":"Point","coordinates":[-79.370537081426619,43.664926388132322]},"properties":{"OBJECTID":3257}},{"type":"Feature","id":3258,"geometry":{"type":"Point","coordinates":[-79.37143698080996,43.65589848641018]},"properties":{"OBJECTID":3258}},{"type":"Feature","id":3259,"geometry":{"type":"Point","coordinates":[-79.371906180577824,43.650466785392908]},"properties":{"OBJECTID":3259}},{"type":"Feature","id":3260,"geometry":{"type":"Point","coordinates":[-79.370538180595545,43.663734687890731]},"properties":{"OBJECTID":3260}},{"type":"Feature","id":3261,"geometry":{"type":"Point","coordinates":[-79.370088680918357,43.668088888672393]},"properties":{"OBJECTID":3261}},{"type":"Feature","id":3262,"geometry":{"type":"Point","coordinates":[-79.372394179895295,43.645194684540428]},"properties":{"OBJECTID":3262}},{"type":"Feature","id":3263,"geometry":{"type":"Point","coordinates":[-79.371594580047727,43.652821385641047]},"properties":{"OBJECTID":3263}},{"type":"Feature","id":3264,"geometry":{"type":"Point","coordinates":[-79.370688380371092,43.661569287171368]},"properties":{"OBJECTID":3264}},{"type":"Feature","id":3265,"geometry":{"type":"Point","coordinates":[-79.371715780545273,43.651479485769045]},"properties":{"OBJECTID":3265}},{"type":"Feature","id":3266,"geometry":{"type":"Point","coordinates":[-79.371006480429756,43.658302786400888]},"properties":{"OBJECTID":3266}},{"type":"Feature","id":3267,"geometry":{"type":"Point","coordinates":[-79.370180080780926,43.666144987962234]},"properties":{"OBJECTID":3267}},{"type":"Feature","id":3268,"geometry":{"type":"Point","coordinates":[-79.372343379658261,43.645012684504749]},"properties":{"OBJECTID":3268}},{"type":"Feature","id":3269,"geometry":{"type":"Point","coordinates":[-79.369932280982624,43.667666988271911]},"properties":{"OBJECTID":3269}},{"type":"Feature","id":3270,"geometry":{"type":"Point","coordinates":[-79.370337780105856,43.663281487589273]},"properties":{"OBJECTID":3270}},{"type":"Feature","id":3271,"geometry":{"type":"Point","coordinates":[-79.370537681124205,43.66117998697527]},"properties":{"OBJECTID":3271}},{"type":"Feature","id":3272,"geometry":{"type":"Point","coordinates":[-79.369749581092478,43.668675288506492]},"properties":{"OBJECTID":3272}},{"type":"Feature","id":3273,"geometry":{"type":"Point","coordinates":[-79.370390880473821,43.662111887188864]},"properties":{"OBJECTID":3273}},{"type":"Feature","id":3274,"geometry":{"type":"Point","coordinates":[-79.371243380078511,43.653649086091853]},"properties":{"OBJECTID":3274}},{"type":"Feature","id":3275,"geometry":{"type":"Point","coordinates":[-79.369809180322804,43.667366588130889]},"properties":{"OBJECTID":3275}},{"type":"Feature","id":3276,"geometry":{"type":"Point","coordinates":[-79.369853481275328,43.666933988159428]},"properties":{"OBJECTID":3276}},{"type":"Feature","id":3277,"geometry":{"type":"Point","coordinates":[-79.370048081113652,43.665031687383987]},"properties":{"OBJECTID":3277}},{"type":"Feature","id":3278,"geometry":{"type":"Point","coordinates":[-79.369959581286125,43.665583587900009]},"properties":{"OBJECTID":3278}},{"type":"Feature","id":3279,"geometry":{"type":"Point","coordinates":[-79.371698179478287,43.648029984473958]},"properties":{"OBJECTID":3279}},{"type":"Feature","id":3280,"geometry":{"type":"Point","coordinates":[-79.369554481162695,43.668179888056443]},"properties":{"OBJECTID":3280}},{"type":"Feature","id":3281,"geometry":{"type":"Point","coordinates":[-79.369647881427056,43.66698388813527]},"properties":{"OBJECTID":3281}},{"type":"Feature","id":3282,"geometry":{"type":"Point","coordinates":[-79.371442280036149,43.649434985106446]},"properties":{"OBJECTID":3282}},{"type":"Feature","id":3283,"geometry":{"type":"Point","coordinates":[-79.369877480652548,43.664331487458519]},"properties":{"OBJECTID":3283}},{"type":"Feature","id":3284,"geometry":{"type":"Point","coordinates":[-79.371924879226057,43.643996984234292]},"properties":{"OBJECTID":3284}},{"type":"Feature","id":3285,"geometry":{"type":"Point","coordinates":[-79.371550279812425,43.64765458469607]},"properties":{"OBJECTID":3285}},{"type":"Feature","id":3286,"geometry":{"type":"Point","coordinates":[-79.37039208026286,43.658931786247187]},"properties":{"OBJECTID":3286}},{"type":"Feature","id":3287,"geometry":{"type":"Point","coordinates":[-79.369575380874096,43.666290788109251]},"properties":{"OBJECTID":3287}},{"type":"Feature","id":3288,"geometry":{"type":"Point","coordinates":[-79.371069380435173,43.651607385455044]},"properties":{"OBJECTID":3288}},{"type":"Feature","id":3289,"geometry":{"type":"Point","coordinates":[-79.368819581194543,43.673328689646823]},"properties":{"OBJECTID":3289}},{"type":"Feature","id":3290,"geometry":{"type":"Point","coordinates":[-79.370141780659566,43.660228886709618]},"properties":{"OBJECTID":3290}},{"type":"Feature","id":3291,"geometry":{"type":"Point","coordinates":[-79.369909780461242,43.66224958721498]},"properties":{"OBJECTID":3291}},{"type":"Feature","id":3292,"geometry":{"type":"Point","coordinates":[-79.369894780145884,43.662214687684916]},"properties":{"OBJECTID":3292}},{"type":"Feature","id":3293,"geometry":{"type":"Point","coordinates":[-79.369985980122209,43.661111987038723]},"properties":{"OBJECTID":3293}},{"type":"Feature","id":3294,"geometry":{"type":"Point","coordinates":[-79.369745180578917,43.66341128744849]},"properties":{"OBJECTID":3294}},{"type":"Feature","id":3295,"geometry":{"type":"Point","coordinates":[-79.369868780726364,43.662147587218151]},"properties":{"OBJECTID":3295}},{"type":"Feature","id":3296,"geometry":{"type":"Point","coordinates":[-79.370215480673579,43.65849688640904]},"properties":{"OBJECTID":3296}},{"type":"Feature","id":3297,"geometry":{"type":"Point","coordinates":[-79.36935058083904,43.66571848829571]},"properties":{"OBJECTID":3297}},{"type":"Feature","id":3298,"geometry":{"type":"Point","coordinates":[-79.371261579123185,43.647002784727398]},"properties":{"OBJECTID":3298}},{"type":"Feature","id":3299,"geometry":{"type":"Point","coordinates":[-79.36918208033012,43.667274188274213]},"properties":{"OBJECTID":3299}},{"type":"Feature","id":3300,"geometry":{"type":"Point","coordinates":[-79.369718480451468,43.661776987289912]},"properties":{"OBJECTID":3300}},{"type":"Feature","id":3301,"geometry":{"type":"Point","coordinates":[-79.371205079748762,43.646871684352547]},"properties":{"OBJECTID":3301}},{"type":"Feature","id":3302,"geometry":{"type":"Point","coordinates":[-79.369111080229118,43.667100987815914]},"properties":{"OBJECTID":3302}},{"type":"Feature","id":3303,"geometry":{"type":"Point","coordinates":[-79.371503179555233,43.643062083839652]},"properties":{"OBJECTID":3303}},{"type":"Feature","id":3304,"geometry":{"type":"Point","coordinates":[-79.370683680214398,43.650737484926744]},"properties":{"OBJECTID":3304}},{"type":"Feature","id":3305,"geometry":{"type":"Point","coordinates":[-79.370102780176907,43.656169086332049]},"properties":{"OBJECTID":3305}},{"type":"Feature","id":3306,"geometry":{"type":"Point","coordinates":[-79.370915979129876,43.648210284550714]},"properties":{"OBJECTID":3306}},{"type":"Feature","id":3307,"geometry":{"type":"Point","coordinates":[-79.36885658110927,43.668302288522007]},"properties":{"OBJECTID":3307}},{"type":"Feature","id":3308,"geometry":{"type":"Point","coordinates":[-79.369297680152584,43.663994387692256]},"properties":{"OBJECTID":3308}},{"type":"Feature","id":3309,"geometry":{"type":"Point","coordinates":[-79.36964708018273,43.66033398699367]},"properties":{"OBJECTID":3309}},{"type":"Feature","id":3310,"geometry":{"type":"Point","coordinates":[-79.368733381170927,43.669144188577526]},"properties":{"OBJECTID":3310}},{"type":"Feature","id":3311,"geometry":{"type":"Point","coordinates":[-79.369428880747734,43.662338987115149]},"properties":{"OBJECTID":3311}},{"type":"Feature","id":3312,"geometry":{"type":"Point","coordinates":[-79.369527180872964,43.661327587405445]},"properties":{"OBJECTID":3312}},{"type":"Feature","id":3313,"geometry":{"type":"Point","coordinates":[-79.369121780871083,43.665256587948377]},"properties":{"OBJECTID":3313}},{"type":"Feature","id":3314,"geometry":{"type":"Point","coordinates":[-79.369489080657374,43.661225186798141]},"properties":{"OBJECTID":3314}},{"type":"Feature","id":3315,"geometry":{"type":"Point","coordinates":[-79.368172681485873,43.673790089733814]},"properties":{"OBJECTID":3315}},{"type":"Feature","id":3316,"geometry":{"type":"Point","coordinates":[-79.36967537962947,43.65909448713527]},"properties":{"OBJECTID":3316}},{"type":"Feature","id":3317,"geometry":{"type":"Point","coordinates":[-79.369318180690584,43.662362587347324]},"properties":{"OBJECTID":3317}},{"type":"Feature","id":3318,"geometry":{"type":"Point","coordinates":[-79.371061178891807,43.645248583830423]},"properties":{"OBJECTID":3318}},{"type":"Feature","id":3319,"geometry":{"type":"Point","coordinates":[-79.370777379003357,43.647851484781754]},"properties":{"OBJECTID":3319}},{"type":"Feature","id":3320,"geometry":{"type":"Point","coordinates":[-79.368856880964572,43.666459287728919]},"properties":{"OBJECTID":3320}},{"type":"Feature","id":3321,"geometry":{"type":"Point","coordinates":[-79.371016078774772,43.645321884363213]},"properties":{"OBJECTID":3321}},{"type":"Feature","id":3322,"geometry":{"type":"Point","coordinates":[-79.369139880423745,43.663539787108824]},"properties":{"OBJECTID":3322}},{"type":"Feature","id":3323,"geometry":{"type":"Point","coordinates":[-79.368983880079895,43.664912787858526]},"properties":{"OBJECTID":3323}},{"type":"Feature","id":3324,"geometry":{"type":"Point","coordinates":[-79.368677580686139,43.667857188027824]},"properties":{"OBJECTID":3324}},{"type":"Feature","id":3325,"geometry":{"type":"Point","coordinates":[-79.368005181041468,43.673906689821166]},"properties":{"OBJECTID":3325}},{"type":"Feature","id":3326,"geometry":{"type":"Point","coordinates":[-79.369951480306796,43.654427685590107]},"properties":{"OBJECTID":3326}},{"type":"Feature","id":3327,"geometry":{"type":"Point","coordinates":[-79.369502079971937,43.658662086899604]},"properties":{"OBJECTID":3327}},{"type":"Feature","id":3328,"geometry":{"type":"Point","coordinates":[-79.370809879183923,43.645761684781462]},"properties":{"OBJECTID":3328}},{"type":"Feature","id":3329,"geometry":{"type":"Point","coordinates":[-79.36963017969515,43.657209886331181]},"properties":{"OBJECTID":3329}},{"type":"Feature","id":3330,"geometry":{"type":"Point","coordinates":[-79.368384980274826,43.669225688459825]},"properties":{"OBJECTID":3330}},{"type":"Feature","id":3331,"geometry":{"type":"Point","coordinates":[-79.368500680374922,43.667416488023655]},"properties":{"OBJECTID":3331}},{"type":"Feature","id":3332,"geometry":{"type":"Point","coordinates":[-79.370300479985104,43.649837584803102]},"properties":{"OBJECTID":3332}},{"type":"Feature","id":3333,"geometry":{"type":"Point","coordinates":[-79.368624480906078,43.665879688430891]},"properties":{"OBJECTID":3333}},{"type":"Feature","id":3334,"geometry":{"type":"Point","coordinates":[-79.369182279858748,43.660433686585705]},"properties":{"OBJECTID":3334}},{"type":"Feature","id":3335,"geometry":{"type":"Point","coordinates":[-79.369830179216535,43.653867685859268]},"properties":{"OBJECTID":3335}},{"type":"Feature","id":3336,"geometry":{"type":"Point","coordinates":[-79.369351880449784,43.658283786695456]},"properties":{"OBJECTID":3336}},{"type":"Feature","id":3337,"geometry":{"type":"Point","coordinates":[-79.367748580441884,43.673760389434428]},"properties":{"OBJECTID":3337}},{"type":"Feature","id":3338,"geometry":{"type":"Point","coordinates":[-79.369304779780236,43.658183386417853]},"properties":{"OBJECTID":3338}},{"type":"Feature","id":3339,"geometry":{"type":"Point","coordinates":[-79.368947580630802,43.661451786767053]},"properties":{"OBJECTID":3339}},{"type":"Feature","id":3340,"geometry":{"type":"Point","coordinates":[-79.368197580709534,43.668769888924018]},"properties":{"OBJECTID":3340}},{"type":"Feature","id":3341,"geometry":{"type":"Point","coordinates":[-79.370688979335412,43.644379983727092]},"properties":{"OBJECTID":3341}},{"type":"Feature","id":3342,"geometry":{"type":"Point","coordinates":[-79.37014757926778,43.649469385445585]},"properties":{"OBJECTID":3342}},{"type":"Feature","id":3343,"geometry":{"type":"Point","coordinates":[-79.369588179601749,43.654883285976481]},"properties":{"OBJECTID":3343}},{"type":"Feature","id":3344,"geometry":{"type":"Point","coordinates":[-79.369846380114069,43.651896085884808]},"properties":{"OBJECTID":3344}},{"type":"Feature","id":3345,"geometry":{"type":"Point","coordinates":[-79.368724980093177,43.662496987188014]},"properties":{"OBJECTID":3345}},{"type":"Feature","id":3346,"geometry":{"type":"Point","coordinates":[-79.368024479907405,43.669302489014534]},"properties":{"OBJECTID":3346}},{"type":"Feature","id":3347,"geometry":{"type":"Point","coordinates":[-79.369650079552827,43.653271585466307]},"properties":{"OBJECTID":3347}},{"type":"Feature","id":3348,"geometry":{"type":"Point","coordinates":[-79.368082880862389,43.668474088047056]},"properties":{"OBJECTID":3348}},{"type":"Feature","id":3349,"geometry":{"type":"Point","coordinates":[-79.369678780227645,43.652791385299871]},"properties":{"OBJECTID":3349}},{"type":"Feature","id":3350,"geometry":{"type":"Point","coordinates":[-79.369452679261371,43.654528585487235]},"properties":{"OBJECTID":3350}},{"type":"Feature","id":3351,"geometry":{"type":"Point","coordinates":[-79.368466579661501,43.663681087477464]},"properties":{"OBJECTID":3351}},{"type":"Feature","id":3352,"geometry":{"type":"Point","coordinates":[-79.368287079814124,43.665055487547107]},"properties":{"OBJECTID":3352}},{"type":"Feature","id":3353,"geometry":{"type":"Point","coordinates":[-79.369887378788718,43.648815184973557]},"properties":{"OBJECTID":3353}},{"type":"Feature","id":3354,"geometry":{"type":"Point","coordinates":[-79.368529680570603,43.662045487406218]},"properties":{"OBJECTID":3354}},{"type":"Feature","id":3355,"geometry":{"type":"Point","coordinates":[-79.367247481249692,43.674434489479523]},"properties":{"OBJECTID":3355}},{"type":"Feature","id":3356,"geometry":{"type":"Point","coordinates":[-79.368017979765682,43.666631187849283]},"properties":{"OBJECTID":3356}},{"type":"Feature","id":3357,"geometry":{"type":"Point","coordinates":[-79.370103179653839,43.646238584602969]},"properties":{"OBJECTID":3357}},{"type":"Feature","id":3358,"geometry":{"type":"Point","coordinates":[-79.368960380000388,43.65734668691529]},"properties":{"OBJECTID":3358}},{"type":"Feature","id":3359,"geometry":{"type":"Point","coordinates":[-79.368063080280976,43.66599768831216]},"properties":{"OBJECTID":3359}},{"type":"Feature","id":3360,"geometry":{"type":"Point","coordinates":[-79.367757780365778,43.668969188764969]},"properties":{"OBJECTID":3360}},{"type":"Feature","id":3361,"geometry":{"type":"Point","coordinates":[-79.370123179020851,43.645755984158761]},"properties":{"OBJECTID":3361}},{"type":"Feature","id":3362,"geometry":{"type":"Point","coordinates":[-79.36717558010217,43.674484689783874]},"properties":{"OBJECTID":3362}},{"type":"Feature","id":3363,"geometry":{"type":"Point","coordinates":[-79.368726279417373,43.65931378651679]},"properties":{"OBJECTID":3363}},{"type":"Feature","id":3364,"geometry":{"type":"Point","coordinates":[-79.36927138000479,43.65389578595147]},"properties":{"OBJECTID":3364}},{"type":"Feature","id":3365,"geometry":{"type":"Point","coordinates":[-79.368261980151416,43.663728187586358]},"properties":{"OBJECTID":3365}},{"type":"Feature","id":3366,"geometry":{"type":"Point","coordinates":[-79.368810580318254,43.658294286770492]},"properties":{"OBJECTID":3366}},{"type":"Feature","id":3367,"geometry":{"type":"Point","coordinates":[-79.370316479339721,43.643485584302496]},"properties":{"OBJECTID":3367}},{"type":"Feature","id":3368,"geometry":{"type":"Point","coordinates":[-79.367807180577032,43.667563688348281]},"properties":{"OBJECTID":3368}},{"type":"Feature","id":3369,"geometry":{"type":"Point","coordinates":[-79.369752479744193,43.648491285064445]},"properties":{"OBJECTID":3369}},{"type":"Feature","id":3370,"geometry":{"type":"Point","coordinates":[-79.369461379342809,43.650999185483045]},"properties":{"OBJECTID":3370}},{"type":"Feature","id":3371,"geometry":{"type":"Point","coordinates":[-79.368825179392331,43.657015286440988]},"properties":{"OBJECTID":3371}},{"type":"Feature","id":3372,"geometry":{"type":"Point","coordinates":[-79.368046980428716,43.664470387503705]},"properties":{"OBJECTID":3372}},{"type":"Feature","id":3373,"geometry":{"type":"Point","coordinates":[-79.36833128038009,43.661570186943088]},"properties":{"OBJECTID":3373}},{"type":"Feature","id":3374,"geometry":{"type":"Point","coordinates":[-79.369550479339253,43.649604485220024]},"properties":{"OBJECTID":3374}},{"type":"Feature","id":3375,"geometry":{"type":"Point","coordinates":[-79.369916178522558,43.645795984148201]},"properties":{"OBJECTID":3375}},{"type":"Feature","id":3376,"geometry":{"type":"Point","coordinates":[-79.369136579776978,43.65338058552387]},"properties":{"OBJECTID":3376}},{"type":"Feature","id":3377,"geometry":{"type":"Point","coordinates":[-79.368999279913723,43.654622286380324]},"properties":{"OBJECTID":3377}},{"type":"Feature","id":3378,"geometry":{"type":"Point","coordinates":[-79.368553780254032,43.658873686840089]},"properties":{"OBJECTID":3378}},{"type":"Feature","id":3379,"geometry":{"type":"Point","coordinates":[-79.368885879689159,43.655417785984085]},"properties":{"OBJECTID":3379}},{"type":"Feature","id":3380,"geometry":{"type":"Point","coordinates":[-79.368200580188073,43.662082787201932]},"properties":{"OBJECTID":3380}},{"type":"Feature","id":3381,"geometry":{"type":"Point","coordinates":[-79.367973079442407,43.664285687960579]},"properties":{"OBJECTID":3381}},{"type":"Feature","id":3382,"geometry":{"type":"Point","coordinates":[-79.368902679850478,43.655027386170978]},"properties":{"OBJECTID":3382}},{"type":"Feature","id":3383,"geometry":{"type":"Point","coordinates":[-79.369564878841672,43.648092484635235]},"properties":{"OBJECTID":3383}},{"type":"Feature","id":3384,"geometry":{"type":"Point","coordinates":[-79.369815878851071,43.645546084297415]},"properties":{"OBJECTID":3384}},{"type":"Feature","id":3385,"geometry":{"type":"Point","coordinates":[-79.368029980503607,43.66262968781313]},"properties":{"OBJECTID":3385}},{"type":"Feature","id":3386,"geometry":{"type":"Point","coordinates":[-79.36730517972903,43.66924618903267]},"properties":{"OBJECTID":3386}},{"type":"Feature","id":3387,"geometry":{"type":"Point","coordinates":[-79.367833779994697,43.663943487432476]},"properties":{"OBJECTID":3387}},{"type":"Feature","id":3388,"geometry":{"type":"Point","coordinates":[-79.368739080070895,43.655103686238213]},"properties":{"OBJECTID":3388}},{"type":"Feature","id":3389,"geometry":{"type":"Point","coordinates":[-79.368391479131105,43.658457186544176]},"properties":{"OBJECTID":3389}},{"type":"Feature","id":3390,"geometry":{"type":"Point","coordinates":[-79.367525479830761,43.666871888185476]},"properties":{"OBJECTID":3390}},{"type":"Feature","id":3391,"geometry":{"type":"Point","coordinates":[-79.368368180226355,43.658393186615626]},"properties":{"OBJECTID":3391}},{"type":"Feature","id":3392,"geometry":{"type":"Point","coordinates":[-79.369447679325532,43.647808684503389]},"properties":{"OBJECTID":3392}},{"type":"Feature","id":3393,"geometry":{"type":"Point","coordinates":[-79.368570379398832,43.656337085860024]},"properties":{"OBJECTID":3393}},{"type":"Feature","id":3394,"geometry":{"type":"Point","coordinates":[-79.367260180342939,43.669038188929711]},"properties":{"OBJECTID":3394}},{"type":"Feature","id":3395,"geometry":{"type":"Point","coordinates":[-79.367788179549947,43.663828888018351]},"properties":{"OBJECTID":3395}},{"type":"Feature","id":3396,"geometry":{"type":"Point","coordinates":[-79.369419278746392,43.647740085026747]},"properties":{"OBJECTID":3396}},{"type":"Feature","id":3397,"geometry":{"type":"Point","coordinates":[-79.367323480031018,43.667676088757702]},"properties":{"OBJECTID":3397}},{"type":"Feature","id":3398,"geometry":{"type":"Point","coordinates":[-79.368122979689048,43.659460687102118]},"properties":{"OBJECTID":3398}},{"type":"Feature","id":3399,"geometry":{"type":"Point","coordinates":[-79.367390480088062,43.666506988263151]},"properties":{"OBJECTID":3399}},{"type":"Feature","id":3400,"geometry":{"type":"Point","coordinates":[-79.369065378700157,43.650127985332681]},"properties":{"OBJECTID":3400}},{"type":"Feature","id":3401,"geometry":{"type":"Point","coordinates":[-79.367116479826862,43.668687188645841]},"properties":{"OBJECTID":3401}},{"type":"Feature","id":3402,"geometry":{"type":"Point","coordinates":[-79.367458379340619,43.665312988236607]},"properties":{"OBJECTID":3402}},{"type":"Feature","id":3403,"geometry":{"type":"Point","coordinates":[-79.367481679842697,43.664604888104463]},"properties":{"OBJECTID":3403}},{"type":"Feature","id":3404,"geometry":{"type":"Point","coordinates":[-79.367252379719787,43.666166188521984]},"properties":{"OBJECTID":3404}},{"type":"Feature","id":3405,"geometry":{"type":"Point","coordinates":[-79.367980380122887,43.658982486692253]},"properties":{"OBJECTID":3405}},{"type":"Feature","id":3406,"geometry":{"type":"Point","coordinates":[-79.368533078981514,43.653513385347196]},"properties":{"OBJECTID":3406}},{"type":"Feature","id":3407,"geometry":{"type":"Point","coordinates":[-79.369180878713564,43.647159584508032]},"properties":{"OBJECTID":3407}},{"type":"Feature","id":3408,"geometry":{"type":"Point","coordinates":[-79.367530980256063,43.663207887739667]},"properties":{"OBJECTID":3408}},{"type":"Feature","id":3409,"geometry":{"type":"Point","coordinates":[-79.368910378722319,43.649734385361754]},"properties":{"OBJECTID":3409}},{"type":"Feature","id":3410,"geometry":{"type":"Point","coordinates":[-79.367662379883058,43.661716387654998]},"properties":{"OBJECTID":3410}},{"type":"Feature","id":3411,"geometry":{"type":"Point","coordinates":[-79.368624279309273,43.65214878514675]},"properties":{"OBJECTID":3411}},{"type":"Feature","id":3412,"geometry":{"type":"Point","coordinates":[-79.36629957989561,43.674769289523404]},"properties":{"OBJECTID":3412}},{"type":"Feature","id":3413,"geometry":{"type":"Point","coordinates":[-79.366829979658945,43.669582088998659]},"properties":{"OBJECTID":3413}},{"type":"Feature","id":3414,"geometry":{"type":"Point","coordinates":[-79.366742480111455,43.669369888887189]},"properties":{"OBJECTID":3414}},{"type":"Feature","id":3415,"geometry":{"type":"Point","coordinates":[-79.367805078946247,43.658583886772128]},"properties":{"OBJECTID":3415}},{"type":"Feature","id":3416,"geometry":{"type":"Point","coordinates":[-79.367242480157032,43.663961187793404]},"properties":{"OBJECTID":3416}},{"type":"Feature","id":3417,"geometry":{"type":"Point","coordinates":[-79.367361879349403,43.662786187299481]},"properties":{"OBJECTID":3417}},{"type":"Feature","id":3418,"geometry":{"type":"Point","coordinates":[-79.36689638038132,43.667307888529656]},"properties":{"OBJECTID":3418}},{"type":"Feature","id":3419,"geometry":{"type":"Point","coordinates":[-79.368239478750723,43.65417558564144]},"properties":{"OBJECTID":3419}},{"type":"Feature","id":3420,"geometry":{"type":"Point","coordinates":[-79.366689179604435,43.66923948820336]},"properties":{"OBJECTID":3420}},{"type":"Feature","id":3421,"geometry":{"type":"Point","coordinates":[-79.368005679324028,43.656344486018071]},"properties":{"OBJECTID":3421}},{"type":"Feature","id":3422,"geometry":{"type":"Point","coordinates":[-79.366659780240354,43.669168888870082]},"properties":{"OBJECTID":3422}},{"type":"Feature","id":3423,"geometry":{"type":"Point","coordinates":[-79.367470579833068,43.661226286867461]},"properties":{"OBJECTID":3423}},{"type":"Feature","id":3424,"geometry":{"type":"Point","coordinates":[-79.366840579738891,43.667365488313429]},"properties":{"OBJECTID":3424}},{"type":"Feature","id":3425,"geometry":{"type":"Point","coordinates":[-79.368069079286769,43.655229186298612]},"properties":{"OBJECTID":3425}},{"type":"Feature","id":3426,"geometry":{"type":"Point","coordinates":[-79.366973279534633,43.665477987659543]},"properties":{"OBJECTID":3426}},{"type":"Feature","id":3427,"geometry":{"type":"Point","coordinates":[-79.367144979735457,43.663707787783274]},"properties":{"OBJECTID":3427}},{"type":"Feature","id":3428,"geometry":{"type":"Point","coordinates":[-79.36863767921939,43.64911068490094]},"properties":{"OBJECTID":3428}},{"type":"Feature","id":3429,"geometry":{"type":"Point","coordinates":[-79.367540879310042,43.659588486964104]},"properties":{"OBJECTID":3429}},{"type":"Feature","id":3430,"geometry":{"type":"Point","coordinates":[-79.367115179414242,43.6636304876615]},"properties":{"OBJECTID":3430}},{"type":"Feature","id":3431,"geometry":{"type":"Point","coordinates":[-79.366682779564243,43.6678207883295]},"properties":{"OBJECTID":3431}},{"type":"Feature","id":3432,"geometry":{"type":"Point","coordinates":[-79.366526579506058,43.668826788592547]},"properties":{"OBJECTID":3432}},{"type":"Feature","id":3433,"geometry":{"type":"Point","coordinates":[-79.366523580431348,43.668817788792907]},"properties":{"OBJECTID":3433}},{"type":"Feature","id":3434,"geometry":{"type":"Point","coordinates":[-79.367182479806317,43.662338587318409]},"properties":{"OBJECTID":3434}},{"type":"Feature","id":3435,"geometry":{"type":"Point","coordinates":[-79.367075779604193,43.663310987524163]},"properties":{"OBJECTID":3435}},{"type":"Feature","id":3436,"geometry":{"type":"Point","coordinates":[-79.36793087933161,43.654858086401582]},"properties":{"OBJECTID":3436}},{"type":"Feature","id":3437,"geometry":{"type":"Point","coordinates":[-79.366843979644401,43.665157987803553]},"properties":{"OBJECTID":3437}},{"type":"Feature","id":3438,"geometry":{"type":"Point","coordinates":[-79.368250979463454,43.651279085898459]},"properties":{"OBJECTID":3438}},{"type":"Feature","id":3439,"geometry":{"type":"Point","coordinates":[-79.368001179234213,43.653634485756655]},"properties":{"OBJECTID":3439}},{"type":"Feature","id":3440,"geometry":{"type":"Point","coordinates":[-79.368964978214919,43.643949184518938]},"properties":{"OBJECTID":3440}},{"type":"Feature","id":3441,"geometry":{"type":"Point","coordinates":[-79.367124579038517,43.661835487627457]},"properties":{"OBJECTID":3441}},{"type":"Feature","id":3442,"geometry":{"type":"Point","coordinates":[-79.368460378741375,43.648782284784019]},"properties":{"OBJECTID":3442}},{"type":"Feature","id":3443,"geometry":{"type":"Point","coordinates":[-79.366526380316273,43.667437088434362]},"properties":{"OBJECTID":3443}},{"type":"Feature","id":3444,"geometry":{"type":"Point","coordinates":[-79.366585479605462,43.666752088273491]},"properties":{"OBJECTID":3444}},{"type":"Feature","id":3445,"geometry":{"type":"Point","coordinates":[-79.36640367943663,43.668491588163697]},"properties":{"OBJECTID":3445}},{"type":"Feature","id":3446,"geometry":{"type":"Point","coordinates":[-79.366280780201805,43.669660188666313]},"properties":{"OBJECTID":3446}},{"type":"Feature","id":3447,"geometry":{"type":"Point","coordinates":[-79.366959679543854,43.663013487582965]},"properties":{"OBJECTID":3447}},{"type":"Feature","id":3448,"geometry":{"type":"Point","coordinates":[-79.367989279564284,43.652950285898243]},"properties":{"OBJECTID":3448}},{"type":"Feature","id":3449,"geometry":{"type":"Point","coordinates":[-79.367343979146895,43.659126486775328]},"properties":{"OBJECTID":3449}},{"type":"Feature","id":3450,"geometry":{"type":"Point","coordinates":[-79.36854517853142,43.647285584264303]},"properties":{"OBJECTID":3450}},{"type":"Feature","id":3451,"geometry":{"type":"Point","coordinates":[-79.367031779046428,43.661949287553313]},"properties":{"OBJECTID":3451}},{"type":"Feature","id":3452,"geometry":{"type":"Point","coordinates":[-79.367592379105773,43.656365886257802]},"properties":{"OBJECTID":3452}},{"type":"Feature","id":3453,"geometry":{"type":"Point","coordinates":[-79.366359679606902,43.668375188087396]},"properties":{"OBJECTID":3453}},{"type":"Feature","id":3454,"geometry":{"type":"Point","coordinates":[-79.366692879272094,43.664780987436167]},"properties":{"OBJECTID":3454}},{"type":"Feature","id":3455,"geometry":{"type":"Point","coordinates":[-79.366315579737744,43.668261388679014]},"properties":{"OBJECTID":3455}},{"type":"Feature","id":3456,"geometry":{"type":"Point","coordinates":[-79.368607878515903,43.645803884426456]},"properties":{"OBJECTID":3456}},{"type":"Feature","id":3457,"geometry":{"type":"Point","coordinates":[-79.368073478806707,43.650833685053549]},"properties":{"OBJECTID":3457}},{"type":"Feature","id":3458,"geometry":{"type":"Point","coordinates":[-79.366397679363786,43.667111988594364]},"properties":{"OBJECTID":3458}},{"type":"Feature","id":3459,"geometry":{"type":"Point","coordinates":[-79.368173679341922,43.649780485512686]},"properties":{"OBJECTID":3459}},{"type":"Feature","id":3460,"geometry":{"type":"Point","coordinates":[-79.368292279133271,43.648380384786662]},"properties":{"OBJECTID":3460}},{"type":"Feature","id":3461,"geometry":{"type":"Point","coordinates":[-79.366579779580746,43.664801187813019]},"properties":{"OBJECTID":3461}},{"type":"Feature","id":3462,"geometry":{"type":"Point","coordinates":[-79.366705679144133,43.66339468746672]},"properties":{"OBJECTID":3462}},{"type":"Feature","id":3463,"geometry":{"type":"Point","coordinates":[-79.36716897901384,43.658718786446926]},"properties":{"OBJECTID":3463}},{"type":"Feature","id":3464,"geometry":{"type":"Point","coordinates":[-79.366878679481744,43.661348587242514]},"properties":{"OBJECTID":3464}},{"type":"Feature","id":3465,"geometry":{"type":"Point","coordinates":[-79.36618727967533,43.667933788556894]},"properties":{"OBJECTID":3465}},{"type":"Feature","id":3466,"geometry":{"type":"Point","coordinates":[-79.367804079280759,43.651834185185443]},"properties":{"OBJECTID":3466}},{"type":"Feature","id":3467,"geometry":{"type":"Point","coordinates":[-79.365585879868675,43.673183389276602]},"properties":{"OBJECTID":3467}},{"type":"Feature","id":3468,"geometry":{"type":"Point","coordinates":[-79.366788379932785,43.661357187153037]},"properties":{"OBJECTID":3468}},{"type":"Feature","id":3469,"geometry":{"type":"Point","coordinates":[-79.366569978904991,43.663428288031874]},"properties":{"OBJECTID":3469}},{"type":"Feature","id":3470,"geometry":{"type":"Point","coordinates":[-79.367877979364025,43.650400384992857]},"properties":{"OBJECTID":3470}},{"type":"Feature","id":3471,"geometry":{"type":"Point","coordinates":[-79.368116578583781,43.647978084793607]},"properties":{"OBJECTID":3471}},{"type":"Feature","id":3472,"geometry":{"type":"Point","coordinates":[-79.366351079908142,43.664851487989857]},"properties":{"OBJECTID":3472}},{"type":"Feature","id":3473,"geometry":{"type":"Point","coordinates":[-79.365955980163292,43.668558088928954]},"properties":{"OBJECTID":3473}},{"type":"Feature","id":3474,"geometry":{"type":"Point","coordinates":[-79.365908979418919,43.668480788107424]},"properties":{"OBJECTID":3474}},{"type":"Feature","id":3475,"geometry":{"type":"Point","coordinates":[-79.366777578691156,43.659762086729984]},"properties":{"OBJECTID":3475}},{"type":"Feature","id":3476,"geometry":{"type":"Point","coordinates":[-79.366315679361392,43.664167087449286]},"properties":{"OBJECTID":3476}},{"type":"Feature","id":3477,"geometry":{"type":"Point","coordinates":[-79.367986878246995,43.647409384424499]},"properties":{"OBJECTID":3477}},{"type":"Feature","id":3478,"geometry":{"type":"Point","coordinates":[-79.36719487920773,43.655018585818524]},"properties":{"OBJECTID":3478}},{"type":"Feature","id":3479,"geometry":{"type":"Point","coordinates":[-79.3679463786479,43.647420084875698]},"properties":{"OBJECTID":3479}},{"type":"Feature","id":3480,"geometry":{"type":"Point","coordinates":[-79.365905980165195,43.667236288284393]},"properties":{"OBJECTID":3480}},{"type":"Feature","id":3481,"geometry":{"type":"Point","coordinates":[-79.367414379157267,43.652410585342771]},"properties":{"OBJECTID":3481}},{"type":"Feature","id":3482,"geometry":{"type":"Point","coordinates":[-79.367922378184446,43.647434284510702]},"properties":{"OBJECTID":3482}},{"type":"Feature","id":3483,"geometry":{"type":"Point","coordinates":[-79.367908378820985,43.64751878439575]},"properties":{"OBJECTID":3483}},{"type":"Feature","id":3484,"geometry":{"type":"Point","coordinates":[-79.366338179359786,43.662830687742563]},"properties":{"OBJECTID":3484}},{"type":"Feature","id":3485,"geometry":{"type":"Point","coordinates":[-79.36790237839547,43.647497385031912]},"properties":{"OBJECTID":3485}},{"type":"Feature","id":3486,"geometry":{"type":"Point","coordinates":[-79.367905977960774,43.647453384726127]},"properties":{"OBJECTID":3486}},{"type":"Feature","id":3487,"geometry":{"type":"Point","coordinates":[-79.367899778459829,43.647477084326042]},"properties":{"OBJECTID":3487}},{"type":"Feature","id":3488,"geometry":{"type":"Point","coordinates":[-79.366519978850164,43.660699387407085]},"properties":{"OBJECTID":3488}},{"type":"Feature","id":3489,"geometry":{"type":"Point","coordinates":[-79.366943878794174,43.656500686211274]},"properties":{"OBJECTID":3489}},{"type":"Feature","id":3490,"geometry":{"type":"Point","coordinates":[-79.366657279496579,43.65929678736584]},"properties":{"OBJECTID":3490}},{"type":"Feature","id":3491,"geometry":{"type":"Point","coordinates":[-79.366573178775141,43.659312887304189]},"properties":{"OBJECTID":3491}},{"type":"Feature","id":3492,"geometry":{"type":"Point","coordinates":[-79.365631879925019,43.668049688145118]},"properties":{"OBJECTID":3492}},{"type":"Feature","id":3493,"geometry":{"type":"Point","coordinates":[-79.366058479466403,43.663537987469617]},"properties":{"OBJECTID":3493}},{"type":"Feature","id":3494,"geometry":{"type":"Point","coordinates":[-79.366535479462911,43.658876286691125]},"properties":{"OBJECTID":3494}},{"type":"Feature","id":3495,"geometry":{"type":"Point","coordinates":[-79.365968779874535,43.664231287533973]},"properties":{"OBJECTID":3495}},{"type":"Feature","id":3496,"geometry":{"type":"Point","coordinates":[-79.365509279157607,43.668649188200881]},"properties":{"OBJECTID":3496}},{"type":"Feature","id":3497,"geometry":{"type":"Point","coordinates":[-79.367216879119653,43.651959985747666]},"properties":{"OBJECTID":3497}},{"type":"Feature","id":3498,"geometry":{"type":"Point","coordinates":[-79.366949378457036,43.654465886015011]},"properties":{"OBJECTID":3498}},{"type":"Feature","id":3499,"geometry":{"type":"Point","coordinates":[-79.365874879800501,43.664252587542904]},"properties":{"OBJECTID":3499}},{"type":"Feature","id":3500,"geometry":{"type":"Point","coordinates":[-79.365618880149981,43.666535987949558]},"properties":{"OBJECTID":3500}},{"type":"Feature","id":3501,"geometry":{"type":"Point","coordinates":[-79.366276979254707,43.660113187001649]},"properties":{"OBJECTID":3501}},{"type":"Feature","id":3502,"geometry":{"type":"Point","coordinates":[-79.365490579575749,43.667691488129478]},"properties":{"OBJECTID":3502}},{"type":"Feature","id":3503,"geometry":{"type":"Point","coordinates":[-79.36603367989845,43.662169087200517]},"properties":{"OBJECTID":3503}},{"type":"Feature","id":3504,"geometry":{"type":"Point","coordinates":[-79.367806278515644,43.644348684115883]},"properties":{"OBJECTID":3504}},{"type":"Feature","id":3505,"geometry":{"type":"Point","coordinates":[-79.365164079665092,43.669943988835541]},"properties":{"OBJECTID":3505}},{"type":"Feature","id":3506,"geometry":{"type":"Point","coordinates":[-79.36704087901262,43.651549885747528]},"properties":{"OBJECTID":3506}},{"type":"Feature","id":3507,"geometry":{"type":"Point","coordinates":[-79.367294578436898,43.64905048552334]},"properties":{"OBJECTID":3507}},{"type":"Feature","id":3508,"geometry":{"type":"Point","coordinates":[-79.366169878658212,43.659854687019944]},"properties":{"OBJECTID":3508}},{"type":"Feature","id":3509,"geometry":{"type":"Point","coordinates":[-79.36535967899394,43.667364688413372]},"properties":{"OBJECTID":3509}},{"type":"Feature","id":3510,"geometry":{"type":"Point","coordinates":[-79.36672827856826,43.653931486235955]},"properties":{"OBJECTID":3510}},{"type":"Feature","id":3511,"geometry":{"type":"Point","coordinates":[-79.3653141794818,43.667049388431288]},"properties":{"OBJECTID":3511}},{"type":"Feature","id":3512,"geometry":{"type":"Point","coordinates":[-79.366307278657104,43.656653586086861]},"properties":{"OBJECTID":3512}},{"type":"Feature","id":3513,"geometry":{"type":"Point","coordinates":[-79.365197879555396,43.667400387961806]},"properties":{"OBJECTID":3513}},{"type":"Feature","id":3514,"geometry":{"type":"Point","coordinates":[-79.366008478578976,43.659440586674584]},"properties":{"OBJECTID":3514}},{"type":"Feature","id":3515,"geometry":{"type":"Point","coordinates":[-79.366854678107515,43.651097085544812]},"properties":{"OBJECTID":3515}},{"type":"Feature","id":3516,"geometry":{"type":"Point","coordinates":[-79.365339179498633,43.665823688468159]},"properties":{"OBJECTID":3516}},{"type":"Feature","id":3517,"geometry":{"type":"Point","coordinates":[-79.365505279724445,43.664073388057531]},"properties":{"OBJECTID":3517}},{"type":"Feature","id":3518,"geometry":{"type":"Point","coordinates":[-79.364984579658554,43.668680988891985]},"properties":{"OBJECTID":3518}},{"type":"Feature","id":3519,"geometry":{"type":"Point","coordinates":[-79.365082579061024,43.667105988679054]},"properties":{"OBJECTID":3519}},{"type":"Feature","id":3520,"geometry":{"type":"Point","coordinates":[-79.364851279799325,43.66918808852126]},"properties":{"OBJECTID":3520}},{"type":"Feature","id":3521,"geometry":{"type":"Point","coordinates":[-79.366459778973535,43.653315385857809]},"properties":{"OBJECTID":3521}},{"type":"Feature","id":3522,"geometry":{"type":"Point","coordinates":[-79.364747479191024,43.669983788872393]},"properties":{"OBJECTID":3522}},{"type":"Feature","id":3523,"geometry":{"type":"Point","coordinates":[-79.365834178958451,43.659005887253691]},"properties":{"OBJECTID":3523}},{"type":"Feature","id":3524,"geometry":{"type":"Point","coordinates":[-79.366665279027416,43.650673885455923]},"properties":{"OBJECTID":3524}},{"type":"Feature","id":3525,"geometry":{"type":"Point","coordinates":[-79.364710379905574,43.669643989201717]},"properties":{"OBJECTID":3525}},{"type":"Feature","id":3526,"geometry":{"type":"Point","coordinates":[-79.366453578985471,43.652630985574028]},"properties":{"OBJECTID":3526}},{"type":"Feature","id":3527,"geometry":{"type":"Point","coordinates":[-79.36706087872102,43.646471184811958]},"properties":{"OBJECTID":3527}},{"type":"Feature","id":3528,"geometry":{"type":"Point","coordinates":[-79.364810479484291,43.668231488725034]},"properties":{"OBJECTID":3528}},{"type":"Feature","id":3529,"geometry":{"type":"Point","coordinates":[-79.365512779555402,43.660935187040359]},"properties":{"OBJECTID":3529}},{"type":"Feature","id":3530,"geometry":{"type":"Point","coordinates":[-79.366753778559115,43.648743485486705]},"properties":{"OBJECTID":3530}},{"type":"Feature","id":3531,"geometry":{"type":"Point","coordinates":[-79.3650477793108,43.665135288221542]},"properties":{"OBJECTID":3531}},{"type":"Feature","id":3532,"geometry":{"type":"Point","coordinates":[-79.364536179275348,43.669678188760834]},"properties":{"OBJECTID":3532}},{"type":"Feature","id":3533,"geometry":{"type":"Point","coordinates":[-79.366493178722479,43.650254485531114]},"properties":{"OBJECTID":3533}},{"type":"Feature","id":3534,"geometry":{"type":"Point","coordinates":[-79.365925078950113,43.65574028630251]},"properties":{"OBJECTID":3534}},{"type":"Feature","id":3535,"geometry":{"type":"Point","coordinates":[-79.364418179235699,43.670093188730782]},"properties":{"OBJECTID":3535}},{"type":"Feature","id":3536,"geometry":{"type":"Point","coordinates":[-79.364415379900649,43.670076988930681]},"properties":{"OBJECTID":3536}},{"type":"Feature","id":3537,"geometry":{"type":"Point","coordinates":[-79.36441137909847,43.670104288605771]},"properties":{"OBJECTID":3537}},{"type":"Feature","id":3538,"geometry":{"type":"Point","coordinates":[-79.36619707789319,43.652682185466311]},"properties":{"OBJECTID":3538}},{"type":"Feature","id":3539,"geometry":{"type":"Point","coordinates":[-79.364798979208075,43.66630968780499]},"properties":{"OBJECTID":3539}},{"type":"Feature","id":3540,"geometry":{"type":"Point","coordinates":[-79.364408679497259,43.670060889318002]},"properties":{"OBJECTID":3540}},{"type":"Feature","id":3541,"geometry":{"type":"Point","coordinates":[-79.364699078973715,43.667188088635001]},"properties":{"OBJECTID":3541}},{"type":"Feature","id":3542,"geometry":{"type":"Point","coordinates":[-79.364894778963119,43.664771388072708]},"properties":{"OBJECTID":3542}},{"type":"Feature","id":3543,"geometry":{"type":"Point","coordinates":[-79.364750078898268,43.665959488485818]},"properties":{"OBJECTID":3543}},{"type":"Feature","id":3544,"geometry":{"type":"Point","coordinates":[-79.364725679685222,43.666142488453076]},"properties":{"OBJECTID":3544}},{"type":"Feature","id":3545,"geometry":{"type":"Point","coordinates":[-79.364393479813359,43.669297488928933]},"properties":{"OBJECTID":3545}},{"type":"Feature","id":3546,"geometry":{"type":"Point","coordinates":[-79.365646078536713,43.656797286121559]},"properties":{"OBJECTID":3546}},{"type":"Feature","id":3547,"geometry":{"type":"Point","coordinates":[-79.365491678935413,43.658173986341588]},"properties":{"OBJECTID":3547}},{"type":"Feature","id":3548,"geometry":{"type":"Point","coordinates":[-79.365747578121827,43.655340086152066]},"properties":{"OBJECTID":3548}},{"type":"Feature","id":3549,"geometry":{"type":"Point","coordinates":[-79.364640179518915,43.665984788112219]},"properties":{"OBJECTID":3549}},{"type":"Feature","id":3550,"geometry":{"type":"Point","coordinates":[-79.366080078323208,43.651770286027379]},"properties":{"OBJECTID":3550}},{"type":"Feature","id":3551,"geometry":{"type":"Point","coordinates":[-79.364360878766078,43.668327288723901]},"properties":{"OBJECTID":3551}},{"type":"Feature","id":3552,"geometry":{"type":"Point","coordinates":[-79.365231979266241,43.659608687171534]},"properties":{"OBJECTID":3552}},{"type":"Feature","id":3553,"geometry":{"type":"Point","coordinates":[-79.365005378790329,43.661053987669028]},"properties":{"OBJECTID":3553}},{"type":"Feature","id":3554,"geometry":{"type":"Point","coordinates":[-79.365608778999416,43.654990285876721]},"properties":{"OBJECTID":3554}},{"type":"Feature","id":3555,"geometry":{"type":"Point","coordinates":[-79.364225379243308,43.667985988388438]},"properties":{"OBJECTID":3555}},{"type":"Feature","id":3556,"geometry":{"type":"Point","coordinates":[-79.364468978714982,43.66526088762302]},"properties":{"OBJECTID":3556}},{"type":"Feature","id":3557,"geometry":{"type":"Point","coordinates":[-79.366085477797043,43.649326484837076]},"properties":{"OBJECTID":3557}},{"type":"Feature","id":3558,"geometry":{"type":"Point","coordinates":[-79.363942979563859,43.670214888895821]},"properties":{"OBJECTID":3558}},{"type":"Feature","id":3559,"geometry":{"type":"Point","coordinates":[-79.364013679390851,43.669385988506434]},"properties":{"OBJECTID":3559}},{"type":"Feature","id":3560,"geometry":{"type":"Point","coordinates":[-79.363916578705968,43.670217889105004]},"properties":{"OBJECTID":3560}},{"type":"Feature","id":3561,"geometry":{"type":"Point","coordinates":[-79.363897579078369,43.670214088512843]},"properties":{"OBJECTID":3561}},{"type":"Feature","id":3562,"geometry":{"type":"Point","coordinates":[-79.364301178952033,43.666236288230266]},"properties":{"OBJECTID":3562}},{"type":"Feature","id":3563,"geometry":{"type":"Point","coordinates":[-79.364543279456029,43.66387378816097]},"properties":{"OBJECTID":3563}},{"type":"Feature","id":3564,"geometry":{"type":"Point","coordinates":[-79.363882378719438,43.67020358903315]},"properties":{"OBJECTID":3564}},{"type":"Feature","id":3565,"geometry":{"type":"Point","coordinates":[-79.363873979563465,43.670190189361257]},"properties":{"OBJECTID":3565}},{"type":"Feature","id":3566,"geometry":{"type":"Point","coordinates":[-79.364407179268156,43.664879887642478]},"properties":{"OBJECTID":3566}},{"type":"Feature","id":3567,"geometry":{"type":"Point","coordinates":[-79.363857179062521,43.670151388877812]},"properties":{"OBJECTID":3567}},{"type":"Feature","id":3568,"geometry":{"type":"Point","coordinates":[-79.366455777502267,43.644586684076934]},"properties":{"OBJECTID":3568}},{"type":"Feature","id":3569,"geometry":{"type":"Point","coordinates":[-79.364089779509797,43.667647388678496]},"properties":{"OBJECTID":3569}},{"type":"Feature","id":3570,"geometry":{"type":"Point","coordinates":[-79.366197077867241,43.646612584450914]},"properties":{"OBJECTID":3570}},{"type":"Feature","id":3571,"geometry":{"type":"Point","coordinates":[-79.365958578257022,43.648932285343051]},"properties":{"OBJECTID":3571}},{"type":"Feature","id":3572,"geometry":{"type":"Point","coordinates":[-79.364776778224027,43.660456486998363]},"properties":{"OBJECTID":3572}},{"type":"Feature","id":3573,"geometry":{"type":"Point","coordinates":[-79.365221477989905,43.655893786169436]},"properties":{"OBJECTID":3573}},{"type":"Feature","id":3574,"geometry":{"type":"Point","coordinates":[-79.364141178625388,43.666097188240151]},"properties":{"OBJECTID":3574}},{"type":"Feature","id":3575,"geometry":{"type":"Point","coordinates":[-79.363829478965997,43.668919388574366]},"properties":{"OBJECTID":3575}},{"type":"Feature","id":3576,"geometry":{"type":"Point","coordinates":[-79.36530557854303,43.654262286359469]},"properties":{"OBJECTID":3576}},{"type":"Feature","id":3577,"geometry":{"type":"Point","coordinates":[-79.363705278854312,43.669807088595135]},"properties":{"OBJECTID":3577}},{"type":"Feature","id":3578,"geometry":{"type":"Point","coordinates":[-79.366088577733819,43.646319884430959]},"properties":{"OBJECTID":3578}},{"type":"Feature","id":3579,"geometry":{"type":"Point","coordinates":[-79.364997078898512,43.656949987047945]},"properties":{"OBJECTID":3579}},{"type":"Feature","id":3580,"geometry":{"type":"Point","coordinates":[-79.366211777329596,43.644221684164123]},"properties":{"OBJECTID":3580}},{"type":"Feature","id":3581,"geometry":{"type":"Point","coordinates":[-79.364755978965263,43.658339286654829]},"properties":{"OBJECTID":3581}},{"type":"Feature","id":3582,"geometry":{"type":"Point","coordinates":[-79.363572078887927,43.669487889239598]},"properties":{"OBJECTID":3582}},{"type":"Feature","id":3583,"geometry":{"type":"Point","coordinates":[-79.363661279550598,43.668481489133896]},"properties":{"OBJECTID":3583}},{"type":"Feature","id":3584,"geometry":{"type":"Point","coordinates":[-79.363804478560311,43.666930388702006]},"properties":{"OBJECTID":3584}},{"type":"Feature","id":3585,"geometry":{"type":"Point","coordinates":[-79.364503278301541,43.659770886700599]},"properties":{"OBJECTID":3585}},{"type":"Feature","id":3586,"geometry":{"type":"Point","coordinates":[-79.364172379050615,43.662970987836765]},"properties":{"OBJECTID":3586}},{"type":"Feature","id":3587,"geometry":{"type":"Point","coordinates":[-79.365185278427234,43.652908986233108]},"properties":{"OBJECTID":3587}},{"type":"Feature","id":3588,"geometry":{"type":"Point","coordinates":[-79.364946778375412,43.655124286186336]},"properties":{"OBJECTID":3588}},{"type":"Feature","id":3589,"geometry":{"type":"Point","coordinates":[-79.365597478411757,43.648615285435213]},"properties":{"OBJECTID":3589}},{"type":"Feature","id":3590,"geometry":{"type":"Point","coordinates":[-79.363853878454051,43.665399487804294]},"properties":{"OBJECTID":3590}},{"type":"Feature","id":3591,"geometry":{"type":"Point","coordinates":[-79.365874277660239,43.645458584241105]},"properties":{"OBJECTID":3591}},{"type":"Feature","id":3592,"geometry":{"type":"Point","coordinates":[-79.363520178393316,43.668141688634186]},"properties":{"OBJECTID":3592}},{"type":"Feature","id":3593,"geometry":{"type":"Point","coordinates":[-79.365530178270134,43.647985384846208]},"properties":{"OBJECTID":3593}},{"type":"Feature","id":3594,"geometry":{"type":"Point","coordinates":[-79.364021678711865,43.6626094873182]},"properties":{"OBJECTID":3594}},{"type":"Feature","id":3595,"geometry":{"type":"Point","coordinates":[-79.365015977508875,43.652474985376223]},"properties":{"OBJECTID":3595}},{"type":"Feature","id":3596,"geometry":{"type":"Point","coordinates":[-79.364613378640726,43.656008086703345]},"properties":{"OBJECTID":3596}},{"type":"Feature","id":3597,"geometry":{"type":"Point","coordinates":[-79.363176478426254,43.669927489191409]},"properties":{"OBJECTID":3597}},{"type":"Feature","id":3598,"geometry":{"type":"Point","coordinates":[-79.365670777770148,43.645539684105884]},"properties":{"OBJECTID":3598}},{"type":"Feature","id":3599,"geometry":{"type":"Point","coordinates":[-79.364467978210442,43.657067286972904]},"properties":{"OBJECTID":3599}},{"type":"Feature","id":3600,"geometry":{"type":"Point","coordinates":[-79.363516478320008,43.666238288147255]},"properties":{"OBJECTID":3600}},{"type":"Feature","id":3601,"geometry":{"type":"Point","coordinates":[-79.364241178468745,43.6591087869446]},"properties":{"OBJECTID":3601}},{"type":"Feature","id":3602,"geometry":{"type":"Point","coordinates":[-79.363700679245127,43.664044488041995]},"properties":{"OBJECTID":3602}},{"type":"Feature","id":3603,"geometry":{"type":"Point","coordinates":[-79.365596477344084,43.645131384646973]},"properties":{"OBJECTID":3603}},{"type":"Feature","id":3604,"geometry":{"type":"Point","coordinates":[-79.364769577731508,43.652994086019142]},"properties":{"OBJECTID":3604}},{"type":"Feature","id":3605,"geometry":{"type":"Point","coordinates":[-79.36315037850153,43.668582188585276]},"properties":{"OBJECTID":3605}},{"type":"Feature","id":3606,"geometry":{"type":"Point","coordinates":[-79.364536778110434,43.654875986141995]},"properties":{"OBJECTID":3606}},{"type":"Feature","id":3607,"geometry":{"type":"Point","coordinates":[-79.364450378052211,43.655618585943778]},"properties":{"OBJECTID":3607}},{"type":"Feature","id":3608,"geometry":{"type":"Point","coordinates":[-79.365131577684238,43.648719484690794]},"properties":{"OBJECTID":3608}},{"type":"Feature","id":3609,"geometry":{"type":"Point","coordinates":[-79.36545317771143,43.645173384727258]},"properties":{"OBJECTID":3609}},{"type":"Feature","id":3610,"geometry":{"type":"Point","coordinates":[-79.364487377590095,43.654450386027747]},"properties":{"OBJECTID":3610}},{"type":"Feature","id":3611,"geometry":{"type":"Point","coordinates":[-79.362928478971398,43.669620289297384]},"properties":{"OBJECTID":3611}},{"type":"Feature","id":3612,"geometry":{"type":"Point","coordinates":[-79.362931978788581,43.669151688793058]},"properties":{"OBJECTID":3612}},{"type":"Feature","id":3613,"geometry":{"type":"Point","coordinates":[-79.364005478624776,43.658518186995892]},"properties":{"OBJECTID":3613}},{"type":"Feature","id":3614,"geometry":{"type":"Point","coordinates":[-79.363356879118626,43.664833587730278]},"properties":{"OBJECTID":3614}},{"type":"Feature","id":3615,"geometry":{"type":"Point","coordinates":[-79.364213977744924,43.656418486555673]},"properties":{"OBJECTID":3615}},{"type":"Feature","id":3616,"geometry":{"type":"Point","coordinates":[-79.363081878262278,43.6671106881113]},"properties":{"OBJECTID":3616}},{"type":"Feature","id":3617,"geometry":{"type":"Point","coordinates":[-79.363075178634034,43.667087288554612]},"properties":{"OBJECTID":3617}},{"type":"Feature","id":3618,"geometry":{"type":"Point","coordinates":[-79.36436607848249,43.654476586444119]},"properties":{"OBJECTID":3618}},{"type":"Feature","id":3619,"geometry":{"type":"Point","coordinates":[-79.363229578328358,43.665541088472601]},"properties":{"OBJECTID":3619}},{"type":"Feature","id":3620,"geometry":{"type":"Point","coordinates":[-79.363761278046809,43.659933886851007]},"properties":{"OBJECTID":3620}},{"type":"Feature","id":3621,"geometry":{"type":"Point","coordinates":[-79.36434337789882,43.654109485714102]},"properties":{"OBJECTID":3621}},{"type":"Feature","id":3622,"geometry":{"type":"Point","coordinates":[-79.362796278770219,43.668644788500146]},"properties":{"OBJECTID":3622}},{"type":"Feature","id":3623,"geometry":{"type":"Point","coordinates":[-79.363536577814074,43.661376187833618]},"properties":{"OBJECTID":3623}},{"type":"Feature","id":3624,"geometry":{"type":"Point","coordinates":[-79.364292777423628,43.653983986463579]},"properties":{"OBJECTID":3624}},{"type":"Feature","id":3625,"geometry":{"type":"Point","coordinates":[-79.362763479008308,43.668744789187073]},"properties":{"OBJECTID":3625}},{"type":"Feature","id":3626,"geometry":{"type":"Point","coordinates":[-79.36277057870052,43.668656289073063]},"properties":{"OBJECTID":3626}},{"type":"Feature","id":3627,"geometry":{"type":"Point","coordinates":[-79.362754879114448,43.668707688459342]},"properties":{"OBJECTID":3627}},{"type":"Feature","id":3628,"geometry":{"type":"Point","coordinates":[-79.363322778039034,43.663162787673151]},"properties":{"OBJECTID":3628}},{"type":"Feature","id":3629,"geometry":{"type":"Point","coordinates":[-79.362756078907424,43.668676988620597]},"properties":{"OBJECTID":3629}},{"type":"Feature","id":3630,"geometry":{"type":"Point","coordinates":[-79.364859378223841,43.648106585212851]},"properties":{"OBJECTID":3630}},{"type":"Feature","id":3631,"geometry":{"type":"Point","coordinates":[-79.364391677737913,43.652138185306242]},"properties":{"OBJECTID":3631}},{"type":"Feature","id":3632,"geometry":{"type":"Point","coordinates":[-79.363928077872131,43.656439386919089]},"properties":{"OBJECTID":3632}},{"type":"Feature","id":3633,"geometry":{"type":"Point","coordinates":[-79.363758878253137,43.657935086962233]},"properties":{"OBJECTID":3633}},{"type":"Feature","id":3634,"geometry":{"type":"Point","coordinates":[-79.364914977448464,43.64660318435282]},"properties":{"OBJECTID":3634}},{"type":"Feature","id":3635,"geometry":{"type":"Point","coordinates":[-79.364617377611893,43.649233084939155]},"properties":{"OBJECTID":3635}},{"type":"Feature","id":3636,"geometry":{"type":"Point","coordinates":[-79.363772677782038,43.65721958654008]},"properties":{"OBJECTID":3636}},{"type":"Feature","id":3637,"geometry":{"type":"Point","coordinates":[-79.363176477876294,43.662794487666638]},"properties":{"OBJECTID":3637}},{"type":"Feature","id":3638,"geometry":{"type":"Point","coordinates":[-79.364002678055371,43.654563386130363]},"properties":{"OBJECTID":3638}},{"type":"Feature","id":3639,"geometry":{"type":"Point","coordinates":[-79.363825578247571,43.656204286911859]},"properties":{"OBJECTID":3639}},{"type":"Feature","id":3640,"geometry":{"type":"Point","coordinates":[-79.363496678186522,43.659277887445313]},"properties":{"OBJECTID":3640}},{"type":"Feature","id":3641,"geometry":{"type":"Point","coordinates":[-79.364721477212115,43.646942284547272]},"properties":{"OBJECTID":3641}},{"type":"Feature","id":3642,"geometry":{"type":"Point","coordinates":[-79.36329417809074,43.660777087767286]},"properties":{"OBJECTID":3642}},{"type":"Feature","id":3643,"geometry":{"type":"Point","coordinates":[-79.364475777658058,43.648883084830196]},"properties":{"OBJECTID":3643}},{"type":"Feature","id":3644,"geometry":{"type":"Point","coordinates":[-79.362861678381762,43.664223087889525]},"properties":{"OBJECTID":3644}},{"type":"Feature","id":3645,"geometry":{"type":"Point","coordinates":[-79.363607577685499,43.656691486392702]},"properties":{"OBJECTID":3645}},{"type":"Feature","id":3646,"geometry":{"type":"Point","coordinates":[-79.363853777765868,43.654216085785102]},"properties":{"OBJECTID":3646}},{"type":"Feature","id":3647,"geometry":{"type":"Point","coordinates":[-79.363485878087545,43.657286287014202]},"properties":{"OBJECTID":3647}},{"type":"Feature","id":3648,"geometry":{"type":"Point","coordinates":[-79.364022677999586,43.651272685905269]},"properties":{"OBJECTID":3648}},{"type":"Feature","id":3649,"geometry":{"type":"Point","coordinates":[-79.362511878164611,43.665692588546797]},"properties":{"OBJECTID":3649}},{"type":"Feature","id":3650,"geometry":{"type":"Point","coordinates":[-79.36342687750367,43.656299186720254]},"properties":{"OBJECTID":3650}},{"type":"Feature","id":3651,"geometry":{"type":"Point","coordinates":[-79.363355178250416,43.656994086447511]},"properties":{"OBJECTID":3651}},{"type":"Feature","id":3652,"geometry":{"type":"Point","coordinates":[-79.363004978457113,43.660095887195261]},"properties":{"OBJECTID":3652}},{"type":"Feature","id":3653,"geometry":{"type":"Point","coordinates":[-79.363427778146246,43.655829086252176]},"properties":{"OBJECTID":3653}},{"type":"Feature","id":3654,"geometry":{"type":"Point","coordinates":[-79.364179477787587,43.648240185230371]},"properties":{"OBJECTID":3654}},{"type":"Feature","id":3655,"geometry":{"type":"Point","coordinates":[-79.362384578501818,43.665355887778318]},"properties":{"OBJECTID":3655}},{"type":"Feature","id":3656,"geometry":{"type":"Point","coordinates":[-79.363257277881033,43.656767687025443]},"properties":{"OBJECTID":3656}},{"type":"Feature","id":3657,"geometry":{"type":"Point","coordinates":[-79.363577477248256,43.653573285780126]},"properties":{"OBJECTID":3657}},{"type":"Feature","id":3658,"geometry":{"type":"Point","coordinates":[-79.363846077814969,43.650851385599786]},"properties":{"OBJECTID":3658}},{"type":"Feature","id":3659,"geometry":{"type":"Point","coordinates":[-79.364326076634796,43.645577484940361]},"properties":{"OBJECTID":3659}},{"type":"Feature","id":3660,"geometry":{"type":"Point","coordinates":[-79.364073377469296,43.648015984734243]},"properties":{"OBJECTID":3660}},{"type":"Feature","id":3661,"geometry":{"type":"Point","coordinates":[-79.36248807766367,43.66334988775936]},"properties":{"OBJECTID":3661}},{"type":"Feature","id":3662,"geometry":{"type":"Point","coordinates":[-79.362993977712833,43.65809608669997]},"properties":{"OBJECTID":3662}},{"type":"Feature","id":3663,"geometry":{"type":"Point","coordinates":[-79.363214778010942,43.655882086386896]},"properties":{"OBJECTID":3663}},{"type":"Feature","id":3664,"geometry":{"type":"Point","coordinates":[-79.36316307727067,43.656375086337796]},"properties":{"OBJECTID":3664}},{"type":"Feature","id":3665,"geometry":{"type":"Point","coordinates":[-79.36225967773828,43.665053687865857]},"properties":{"OBJECTID":3665}},{"type":"Feature","id":3666,"geometry":{"type":"Point","coordinates":[-79.363148278397446,43.656386786438887]},"properties":{"OBJECTID":3666}},{"type":"Feature","id":3667,"geometry":{"type":"Point","coordinates":[-79.363143877472069,43.656400086249505]},"properties":{"OBJECTID":3667}},{"type":"Feature","id":3668,"geometry":{"type":"Point","coordinates":[-79.363138178425757,43.656446186691156]},"properties":{"OBJECTID":3668}},{"type":"Feature","id":3669,"geometry":{"type":"Point","coordinates":[-79.363138777570143,43.656415286354893]},"properties":{"OBJECTID":3669}},{"type":"Feature","id":3670,"geometry":{"type":"Point","coordinates":[-79.361692778402329,43.670252788666673]},"properties":{"OBJECTID":3670}},{"type":"Feature","id":3671,"geometry":{"type":"Point","coordinates":[-79.362738678320383,43.659436787056386]},"properties":{"OBJECTID":3671}},{"type":"Feature","id":3672,"geometry":{"type":"Point","coordinates":[-79.362157878665556,43.665060687998292]},"properties":{"OBJECTID":3672}},{"type":"Feature","id":3673,"geometry":{"type":"Point","coordinates":[-79.363800477930852,43.64903448524413]},"properties":{"OBJECTID":3673}},{"type":"Feature","id":3674,"geometry":{"type":"Point","coordinates":[-79.363779577348566,43.649037684799133]},"properties":{"OBJECTID":3674}},{"type":"Feature","id":3675,"geometry":{"type":"Point","coordinates":[-79.363765276841931,43.649034084773028]},"properties":{"OBJECTID":3675}},{"type":"Feature","id":3676,"geometry":{"type":"Point","coordinates":[-79.362333477720867,43.662980487534433]},"properties":{"OBJECTID":3676}},{"type":"Feature","id":3677,"geometry":{"type":"Point","coordinates":[-79.363756577937806,43.649014185155643]},"properties":{"OBJECTID":3677}},{"type":"Feature","id":3678,"geometry":{"type":"Point","coordinates":[-79.36212757823381,43.664722987955749]},"properties":{"OBJECTID":3678}},{"type":"Feature","id":3679,"geometry":{"type":"Point","coordinates":[-79.362837577308028,43.657429286546986]},"properties":{"OBJECTID":3679}},{"type":"Feature","id":3680,"geometry":{"type":"Point","coordinates":[-79.363517977283607,43.650069485058125]},"properties":{"OBJECTID":3680}},{"type":"Feature","id":3681,"geometry":{"type":"Point","coordinates":[-79.363221677439626,43.652739186267311]},"properties":{"OBJECTID":3681}},{"type":"Feature","id":3682,"geometry":{"type":"Point","coordinates":[-79.3630095775423,43.654806286702815]},"properties":{"OBJECTID":3682}},{"type":"Feature","id":3683,"geometry":{"type":"Point","coordinates":[-79.361996078507829,43.664406488394228]},"properties":{"OBJECTID":3683}},{"type":"Feature","id":3684,"geometry":{"type":"Point","coordinates":[-79.36270517813341,43.657461286497607]},"properties":{"OBJECTID":3684}},{"type":"Feature","id":3685,"geometry":{"type":"Point","coordinates":[-79.362695877915485,43.657100586929829]},"properties":{"OBJECTID":3685}},{"type":"Feature","id":3686,"geometry":{"type":"Point","coordinates":[-79.362504778101439,43.658855787424407]},"properties":{"OBJECTID":3686}},{"type":"Feature","id":3687,"geometry":{"type":"Point","coordinates":[-79.3639258766826,43.644968484800934]},"properties":{"OBJECTID":3687}},{"type":"Feature","id":3688,"geometry":{"type":"Point","coordinates":[-79.361194077856538,43.671008089526474]},"properties":{"OBJECTID":3688}},{"type":"Feature","id":3689,"geometry":{"type":"Point","coordinates":[-79.363489477169921,43.648385385221609]},"properties":{"OBJECTID":3689}},{"type":"Feature","id":3690,"geometry":{"type":"Point","coordinates":[-79.362588378063435,43.656821686397272]},"properties":{"OBJECTID":3690}},{"type":"Feature","id":3691,"geometry":{"type":"Point","coordinates":[-79.362995777397856,43.652209285669109]},"properties":{"OBJECTID":3691}},{"type":"Feature","id":3692,"geometry":{"type":"Point","coordinates":[-79.361308678029971,43.668600588743999]},"properties":{"OBJECTID":3692}},{"type":"Feature","id":3693,"geometry":{"type":"Point","coordinates":[-79.363251077305705,43.649550885768299]},"properties":{"OBJECTID":3693}},{"type":"Feature","id":3694,"geometry":{"type":"Point","coordinates":[-79.362719877814612,43.654096886010279]},"properties":{"OBJECTID":3694}},{"type":"Feature","id":3695,"geometry":{"type":"Point","coordinates":[-79.362374977568152,43.657198486367861]},"properties":{"OBJECTID":3695}},{"type":"Feature","id":3696,"geometry":{"type":"Point","coordinates":[-79.362258177195926,43.658259986919461]},"properties":{"OBJECTID":3696}},{"type":"Feature","id":3697,"geometry":{"type":"Point","coordinates":[-79.361645178008644,43.663533187506637]},"properties":{"OBJECTID":3697}},{"type":"Feature","id":3698,"geometry":{"type":"Point","coordinates":[-79.362257177805702,43.656876786256639]},"properties":{"OBJECTID":3698}},{"type":"Feature","id":3699,"geometry":{"type":"Point","coordinates":[-79.362284677821904,43.656089386536401]},"properties":{"OBJECTID":3699}},{"type":"Feature","id":3700,"geometry":{"type":"Point","coordinates":[-79.362725077213753,43.651569185632482]},"properties":{"OBJECTID":3700}},{"type":"Feature","id":3701,"geometry":{"type":"Point","coordinates":[-79.361377477415459,43.664533588343346]},"properties":{"OBJECTID":3701}},{"type":"Feature","id":3702,"geometry":{"type":"Point","coordinates":[-79.361786478052778,43.660368786993516]},"properties":{"OBJECTID":3702}},{"type":"Feature","id":3703,"geometry":{"type":"Point","coordinates":[-79.361493377905447,43.663164988145716]},"properties":{"OBJECTID":3703}},{"type":"Feature","id":3704,"geometry":{"type":"Point","coordinates":[-79.362138378058816,43.656726186715218]},"properties":{"OBJECTID":3704}},{"type":"Feature","id":3705,"geometry":{"type":"Point","coordinates":[-79.362003177360876,43.65761648664995]},"properties":{"OBJECTID":3705}},{"type":"Feature","id":3706,"geometry":{"type":"Point","coordinates":[-79.36236917783927,43.653232486178588]},"properties":{"OBJECTID":3706}},{"type":"Feature","id":3707,"geometry":{"type":"Point","coordinates":[-79.36104197791262,43.66603228831837]},"properties":{"OBJECTID":3707}},{"type":"Feature","id":3708,"geometry":{"type":"Point","coordinates":[-79.362830777262971,43.648534585613604]},"properties":{"OBJECTID":3708}},{"type":"Feature","id":3709,"geometry":{"type":"Point","coordinates":[-79.360878877680307,43.667558588360038]},"properties":{"OBJECTID":3709}},{"type":"Feature","id":3710,"geometry":{"type":"Point","coordinates":[-79.361883577005088,43.657322286884636]},"properties":{"OBJECTID":3710}},{"type":"Feature","id":3711,"geometry":{"type":"Point","coordinates":[-79.360952877472712,43.666039388140618]},"properties":{"OBJECTID":3711}},{"type":"Feature","id":3712,"geometry":{"type":"Point","coordinates":[-79.362764077079689,43.64829278539441]},"properties":{"OBJECTID":3712}},{"type":"Feature","id":3713,"geometry":{"type":"Point","coordinates":[-79.360905577976368,43.666021488570387]},"properties":{"OBJECTID":3713}},{"type":"Feature","id":3714,"geometry":{"type":"Point","coordinates":[-79.360873678412204,43.665961388417621]},"properties":{"OBJECTID":3714}},{"type":"Feature","id":3715,"geometry":{"type":"Point","coordinates":[-79.361749177022133,43.656975186381985]},"properties":{"OBJECTID":3715}},{"type":"Feature","id":3716,"geometry":{"type":"Point","coordinates":[-79.360769178169136,43.665714088646801]},"properties":{"OBJECTID":3716}},{"type":"Feature","id":3717,"geometry":{"type":"Point","coordinates":[-79.365316775451049,43.621010379837507]},"properties":{"OBJECTID":3717}},{"type":"Feature","id":3718,"geometry":{"type":"Point","coordinates":[-79.360821978334045,43.664660588005638]},"properties":{"OBJECTID":3718}},{"type":"Feature","id":3719,"geometry":{"type":"Point","coordinates":[-79.360711477299773,43.665377188115606]},"properties":{"OBJECTID":3719}},{"type":"Feature","id":3720,"geometry":{"type":"Point","coordinates":[-79.360208877732063,43.670259189343952]},"properties":{"OBJECTID":3720}},{"type":"Feature","id":3721,"geometry":{"type":"Point","coordinates":[-79.36159747753878,43.656595686512553]},"properties":{"OBJECTID":3721}},{"type":"Feature","id":3722,"geometry":{"type":"Point","coordinates":[-79.360679278012498,43.665386687838506]},"properties":{"OBJECTID":3722}},{"type":"Feature","id":3723,"geometry":{"type":"Point","coordinates":[-79.360885777313413,43.663297787604385]},"properties":{"OBJECTID":3723}},{"type":"Feature","id":3724,"geometry":{"type":"Point","coordinates":[-79.3606572775291,43.665447988232167]},"properties":{"OBJECTID":3724}},{"type":"Feature","id":3725,"geometry":{"type":"Point","coordinates":[-79.360662577654381,43.665395687989374]},"properties":{"OBJECTID":3725}},{"type":"Feature","id":3726,"geometry":{"type":"Point","coordinates":[-79.361305776862523,43.659125687515484]},"properties":{"OBJECTID":3726}},{"type":"Feature","id":3727,"geometry":{"type":"Point","coordinates":[-79.361946276854212,43.652845585682421]},"properties":{"OBJECTID":3727}},{"type":"Feature","id":3728,"geometry":{"type":"Point","coordinates":[-79.360652477888394,43.665438188641346]},"properties":{"OBJECTID":3728}},{"type":"Feature","id":3729,"geometry":{"type":"Point","coordinates":[-79.360654878009697,43.665404588056475]},"properties":{"OBJECTID":3729}},{"type":"Feature","id":3730,"geometry":{"type":"Point","coordinates":[-79.360650078409904,43.665426587950037]},"properties":{"OBJECTID":3730}},{"type":"Feature","id":3731,"geometry":{"type":"Point","coordinates":[-79.360649477654974,43.665415888625908]},"properties":{"OBJECTID":3731}},{"type":"Feature","id":3732,"geometry":{"type":"Point","coordinates":[-79.361869477060708,43.653522785812633]},"properties":{"OBJECTID":3732}},{"type":"Feature","id":3733,"geometry":{"type":"Point","coordinates":[-79.360990278083065,43.661927187764491]},"properties":{"OBJECTID":3733}},{"type":"Feature","id":3734,"geometry":{"type":"Point","coordinates":[-79.362137977063085,43.650191485115542]},"properties":{"OBJECTID":3734}},{"type":"Feature","id":3735,"geometry":{"type":"Point","coordinates":[-79.361456077542215,43.656272486506907]},"properties":{"OBJECTID":3735}},{"type":"Feature","id":3736,"geometry":{"type":"Point","coordinates":[-79.362365177094745,43.647337885336484]},"properties":{"OBJECTID":3736}},{"type":"Feature","id":3737,"geometry":{"type":"Point","coordinates":[-79.362063977118396,43.650013685239657]},"properties":{"OBJECTID":3737}},{"type":"Feature","id":3738,"geometry":{"type":"Point","coordinates":[-79.36156607660196,43.654514886455672]},"properties":{"OBJECTID":3738}},{"type":"Feature","id":3739,"geometry":{"type":"Point","coordinates":[-79.361255876695935,43.657476486938521]},"properties":{"OBJECTID":3739}},{"type":"Feature","id":3740,"geometry":{"type":"Point","coordinates":[-79.362444976401576,43.645501084737546]},"properties":{"OBJECTID":3740}},{"type":"Feature","id":3741,"geometry":{"type":"Point","coordinates":[-79.361577477051867,43.653696686270287]},"properties":{"OBJECTID":3741}},{"type":"Feature","id":3742,"geometry":{"type":"Point","coordinates":[-79.360755877569005,43.66134838759772]},"properties":{"OBJECTID":3742}},{"type":"Feature","id":3743,"geometry":{"type":"Point","coordinates":[-79.361292677000336,43.655864386506138]},"properties":{"OBJECTID":3743}},{"type":"Feature","id":3744,"geometry":{"type":"Point","coordinates":[-79.361872277008928,43.649578885211966]},"properties":{"OBJECTID":3744}},{"type":"Feature","id":3745,"geometry":{"type":"Point","coordinates":[-79.360259477477356,43.664780488599447]},"properties":{"OBJECTID":3745}},{"type":"Feature","id":3746,"geometry":{"type":"Point","coordinates":[-79.360318977546328,43.663428788023964]},"properties":{"OBJECTID":3746}},{"type":"Feature","id":3747,"geometry":{"type":"Point","coordinates":[-79.360087177344298,43.665165988572163]},"properties":{"OBJECTID":3747}},{"type":"Feature","id":3748,"geometry":{"type":"Point","coordinates":[-79.361736476797162,43.648758585348197]},"properties":{"OBJECTID":3748}},{"type":"Feature","id":3749,"geometry":{"type":"Point","coordinates":[-79.361971376679307,43.646415385001724]},"properties":{"OBJECTID":3749}},{"type":"Feature","id":3750,"geometry":{"type":"Point","coordinates":[-79.36119947701836,43.653918686605095]},"properties":{"OBJECTID":3750}},{"type":"Feature","id":3751,"geometry":{"type":"Point","coordinates":[-79.361715377003136,43.648759284877507]},"properties":{"OBJECTID":3751}},{"type":"Feature","id":3752,"geometry":{"type":"Point","coordinates":[-79.36170117652857,43.64875208516564]},"properties":{"OBJECTID":3752}},{"type":"Feature","id":3753,"geometry":{"type":"Point","coordinates":[-79.360475077100418,43.660665987069486]},"properties":{"OBJECTID":3753}},{"type":"Feature","id":3754,"geometry":{"type":"Point","coordinates":[-79.361691576322272,43.648735485392557]},"properties":{"OBJECTID":3754}},{"type":"Feature","id":3755,"geometry":{"type":"Point","coordinates":[-79.361659777184002,43.648528785723251]},"properties":{"OBJECTID":3755}},{"type":"Feature","id":3756,"geometry":{"type":"Point","coordinates":[-79.362034176108679,43.64485558495025]},"properties":{"OBJECTID":3756}},{"type":"Feature","id":3757,"geometry":{"type":"Point","coordinates":[-79.361636876521615,43.648533185538099]},"properties":{"OBJECTID":3757}},{"type":"Feature","id":3758,"geometry":{"type":"Point","coordinates":[-79.361627276384652,43.648570585692475]},"properties":{"OBJECTID":3758}},{"type":"Feature","id":3759,"geometry":{"type":"Point","coordinates":[-79.361624976814568,43.648539185438693]},"properties":{"OBJECTID":3759}},{"type":"Feature","id":3760,"geometry":{"type":"Point","coordinates":[-79.361621376612874,43.648549885352722]},"properties":{"OBJECTID":3760}},{"type":"Feature","id":3761,"geometry":{"type":"Point","coordinates":[-79.361091476665337,43.65355528647941]},"properties":{"OBJECTID":3761}},{"type":"Feature","id":3762,"geometry":{"type":"Point","coordinates":[-79.361252376509412,43.651917286018438]},"properties":{"OBJECTID":3762}},{"type":"Feature","id":3763,"geometry":{"type":"Point","coordinates":[-79.359902477762674,43.66486518795606]},"properties":{"OBJECTID":3763}},{"type":"Feature","id":3764,"geometry":{"type":"Point","coordinates":[-79.361005976679238,43.654027186649387]},"properties":{"OBJECTID":3764}},{"type":"Feature","id":3765,"geometry":{"type":"Point","coordinates":[-79.360776177428917,43.655971486612266]},"properties":{"OBJECTID":3765}},{"type":"Feature","id":3766,"geometry":{"type":"Point","coordinates":[-79.361045777202378,43.653229486164044]},"properties":{"OBJECTID":3766}},{"type":"Feature","id":3767,"geometry":{"type":"Point","coordinates":[-79.359808277977478,43.664882388354052]},"properties":{"OBJECTID":3767}},{"type":"Feature","id":3768,"geometry":{"type":"Point","coordinates":[-79.360955976397278,43.653698085877139]},"properties":{"OBJECTID":3768}},{"type":"Feature","id":3769,"geometry":{"type":"Point","coordinates":[-79.359772078083594,43.664882388281853]},"properties":{"OBJECTID":3769}},{"type":"Feature","id":3770,"geometry":{"type":"Point","coordinates":[-79.360242077119281,43.660083287474514]},"properties":{"OBJECTID":3770}},{"type":"Feature","id":3771,"geometry":{"type":"Point","coordinates":[-79.3597425770526,43.664881388447235]},"properties":{"OBJECTID":3771}},{"type":"Feature","id":3772,"geometry":{"type":"Point","coordinates":[-79.361042277263294,43.652033785686157]},"properties":{"OBJECTID":3772}},{"type":"Feature","id":3773,"geometry":{"type":"Point","coordinates":[-79.359710277150214,43.664869088102236]},"properties":{"OBJECTID":3773}},{"type":"Feature","id":3774,"geometry":{"type":"Point","coordinates":[-79.359680177683913,43.664848488143555]},"properties":{"OBJECTID":3774}},{"type":"Feature","id":3775,"geometry":{"type":"Point","coordinates":[-79.359654077242624,43.664813788585548]},"properties":{"OBJECTID":3775}},{"type":"Feature","id":3776,"geometry":{"type":"Point","coordinates":[-79.360504276645116,43.656481486243074]},"properties":{"OBJECTID":3776}},{"type":"Feature","id":3777,"geometry":{"type":"Point","coordinates":[-79.36059437742604,43.655489786740709]},"properties":{"OBJECTID":3777}},{"type":"Feature","id":3778,"geometry":{"type":"Point","coordinates":[-79.359753177500806,43.663556588095908]},"properties":{"OBJECTID":3778}},{"type":"Feature","id":3779,"geometry":{"type":"Point","coordinates":[-79.359625677556622,43.664751488513183]},"properties":{"OBJECTID":3779}},{"type":"Feature","id":3780,"geometry":{"type":"Point","coordinates":[-79.359579877540668,43.664649188386974]},"properties":{"OBJECTID":3780}},{"type":"Feature","id":3781,"geometry":{"type":"Point","coordinates":[-79.35982197694355,43.662180387343668]},"properties":{"OBJECTID":3781}},{"type":"Feature","id":3782,"geometry":{"type":"Point","coordinates":[-79.359556077241734,43.664607288056544]},"properties":{"OBJECTID":3782}},{"type":"Feature","id":3783,"geometry":{"type":"Point","coordinates":[-79.359535176944448,43.664576888409115]},"properties":{"OBJECTID":3783}},{"type":"Feature","id":3784,"geometry":{"type":"Point","coordinates":[-79.359507277069383,43.66454268823955]},"properties":{"OBJECTID":3784}},{"type":"Feature","id":3785,"geometry":{"type":"Point","coordinates":[-79.361207376074788,43.647734785163237]},"properties":{"OBJECTID":3785}},{"type":"Feature","id":3786,"geometry":{"type":"Point","coordinates":[-79.360346177199148,43.656063686719946]},"properties":{"OBJECTID":3786}},{"type":"Feature","id":3787,"geometry":{"type":"Point","coordinates":[-79.361183076413781,43.647867484798084]},"properties":{"OBJECTID":3787}},{"type":"Feature","id":3788,"geometry":{"type":"Point","coordinates":[-79.360342576545733,43.65605428648368]},"properties":{"OBJECTID":3788}},{"type":"Feature","id":3789,"geometry":{"type":"Point","coordinates":[-79.360697277265956,43.652490785608983]},"properties":{"OBJECTID":3789}},{"type":"Feature","id":3790,"geometry":{"type":"Point","coordinates":[-79.359461877333715,43.664487387779474]},"properties":{"OBJECTID":3790}},{"type":"Feature","id":3791,"geometry":{"type":"Point","coordinates":[-79.359971176503933,43.659426186870412]},"properties":{"OBJECTID":3791}},{"type":"Feature","id":3792,"geometry":{"type":"Point","coordinates":[-79.360309476537893,43.655967386906077]},"properties":{"OBJECTID":3792}},{"type":"Feature","id":3793,"geometry":{"type":"Point","coordinates":[-79.360588477023356,43.653078186153678]},"properties":{"OBJECTID":3793}},{"type":"Feature","id":3794,"geometry":{"type":"Point","coordinates":[-79.360291477410243,43.655519986896401]},"properties":{"OBJECTID":3794}},{"type":"Feature","id":3795,"geometry":{"type":"Point","coordinates":[-79.361307475784074,43.645545684803317]},"properties":{"OBJECTID":3795}},{"type":"Feature","id":3796,"geometry":{"type":"Point","coordinates":[-79.361062976381319,43.647822085561657]},"properties":{"OBJECTID":3796}},{"type":"Feature","id":3797,"geometry":{"type":"Point","coordinates":[-79.360248676944977,43.655524286431927]},"properties":{"OBJECTID":3797}},{"type":"Feature","id":3798,"geometry":{"type":"Point","coordinates":[-79.360217276706706,43.655531486867162]},"properties":{"OBJECTID":3798}},{"type":"Feature","id":3799,"geometry":{"type":"Point","coordinates":[-79.3603286763732,43.654430186085939]},"properties":{"OBJECTID":3799}},{"type":"Feature","id":3800,"geometry":{"type":"Point","coordinates":[-79.360447576254373,43.653238285947836]},"properties":{"OBJECTID":3800}},{"type":"Feature","id":3801,"geometry":{"type":"Point","coordinates":[-79.359578576788024,43.661596187653757]},"properties":{"OBJECTID":3801}},{"type":"Feature","id":3802,"geometry":{"type":"Point","coordinates":[-79.360193576485386,43.655541386251898]},"properties":{"OBJECTID":3802}},{"type":"Feature","id":3803,"geometry":{"type":"Point","coordinates":[-79.360180876806879,43.655642086510554]},"properties":{"OBJECTID":3803}},{"type":"Feature","id":3804,"geometry":{"type":"Point","coordinates":[-79.360177276276687,43.655557186490022]},"properties":{"OBJECTID":3804}},{"type":"Feature","id":3805,"geometry":{"type":"Point","coordinates":[-79.36017297671205,43.655595686819446]},"properties":{"OBJECTID":3805}},{"type":"Feature","id":3806,"geometry":{"type":"Point","coordinates":[-79.359235277553665,43.663709388237123]},"properties":{"OBJECTID":3806}},{"type":"Feature","id":3807,"geometry":{"type":"Point","coordinates":[-79.360302076172516,43.652867485771019]},"properties":{"OBJECTID":3807}},{"type":"Feature","id":3808,"geometry":{"type":"Point","coordinates":[-79.360342076052788,43.652102285617218]},"properties":{"OBJECTID":3808}},{"type":"Feature","id":3809,"geometry":{"type":"Point","coordinates":[-79.360132376715143,43.652972685848823]},"properties":{"OBJECTID":3809}},{"type":"Feature","id":3810,"geometry":{"type":"Point","coordinates":[-79.359304877388638,43.660933887134995]},"properties":{"OBJECTID":3810}},{"type":"Feature","id":3811,"geometry":{"type":"Point","coordinates":[-79.35951397680509,43.658319186797584]},"properties":{"OBJECTID":3811}},{"type":"Feature","id":3812,"geometry":{"type":"Point","coordinates":[-79.359591977293988,43.656694186843104]},"properties":{"OBJECTID":3812}},{"type":"Feature","id":3813,"geometry":{"type":"Point","coordinates":[-79.360445576184603,43.648126085621087]},"properties":{"OBJECTID":3813}},{"type":"Feature","id":3814,"geometry":{"type":"Point","coordinates":[-79.359629276362327,43.655302286206307]},"properties":{"OBJECTID":3814}},{"type":"Feature","id":3815,"geometry":{"type":"Point","coordinates":[-79.360338875789012,43.648162985031654]},"properties":{"OBJECTID":3815}},{"type":"Feature","id":3816,"geometry":{"type":"Point","coordinates":[-79.359080776272378,43.66035078752757]},"properties":{"OBJECTID":3816}},{"type":"Feature","id":3817,"geometry":{"type":"Point","coordinates":[-79.359642176939317,43.654835086550392]},"properties":{"OBJECTID":3817}},{"type":"Feature","id":3818,"geometry":{"type":"Point","coordinates":[-79.360322176290509,43.648058885379363]},"properties":{"OBJECTID":3818}},{"type":"Feature","id":3819,"geometry":{"type":"Point","coordinates":[-79.359533876045418,43.655355986167343]},"properties":{"OBJECTID":3819}},{"type":"Feature","id":3820,"geometry":{"type":"Point","coordinates":[-79.35928547652162,43.657712486891448]},"properties":{"OBJECTID":3820}},{"type":"Feature","id":3821,"geometry":{"type":"Point","coordinates":[-79.359946576101905,43.6511400860511]},"properties":{"OBJECTID":3821}},{"type":"Feature","id":3822,"geometry":{"type":"Point","coordinates":[-79.358688977189502,43.662435287888705]},"properties":{"OBJECTID":3822}},{"type":"Feature","id":3823,"geometry":{"type":"Point","coordinates":[-79.359496876165025,43.654141086467639]},"properties":{"OBJECTID":3823}},{"type":"Feature","id":3824,"geometry":{"type":"Point","coordinates":[-79.360046276091111,43.648288884858736]},"properties":{"OBJECTID":3824}},{"type":"Feature","id":3825,"geometry":{"type":"Point","coordinates":[-79.359280176617787,43.655554986240475]},"properties":{"OBJECTID":3825}},{"type":"Feature","id":3826,"geometry":{"type":"Point","coordinates":[-79.359758276527273,43.650769185957238]},"properties":{"OBJECTID":3826}},{"type":"Feature","id":3827,"geometry":{"type":"Point","coordinates":[-79.359068376385281,43.657205987291199]},"properties":{"OBJECTID":3827}},{"type":"Feature","id":3828,"geometry":{"type":"Point","coordinates":[-79.359239876381778,43.655521386307882]},"properties":{"OBJECTID":3828}},{"type":"Feature","id":3829,"geometry":{"type":"Point","coordinates":[-79.359970576193106,43.648143785410817]},"properties":{"OBJECTID":3829}},{"type":"Feature","id":3830,"geometry":{"type":"Point","coordinates":[-79.358691977221866,43.660439787475731]},"properties":{"OBJECTID":3830}},{"type":"Feature","id":3831,"geometry":{"type":"Point","coordinates":[-79.358889476702444,43.6580483869581]},"properties":{"OBJECTID":3831}},{"type":"Feature","id":3832,"geometry":{"type":"Point","coordinates":[-79.358435776750198,43.661862387796418]},"properties":{"OBJECTID":3832}},{"type":"Feature","id":3833,"geometry":{"type":"Point","coordinates":[-79.359052276564498,43.655837486439651]},"properties":{"OBJECTID":3833}},{"type":"Feature","id":3834,"geometry":{"type":"Point","coordinates":[-79.359801075887745,43.648341485233786]},"properties":{"OBJECTID":3834}},{"type":"Feature","id":3835,"geometry":{"type":"Point","coordinates":[-79.3589146762327,43.656835286721801]},"properties":{"OBJECTID":3835}},{"type":"Feature","id":3836,"geometry":{"type":"Point","coordinates":[-79.359240576907396,43.653480985868505]},"properties":{"OBJECTID":3836}},{"type":"Feature","id":3837,"geometry":{"type":"Point","coordinates":[-79.358793276754255,43.657817286579416]},"properties":{"OBJECTID":3837}},{"type":"Feature","id":3838,"geometry":{"type":"Point","coordinates":[-79.359557076173118,43.650292585400379]},"properties":{"OBJECTID":3838}},{"type":"Feature","id":3839,"geometry":{"type":"Point","coordinates":[-79.359119375973876,43.654374186617666]},"properties":{"OBJECTID":3839}},{"type":"Feature","id":3840,"geometry":{"type":"Point","coordinates":[-79.359704676307103,43.648373284909496]},"properties":{"OBJECTID":3840}},{"type":"Feature","id":3841,"geometry":{"type":"Point","coordinates":[-79.359702576422976,43.648251584956]},"properties":{"OBJECTID":3841}},{"type":"Feature","id":3842,"geometry":{"type":"Point","coordinates":[-79.358303876463125,43.661566787806535]},"properties":{"OBJECTID":3842}},{"type":"Feature","id":3843,"geometry":{"type":"Point","coordinates":[-79.358931976028444,43.655264286368833]},"properties":{"OBJECTID":3843}},{"type":"Feature","id":3844,"geometry":{"type":"Point","coordinates":[-79.359422276654641,43.649973085375365]},"properties":{"OBJECTID":3844}},{"type":"Feature","id":3845,"geometry":{"type":"Point","coordinates":[-79.358610575915023,43.657309486469693]},"properties":{"OBJECTID":3845}},{"type":"Feature","id":3846,"geometry":{"type":"Point","coordinates":[-79.358021776311148,43.662966887778822]},"properties":{"OBJECTID":3846}},{"type":"Feature","id":3847,"geometry":{"type":"Point","coordinates":[-79.358790376723363,43.655348386679719]},"properties":{"OBJECTID":3847}},{"type":"Feature","id":3848,"geometry":{"type":"Point","coordinates":[-79.35935737596057,43.649819485775936]},"properties":{"OBJECTID":3848}},{"type":"Feature","id":3849,"geometry":{"type":"Point","coordinates":[-79.358147276591481,43.661200687877738]},"properties":{"OBJECTID":3849}},{"type":"Feature","id":3850,"geometry":{"type":"Point","coordinates":[-79.357570876776094,43.666557088519525]},"properties":{"OBJECTID":3850}},{"type":"Feature","id":3851,"geometry":{"type":"Point","coordinates":[-79.357628477435981,43.665471988287798]},"properties":{"OBJECTID":3851}},{"type":"Feature","id":3852,"geometry":{"type":"Point","coordinates":[-79.35925827653088,43.64954328564621]},"properties":{"OBJECTID":3852}},{"type":"Feature","id":3853,"geometry":{"type":"Point","coordinates":[-79.358068976119952,43.660979787958588]},"properties":{"OBJECTID":3853}},{"type":"Feature","id":3854,"geometry":{"type":"Point","coordinates":[-79.358562976615062,43.655957386621878]},"properties":{"OBJECTID":3854}},{"type":"Feature","id":3855,"geometry":{"type":"Point","coordinates":[-79.357392776900198,43.667355488698647]},"properties":{"OBJECTID":3855}},{"type":"Feature","id":3856,"geometry":{"type":"Point","coordinates":[-79.359274576159137,43.648533185487487]},"properties":{"OBJECTID":3856}},{"type":"Feature","id":3857,"geometry":{"type":"Point","coordinates":[-79.358361076124226,43.657367787011495]},"properties":{"OBJECTID":3857}},{"type":"Feature","id":3858,"geometry":{"type":"Point","coordinates":[-79.358145476954277,43.659129287393789]},"properties":{"OBJECTID":3858}},{"type":"Feature","id":3859,"geometry":{"type":"Point","coordinates":[-79.358313276121777,43.65737968670242]},"properties":{"OBJECTID":3859}},{"type":"Feature","id":3860,"geometry":{"type":"Point","coordinates":[-79.358199776022985,43.658291187478433]},"properties":{"OBJECTID":3860}},{"type":"Feature","id":3861,"geometry":{"type":"Point","coordinates":[-79.358553376462524,43.654626786598847]},"properties":{"OBJECTID":3861}},{"type":"Feature","id":3862,"geometry":{"type":"Point","coordinates":[-79.35861177659369,43.653849886391825]},"properties":{"OBJECTID":3862}},{"type":"Feature","id":3863,"geometry":{"type":"Point","coordinates":[-79.357913477037286,43.660618187881724]},"properties":{"OBJECTID":3863}},{"type":"Feature","id":3864,"geometry":{"type":"Point","coordinates":[-79.357363276723589,43.665912488819217]},"properties":{"OBJECTID":3864}},{"type":"Feature","id":3865,"geometry":{"type":"Point","coordinates":[-79.358506676685067,43.654734686526211]},"properties":{"OBJECTID":3865}},{"type":"Feature","id":3866,"geometry":{"type":"Point","coordinates":[-79.357889776774428,43.660563187457129]},"properties":{"OBJECTID":3866}},{"type":"Feature","id":3867,"geometry":{"type":"Point","coordinates":[-79.35839417632053,43.655555586500704]},"properties":{"OBJECTID":3867}},{"type":"Feature","id":3868,"geometry":{"type":"Point","coordinates":[-79.358432776125582,43.654922486396607]},"properties":{"OBJECTID":3868}},{"type":"Feature","id":3869,"geometry":{"type":"Point","coordinates":[-79.358384675773522,43.65522008651822]},"properties":{"OBJECTID":3869}},{"type":"Feature","id":3870,"geometry":{"type":"Point","coordinates":[-79.358392276041414,43.655128686395827]},"properties":{"OBJECTID":3870}},{"type":"Feature","id":3871,"geometry":{"type":"Point","coordinates":[-79.358398476433337,43.655065486814955]},"properties":{"OBJECTID":3871}},{"type":"Feature","id":3872,"geometry":{"type":"Point","coordinates":[-79.358404276851857,43.655006486125025]},"properties":{"OBJECTID":3872}},{"type":"Feature","id":3873,"geometry":{"type":"Point","coordinates":[-79.358185976737474,43.656475886761164]},"properties":{"OBJECTID":3873}},{"type":"Feature","id":3874,"geometry":{"type":"Point","coordinates":[-79.35767517693688,43.661308087517398]},"properties":{"OBJECTID":3874}},{"type":"Feature","id":3875,"geometry":{"type":"Point","coordinates":[-79.358975175952921,43.648473685647254]},"properties":{"OBJECTID":3875}},{"type":"Feature","id":3876,"geometry":{"type":"Point","coordinates":[-79.357235176181334,43.665413188784385]},"properties":{"OBJECTID":3876}},{"type":"Feature","id":3877,"geometry":{"type":"Point","coordinates":[-79.3589087754209,43.648632785089767]},"properties":{"OBJECTID":3877}},{"type":"Feature","id":3878,"geometry":{"type":"Point","coordinates":[-79.358599576347117,43.651455885895423]},"properties":{"OBJECTID":3878}},{"type":"Feature","id":3879,"geometry":{"type":"Point","coordinates":[-79.358656275722225,43.650499785590497]},"properties":{"OBJECTID":3879}},{"type":"Feature","id":3880,"geometry":{"type":"Point","coordinates":[-79.358801675134629,43.648671285800312]},"properties":{"OBJECTID":3880}},{"type":"Feature","id":3881,"geometry":{"type":"Point","coordinates":[-79.358798875166983,43.648554285695418]},"properties":{"OBJECTID":3881}},{"type":"Feature","id":3882,"geometry":{"type":"Point","coordinates":[-79.358050275713779,43.655772186692772]},"properties":{"OBJECTID":3882}},{"type":"Feature","id":3883,"geometry":{"type":"Point","coordinates":[-79.35776947631328,43.658389087341817]},"properties":{"OBJECTID":3883}},{"type":"Feature","id":3884,"geometry":{"type":"Point","coordinates":[-79.357983176632317,43.656300187241669]},"properties":{"OBJECTID":3884}},{"type":"Feature","id":3885,"geometry":{"type":"Point","coordinates":[-79.357712276052709,43.658649387020866]},"properties":{"OBJECTID":3885}},{"type":"Feature","id":3886,"geometry":{"type":"Point","coordinates":[-79.357902276017498,43.656611687180309]},"properties":{"OBJECTID":3886}},{"type":"Feature","id":3887,"geometry":{"type":"Point","coordinates":[-79.357563376170958,43.6597782877868]},"properties":{"OBJECTID":3887}},{"type":"Feature","id":3888,"geometry":{"type":"Point","coordinates":[-79.358062475857537,43.654744386775938]},"properties":{"OBJECTID":3888}},{"type":"Feature","id":3889,"geometry":{"type":"Point","coordinates":[-79.357291776309665,43.661794488204045]},"properties":{"OBJECTID":3889}},{"type":"Feature","id":3890,"geometry":{"type":"Point","coordinates":[-79.357760176688501,43.65709598708851]},"properties":{"OBJECTID":3890}},{"type":"Feature","id":3891,"geometry":{"type":"Point","coordinates":[-79.35763437612539,43.658068487526322]},"properties":{"OBJECTID":3891}},{"type":"Feature","id":3892,"geometry":{"type":"Point","coordinates":[-79.358453276360493,43.650022585773627]},"properties":{"OBJECTID":3892}},{"type":"Feature","id":3893,"geometry":{"type":"Point","coordinates":[-79.357460975875853,43.659532887494827]},"properties":{"OBJECTID":3893}},{"type":"Feature","id":3894,"geometry":{"type":"Point","coordinates":[-79.357299676401283,43.660694587524802]},"properties":{"OBJECTID":3894}},{"type":"Feature","id":3895,"geometry":{"type":"Point","coordinates":[-79.358369776180581,43.65003948599194]},"properties":{"OBJECTID":3895}},{"type":"Feature","id":3896,"geometry":{"type":"Point","coordinates":[-79.358086176308319,43.652644786087684]},"properties":{"OBJECTID":3896}},{"type":"Feature","id":3897,"geometry":{"type":"Point","coordinates":[-79.357827175443774,43.654290086189917]},"properties":{"OBJECTID":3897}},{"type":"Feature","id":3898,"geometry":{"type":"Point","coordinates":[-79.356949076545177,43.662829187924558]},"properties":{"OBJECTID":3898}},{"type":"Feature","id":3899,"geometry":{"type":"Point","coordinates":[-79.357643975604489,43.656007186924001]},"properties":{"OBJECTID":3899}},{"type":"Feature","id":3900,"geometry":{"type":"Point","coordinates":[-79.357211475580314,43.658943987542536]},"properties":{"OBJECTID":3900}},{"type":"Feature","id":3901,"geometry":{"type":"Point","coordinates":[-79.357663275411554,43.654386786163236]},"properties":{"OBJECTID":3901}},{"type":"Feature","id":3902,"geometry":{"type":"Point","coordinates":[-79.358016376267415,43.650646985430384]},"properties":{"OBJECTID":3902}},{"type":"Feature","id":3903,"geometry":{"type":"Point","coordinates":[-79.357504376266505,43.655190586418286]},"properties":{"OBJECTID":3903}},{"type":"Feature","id":3904,"geometry":{"type":"Point","coordinates":[-79.357402976460676,43.656157687023928]},"properties":{"OBJECTID":3904}},{"type":"Feature","id":3905,"geometry":{"type":"Point","coordinates":[-79.356970176644595,43.659895587705265]},"properties":{"OBJECTID":3905}},{"type":"Feature","id":3906,"geometry":{"type":"Point","coordinates":[-79.35671057682093,43.662252087625468]},"properties":{"OBJECTID":3906}},{"type":"Feature","id":3907,"geometry":{"type":"Point","coordinates":[-79.356677576548009,43.662257087707836]},"properties":{"OBJECTID":3907}},{"type":"Feature","id":3908,"geometry":{"type":"Point","coordinates":[-79.356978375790987,43.659253087327656]},"properties":{"OBJECTID":3908}},{"type":"Feature","id":3909,"geometry":{"type":"Point","coordinates":[-79.357046875663102,43.658555287066804]},"properties":{"OBJECTID":3909}},{"type":"Feature","id":3910,"geometry":{"type":"Point","coordinates":[-79.356806476435906,43.660794287625158]},"properties":{"OBJECTID":3910}},{"type":"Feature","id":3911,"geometry":{"type":"Point","coordinates":[-79.356655975775411,43.662257087819413]},"properties":{"OBJECTID":3911}},{"type":"Feature","id":3912,"geometry":{"type":"Point","coordinates":[-79.356641676845641,43.662249887517227]},"properties":{"OBJECTID":3912}},{"type":"Feature","id":3913,"geometry":{"type":"Point","coordinates":[-79.356632276712546,43.662234087508644]},"properties":{"OBJECTID":3913}},{"type":"Feature","id":3914,"geometry":{"type":"Point","coordinates":[-79.357963975680136,43.648961685603751]},"properties":{"OBJECTID":3914}},{"type":"Feature","id":3915,"geometry":{"type":"Point","coordinates":[-79.357829675262863,43.650218685345642]},"properties":{"OBJECTID":3915}},{"type":"Feature","id":3916,"geometry":{"type":"Point","coordinates":[-79.35796267598262,43.648807385143684]},"properties":{"OBJECTID":3916}},{"type":"Feature","id":3917,"geometry":{"type":"Point","coordinates":[-79.356872075942917,43.659008987114625]},"properties":{"OBJECTID":3917}},{"type":"Feature","id":3918,"geometry":{"type":"Point","coordinates":[-79.356915576210667,43.658245387237116]},"properties":{"OBJECTID":3918}},{"type":"Feature","id":3919,"geometry":{"type":"Point","coordinates":[-79.356819075949588,43.658879887694724]},"properties":{"OBJECTID":3919}},{"type":"Feature","id":3920,"geometry":{"type":"Point","coordinates":[-79.356751476024471,43.659307887028383]},"properties":{"OBJECTID":3920}},{"type":"Feature","id":3921,"geometry":{"type":"Point","coordinates":[-79.357229275757646,43.654554386103953]},"properties":{"OBJECTID":3921}},{"type":"Feature","id":3922,"geometry":{"type":"Point","coordinates":[-79.356983276513418,43.656391186482367]},"properties":{"OBJECTID":3922}},{"type":"Feature","id":3923,"geometry":{"type":"Point","coordinates":[-79.356637575883312,43.659060387769735]},"properties":{"OBJECTID":3923}},{"type":"Feature","id":3924,"geometry":{"type":"Point","coordinates":[-79.356371275969266,43.66161258766143]},"properties":{"OBJECTID":3924}},{"type":"Feature","id":3925,"geometry":{"type":"Point","coordinates":[-79.35674957596126,43.657852686676783]},"properties":{"OBJECTID":3925}},{"type":"Feature","id":3926,"geometry":{"type":"Point","coordinates":[-79.357621475858821,43.648895985758394]},"properties":{"OBJECTID":3926}},{"type":"Feature","id":3927,"geometry":{"type":"Point","coordinates":[-79.356476976412267,43.660003187836431]},"properties":{"OBJECTID":3927}},{"type":"Feature","id":3928,"geometry":{"type":"Point","coordinates":[-79.357361076021164,43.651346386156639]},"properties":{"OBJECTID":3928}},{"type":"Feature","id":3929,"geometry":{"type":"Point","coordinates":[-79.357589575971161,43.64904908522999]},"properties":{"OBJECTID":3929}},{"type":"Feature","id":3930,"geometry":{"type":"Point","coordinates":[-79.356513176510205,43.659346687004479]},"properties":{"OBJECTID":3930}},{"type":"Feature","id":3931,"geometry":{"type":"Point","coordinates":[-79.357072875128722,43.653513286290845]},"properties":{"OBJECTID":3931}},{"type":"Feature","id":3932,"geometry":{"type":"Point","coordinates":[-79.356968375851309,43.654403886574137]},"properties":{"OBJECTID":3932}},{"type":"Feature","id":3933,"geometry":{"type":"Point","coordinates":[-79.356463576256402,43.658678487155498]},"properties":{"OBJECTID":3933}},{"type":"Feature","id":3934,"geometry":{"type":"Point","coordinates":[-79.356417975554322,43.659108687542769]},"properties":{"OBJECTID":3934}},{"type":"Feature","id":3935,"geometry":{"type":"Point","coordinates":[-79.356182975901376,43.660920387237766]},"properties":{"OBJECTID":3935}},{"type":"Feature","id":3936,"geometry":{"type":"Point","coordinates":[-79.356540075560829,43.657377987236053]},"properties":{"OBJECTID":3936}},{"type":"Feature","id":3937,"geometry":{"type":"Point","coordinates":[-79.356333475742602,43.658902887199382]},"properties":{"OBJECTID":3937}},{"type":"Feature","id":3938,"geometry":{"type":"Point","coordinates":[-79.357157275363164,43.650844985554464]},"properties":{"OBJECTID":3938}},{"type":"Feature","id":3939,"geometry":{"type":"Point","coordinates":[-79.357296275051297,43.649109385409247]},"properties":{"OBJECTID":3939}},{"type":"Feature","id":3940,"geometry":{"type":"Point","coordinates":[-79.356332476000247,43.658375586949489]},"properties":{"OBJECTID":3940}},{"type":"Feature","id":3941,"geometry":{"type":"Point","coordinates":[-79.357253775128356,43.648969485224363]},"properties":{"OBJECTID":3941}},{"type":"Feature","id":3942,"geometry":{"type":"Point","coordinates":[-79.356820276140837,43.652934985860419]},"properties":{"OBJECTID":3942}},{"type":"Feature","id":3943,"geometry":{"type":"Point","coordinates":[-79.356951975847281,43.650371485838065]},"properties":{"OBJECTID":3943}},{"type":"Feature","id":3944,"geometry":{"type":"Point","coordinates":[-79.356155675550951,43.657978986866645]},"properties":{"OBJECTID":3944}},{"type":"Feature","id":3945,"geometry":{"type":"Point","coordinates":[-79.35590877595601,43.660123487449269]},"properties":{"OBJECTID":3945}},{"type":"Feature","id":3946,"geometry":{"type":"Point","coordinates":[-79.356435475022764,43.654519486193777]},"properties":{"OBJECTID":3946}},{"type":"Feature","id":3947,"geometry":{"type":"Point","coordinates":[-79.356952975011438,43.649283985886598]},"properties":{"OBJECTID":3947}},{"type":"Feature","id":3948,"geometry":{"type":"Point","coordinates":[-79.356161975740392,43.656877186997811]},"properties":{"OBJECTID":3948}},{"type":"Feature","id":3949,"geometry":{"type":"Point","coordinates":[-79.356904975008547,43.649014785788474]},"properties":{"OBJECTID":3949}},{"type":"Feature","id":3950,"geometry":{"type":"Point","coordinates":[-79.356848975363803,43.649161385674873]},"properties":{"OBJECTID":3950}},{"type":"Feature","id":3951,"geometry":{"type":"Point","coordinates":[-79.356614574751418,43.649612985550263]},"properties":{"OBJECTID":3951}},{"type":"Feature","id":3952,"geometry":{"type":"Point","coordinates":[-79.355989275632197,43.655478586777235]},"properties":{"OBJECTID":3952}},{"type":"Feature","id":3953,"geometry":{"type":"Point","coordinates":[-79.356618075185708,43.649177985518371]},"properties":{"OBJECTID":3953}},{"type":"Feature","id":3954,"geometry":{"type":"Point","coordinates":[-79.355666375497137,43.658290586982439]},"properties":{"OBJECTID":3954}},{"type":"Feature","id":3955,"geometry":{"type":"Point","coordinates":[-79.355669475701546,43.65808108718295]},"properties":{"OBJECTID":3955}},{"type":"Feature","id":3956,"geometry":{"type":"Point","coordinates":[-79.356107575838337,43.653746686415836]},"properties":{"OBJECTID":3956}},{"type":"Feature","id":3957,"geometry":{"type":"Point","coordinates":[-79.35658557568452,43.649034985439393]},"properties":{"OBJECTID":3957}},{"type":"Feature","id":3958,"geometry":{"type":"Point","coordinates":[-79.355805676044241,43.656534486592406]},"properties":{"OBJECTID":3958}},{"type":"Feature","id":3959,"geometry":{"type":"Point","coordinates":[-79.356506674667685,43.649279985170189]},"properties":{"OBJECTID":3959}},{"type":"Feature","id":3960,"geometry":{"type":"Point","coordinates":[-79.356262175841351,43.651602685965194]},"properties":{"OBJECTID":3960}},{"type":"Feature","id":3961,"geometry":{"type":"Point","coordinates":[-79.356349774521007,43.649184285898222]},"properties":{"OBJECTID":3961}},{"type":"Feature","id":3962,"geometry":{"type":"Point","coordinates":[-79.356360374527753,43.649062485917959]},"properties":{"OBJECTID":3962}},{"type":"Feature","id":3963,"geometry":{"type":"Point","coordinates":[-79.35631107504264,43.649043085540541]},"properties":{"OBJECTID":3963}},{"type":"Feature","id":3964,"geometry":{"type":"Point","coordinates":[-79.355815575716818,43.65311078626992]},"properties":{"OBJECTID":3964}},{"type":"Feature","id":3965,"geometry":{"type":"Point","coordinates":[-79.356046074643146,43.64917588590432]},"properties":{"OBJECTID":3965}},{"type":"Feature","id":3966,"geometry":{"type":"Point","coordinates":[-79.355998174410558,43.649035485327104]},"properties":{"OBJECTID":3966}},{"type":"Feature","id":3967,"geometry":{"type":"Point","coordinates":[-79.355983374369814,43.649097785173929]},"properties":{"OBJECTID":3967}},{"type":"Feature","id":3968,"geometry":{"type":"Point","coordinates":[-79.355286675727271,43.65558708698223]},"properties":{"OBJECTID":3968}},{"type":"Feature","id":3969,"geometry":{"type":"Point","coordinates":[-79.357751274189184,43.631396082402503]},"properties":{"OBJECTID":3969}},{"type":"Feature","id":3970,"geometry":{"type":"Point","coordinates":[-79.35495887496009,43.657713987050016]},"properties":{"OBJECTID":3970}},{"type":"Feature","id":3971,"geometry":{"type":"Point","coordinates":[-79.35511267566956,43.655865486469629]},"properties":{"OBJECTID":3971}},{"type":"Feature","id":3972,"geometry":{"type":"Point","coordinates":[-79.355158275273794,43.654798986847588]},"properties":{"OBJECTID":3972}},{"type":"Feature","id":3973,"geometry":{"type":"Point","coordinates":[-79.355690374370084,43.649157185900656]},"properties":{"OBJECTID":3973}},{"type":"Feature","id":3974,"geometry":{"type":"Point","coordinates":[-79.355142274869465,43.653960286061526]},"properties":{"OBJECTID":3974}},{"type":"Feature","id":3975,"geometry":{"type":"Point","coordinates":[-79.354761974749223,43.657661886918021]},"properties":{"OBJECTID":3975}},{"type":"Feature","id":3976,"geometry":{"type":"Point","coordinates":[-79.355647474893516,43.649012885847469]},"properties":{"OBJECTID":3976}},{"type":"Feature","id":3977,"geometry":{"type":"Point","coordinates":[-79.355291775151073,43.651828986185741]},"properties":{"OBJECTID":3977}},{"type":"Feature","id":3978,"geometry":{"type":"Point","coordinates":[-79.354846975182227,43.653331886780471]},"properties":{"OBJECTID":3978}},{"type":"Feature","id":3979,"geometry":{"type":"Point","coordinates":[-79.355344774283807,43.648433385241766]},"properties":{"OBJECTID":3979}},{"type":"Feature","id":3980,"geometry":{"type":"Point","coordinates":[-79.354648374406551,43.654919286436815]},"properties":{"OBJECTID":3980}},{"type":"Feature","id":3981,"geometry":{"type":"Point","coordinates":[-79.354509475405067,43.655275986955566]},"properties":{"OBJECTID":3981}},{"type":"Feature","id":3982,"geometry":{"type":"Point","coordinates":[-79.354425574396998,43.655991187007139]},"properties":{"OBJECTID":3982}},{"type":"Feature","id":3983,"geometry":{"type":"Point","coordinates":[-79.356925373382168,43.631080882692252]},"properties":{"OBJECTID":3983}},{"type":"Feature","id":3984,"geometry":{"type":"Point","coordinates":[-79.356913073858976,43.630996081967758]},"properties":{"OBJECTID":3984}},{"type":"Feature","id":3985,"geometry":{"type":"Point","coordinates":[-79.357197673735087,43.627392481703239]},"properties":{"OBJECTID":3985}},{"type":"Feature","id":3986,"geometry":{"type":"Point","coordinates":[-79.356851273258698,43.630764682066584]},"properties":{"OBJECTID":3986}},{"type":"Feature","id":3987,"geometry":{"type":"Point","coordinates":[-79.354236874814148,43.655952687149046]},"properties":{"OBJECTID":3987}},{"type":"Feature","id":3988,"geometry":{"type":"Point","coordinates":[-79.354946674712522,43.648404885842879]},"properties":{"OBJECTID":3988}},{"type":"Feature","id":3989,"geometry":{"type":"Point","coordinates":[-79.354849974190742,43.648952585225231]},"properties":{"OBJECTID":3989}},{"type":"Feature","id":3990,"geometry":{"type":"Point","coordinates":[-79.354349774872162,43.652173586210452]},"properties":{"OBJECTID":3990}},{"type":"Feature","id":3991,"geometry":{"type":"Point","coordinates":[-79.354777874753822,43.647913885704185]},"properties":{"OBJECTID":3991}},{"type":"Feature","id":3992,"geometry":{"type":"Point","coordinates":[-79.354724274395636,43.64819288507092]},"properties":{"OBJECTID":3992}},{"type":"Feature","id":3993,"geometry":{"type":"Point","coordinates":[-79.354293374397088,43.652197286596667]},"properties":{"OBJECTID":3993}},{"type":"Feature","id":3994,"geometry":{"type":"Point","coordinates":[-79.354529573937896,43.649069885356219]},"properties":{"OBJECTID":3994}},{"type":"Feature","id":3995,"geometry":{"type":"Point","coordinates":[-79.354131574364089,43.65227938661468]},"properties":{"OBJECTID":3995}},{"type":"Feature","id":3996,"geometry":{"type":"Point","coordinates":[-79.35370917429519,43.656213186886582]},"properties":{"OBJECTID":3996}},{"type":"Feature","id":3997,"geometry":{"type":"Point","coordinates":[-79.354535173773272,43.647946385592256]},"properties":{"OBJECTID":3997}},{"type":"Feature","id":3998,"geometry":{"type":"Point","coordinates":[-79.3540800743163,43.651623286550979]},"properties":{"OBJECTID":3998}},{"type":"Feature","id":3999,"geometry":{"type":"Point","coordinates":[-79.354469874867789,43.647813085532171]},"properties":{"OBJECTID":3999}},{"type":"Feature","id":4000,"geometry":{"type":"Point","coordinates":[-79.353691375084495,43.654648086350619]},"properties":{"OBJECTID":4000}},{"type":"Feature","id":4001,"geometry":{"type":"Point","coordinates":[-79.353688474470587,43.6536015862821]},"properties":{"OBJECTID":4001}},{"type":"Feature","id":4002,"geometry":{"type":"Point","coordinates":[-79.353543974070604,43.654972886641168]},"properties":{"OBJECTID":4002}},{"type":"Feature","id":4003,"geometry":{"type":"Point","coordinates":[-79.35364637455028,43.653525486449425]},"properties":{"OBJECTID":4003}},{"type":"Feature","id":4004,"geometry":{"type":"Point","coordinates":[-79.356093272714844,43.62949718214842]},"properties":{"OBJECTID":4004}},{"type":"Feature","id":4005,"geometry":{"type":"Point","coordinates":[-79.353587874922937,43.653440486416301]},"properties":{"OBJECTID":4005}},{"type":"Feature","id":4006,"geometry":{"type":"Point","coordinates":[-79.353522375047064,43.653356086181624]},"properties":{"OBJECTID":4006}},{"type":"Feature","id":4007,"geometry":{"type":"Point","coordinates":[-79.353121574557562,43.656476587089927]},"properties":{"OBJECTID":4007}},{"type":"Feature","id":4008,"geometry":{"type":"Point","coordinates":[-79.355651873634542,43.631760282184686]},"properties":{"OBJECTID":4008}},{"type":"Feature","id":4009,"geometry":{"type":"Point","coordinates":[-79.353443874644029,43.652655286433315]},"properties":{"OBJECTID":4009}},{"type":"Feature","id":4010,"geometry":{"type":"Point","coordinates":[-79.353382073870861,43.653187086495308]},"properties":{"OBJECTID":4010}},{"type":"Feature","id":4011,"geometry":{"type":"Point","coordinates":[-79.35387887461826,43.648283385589743]},"properties":{"OBJECTID":4011}},{"type":"Feature","id":4012,"geometry":{"type":"Point","coordinates":[-79.353809273550766,43.648871486005021]},"properties":{"OBJECTID":4012}},{"type":"Feature","id":4013,"geometry":{"type":"Point","coordinates":[-79.3538400740252,43.64846438582483]},"properties":{"OBJECTID":4013}},{"type":"Feature","id":4014,"geometry":{"type":"Point","coordinates":[-79.353741174389327,43.649013685657387]},"properties":{"OBJECTID":4014}},{"type":"Feature","id":4015,"geometry":{"type":"Point","coordinates":[-79.353182174258549,43.652994385991157]},"properties":{"OBJECTID":4015}},{"type":"Feature","id":4016,"geometry":{"type":"Point","coordinates":[-79.353166674663157,43.652801686001581]},"properties":{"OBJECTID":4016}},{"type":"Feature","id":4017,"geometry":{"type":"Point","coordinates":[-79.353129774236947,43.652933686237382]},"properties":{"OBJECTID":4017}},{"type":"Feature","id":4018,"geometry":{"type":"Point","coordinates":[-79.35313937375787,43.652824286514779]},"properties":{"OBJECTID":4018}},{"type":"Feature","id":4019,"geometry":{"type":"Point","coordinates":[-79.353119074225816,43.652901586060999]},"properties":{"OBJECTID":4019}},{"type":"Feature","id":4020,"geometry":{"type":"Point","coordinates":[-79.35311787433082,43.652861086120268]},"properties":{"OBJECTID":4020}},{"type":"Feature","id":4021,"geometry":{"type":"Point","coordinates":[-79.353360474243004,43.649001185714106]},"properties":{"OBJECTID":4021}},{"type":"Feature","id":4022,"geometry":{"type":"Point","coordinates":[-79.353105974531346,43.648854485681667]},"properties":{"OBJECTID":4022}},{"type":"Feature","id":4023,"geometry":{"type":"Point","coordinates":[-79.353038073856411,43.649015785393978]},"properties":{"OBJECTID":4023}},{"type":"Feature","id":4024,"geometry":{"type":"Point","coordinates":[-79.352831673492005,43.648872285958106]},"properties":{"OBJECTID":4024}},{"type":"Feature","id":4025,"geometry":{"type":"Point","coordinates":[-79.352808273974375,43.648873785793597]},"properties":{"OBJECTID":4025}},{"type":"Feature","id":4026,"geometry":{"type":"Point","coordinates":[-79.352699773274281,43.648884685664932]},"properties":{"OBJECTID":4026}},{"type":"Feature","id":4027,"geometry":{"type":"Point","coordinates":[-79.352586674006133,43.649053185620446]},"properties":{"OBJECTID":4027}},{"type":"Feature","id":4028,"geometry":{"type":"Point","coordinates":[-79.352310374212578,43.648939385813129]},"properties":{"OBJECTID":4028}},{"type":"Feature","id":4029,"geometry":{"type":"Point","coordinates":[-79.352189373340195,43.649119785376058]},"properties":{"OBJECTID":4029}},{"type":"Feature","id":4030,"geometry":{"type":"Point","coordinates":[-79.352027573027527,43.648997785688294]},"properties":{"OBJECTID":4030}},{"type":"Feature","id":4031,"geometry":{"type":"Point","coordinates":[-79.35193137405065,43.649177985481636]},"properties":{"OBJECTID":4031}},{"type":"Feature","id":4032,"geometry":{"type":"Point","coordinates":[-79.351763572933535,43.649058186057196]},"properties":{"OBJECTID":4032}},{"type":"Feature","id":4033,"geometry":{"type":"Point","coordinates":[-79.351656773837263,43.64925708584444]},"properties":{"OBJECTID":4033}},{"type":"Feature","id":4034,"geometry":{"type":"Point","coordinates":[-79.351367673867927,43.649350685532255]},"properties":{"OBJECTID":4034}},{"type":"Feature","id":4035,"geometry":{"type":"Point","coordinates":[-79.351262073766023,43.649222186209791]},"properties":{"OBJECTID":4035}},{"type":"Feature","id":4036,"geometry":{"type":"Point","coordinates":[-79.350681673516974,43.653806686860321]},"properties":{"OBJECTID":4036}},{"type":"Feature","id":4037,"geometry":{"type":"Point","coordinates":[-79.350982773398087,43.649506685731005]},"properties":{"OBJECTID":4037}},{"type":"Feature","id":4038,"geometry":{"type":"Point","coordinates":[-79.350788873563531,43.649414485835578]},"properties":{"OBJECTID":4038}},{"type":"Feature","id":4039,"geometry":{"type":"Point","coordinates":[-79.350546873446646,43.64969538616743]},"properties":{"OBJECTID":4039}},{"type":"Feature","id":4040,"geometry":{"type":"Point","coordinates":[-79.350462672765431,43.649555886094177]},"properties":{"OBJECTID":4040}},{"type":"Feature","id":4041,"geometry":{"type":"Point","coordinates":[-79.350306773320071,43.649841586338667]},"properties":{"OBJECTID":4041}},{"type":"Feature","id":4042,"geometry":{"type":"Point","coordinates":[-79.350129973564137,43.64992898590139]},"properties":{"OBJECTID":4042}},{"type":"Feature","id":4043,"geometry":{"type":"Point","coordinates":[-79.349940672763182,43.650037186252696]},"properties":{"OBJECTID":4043}},{"type":"Feature","id":4044,"geometry":{"type":"Point","coordinates":[-79.349715972427745,43.650176486485726]},"properties":{"OBJECTID":4044}},{"type":"Feature","id":4045,"geometry":{"type":"Point","coordinates":[-79.349731473486841,43.649869985698572]},"properties":{"OBJECTID":4045}},{"type":"Feature","id":4046,"geometry":{"type":"Point","coordinates":[-79.349595472909087,43.649961185836297]},"properties":{"OBJECTID":4046}},{"type":"Feature","id":4047,"geometry":{"type":"Point","coordinates":[-79.349503772613303,43.650334586399509]},"properties":{"OBJECTID":4047}},{"type":"Feature","id":4048,"geometry":{"type":"Point","coordinates":[-79.349378973349772,43.650451085746013]},"properties":{"OBJECTID":4048}},{"type":"Feature","id":4049,"geometry":{"type":"Point","coordinates":[-79.349327772983642,43.650110186141831]},"properties":{"OBJECTID":4049}},{"type":"Feature","id":4050,"geometry":{"type":"Point","coordinates":[-79.349243773386391,43.650575885993135]},"properties":{"OBJECTID":4050}},{"type":"Feature","id":4051,"geometry":{"type":"Point","coordinates":[-79.349123073370095,43.650706986192681]},"properties":{"OBJECTID":4051}},{"type":"Feature","id":4052,"geometry":{"type":"Point","coordinates":[-79.349105273053141,43.65025908578253]},"properties":{"OBJECTID":4052}},{"type":"Feature","id":4053,"geometry":{"type":"Point","coordinates":[-79.349008672923759,43.650875485984102]},"properties":{"OBJECTID":4053}},{"type":"Feature","id":4054,"geometry":{"type":"Point","coordinates":[-79.348910973025156,43.651014886559381]},"properties":{"OBJECTID":4054}},{"type":"Feature","id":4055,"geometry":{"type":"Point","coordinates":[-79.348960072209309,43.650368486011004]},"properties":{"OBJECTID":4055}},{"type":"Feature","id":4056,"geometry":{"type":"Point","coordinates":[-79.34884017270106,43.651133385909759]},"properties":{"OBJECTID":4056}},{"type":"Feature","id":4057,"geometry":{"type":"Point","coordinates":[-79.348792372459783,43.651237386556133]},"properties":{"OBJECTID":4057}},{"type":"Feature","id":4058,"geometry":{"type":"Point","coordinates":[-79.348636372695779,43.652464786870027]},"properties":{"OBJECTID":4058}},{"type":"Feature","id":4059,"geometry":{"type":"Point","coordinates":[-79.348725772445903,43.65138718625461]},"properties":{"OBJECTID":4059}},{"type":"Feature","id":4060,"geometry":{"type":"Point","coordinates":[-79.348816773270599,43.650489085908063]},"properties":{"OBJECTID":4060}},{"type":"Feature","id":4061,"geometry":{"type":"Point","coordinates":[-79.34861557320751,43.652317086641979]},"properties":{"OBJECTID":4061}},{"type":"Feature","id":4062,"geometry":{"type":"Point","coordinates":[-79.348600972505693,43.652136086048316]},"properties":{"OBJECTID":4062}},{"type":"Feature","id":4063,"geometry":{"type":"Point","coordinates":[-79.3486508730129,43.651632686504705]},"properties":{"OBJECTID":4063}},{"type":"Feature","id":4064,"geometry":{"type":"Point","coordinates":[-79.348623872834551,43.651780386203058]},"properties":{"OBJECTID":4064}},{"type":"Feature","id":4065,"geometry":{"type":"Point","coordinates":[-79.348607172469741,43.65193428639472]},"properties":{"OBJECTID":4065}},{"type":"Feature","id":4066,"geometry":{"type":"Point","coordinates":[-79.348718773203416,43.65058908602888]},"properties":{"OBJECTID":4066}},{"type":"Feature","id":4067,"geometry":{"type":"Point","coordinates":[-79.348543372380561,43.650800186240559]},"properties":{"OBJECTID":4067}},{"type":"Feature","id":4068,"geometry":{"type":"Point","coordinates":[-79.348454772717247,43.650924685850953]},"properties":{"OBJECTID":4068}},{"type":"Feature","id":4069,"geometry":{"type":"Point","coordinates":[-79.348362472656603,43.651092486563961]},"properties":{"OBJECTID":4069}},{"type":"Feature","id":4070,"geometry":{"type":"Point","coordinates":[-79.348292673151064,43.651235686186155]},"properties":{"OBJECTID":4070}},{"type":"Feature","id":4071,"geometry":{"type":"Point","coordinates":[-79.348241773199163,43.65139028599468]},"properties":{"OBJECTID":4071}},{"type":"Feature","id":4072,"geometry":{"type":"Point","coordinates":[-79.348198372630222,43.651544886740801]},"properties":{"OBJECTID":4072}},{"type":"Feature","id":4073,"geometry":{"type":"Point","coordinates":[-79.34816637276856,43.651818286433453]},"properties":{"OBJECTID":4073}},{"type":"Feature","id":4074,"geometry":{"type":"Point","coordinates":[-79.348175772808304,43.651705186396789]},"properties":{"OBJECTID":4074}}]
}